seg_key,comment_id,seg_id,source,date,hybrid_best_term,hybrid_best_origin_minimal,hybrid_topk_terms_minimal
0__0,0,0,reddit,2022,kalimantan,overlap,"[""kalimantan"", ""energi""]"
0__1,0,1,reddit,2022,geothermal,overlap,"[""geothermal"", ""nuklir"", ""angin"", ""surya"", ""daerah""]"
1__0,1,0,reddit,2022,dana,overlap,"[""dana""]"
1__1,1,1,reddit,2022,negara,overlap,"[""negara""]"
2__0,2,0,reddit,2022,surya,overlap,"[""surya"", ""listrik""]"
2__1,2,1,reddit,2022,angin konsisten,rb,"[""angin konsisten"", ""musim""]"
2__2,2,2,reddit,2022,geothermal,overlap,"[""geothermal"", ""lokasi""]"
2__3,2,3,reddit,2022,nuklir,overlap,"[""nuklir""]"
2__4,2,4,reddit,2022,kondisi,overlap,"[""kondisi"", ""fuel""]"
3__0,3,0,reddit,2022,perancis,rb,"[""perancis""]"
3__1,3,1,reddit,2022,nuklir,overlap,"[""nuklir""]"
4__0,4,0,reddit,2022,listrik,overlap,"[""listrik"", ""baterai"", ""surya"", ""negara""]"
5__0,5,0,reddit,2022,skala,overlap,"[""skala"", ""kota"", ""teknologi"", ""energi""]"
5__1,5,1,reddit,2022,,empty,[]
6__0,6,0,reddit,2022,large,overlap,"[""large"", ""scale"", ""storage""]"
6__1,6,1,reddit,2022,lithium mahal,rb,"[""lithium mahal"", ""ampun"", ""lithium""]"
6__2,6,2,reddit,2022,baterai,overlap,"[""baterai""]"
6__3,6,3,reddit,2022,,empty,[]
7__0,7,0,reddit,2022,baterai,overlap,"[""baterai""]"
8__0,8,0,reddit,2022,geothermal,overlap,"[""geothermal"", ""lokasi"", ""negara"", ""energi"", ""hydro""]"
8__1,8,1,reddit,2022,kota,overlap,"[""kota"", ""plta""]"
8__2,8,2,reddit,2022,listrik,overlap,"[""listrik""]"
9__0,9,0,reddit,2022,biomass,overlap,"[""biomass"", ""hands""]"
9__1,9,1,reddit,2022,kalimantan,overlap,"[""kalimantan""]"
9__2,9,2,reddit,2022,biomass,overlap,"[""biomass"", ""advantage"", ""bentuk""]"
9__3,9,3,reddit,2022,listrik,overlap,"[""listrik""]"
9__4,9,4,reddit,2022,indonesia,overlap,"[""indonesia"", ""skala"", ""negara"", ""energi""]"
9__5,9,5,reddit,2022,negara,overlap,"[""negara"", ""energi""]"
9__6,9,6,reddit,2022,angka,overlap,"[""angka""]"
9__7,9,7,reddit,2022,skala,overlap,"[""skala"", ""pulau"", ""kebutuhan"", ""indonesia"", ""daerah""]"
9__8,9,8,reddit,2022,kebutuhan,overlap,"[""kebutuhan""]"
9__9,9,9,reddit,2022,daerah,overlap,"[""daerah""]"
9__10,9,10,reddit,2022,hasil samping,rb,"[""hasil samping"", ""samping"", ""biomass""]"
9__11,9,11,reddit,2022,ebt,overlap,"[""ebt"", ""nuklir""]"
9__12,9,12,reddit,2022,indonesia,overlap,"[""indonesia""]"
10__0,10,0,reddit,2022,tanam,overlap,"[""tanam""]"
10__1,10,1,reddit,2022,tanah,overlap,"[""tanah""]"
10__2,10,2,reddit,2022,kebutuhan,overlap,"[""kebutuhan""]"
10__3,10,3,reddit,2022,dunia,overlap,"[""dunia""]"
10__4,10,4,reddit,2022,bumi,overlap,"[""bumi""]"
11__0,11,0,reddit,2022,geothermal,overlap,"[""geothermal""]"
11__1,11,1,reddit,2022,indonesia,overlap,"[""indonesia"", ""potensi""]"
11__2,11,2,reddit,2022,air,overlap,"[""air""]"
11__3,11,3,reddit,2022,air,overlap,"[""air"", ""tenaga""]"
11__4,11,4,reddit,2022,kalimantan,overlap,"[""kalimantan""]"
11__5,11,5,reddit,2022,surya,overlap,"[""surya"", ""tenaga""]"
11__6,11,6,reddit,2022,angin,overlap,"[""angin""]"
11__7,11,7,reddit,2022,angin,overlap,"[""angin"", ""indonesia"", ""daerah""]"
12__0,12,0,reddit,2022,lokasi,overlap,"[""lokasi""]"
12__1,12,1,reddit,2022,indonesia,overlap,"[""indonesia""]"
12__2,12,2,reddit,2022,indonesia,overlap,"[""indonesia""]"
12__3,12,3,reddit,2022,level,overlap,"[""level"", ""paparan""]"
12__4,12,4,reddit,2022,berawan,rb,"[""berawan""]"
12__5,12,5,reddit,2022,energi,overlap,"[""energi"", ""nuklir"", ""green"", ""fosil""]"
12__6,12,6,reddit,2022,indonesia,overlap,"[""indonesia"", ""listrik"", ""pulau""]"
13__0,13,0,reddit,2022,green,overlap,"[""green""]"
13__1,13,1,reddit,2022,surya,overlap,"[""surya"", ""green"", ""pembangkit""]"
13__2,13,2,reddit,2022,surya,overlap,"[""surya"", ""green""]"
13__3,13,3,reddit,2022,surya,overlap,"[""surya"", ""panel"", ""bahan"", ""hasil""]"
13__4,13,4,reddit,2022,energi,overlap,"[""energi""]"
13__5,13,5,reddit,2022,green,overlap,"[""green""]"
14__0,14,0,reddit,2022,nuklir,overlap,"[""nuklir"", ""daerah"", ""kalimantan""]"
14__1,14,1,reddit,2022,hydro,overlap,"[""hydro"", ""panel""]"
15__0,15,0,reddit,2022,surya,rb,"[""surya"", ""cons"", ""unreliable"", ""cloud"", ""coverage""]"
15__1,15,1,reddit,2022,energi,overlap,"[""energi"", ""power""]"
15__2,15,2,reddit,2022,angin,overlap,"[""angin""]"
15__3,15,3,reddit,2022,south,overlap,"[""south"", ""sulawesi"", ""need"", ""wind"", ""speed""]"
15__4,15,4,reddit,2022,hydro area,rb,"[""hydro area"", ""need"", ""flood"", ""large"", ""area""]"
15__5,15,5,reddit,2022,area,overlap,"[""area"", ""delta""]"
15__6,15,6,reddit,2022,potential,rb,"[""potential"", ""local resistance"", ""due flooding"", ""disturbance"", ""river""]"
15__7,15,7,reddit,2022,geothermal,overlap,"[""geothermal"", ""kalimantan""]"
15__8,15,8,reddit,2022,biomass,overlap,"[""biomass"", ""look"", ""eyes""]"
15__9,15,9,reddit,2022,also,overlap,"[""also"", ""argument""]"
15__10,15,10,reddit,2022,tidal,overlap,"[""tidal""]"
15__11,15,11,reddit,2022,throughflow,rb,"[""throughflow"", ""eastern indonesian indonesian throughflow current"", ""good location expensive"", ""power"", ""tidal power scalability""]"
15__12,15,12,reddit,2022,effect,rb,"[""effect""]"
15__13,15,13,reddit,2022,space,rb,"[""space""]"
15__14,15,14,reddit,2022,turn,overlap,"[""turn"", ""death"", ""laser"", ""electromagnetic"", ""disturbance""]"
16__0,16,0,reddit,2022,jawa,overlap,"[""jawa""]"
17__0,17,0,reddit,2022,matahari,overlap,"[""matahari"", ""energi""]"
17__1,17,1,reddit,2022,negara tropis,rb,"[""negara tropis""]"
18__0,18,0,reddit,2022,energi,overlap,"[""energi""]"
19__0,19,0,reddit,2022,nuklir,overlap,"[""nuklir"", ""power""]"
20__0,20,0,reddit,2022,fuck,rb,"[""fuck"", ""greenpeace"", ""anti-nuklir""]"
20__1,20,1,reddit,2022,nuklir,overlap,"[""nuklir"", ""manusia""]"
21__0,21,0,reddit,2022,hydro,overlap,"[""hydro"", ""nuklir"", ""indonesia""]"
22__0,22,0,reddit,2022,indonesia,overlap,"[""indonesia"", ""nuklir"", ""sdm""]"
23__0,23,0,reddit,2022,jawa,overlap,"[""jawa"", ""geothermal"", ""nuklir"", ""kalimantan""]"
24__0,24,0,reddit,2022,angin,overlap,"[""angin""]"
25__0,25,0,reddit,2022,nuklir,overlap,"[""nuklir"", ""uranium""]"
26__0,26,0,reddit,2022,nuklir,overlap,"[""nuklir"", ""uranium""]"
27__0,27,0,reddit,2022,indonesia,overlap,"[""indonesia""]"
28__0,28,0,reddit,2022,human,overlap,"[""human"", ""farm"", ""matrix""]"
29__0,29,0,reddit,2022,khatulistiwa,overlap,"[""khatulistiwa""]"
29__1,29,1,reddit,2022,surya,overlap,"[""surya"", ""indonesia""]"
30__0,30,0,reddit,2022,energi ema,rb,"[""energi ema"", ""ema"", ""ngobrol tetangga"", ""tetangga energi"", ""energi penghutang""]"
31__0,31,0,reddit,2022,gunung,overlap,"[""gunung""]"
32__0,32,0,reddit,2022,surya,overlap,"[""surya""]"
33__0,33,0,reddit,2022,surya,overlap,"[""surya"", ""tenaga""]"
34__0,34,0,reddit,2022,pulau,overlap,"[""pulau"", ""daerah""]"
35__0,35,0,reddit,2022,politik,overlap,"[""politik""]"
36__0,36,0,reddit,2022,tidal,overlap,"[""tidal"", ""wave"", ""power""]"
36__1,36,1,reddit,2022,deep,overlap,"[""deep"", ""sea"", ""pelayaran"", ""alur""]"
36__2,36,2,reddit,2022,kombinasi,overlap,"[""kombinasi""]"
37__0,37,0,reddit,2022,indonesia,overlap,"[""indonesia"", ""hydro"", ""uap""]"
38__0,38,0,reddit,2022,indonesia,overlap,"[""indonesia"", ""batubara"", ""pembangkit"", ""hydro""]"
39__0,39,0,reddit,2022,nuklir,overlap,"[""nuklir"", ""negara""]"
40__0,40,0,reddit,2022,surya,overlap,"[""surya"", ""tenaga""]"
40__1,40,1,reddit,2022,gas,overlap,"[""gas""]"
40__2,40,2,reddit,2022,pam,overlap,"[""pam"", ""air""]"
41__0,41,0,reddit,2022,daerah,overlap,"[""daerah"", ""air""]"
42__0,42,0,reddit,2022,surya,overlap,"[""surya"", ""angin"", ""baterai""]"
43__0,43,0,reddit,2022,energi,overlap,"[""energi"", ""karbon"", ""pajak""]"
44__0,44,0,reddit,2022,bambu,overlap,"[""bambu"", ""magelang"", ""arang""]"
45__0,45,0,reddit,2022,banjir,rb,"[""banjir"", ""longsor"", ""sumatera""]"
45__1,45,1,reddit,2022,,empty,[]
46__0,46,0,reddit,2022,,empty,[]
46__1,46,1,reddit,2022,nuklir,overlap,"[""nuklir"", ""manusia""]"
47__0,47,0,reddit,2022,sungai,overlap,"[""sungai""]"
48__0,48,0,reddit,2022,jawa,overlap,"[""jawa""]"
48__1,48,1,reddit,2022,ombak,overlap,"[""ombak"", ""energi""]"
49__0,49,0,reddit,2022,laut,overlap,"[""laut""]"
50__0,50,0,reddit,2022,hydro,overlap,"[""hydro"", ""gunung"", ""skala"", ""pembangkit""]"
51__0,51,0,reddit,2022,demonstrasi,unsup,"[""demonstrasi""]"
52__0,52,0,reddit,2023,,empty,[]
53__0,53,0,reddit,2023,lahan,overlap,"[""lahan""]"
54__0,54,0,reddit,2023,plts,overlap,"[""plts"", ""pltn""]"
55__0,55,0,reddit,2023,surya,overlap,"[""surya"", ""panel""]"
56__0,56,0,reddit,2023,lahan,overlap,"[""lahan"", ""luas""]"
57__0,57,0,reddit,2023,limbah,rb,"[""limbah"", ""logam berat"", ""logam""]"
58__0,58,0,reddit,2023,plts,overlap,"[""plts""]"
59__0,59,0,reddit,2023,baterai,overlap,"[""baterai"", ""panel""]"
60__0,60,0,reddit,2023,baterai,overlap,"[""baterai""]"
60__1,60,1,reddit,2023,indonesia,overlap,"[""indonesia"", ""matahari"", ""radiasi""]"
61__0,61,0,reddit,2023,dunia,overlap,"[""dunia"", ""teknologi"", ""negara""]"
62__0,62,0,reddit,2023,baterai,overlap,"[""baterai"", ""negara"", ""power"", ""plts""]"
63__0,63,0,reddit,2023,surya,overlap,"[""surya"", ""limbah"", ""air""]"
64__0,64,0,reddit,2023,plts,overlap,"[""plts"", ""panel""]"
65__0,65,0,reddit,2023,teman,rb,"[""teman"", ""bahan bakar"", ""bakar fosil""]"
66__0,66,0,reddit,2023,nuklir,overlap,"[""nuklir""]"
66__1,66,1,reddit,2023,fuel,overlap,"[""fuel""]"
67__0,67,0,reddit,2023,nuklir,overlap,"[""nuklir"", ""terbarukan"", ""energi""]"
68__0,68,0,reddit,2023,geothermal,overlap,"[""geothermal""]"
69__0,69,0,reddit,2023,nuklir,overlap,"[""nuklir"", ""negara"", ""kebutuhan"", ""energi""]"
70__0,70,0,reddit,2023,jerman,overlap,"[""jerman"", ""nuklir"", ""energi""]"
70__1,70,1,reddit,2023,batubara,overlap,"[""batubara""]"
70__2,70,2,reddit,2023,tolak ukur,rb,"[""tolak ukur"", ""ukur""]"
71__0,71,0,reddit,2023,negara,overlap,"[""negara"", ""energi""]"
71__1,71,1,reddit,2023,jerman,overlap,"[""jerman"", ""negara"", ""pltn""]"
71__2,71,2,reddit,2023,jerman,overlap,"[""jerman"", ""batubara"", ""listrik"", ""impor""]"
72__0,72,0,reddit,2023,energi,overlap,"[""energi""]"
73__0,73,0,reddit,2023,batubara,overlap,"[""batubara""]"
74__0,74,0,reddit,2023,desa,overlap,"[""desa""]"
75__0,75,0,reddit,2023,negara,overlap,"[""negara""]"
76__0,76,0,reddit,2023,indonesia,overlap,"[""indonesia""]"
76__1,76,1,reddit,2023,cerita,overlap,"[""cerita""]"
77__0,77,0,reddit,2023,pltn,overlap,"[""pltn"", ""surya"", ""air"", ""angin""]"
77__1,77,1,reddit,2023,sum,overlap,"[""sum"", ""game"", ""pemilu""]"
78__0,78,0,reddit,2023,baseload,rb,"[""baseload""]"
79__0,79,0,reddit,2023,pulau,overlap,"[""pulau"", ""rencana"", ""listrik""]"
79__1,79,1,reddit,2023,rencana,overlap,"[""rencana"", ""listrik"", ""pulau""]"
80__0,80,0,reddit,2023,kota,overlap,"[""kota"", ""pulau""]"
80__1,80,1,reddit,2023,reaktor,overlap,"[""reaktor"", ""pulau"", ""plts""]"
81__0,81,0,reddit,2023,pltn,overlap,"[""pltn"", ""plts""]"
82__0,82,0,reddit,2023,daerah,overlap,"[""daerah"", ""listrik"", ""plts""]"
83__0,83,0,reddit,2023,jerman,overlap,"[""jerman"", ""energi"", ""fuel""]"
83__1,83,1,reddit,2023,,empty,[]
84__0,84,0,reddit,2023,batubara,overlap,"[""batubara"", ""perusahaan""]"
84__1,84,1,reddit,2023,nuklir,overlap,"[""nuklir"", ""batubara"", ""radiasi""]"
85__0,85,0,reddit,2023,gas,overlap,"[""gas"", ""negara""]"
85__1,85,1,reddit,2023,fokus,overlap,"[""fokus""]"
86__0,86,0,reddit,2023,shell,rb,"[""shell"", ""bp"", ""bid"", ""energi farm"", ""farm""]"
86__1,86,1,reddit,2023,penduduk,overlap,"[""penduduk"", ""indonesia"", ""terbarukan""]"
87__0,87,0,reddit,2023,renewables mahal,rb,"[""renewables mahal""]"
87__1,87,1,reddit,2023,renewables boros,rb,"[""renewables boros""]"
87__2,87,2,reddit,2023,,empty,[]
88__0,88,0,reddit,2023,supply chain,rb,"[""supply chain"", ""chain"", ""supply""]"
88__1,88,1,reddit,2023,grid,overlap,"[""grid"", ""capacity""]"
89__0,89,0,reddit,2023,shell,overlap,"[""shell""]"
90__0,90,0,reddit,2023,listrik,overlap,"[""listrik""]"
90__1,90,1,reddit,2023,listrik,overlap,"[""listrik""]"
90__2,90,2,reddit,2023,listrik,overlap,"[""listrik"", ""data""]"
91__0,91,0,reddit,2023,riset,rb,"[""riset"", ""teknologi"", ""terbarukan""]"
92__0,92,0,reddit,2023,terbarukan,overlap,"[""terbarukan"", ""teknologi""]"
92__1,92,1,reddit,2023,matahari,overlap,"[""matahari"", ""angin""]"
92__2,92,2,reddit,2023,baterai,overlap,"[""baterai""]"
92__3,92,3,reddit,2023,indonesia,overlap,"[""indonesia""]"
92__4,92,4,reddit,2023,permintaan,overlap,"[""permintaan""]"
92__5,92,5,reddit,2023,cuaca,overlap,"[""cuaca"", ""swedia""]"
93__0,93,0,reddit,2023,teknologi,overlap,"[""teknologi""]"
93__1,93,1,reddit,2023,pln,overlap,"[""pln"", ""listrik""]"
93__2,93,2,reddit,2023,se-nasional,rb,"[""se-nasional""]"
93__3,93,3,reddit,2023,,empty,[]
94__0,94,0,reddit,2023,jabodetabek,overlap,"[""jabodetabek"", ""state"", ""vassal""]"
95__0,95,0,reddit,2023,,empty,[]
95__1,95,1,reddit,2023,sherina,overlap,"[""sherina""]"
96__0,96,0,reddit,2023,energi,overlap,"[""energi""]"
97__0,97,0,reddit,2023,,empty,[]
97__1,97,1,reddit,2023,pltn,overlap,"[""pltn"", ""nuklir""]"
98__0,98,0,reddit,2023,pltn,overlap,"[""pltn""]"
98__1,98,1,reddit,2023,fukushima,overlap,"[""fukushima""]"
98__2,98,2,reddit,2023,nuklir,overlap,"[""nuklir"", ""fukushima"", ""negara"", ""laut""]"
99__0,99,0,reddit,2023,fukushima,overlap,"[""fukushima"", ""nuklir"", ""laut"", ""limbah""]"
99__1,99,1,reddit,2023,laut,overlap,"[""laut"", ""jepang""]"
99__2,99,2,reddit,2023,reaktor,overlap,"[""reaktor"", ""laut"", ""negara"", ""air""]"
99__3,99,3,reddit,2023,laut,overlap,"[""laut"", ""jepang"", ""air""]"
100__0,100,0,reddit,2023,apanya dipermasalahkan,rb,"[""apanya dipermasalahkan""]"
100__1,100,1,reddit,2023,jepang,overlap,"[""jepang"", ""air"", ""pltn"", ""negara""]"
100__2,100,2,reddit,2023,air,rb,"[""air""]"
101__0,101,0,reddit,2023,negara,overlap,"[""negara"", ""indonesia"", ""reaktor""]"
102__0,102,0,reddit,2023,nuklir,overlap,"[""nuklir"", ""power""]"
103__0,103,0,reddit,2023,protect,overlap,"[""protect"", ""anymore""]"
103__1,103,1,reddit,2023,chernobyl,overlap,"[""chernobyl""]"
104__0,104,0,reddit,2023,people,overlap,"[""people"", ""might"", ""hate""]"
104__1,104,1,reddit,2023,said,overlap,"[""said"", ""last"", ""resort"", ""self"", ""defense""]"
104__2,104,2,reddit,2023,cost,overlap,"[""cost""]"
104__3,104,3,reddit,2023,done,overlap,"[""done""]"
105__0,105,0,reddit,2023,gerakan hugger,rb,"[""gerakan hugger"", ""hugger"", ""usaha lawan"", ""lawan global warming"", ""warming""]"
106__0,106,0,reddit,2023,nuklir,overlap,"[""nuklir""]"
106__1,106,1,reddit,2023,dangerous,overlap,"[""dangerous"", ""unclean""]"
107__0,107,0,reddit,2023,technology,overlap,"[""technology"", ""advanced"", ""exponentially"", ""minimize"", ""risk""]"
107__1,107,1,reddit,2023,else,overlap,"[""else"", ""want""]"
108__0,108,0,reddit,2023,nuklir,overlap,"[""nuklir"", ""pltn"", ""gas"", ""senjata""]"
109__0,109,0,reddit,2023,nuklir,overlap,"[""nuklir"", ""pltn"", ""senjata""]"
109__1,109,1,reddit,2023,bahan,overlap,"[""bahan""]"
109__2,109,2,reddit,2023,kerja,overlap,"[""kerja"", ""pltn""]"
110__0,110,0,reddit,2023,pltn,overlap,"[""pltn""]"
110__1,110,1,reddit,2023,nuklir,overlap,"[""nuklir""]"
111__0,111,0,reddit,2023,batubara,overlap,"[""batubara""]"
112__0,112,0,reddit,2023,batubara,overlap,"[""batubara"", ""nuklir"", ""daya""]"
112__1,112,1,reddit,2023,pltu,overlap,"[""pltu"", ""pltn"", ""batubara"", ""nuklir"", ""reaktor""]"
113__0,113,0,reddit,2023,nuklir,overlap,"[""nuklir"", ""fukushima""]"
113__1,113,1,reddit,2023,batubara,overlap,"[""batubara"", ""power""]"
113__2,113,2,reddit,2023,like,overlap,"[""like"", ""saying"", ""airplanes"", ""dangerous"", ""many""]"
113__3,113,3,reddit,2023,argument,rb,"[""argument"", ""going"", ""nuklir"", ""power"", ""plant""]"
113__4,113,4,reddit,2023,energi,overlap,"[""energi""]"
114__0,114,0,reddit,2023,nuklir,overlap,"[""nuklir"", ""batubara""]"
115__0,115,0,reddit,2023,thorium,overlap,"[""thorium"", ""limbah"", ""nuklir"", ""bahaya""]"
115__1,115,1,reddit,2023,bahaya,overlap,"[""bahaya"", ""limbah""]"
116__0,116,0,reddit,2023,pltn,overlap,"[""pltn""]"
116__1,116,1,reddit,2023,wrong,rb,"[""wrong"", ""bencana""]"
116__2,116,2,reddit,2023,plts,overlap,"[""plts""]"
117__0,117,0,reddit,2023,statistik,rb,"[""statistik""]"
117__1,117,1,reddit,2023,batubara,overlap,"[""batubara""]"
117__2,117,2,reddit,2023,mortality,overlap,"[""mortality"", ""rate""]"
117__3,117,3,reddit,2023,nuklir,overlap,"[""nuklir"", ""radiasi"", ""warga"", ""bencana""]"
118__0,118,0,reddit,2023,energi,overlap,"[""energi"", ""nuklir""]"
118__1,118,1,reddit,2023,deskripsi singkat,rb,"[""deskripsi singkat"", ""perhitungan"", ""deskripsi""]"
118__2,118,2,reddit,2023,source,overlap,"[""source""]"
119__0,119,0,reddit,2023,indomie,overlap,"[""indomie"", ""something"", ""wrong"", ""desain""]"
119__1,119,1,reddit,2023,desain,overlap,"[""desain""]"
119__2,119,2,reddit,2023,radiasi,overlap,"[""radiasi"", ""alam""]"
120__0,120,0,reddit,2023,masyarakat,overlap,"[""masyarakat"", ""nuklir""]"
120__1,120,1,reddit,2023,nuklir,overlap,"[""nuklir"", ""bumi"", ""panel"", ""limbah""]"
121__0,121,0,reddit,2023,limbah,overlap,"[""limbah""]"
121__1,121,1,reddit,2023,senjata,overlap,"[""senjata"", ""fuel"", ""limbah"", ""radiasi"", ""solusi""]"
122__0,122,0,reddit,2023,solusi,overlap,"[""solusi"", ""energi""]"
122__1,122,1,reddit,2023,dikubur,rb,"[""dikubur""]"
122__2,122,2,reddit,2023,panel,overlap,"[""panel""]"
122__3,122,3,reddit,2023,teknologi,overlap,"[""teknologi""]"
122__4,122,4,reddit,2023,pilihan,overlap,"[""pilihan""]"
122__5,122,5,reddit,2023,nuklir,overlap,"[""nuklir"", ""listrik"", ""surya"", ""sumber""]"
122__6,122,6,reddit,2023,panel,overlap,"[""panel""]"
123__0,123,0,reddit,2023,nuklir,overlap,"[""nuklir"", ""limbah""]"
123__1,123,1,reddit,2023,nuklir,overlap,"[""nuklir"", ""tanah""]"
124__0,124,0,reddit,2023,madura,overlap,"[""madura""]"
124__1,124,1,reddit,2023,sure,overlap,"[""sure"", ""something""]"
125__0,125,0,reddit,2023,pemerintah,overlap,"[""pemerintah"", ""sdm"", ""proyek""]"
125__1,125,1,reddit,2023,gempa,overlap,"[""gempa"", ""alam"", ""pemerintah"", ""lahan""]"
125__2,125,2,reddit,2023,lahan,overlap,"[""lahan""]"
126__0,126,0,reddit,2023,indonesia,overlap,"[""indonesia"", ""nuklir"", ""reaktor""]"
126__1,126,1,reddit,2023,sdm,overlap,"[""sdm"", ""potensi""]"
127__0,127,0,reddit,2023,counter-argument,rb,"[""counter-argument""]"
128__0,128,0,reddit,2023,skala,overlap,"[""skala"", ""negara"", ""nuklir"", ""reaktor""]"
128__1,128,1,reddit,2023,nuklir,overlap,"[""nuklir"", ""negara"", ""listrik""]"
128__2,128,2,reddit,2023,pemerintah,overlap,"[""pemerintah"", ""sdm""]"
128__3,128,3,reddit,2023,meltdown,rb,"[""meltdown""]"
129__0,129,0,reddit,2023,pltn,overlap,"[""pltn"", ""riset"", ""indonesia"", ""reaktor""]"
130__0,130,0,reddit,2023,,empty,[]
130__1,130,1,reddit,2023,thanks,rb,"[""thanks""]"
130__2,130,2,reddit,2023,bumi,overlap,"[""bumi"", ""pemerintah""]"
130__3,130,3,reddit,2023,iaea,overlap,"[""iaea""]"
131__0,131,0,reddit,2023,lahan,overlap,"[""lahan""]"
131__1,131,1,reddit,2023,lahan,overlap,"[""lahan""]"
131__2,131,2,reddit,2023,lahan,overlap,"[""lahan""]"
131__3,131,3,reddit,2023,lahan,overlap,"[""lahan""]"
131__4,131,4,reddit,2023,listrik,overlap,"[""listrik"", ""lahan"", ""energi"", ""teknologi""]"
131__5,131,5,reddit,2023,teknologi,overlap,"[""teknologi"", ""lahan""]"
131__6,131,6,reddit,2023,energi,overlap,"[""energi""]"
131__7,131,7,reddit,2023,sumber,overlap,"[""sumber""]"
131__8,131,8,reddit,2023,energi,overlap,"[""energi"", ""daya"", ""sumber"", ""masyarakat""]"
131__9,131,9,reddit,2023,energi,overlap,"[""energi"", ""masyarakat""]"
131__10,131,10,reddit,2023,dasar,overlap,"[""dasar"", ""greenpeace""]"
132__0,132,0,reddit,2023,solusi,overlap,"[""solusi""]"
133__0,133,0,reddit,2023,perusahaan,overlap,"[""perusahaan""]"
133__1,133,1,reddit,2023,spandex,overlap,"[""spandex"", ""atap""]"
133__2,133,2,reddit,2023,setau,overlap,"[""setau"", ""material"", ""pv"", ""cuaca""]"
133__3,133,3,reddit,2023,,empty,[]
133__4,133,4,reddit,2023,rangka atap,rb,"[""rangka atap"", ""atap"", ""pv"", ""rangka""]"
133__5,133,5,reddit,2023,energi,overlap,"[""energi""]"
134__0,134,0,reddit,2023,lengkung,overlap,"[""lengkung"", ""pv"", ""komposisi""]"
134__1,134,1,reddit,2023,lapisan si-polycrystalline,rb,"[""lapisan si-polycrystalline"", ""si-polycrystalline""]"
134__2,134,2,reddit,2023,fleksibel,rb,"[""fleksibel""]"
134__3,134,3,reddit,2023,pencerahan,rb,"[""pencerahan""]"
135__0,135,0,reddit,2023,novel pv,rb,"[""novel pv"", ""pv"", ""based pv"", ""novel"", ""based""]"
136__0,136,0,reddit,2023,efisiensi,overlap,"[""efisiensi""]"
137__0,137,0,reddit,2023,,empty,[]
137__1,137,1,reddit,2023,pv,overlap,"[""pv"", ""film""]"
137__2,137,2,reddit,2023,solusi,overlap,"[""solusi"", ""kondisi""]"
137__3,137,3,reddit,2023,atap,rb,"[""atap"", ""mobil"", ""penghasil listrik"", ""listrik tambahan""]"
137__4,137,4,reddit,2023,energi,overlap,"[""energi"", ""daya""]"
138__0,138,0,reddit,2023,harga,overlap,"[""harga""]"
138__1,138,1,reddit,2023,rakyat,overlap,"[""rakyat"", ""indonesia""]"
138__2,138,2,reddit,2023,power,overlap,"[""power""]"
139__0,139,0,reddit,2023,pemerintah,overlap,"[""pemerintah"", ""listrik"", ""pembangkit""]"
139__1,139,1,reddit,2023,pltu,overlap,"[""pltu""]"
140__0,140,0,reddit,2023,pltn,overlap,"[""pltn"", ""thorium""]"
141__0,141,0,reddit,2023,koreksi,overlap,"[""koreksi""]"
142__0,142,0,reddit,2023,alam,overlap,"[""alam"", ""sistem""]"
142__1,142,1,reddit,2023,fasilitas mati,rb,"[""fasilitas mati"", ""bahan bakar"", ""bakar"", ""aman"", ""bangunan""]"
142__2,142,2,reddit,2023,sistem,overlap,"[""sistem""]"
142__3,142,3,reddit,2023,msr,rb,"[""msr"", ""tahap"", ""sayang"", ""riset"", ""paper""]"
143__0,143,0,reddit,2023,greenpeace bodoh,rb,"[""greenpeace bodoh""]"
143__1,143,1,reddit,2023,eropa,overlap,"[""eropa"", ""batubara""]"
143__2,143,2,reddit,2023,nuklir,overlap,"[""nuklir"", ""reaktor""]"
144__0,144,0,reddit,2023,biaya,overlap,"[""biaya""]"
144__1,144,1,reddit,2023,pola,overlap,"[""pola""]"
144__2,144,2,reddit,2023,energi,overlap,"[""energi"", ""limbah"", ""harga"", ""sumber""]"
145__0,145,0,reddit,2023,pltn,overlap,"[""pltn""]"
145__1,145,1,reddit,2023,negara,overlap,"[""negara"", ""alasan"", ""nuklir""]"
145__2,145,2,reddit,2023,nuklir,overlap,"[""nuklir"", ""alasan"", ""indonesia""]"
145__3,145,3,reddit,2023,pltn,overlap,"[""pltn"", ""indonesia"", ""kerja""]"
145__4,145,4,reddit,2023,pajak,overlap,"[""pajak"", ""alasan"", ""negeri""]"
146__0,146,0,reddit,2023,pltn,overlap,"[""pltn""]"
146__1,146,1,reddit,2023,teman,overlap,"[""teman"", ""pltn""]"
146__2,146,2,reddit,2023,giliran,overlap,"[""giliran"", ""kampung""]"
146__3,146,3,reddit,2023,rumah,overlap,"[""rumah"", ""pltn"", ""pemerintah"", ""nuklir""]"
146__4,146,4,reddit,2023,masyarakat,overlap,"[""masyarakat"", ""pembangunan"", ""maintenance""]"
146__5,146,5,reddit,2023,rakyat,overlap,"[""rakyat""]"
147__0,147,0,reddit,2023,energi,overlap,"[""energi""]"
147__1,147,1,reddit,2023,teknologi,overlap,"[""teknologi"", ""surya""]"
147__2,147,2,reddit,2023,maintenance,overlap,"[""maintenance""]"
147__3,147,3,reddit,2023,pltn,overlap,"[""pltn"", ""maintenance"", ""power""]"
147__4,147,4,reddit,2023,bangunan,overlap,"[""bangunan"", ""pipa"", ""line"", ""material""]"
147__5,147,5,reddit,2023,biaya nge-hire,rb,"[""biaya nge-hire"", ""nge-hire expert-expert"", ""expert-expert""]"
147__6,147,6,reddit,2023,fukushima,overlap,"[""fukushima""]"
148__0,148,0,reddit,2023,bencana,overlap,"[""bencana"", ""fukushima"", ""tsunami"", ""chernobyl""]"
148__1,148,1,reddit,2023,tsunami,overlap,"[""tsunami"", ""negara"", ""teknologi"", ""gempa""]"
149__0,149,0,reddit,2023,pltn,overlap,"[""pltn"", ""plts"", ""lahan""]"
149__1,149,1,reddit,2023,limbah,overlap,"[""limbah"", ""bahaya"", ""lingkungan"", ""panel"", ""maintenance""]"
149__2,149,2,reddit,2023,plts,overlap,"[""plts""]"
149__3,149,3,reddit,2023,base load,rb,"[""base load"", ""load"", ""efisiensi"", ""base""]"
150__0,150,0,reddit,2023,indonesia,overlap,"[""indonesia"", ""lahan"", ""matahari"", ""plts"", ""hydro""]"
150__1,150,1,reddit,2023,pltb,overlap,"[""pltb""]"
150__2,150,2,reddit,2023,listrik,overlap,"[""listrik""]"
150__3,150,3,reddit,2023,plts,overlap,"[""plts""]"
150__4,150,4,reddit,2023,lahan,overlap,"[""lahan""]"
150__5,150,5,reddit,2023,plts,overlap,"[""plts""]"
150__6,150,6,reddit,2023,panel,overlap,"[""panel""]"
150__7,150,7,reddit,2023,power,overlap,"[""power""]"
151__0,151,0,reddit,2023,musim,overlap,"[""musim"", ""power"", ""negara""]"
151__1,151,1,reddit,2023,negara,overlap,"[""negara"", ""power""]"
151__2,151,2,reddit,2023,baseload,rb,"[""baseload""]"
151__3,151,3,reddit,2023,plta,overlap,"[""plta""]"
151__4,151,4,reddit,2023,potensi,overlap,"[""potensi""]"
151__5,151,5,reddit,2023,,empty,[]
151__6,151,6,reddit,2023,geothermal,overlap,"[""geothermal""]"
152__0,152,0,reddit,2023,geothermal,overlap,"[""geothermal""]"
153__0,153,0,reddit,2023,,empty,[]
154__0,154,0,reddit,2023,energi,overlap,"[""energi""]"
154__1,154,1,reddit,2023,pltn,overlap,"[""pltn""]"
154__2,154,2,reddit,2023,rb,rb,"[""rb""]"
154__3,154,3,reddit,2023,fukushima,overlap,"[""fukushima"", ""reaktor"", ""gempa""]"
154__4,154,4,reddit,2023,fukushima,overlap,"[""fukushima""]"
155__0,155,0,reddit,2023,biaya,overlap,"[""biaya""]"
155__1,155,1,reddit,2023,engineer,rb,"[""engineer"", ""konstruksi pltn"", ""pltn"", ""konstruksi""]"
155__2,155,2,reddit,2023,engineering,rb,"[""engineering"", ""marvel"", ""biaya"", ""kota""]"
155__3,155,3,reddit,2023,bahaya fukushima,rb,"[""bahaya fukushima"", ""fukushima"", ""segi cost"", ""cost"", ""clean""]"
155__4,155,4,reddit,2023,ekonomi,rb,"[""ekonomi"", ""segi politik"", ""politik"", ""jepang"", ""akibat""]"
155__5,155,5,reddit,2023,pltn,rb,"[""pltn"", ""fanboy"", ""renewables se-clean"", ""se-clean"", ""greenpeace""]"
155__6,155,6,reddit,2023,negara,rb,"[""negara"", ""pertimbangan pemerintah"", ""pemerintah"", ""pertimbangan""]"
155__7,155,7,reddit,2023,negara,unsup,"[""negara""]"
156__0,156,0,reddit,2023,mineral bumi,rb,"[""mineral bumi"", ""bumi langka"", ""langka"", ""pv""]"
157__0,157,0,reddit,2023,jerman,overlap,"[""jerman"", ""pltn""]"
158__0,158,0,reddit,2023,bumi,overlap,"[""bumi"", ""air""]"
158__1,158,1,reddit,2023,urugan,overlap,"[""urugan"", ""planet"", ""meterial""]"
158__2,158,2,reddit,2023,luas,overlap,"[""luas""]"
159__0,159,0,reddit,2023,paru-paru,rb,"[""paru-paru""]"
159__1,159,1,reddit,2023,pltn,overlap,"[""pltn""]"
159__2,159,2,reddit,2023,plts,overlap,"[""plts""]"
159__3,159,3,reddit,2023,warga,overlap,"[""warga""]"
160__0,160,0,reddit,2023,batubara,overlap,"[""batubara"", ""surya""]"
161__0,161,0,reddit,2023,panel,overlap,"[""panel"", ""negara""]"
162__0,162,0,reddit,2023,indonesia,overlap,"[""indonesia"", ""jawa"", ""lahan""]"
162__1,162,1,reddit,2023,lahan,overlap,"[""lahan"", ""jawa""]"
163__0,163,0,reddit,2023,dunia,overlap,"[""dunia""]"
164__0,164,0,reddit,2023,nulis biaya,rb,"[""nulis biaya"", ""nulis"", ""biaya pembangunan"", ""pembangunan ikn"", ""ikn""]"
164__1,164,1,reddit,2023,listrik,overlap,"[""listrik""]"
165__0,165,0,reddit,2023,negara,overlap,"[""negara""]"
165__1,165,1,reddit,2023,jerman,overlap,"[""jerman"", ""energi"", ""pltn"", ""krisis""]"
166__0,166,0,reddit,2023,,empty,[]
166__1,166,1,reddit,2023,indonesia,overlap,"[""indonesia""]"
166__2,166,2,reddit,2023,bahan,rb,"[""bahan"", ""bahan bakar"", ""bakar""]"
167__0,167,0,reddit,2023,pltn,overlap,"[""pltn""]"
167__1,167,1,reddit,2023,nuklir,overlap,"[""nuklir"", ""pltn""]"
167__2,167,2,reddit,2023,pltn,overlap,"[""pltn"", ""indonesia"", ""pulau""]"
168__0,168,0,reddit,2023,listrik,overlap,"[""listrik"", ""pembangkit""]"
168__1,168,1,reddit,2023,batubara,overlap,"[""batubara""]"
169__0,169,0,reddit,2023,plta,overlap,"[""plta"", ""warga"", ""kota"", ""lahan""]"
170__0,170,0,reddit,2023,batubara,overlap,"[""batubara""]"
170__1,170,1,reddit,2023,indonesia,overlap,"[""indonesia"", ""potensi""]"
171__0,171,0,reddit,2023,teknologi,overlap,"[""teknologi"", ""nuklir""]"
171__1,171,1,reddit,2023,teknologi,overlap,"[""teknologi""]"
171__2,171,2,reddit,2023,fuel,overlap,"[""fuel""]"
171__3,171,3,reddit,2023,diego,overlap,"[""diego"", ""hills""]"
172__0,172,0,reddit,2023,amerika,overlap,"[""amerika""]"
172__1,172,1,reddit,2023,amerika,overlap,"[""amerika"", ""limbah"", ""bahan""]"
173__0,173,0,reddit,2023,indonesia,overlap,"[""indonesia""]"
173__1,173,1,reddit,2023,also,overlap,"[""also"", ""recycling"", ""thing""]"
174__0,174,0,reddit,2021,batubara,overlap,"[""batubara""]"
175__0,175,0,reddit,2021,potensi,overlap,"[""potensi"", ""batubara""]"
176__0,176,0,reddit,2021,lahan,overlap,"[""lahan"", ""surya"", ""power""]"
176__1,176,1,reddit,2021,nuklir,overlap,"[""nuklir""]"
176__2,176,2,reddit,2021,ribut,overlap,"[""ribut""]"
177__0,177,0,reddit,2021,earthquake,overlap,"[""earthquake"", ""prone"", ""areas""]"
177__1,177,1,reddit,2021,learn,overlap,"[""learn""]"
178__0,178,0,reddit,2021,geothermal,overlap,"[""geothermal"", ""indonesia"", ""potensi""]"
179__0,179,0,reddit,2021,laut,overlap,"[""laut"", ""alam"", ""air""]"
180__0,180,0,reddit,2021,geothermal,overlap,"[""geothermal"", ""proyek""]"
181__0,181,0,reddit,2021,listrik,overlap,"[""listrik"", ""sumber""]"
182__0,182,0,reddit,2021,titaniumoxii,overlap,"[""titaniumoxii""]"
182__1,182,1,reddit,2021,ring,overlap,"[""ring"", ""fire""]"
183__0,183,0,reddit,2021,nuklir,overlap,"[""nuklir""]"
184__0,184,0,reddit,2021,nuklir,overlap,"[""nuklir""]"
184__1,184,1,reddit,2021,safety,rb,"[""safety"", ""box manajemen"", ""manajemen plant"", ""plant"", ""box""]"
185__0,185,0,reddit,2021,nuklir,overlap,"[""nuklir""]"
186__0,186,0,reddit,2021,,empty,[]
186__1,186,1,reddit,2021,face,rb,"[""face""]"
186__2,186,2,reddit,2021,indonesia,overlap,"[""indonesia""]"
187__0,187,0,reddit,2021,negara,overlap,"[""negara""]"
187__1,187,1,reddit,2021,industri,overlap,"[""industri"", ""negara""]"
187__2,187,2,reddit,2021,developed,overlap,"[""developed""]"
188__0,188,0,reddit,2021,ebt,overlap,"[""ebt"", ""rakyat""]"
188__1,188,1,reddit,2021,ebt,overlap,"[""ebt"", ""fosil"", ""batubara""]"
188__2,188,2,reddit,2021,ebt,overlap,"[""ebt""]"
188__3,188,3,reddit,2021,ebt,overlap,"[""ebt"", ""fosil"", ""biaya""]"
189__0,189,0,reddit,2021,pembangunan,overlap,"[""pembangunan"", ""sumber"", ""batubara""]"
189__1,189,1,reddit,2021,indonesia,overlap,"[""indonesia""]"
190__0,190,0,reddit,2021,nuklir energi,rb,"[""nuklir energi"", ""energi tolong"", ""tolong""]"
191__0,191,0,reddit,2021,praktis batubara,rb,"[""praktis batubara""]"
192__0,192,0,reddit,2021,import,rb,"[""import""]"
192__1,192,1,reddit,2021,energi,overlap,"[""energi"", ""batubara"", ""listrik"", ""kebutuhan""]"
192__2,192,2,reddit,2021,energi,overlap,"[""energi""]"
193__0,193,0,reddit,2022,jerman,overlap,"[""jerman""]"
194__0,194,0,reddit,2022,jerman,overlap,"[""jerman""]"
195__0,195,0,reddit,2022,uranium,overlap,"[""uranium"", ""sumber""]"
196__0,196,0,reddit,2022,gempa,overlap,"[""gempa""]"
197__0,197,0,reddit,2022,nuklir,overlap,"[""nuklir"", ""pltn""]"
198__0,198,0,reddit,2022,indonesia,overlap,"[""indonesia""]"
198__1,198,1,reddit,2022,pulau,overlap,"[""pulau""]"
199__0,199,0,reddit,2022,kalimantan,overlap,"[""kalimantan"", ""pltn""]"
199__1,199,1,reddit,2022,indonesia,overlap,"[""indonesia"", ""pltn""]"
199__2,199,2,reddit,2022,cerita,overlap,"[""cerita""]"
200__0,200,0,reddit,2022,laut,overlap,"[""laut"", ""reaktor""]"
200__1,200,1,reddit,2022,please,overlap,"[""please"", ""keamanan""]"
201__0,201,0,reddit,2022,pltn,overlap,"[""pltn"", ""perusahaan""]"
202__0,202,0,reddit,2022,tenaga,overlap,"[""tenaga""]"
202__1,202,1,reddit,2022,pltn,overlap,"[""pltn""]"
202__2,202,2,reddit,2022,ombak,overlap,"[""ombak"", ""pulau"", ""pltn"", ""tenaga""]"
203__0,203,0,reddit,2022,enrichment,overlap,"[""enrichment""]"
203__1,203,1,reddit,2022,biji besi,rb,"[""biji besi"", ""besi"", ""biji""]"
203__2,203,2,reddit,2022,tahap,rb,"[""tahap"", ""bahan bakar"", ""bakar"", ""bahan""]"
203__3,203,3,reddit,2022,harfiah,rb,"[""harfiah"", ""atom""]"
203__4,203,4,reddit,2022,,empty,[]
204__0,204,0,reddit,2022,malas,overlap,"[""malas""]"
204__1,204,1,reddit,2022,radiofarmaka,rb,"[""radiofarmaka"", ""bahan bakar"", ""bakar nuklir""]"
205__0,205,0,reddit,2022,demand,rb,"[""demand""]"
206__0,206,0,reddit,2022,pembangunan,overlap,"[""pembangunan""]"
207__0,207,0,reddit,2022,jaringan listrik,rb,"[""jaringan listrik"", ""listrik"", ""jaringan""]"
207__1,207,1,reddit,2022,modal,rb,"[""modal""]"
207__2,207,2,reddit,2022,uang,overlap,"[""uang""]"
208__0,208,0,reddit,2022,kalimantan,overlap,"[""kalimantan"", ""gempa""]"
209__0,209,0,reddit,2022,,empty,[]
209__1,209,1,reddit,2022,air,overlap,"[""air"", ""pltn""]"
210__0,210,0,reddit,2022,greenpiss kejang-kejang,rb,"[""greenpiss kejang-kejang"", ""kejang-kejang""]"
211__0,211,0,reddit,2022,unit pltn,rb,"[""unit pltn"", ""pltn skala"", ""skala komersil"", ""planning project"", ""project""]"
211__1,211,1,reddit,2022,total,overlap,"[""total""]"
212__0,212,0,reddit,2022,,empty,[]
212__1,212,1,reddit,2022,pltn,overlap,"[""pltn""]"
213__0,213,0,reddit,2022,nuklir,overlap,"[""nuklir""]"
214__0,214,0,reddit,2022,tenaga nuklir,rb,"[""tenaga nuklir"", ""nuklir haram"", ""ustad""]"
214__1,214,1,reddit,2022,nuklir,overlap,"[""nuklir""]"
215__0,215,0,reddit,2022,pltn,overlap,"[""pltn""]"
216__0,216,0,reddit,2022,pltn,overlap,"[""pltn"", ""teknologi""]"
216__1,216,1,reddit,2022,generasi,overlap,"[""generasi"", ""persetujuan""]"
216__2,216,2,reddit,2022,generasi,rb,"[""generasi"", ""mtn"", ""badan pengawas"", ""pengawas teknis"", ""badan""]"
216__3,216,3,reddit,2022,fair,overlap,"[""fair"", ""enough"", ""case""]"
216__4,216,4,reddit,2022,kasih,overlap,"[""kasih""]"
217__0,217,0,reddit,2022,pemerintah,overlap,"[""pemerintah""]"
218__0,218,0,reddit,2022,rezim,overlap,"[""rezim""]"
218__1,218,1,reddit,2022,pltn,overlap,"[""pltn"", ""kalimantan"", ""minyak"", ""sumber""]"
219__0,219,0,reddit,2022,dekadem,rb,"[""dekadem"", ""good"", ""enough""]"
219__1,219,1,reddit,2022,indonesia,overlap,"[""indonesia"", ""pltn""]"
220__0,220,0,reddit,2022,korupsi,overlap,"[""korupsi"", ""pltn""]"
220__1,220,1,reddit,2022,pln,overlap,"[""pln"", ""korupsi""]"
220__2,220,2,reddit,2022,energi,overlap,"[""energi""]"
221__0,221,0,reddit,2022,titel,rb,"[""titel""]"
221__1,221,1,reddit,2022,nuklir,overlap,"[""nuklir""]"
221__2,221,2,reddit,2022,woi,overlap,"[""woi""]"
222__0,222,0,reddit,2022,nuklir,overlap,"[""nuklir""]"
223__0,223,0,reddit,2022,sanksi kanan,rb,"[""sanksi kanan"", ""kanan kiri"", ""kiri"", ""iran"", ""obat susah""]"
224__0,224,0,reddit,2022,perjanjian,overlap,"[""perjanjian""]"
225__0,225,0,reddit,2022,pltn,overlap,"[""pltn"", ""listrik"", ""tenaga"", ""senjata"", ""energi""]"
225__1,225,1,reddit,2022,gun,overlap,"[""gun"", ""high"", ""target""]"
226__0,226,0,reddit,2022,politik,overlap,"[""politik""]"
226__1,226,1,reddit,2022,negeri,overlap,"[""negeri""]"
227__0,227,0,reddit,2022,pltn,overlap,"[""pltn""]"
228__0,228,0,reddit,2022,nuklir,overlap,"[""nuklir"", ""senjata""]"
229__0,229,0,reddit,2022,nuklir,overlap,"[""nuklir""]"
229__1,229,1,reddit,2022,pltn,overlap,"[""pltn""]"
229__2,229,2,reddit,2022,ok2,rb,"[""ok2""]"
230__0,230,0,reddit,2022,gempa,overlap,"[""gempa"", ""plts"", ""daerah""]"
231__0,231,0,reddit,2022,time,overlap,"[""time"", ""coming""]"
231__1,231,1,reddit,2022,listrik,overlap,"[""listrik""]"
232__0,232,0,reddit,2022,brin,overlap,"[""brin"", ""mtn"", ""dpr""]"
232__1,232,1,reddit,2022,dimainin,rb,"[""dimainin""]"
232__2,232,2,reddit,2022,iran,rb,"[""iran""]"
233__0,233,0,reddit,2022,batan,overlap,"[""batan""]"
234__0,234,0,reddit,2022,energi,overlap,"[""energi"", ""nuklir"", ""produksi""]"
235__0,235,0,reddit,2022,organisasi,overlap,"[""organisasi"", ""brin""]"
236__0,236,0,reddit,2023,plts,overlap,"[""plts"", ""listrik""]"
236__1,236,1,reddit,2023,plts,overlap,"[""plts"", ""industri""]"
237__0,237,0,reddit,2023,respon op,rb,"[""respon op"", ""op"", ""pengetahuan"", ""modal nonton"", ""nonton""]"
238__0,238,0,reddit,2023,nuklir,overlap,"[""nuklir""]"
239__0,239,0,reddit,2023,nuklir,overlap,"[""nuklir""]"
239__1,239,1,reddit,2023,daerah,overlap,"[""daerah"", ""pltn""]"
239__2,239,2,reddit,2023,,empty,[]
239__3,239,3,reddit,2023,nuklir,overlap,"[""nuklir"", ""power""]"
240__0,240,0,reddit,2023,pltn,overlap,"[""pltn"", ""lokasi""]"
241__0,241,0,reddit,2023,pltn,overlap,"[""pltn""]"
241__1,241,1,reddit,2023,riset,overlap,"[""riset"", ""pltn""]"
241__2,241,2,reddit,2023,politik,overlap,"[""politik""]"
242__0,242,0,reddit,2023,alasan,rb,"[""alasan"", ""overregulation""]"
242__1,242,1,reddit,2023,regulasi,rb,"[""regulasi""]"
242__2,242,2,reddit,2023,pltn,overlap,"[""pltn"", ""batubara"", ""indonesia"", ""pltu""]"
242__3,242,3,reddit,2023,pltu,overlap,"[""pltu"", ""pltn""]"
243__0,243,0,reddit,2023,batubara,overlap,"[""batubara""]"
243__1,243,1,reddit,2023,listrik,overlap,"[""listrik"", ""batubara""]"
243__2,243,2,reddit,2023,biaya,overlap,"[""biaya"", ""pltn""]"
243__3,243,3,reddit,2023,biaya,overlap,"[""biaya"", ""plts"", ""bangun""]"
243__4,243,4,reddit,2023,listrik,overlap,"[""listrik"", ""pulau""]"
244__0,244,0,reddit,2023,nuklir,overlap,"[""nuklir"", ""jawa"", ""ebt"", ""surya"", ""indonesia""]"
244__1,244,1,reddit,2023,surya,overlap,"[""surya"", ""jepang"", ""batubara"", ""negara"", ""alasan""]"
244__2,244,2,reddit,2023,surya,overlap,"[""surya""]"
244__3,244,3,reddit,2023,biaya,rb,"[""biaya""]"
244__4,244,4,reddit,2023,surya,rb,"[""surya"", ""wind"", ""indonesia""]"
244__5,244,5,reddit,2023,surya,unsup,"[""surya"", ""indonesia""]"
245__0,245,0,reddit,2023,energi,overlap,"[""energi"", ""pln""]"
245__1,245,1,reddit,2023,ebt,overlap,"[""ebt"", ""pltu""]"
245__2,245,2,reddit,2023,jawa,overlap,"[""jawa""]"
245__3,245,3,reddit,2023,nuklir,overlap,"[""nuklir"", ""limbah""]"
246__0,246,0,reddit,2023,angin,overlap,"[""angin"", ""indonesia""]"
246__1,246,1,reddit,2023,aussie,rb,"[""aussie""]"
246__2,246,2,reddit,2023,generasi,overlap,"[""generasi""]"
246__3,246,3,reddit,2023,,empty,[]
247__0,247,0,reddit,2023,panel,overlap,"[""panel"", ""surya""]"
247__1,247,1,reddit,2023,,empty,[]
247__2,247,2,reddit,2023,op nonton,rb,"[""op nonton"", ""nonton video"", ""video"", ""facts copium"", ""copium""]"
248__0,248,0,reddit,2023,plts,overlap,"[""plts"", ""listrik"", ""batubara""]"
248__1,248,1,reddit,2023,kecamatan,overlap,"[""kecamatan""]"
248__2,248,2,reddit,2023,viable,unsup,"[""viable""]"
248__3,248,3,reddit,2023,pln,overlap,"[""pln"", ""kota"", ""indonesia""]"
249__0,249,0,reddit,2023,logistical nightmare,rb,"[""logistical nightmare"", ""nightmare""]"
249__1,249,1,reddit,2023,indonesia,overlap,"[""indonesia""]"
249__2,249,2,reddit,2023,utara,overlap,"[""utara"", ""selatan"", ""barat"", ""timur""]"
249__3,249,3,reddit,2023,lintang,overlap,"[""lintang"", ""sudut""]"
249__4,249,4,reddit,2023,efisiensi,overlap,"[""efisiensi""]"
249__5,249,5,reddit,2023,rumah,overlap,"[""rumah""]"
249__6,249,6,reddit,2023,rumah,overlap,"[""rumah"", ""indonesia""]"
249__7,249,7,reddit,2023,plts,overlap,"[""plts"", ""maintenance"", ""efisiensi""]"
249__8,249,8,reddit,2023,manusia,overlap,"[""manusia"", ""indonesia"", ""sumber""]"
249__9,249,9,reddit,2023,masyarakat,overlap,"[""masyarakat"", ""pajak"", ""plts""]"
249__10,249,10,reddit,2023,bedanya,rb,"[""bedanya""]"
249__11,249,11,reddit,2023,target sasaran,rb,"[""target sasaran"", ""sasaran"", ""giveaway""]"
249__12,249,12,reddit,2023,warga,overlap,"[""warga"", ""plts""]"
249__13,249,13,reddit,2023,plts,overlap,"[""plts""]"
249__14,249,14,reddit,2023,plts,overlap,"[""plts""]"
249__15,249,15,reddit,2023,imaginary megaproyek efektif,rb,"[""imaginary megaproyek efektif"", ""megaproyek"", ""high"", ""chance"", ""target""]"
249__16,249,16,reddit,2023,pasang plts,rb,"[""pasang plts"", ""plts sentral"", ""sentral""]"
249__17,249,17,reddit,2023,listrik,overlap,"[""listrik"", ""pulau"", ""indonesia"", ""kalimantan""]"
249__18,249,18,reddit,2023,pulau,overlap,"[""pulau""]"
249__19,249,19,reddit,2023,plts,overlap,"[""plts"", ""kecamatan""]"
250__0,250,0,reddit,2023,daerah,overlap,"[""daerah"", ""listrik"", ""cadangan""]"
251__0,251,0,reddit,2023,cadangan,overlap,"[""cadangan""]"
251__1,251,1,reddit,2023,rumah,overlap,"[""rumah""]"
251__2,251,2,reddit,2023,listrik,overlap,"[""listrik""]"
251__3,251,3,reddit,2023,plts,overlap,"[""plts""]"
251__4,251,4,reddit,2023,kwp,rb,"[""kwp"", ""kecamatan"", ""cadangan listrik"", ""listrik mati""]"
251__5,251,5,reddit,2023,genset,overlap,"[""genset"", ""siang"", ""cadangan""]"
252__0,252,0,reddit,2023,expect,rb,"[""expect""]"
252__1,252,1,reddit,2023,pemadaman,overlap,"[""pemadaman""]"
252__2,252,2,reddit,2023,kecamatan,overlap,"[""kecamatan""]"
253__0,253,0,reddit,2023,surya,overlap,"[""surya""]"
253__1,253,1,reddit,2023,ulang,overlap,"[""ulang"", ""tahunan""]"
254__0,254,0,reddit,2023,hitungan,overlap,"[""hitungan""]"
255__0,255,0,reddit,2023,kecamatan,overlap,"[""kecamatan""]"
256__0,256,0,reddit,2023,apa-apaan,overlap,"[""apa-apaan""]"
256__1,256,1,reddit,2023,pengadaan,rb,"[""pengadaan"", ""tender"", ""hitungan""]"
256__2,256,2,reddit,2023,maintenance,overlap,"[""maintenance""]"
257__0,257,0,reddit,2023,plts,overlap,"[""plts"", ""kecamatan""]"
257__1,257,1,reddit,2023,pengadaan,overlap,"[""pengadaan""]"
258__0,258,0,reddit,2023,pln,overlap,"[""pln"", ""plts"", ""teknologi""]"
258__1,258,1,reddit,2023,plts,overlap,"[""plts""]"
258__2,258,2,reddit,2023,pju,overlap,"[""pju"", ""parallel"", ""mikrohidro""]"
258__3,258,3,reddit,2023,daerah,overlap,"[""daerah""]"
258__4,258,4,reddit,2023,plts,overlap,"[""plts"", ""indonesia""]"
258__5,258,5,reddit,2023,plts,overlap,"[""plts""]"
258__6,258,6,reddit,2023,plts,overlap,"[""plts""]"
258__7,258,7,reddit,2023,indonesia,overlap,"[""indonesia"", ""pltu"", ""plts""]"
258__8,258,8,reddit,2023,plts,overlap,"[""plts"", ""kota""]"
259__0,259,0,reddit,2023,,empty,[]
259__1,259,1,reddit,2023,daya,overlap,"[""daya"", ""surya"", ""tenaga""]"
259__2,259,2,reddit,2023,rumah,overlap,"[""rumah""]"
259__3,259,3,reddit,2023,air,overlap,"[""air""]"
260__0,260,0,reddit,2023,barang,rb,"[""barang""]"
260__1,260,1,reddit,2023,center,overlap,"[""center""]"
260__2,260,2,reddit,2023,pln,overlap,"[""pln"", ""kota""]"
260__3,260,3,reddit,2023,plts,overlap,"[""plts""]"
260__4,260,4,reddit,2023,batubara,overlap,"[""batubara""]"
260__5,260,5,reddit,2023,kecamatan pertahun,rb,"[""kecamatan pertahun"", ""pertahun"", ""bukit""]"
261__0,261,0,reddit,2023,pln,overlap,"[""pln""]"
261__1,261,1,reddit,2023,daya,overlap,"[""daya"", ""plts"", ""angin""]"
261__2,261,2,reddit,2023,,empty,[]
262__0,262,0,reddit,2023,resiko,overlap,"[""resiko"", ""plts""]"
262__1,262,1,reddit,2023,surya,overlap,"[""surya""]"
263__0,263,0,reddit,2023,plts,overlap,"[""plts"", ""resiko"", ""batubara"", ""angin""]"
264__0,264,0,reddit,2023,plts,overlap,"[""plts"", ""resiko""]"
264__1,264,1,reddit,2023,batubara,overlap,"[""batubara"", ""plts"", ""pemerintah""]"
264__2,264,2,reddit,2023,plts,overlap,"[""plts"", ""pemerintah"", ""warga""]"
264__3,264,3,reddit,2023,plts,overlap,"[""plts"", ""pulau""]"
265__0,265,0,reddit,2023,kota,overlap,"[""kota"", ""listrik""]"
266__0,266,0,reddit,2023,plts,overlap,"[""plts"", ""indonesia"", ""pulau"", ""wilayah"", ""pln""]"
266__1,266,1,reddit,2023,perawatan,rb,"[""perawatan"", ""komponen"", ""aki""]"
266__2,266,2,reddit,2023,plts,overlap,"[""plts"", ""skala""]"
266__3,266,3,reddit,2023,skala,overlap,"[""skala"", ""listrik"", ""pulau"", ""kapasitas""]"
266__4,266,4,reddit,2023,,empty,[]
267__0,267,0,reddit,2023,resmi account,rb,"[""resmi account"", ""account"", ""full-time"", ""part time"", ""time job""]"
268__0,268,0,reddit,2023,panel,overlap,"[""panel"", ""jalan""]"
269__0,269,0,reddit,2023,kecamatan,overlap,"[""kecamatan""]"
269__1,269,1,reddit,2023,surya,overlap,"[""surya""]"
270__0,270,0,reddit,2023,negara,overlap,"[""negara""]"
270__1,270,1,reddit,2023,indonesia,overlap,"[""indonesia""]"
271__0,271,0,reddit,2023,ketutupan debu,rb,"[""ketutupan debu"", ""debu hasil"", ""hasil kebakaran"", ""kebakaran""]"
272__0,272,0,reddit,2023,surya,overlap,"[""surya"", ""maintenance"", ""perusahaan"", ""panel""]"
273__0,273,0,reddit,2023,maintenance part,rb,"[""maintenance part"", ""part"", ""panel perusahaan"", ""perusahaan""]"
273__1,273,1,reddit,2023,sapu debu,rb,"[""sapu debu"", ""debu"", ""meja"", ""sapu""]"
274__0,274,0,reddit,2023,plts,overlap,"[""plts"", ""masyarakat""]"
274__1,274,1,reddit,2023,kruger,overlap,"[""kruger"", ""efek""]"
275__0,275,0,reddit,2023,panel,overlap,"[""panel"", ""surya"", ""listrik"", ""kwh""]"
275__1,275,1,reddit,2023,panel,overlap,"[""panel"", ""rumah"", ""kecamatan""]"
276__0,276,0,reddit,2023,surya,overlap,"[""surya"", ""proyek""]"
277__0,277,0,reddit,2023,surya,overlap,"[""surya"", ""panel""]"
277__1,277,1,reddit,2023,surya,overlap,"[""surya"", ""indonesia"", ""plts"", ""efisiensi""]"
277__2,277,2,reddit,2023,surya,overlap,"[""surya"", ""efisiensi"", ""lingkungan"", ""panel""]"
278__0,278,0,reddit,2023,surya,overlap,"[""surya"", ""panel""]"
278__1,278,1,reddit,2023,kecamatan,overlap,"[""kecamatan""]"
279__0,279,0,reddit,2023,surya,overlap,"[""surya"", ""rumah""]"
279__1,279,1,reddit,2023,siang,overlap,"[""siang"", ""cuaca""]"
279__2,279,2,reddit,2023,rumah,overlap,"[""rumah""]"
279__3,279,3,reddit,2023,rumah,overlap,"[""rumah""]"
279__4,279,4,reddit,2023,listrik,overlap,"[""listrik"", ""masyarakat"", ""maintenance""]"
279__5,279,5,reddit,2023,masyarakat,rb,"[""masyarakat""]"
279__6,279,6,reddit,2023,daerah,overlap,"[""daerah""]"
279__7,279,7,reddit,2023,masyarakat,rb,"[""masyarakat""]"
279__8,279,8,reddit,2023,green,overlap,"[""green""]"
279__9,279,9,reddit,2023,masyarakat,rb,"[""masyarakat""]"
280__0,280,0,reddit,2023,surya,overlap,"[""surya""]"
280__1,280,1,reddit,2023,rumah,overlap,"[""rumah""]"
281__0,281,0,reddit,2023,surya,overlap,"[""surya""]"
281__1,281,1,reddit,2023,matahari,overlap,"[""matahari""]"
281__2,281,2,reddit,2023,listrik,overlap,"[""listrik"", ""matahari""]"
281__3,281,3,reddit,2023,air,rb,"[""air""]"
282__0,282,0,reddit,2023,artikel,overlap,"[""artikel"", ""plts""]"
282__1,282,1,reddit,2023,rumah,overlap,"[""rumah"", ""surya"", ""listrik"", ""luas""]"
282__2,282,2,reddit,2023,size,overlap,"[""size""]"
282__3,282,3,reddit,2023,batas,overlap,"[""batas""]"
282__4,282,4,reddit,2023,plts,overlap,"[""plts"", ""rumah"", ""listrik""]"
282__5,282,5,reddit,2023,rumah,overlap,"[""rumah""]"
282__6,282,6,reddit,2023,rakyat,overlap,"[""rakyat""]"
283__0,283,0,reddit,2023,plts,overlap,"[""plts""]"
283__1,283,1,reddit,2023,pln,overlap,"[""pln"", ""batubara"", ""listrik""]"
283__2,283,2,reddit,2023,kecamatan,overlap,"[""kecamatan""]"
283__3,283,3,reddit,2023,proyek jangka,rb,"[""proyek jangka"", ""jangka""]"
283__4,283,4,reddit,2023,bukit,overlap,"[""bukit""]"
284__0,284,0,reddit,2023,proyek,overlap,"[""proyek""]"
284__1,284,1,reddit,2023,proyek,overlap,"[""proyek""]"
284__2,284,2,reddit,2023,plts,overlap,"[""plts"", ""energi"", ""rumah""]"
284__3,284,3,reddit,2023,energi,overlap,"[""energi"", ""ahli"", ""nuklir"", ""green"", ""solusi""]"
285__0,285,0,reddit,2023,energi,overlap,"[""energi"", ""nuklir""]"
285__1,285,1,reddit,2023,microgrid,overlap,"[""microgrid"", ""smart"", ""grid""]"
285__2,285,2,reddit,2023,daerah,overlap,"[""daerah""]"
285__3,285,3,reddit,2023,kota-kota,rb,"[""kota-kota"", ""konsumsi energi challenging"", ""energi""]"
286__0,286,0,reddit,2023,surya,overlap,"[""surya"", ""panel""]"
287__0,287,0,reddit,2023,listrik,overlap,"[""listrik""]"
287__1,287,1,reddit,2023,baterai,overlap,"[""baterai""]"
287__2,287,2,reddit,2023,rumah,overlap,"[""rumah""]"
287__3,287,3,reddit,2023,rumah,overlap,"[""rumah""]"
287__4,287,4,reddit,2023,baterai,rb,"[""baterai""]"
288__0,288,0,reddit,2023,energi,overlap,"[""energi""]"
288__1,288,1,reddit,2023,rencana,overlap,"[""rencana"", ""daerah"", ""indonesia""]"
288__2,288,2,reddit,2023,rencana,overlap,"[""rencana"", ""surya""]"
288__3,288,3,reddit,2023,rumah,overlap,"[""rumah""]"
288__4,288,4,reddit,2023,hydro,overlap,"[""hydro"", ""surya"", ""geothermal"", ""indonesia"", ""energi""]"
288__5,288,5,reddit,2023,listrik,overlap,"[""listrik"", ""pembangkit""]"
288__6,288,6,reddit,2023,energi,overlap,"[""energi""]"
288__7,288,7,reddit,2023,energi,overlap,"[""energi"", ""pemerintah""]"
288__8,288,8,reddit,2023,efisiensi,overlap,"[""efisiensi"", ""indonesia"", ""kondisi""]"
288__9,288,9,reddit,2023,indonesia,overlap,"[""indonesia"", ""energi""]"
288__10,288,10,reddit,2023,panel,overlap,"[""panel"", ""surya""]"
288__11,288,11,reddit,2023,indonesia,overlap,"[""indonesia"", ""energi""]"
288__12,288,12,reddit,2023,listrik,overlap,"[""listrik"", ""pembangkit"", ""efisiensi""]"
289__0,289,0,reddit,2023,pemerintah,overlap,"[""pemerintah"", ""daerah"", ""listrik""]"
290__0,290,0,reddit,2023,pln,overlap,"[""pln""]"
291__0,291,0,reddit,2023,pln,overlap,"[""pln""]"
291__1,291,1,reddit,2023,daya,overlap,"[""daya"", ""pln""]"
291__2,291,2,reddit,2023,dunia,overlap,"[""dunia"", ""listrik"", ""surya""]"
291__3,291,3,reddit,2023,biaya,overlap,"[""biaya"", ""maintenance""]"
291__4,291,4,reddit,2023,pelanggan,overlap,"[""pelanggan"", ""sisi""]"
292__0,292,0,reddit,2023,pln,overlap,"[""pln"", ""plts""]"
293__0,293,0,reddit,2023,pln,overlap,"[""pln""]"
294__0,294,0,reddit,2023,pln,overlap,"[""pln""]"
294__1,294,1,reddit,2023,produksi,overlap,"[""produksi"", ""plts"", ""listrik""]"
295__0,295,0,reddit,2023,,empty,[]
295__1,295,1,reddit,2023,pln,overlap,"[""pln""]"
295__2,295,2,reddit,2023,ideal,rb,"[""ideal""]"
296__0,296,0,reddit,2023,maintenance,overlap,"[""maintenance"", ""daerah"", ""kebutuhan"", ""biaya""]"
296__1,296,1,reddit,2023,lipat,overlap,"[""lipat""]"
296__2,296,2,reddit,2023,pln,overlap,"[""pln"", ""daerah"", ""indonesia""]"
296__3,296,3,reddit,2023,dalih,rb,"[""dalih""]"
297__0,297,0,reddit,2023,indonesia,overlap,"[""indonesia"", ""green""]"
298__0,298,0,reddit,2023,finance,rb,"[""finance""]"
298__1,298,1,reddit,2023,indonesia,overlap,"[""indonesia"", ""negara""]"
299__0,299,0,reddit,2023,pln,overlap,"[""pln""]"
300__0,300,0,reddit,2023,indonesia,overlap,"[""indonesia""]"
300__1,300,1,reddit,2023,indonesia,overlap,"[""indonesia"", ""subsidi"", ""surya"", ""panel""]"
300__2,300,2,reddit,2023,,empty,[]
300__3,300,3,reddit,2023,pln,overlap,"[""pln"", ""pemerintah"", ""biaya""]"
301__0,301,0,reddit,2023,pemerintah,overlap,"[""pemerintah"", ""green"", ""listrik""]"
301__1,301,1,reddit,2023,batubara,overlap,"[""batubara""]"
301__2,301,2,reddit,2023,sektor,overlap,"[""sektor"", ""rencana""]"
302__0,302,0,reddit,2023,surya,overlap,"[""surya"", ""wilayah""]"
302__1,302,1,reddit,2023,teman,overlap,"[""teman"", ""jawa""]"
302__2,302,2,reddit,2023,kwh,overlap,"[""kwh"", ""baterai"", ""surya""]"
302__3,302,3,reddit,2023,baterai,overlap,"[""baterai""]"
302__4,302,4,reddit,2023,budget,rb,"[""budget"", ""inverter juta"", ""juta""]"
302__5,302,5,reddit,2023,produksi,overlap,"[""produksi""]"
302__6,302,6,reddit,2023,surya,overlap,"[""surya"", ""tenaga""]"
302__7,302,7,reddit,2023,kota,overlap,"[""kota"", ""listrik""]"
302__8,302,8,reddit,2023,surya,overlap,"[""surya"", ""jaringan"", ""tenaga""]"
303__0,303,0,reddit,2023,terwujud,rb,"[""terwujud""]"
303__1,303,1,reddit,2023,indonesia,overlap,"[""indonesia"", ""listrik""]"
303__2,303,2,reddit,2023,harga,overlap,"[""harga"", ""rumah""]"
303__3,303,3,reddit,2023,plts,overlap,"[""plts"", ""angin""]"
303__4,303,4,reddit,2023,dunia,overlap,"[""dunia"", ""pulau""]"
304__0,304,0,reddit,2023,pembebasan lahan,rb,"[""pembebasan lahan"", ""lahan mahal""]"
305__0,305,0,reddit,2023,lahan,overlap,"[""lahan"", ""kota"", ""penduduk""]"
306__0,306,0,reddit,2023,air,overlap,"[""air"", ""lahan""]"
307__0,307,0,reddit,2023,lahan,overlap,"[""lahan""]"
307__1,307,1,reddit,2023,oun swasta,rb,"[""oun swasta"", ""oun""]"
307__2,307,2,reddit,2023,,empty,[]
308__0,308,0,reddit,2023,,empty,[]
308__1,308,1,reddit,2023,first daerah murah,rb,"[""first daerah murah"", ""daerah pesisir"", ""pesisir jarang penduduk"", ""penduduk harga"", ""harga""]"
308__2,308,2,reddit,2023,negeri,overlap,"[""negeri"", ""pln""]"
308__3,308,3,reddit,2023,problem,overlap,"[""problem""]"
309__0,309,0,reddit,2023,pemerintah,overlap,"[""pemerintah"", ""lahan"", ""proyek""]"
310__0,310,0,reddit,2023,baterai,overlap,"[""baterai"", ""biaya"", ""panel""]"
310__1,310,1,reddit,2023,subsidi,overlap,"[""subsidi"", ""surya"", ""listrik""]"
310__2,310,2,reddit,2023,surya,overlap,"[""surya"", ""pembangunan""]"
311__0,311,0,reddit,2023,baterai,overlap,"[""baterai"", ""rumah""]"
312__0,312,0,reddit,2023,rumah,overlap,"[""rumah"", ""baterai""]"
312__1,312,1,reddit,2023,resiko,overlap,"[""resiko"", ""baterai""]"
312__2,312,2,reddit,2023,maintenance,overlap,"[""maintenance"", ""pln""]"
312__3,312,3,reddit,2023,surya,overlap,"[""surya"", ""pembangkit"", ""tenaga"", ""masyarakat""]"
312__4,312,4,reddit,2023,surya,overlap,"[""surya"", ""baterai"", ""masyarakat""]"
312__5,312,5,reddit,2023,surya,overlap,"[""surya"", ""indonesia"", ""panel""]"
313__0,313,0,reddit,2023,panel,overlap,"[""panel"", ""indonesia""]"
313__1,313,1,reddit,2023,listrik,overlap,"[""listrik""]"
313__2,313,2,reddit,2023,baterai,overlap,"[""baterai""]"
313__3,313,3,reddit,2023,daya,rb,"[""daya"", ""kabel""]"
313__4,313,4,reddit,2023,panel,overlap,"[""panel""]"
313__5,313,5,reddit,2023,surya,overlap,"[""surya"", ""panel"", ""jalan"", ""listrik""]"
313__6,313,6,reddit,2023,hidup,overlap,"[""hidup""]"
313__7,313,7,reddit,2023,baterai,overlap,"[""baterai""]"
313__8,313,8,reddit,2023,panel,overlap,"[""panel"", ""laut""]"
313__9,313,9,reddit,2023,utama,rb,"[""utama"", ""panel kotor"", ""baterai rusak"", ""pemasangan arah"", ""arah""]"
314__0,314,0,reddit,2023,baterai,overlap,"[""baterai""]"
314__1,314,1,reddit,2023,rumah,overlap,"[""rumah""]"
315__0,315,0,reddit,2023,rumah,overlap,"[""rumah""]"
316__0,316,0,reddit,2023,hubungan nda,rb,"[""hubungan nda"", ""nda""]"
316__1,316,1,reddit,2023,non,overlap,"[""non"", ""disclosure"", ""agreement""]"
316__2,316,2,reddit,2023,,empty,[]
317__0,317,0,reddit,2023,baterai,overlap,"[""baterai""]"
318__0,318,0,reddit,2023,oknum,overlap,"[""oknum""]"
318__1,318,1,reddit,2023,habis,rb,"[""habis""]"
318__2,318,2,reddit,2023,panel,overlap,"[""panel"", ""lampu""]"
319__0,319,0,reddit,2023,baterai,overlap,"[""baterai"", ""rumah""]"
320__0,320,0,reddit,2023,agreement,overlap,"[""agreement""]"
320__1,320,1,reddit,2023,,empty,[]
321__0,321,0,reddit,2023,oknum,overlap,"[""oknum""]"
321__1,321,1,reddit,2023,habis,rb,"[""habis""]"
321__2,321,2,reddit,2023,surya,overlap,"[""surya"", ""baterai"", ""rumah"", ""panel""]"
321__3,321,3,reddit,2023,panel,overlap,"[""panel"", ""baterai""]"
321__4,321,4,reddit,2023,kabel,rb,"[""kabel""]"
322__0,322,0,reddit,2023,pln,overlap,"[""pln"", ""rumah""]"
323__0,323,0,reddit,2023,non,overlap,"[""non"", ""agreement""]"
323__1,323,1,reddit,2023,makes,overlap,"[""makes"", ""think"", ""thieves"", ""care""]"
323__2,323,2,reddit,2023,jalan,overlap,"[""jalan""]"
323__3,323,3,reddit,2023,negara,overlap,"[""negara""]"
323__4,323,4,reddit,2023,masyarakat,overlap,"[""masyarakat""]"
323__5,323,5,reddit,2023,surya,overlap,"[""surya"", ""subsidi""]"
324__0,324,0,reddit,2023,baterai,overlap,"[""baterai"", ""rumah""]"
324__1,324,1,reddit,2023,rumah,rb,"[""rumah"", ""pemilik""]"
324__2,324,2,reddit,2023,rumah,overlap,"[""rumah"", ""baterai""]"
325__0,325,0,reddit,2023,,empty,[]
325__1,325,1,reddit,2023,pln,overlap,"[""pln""]"
325__2,325,2,reddit,2023,panel,overlap,"[""panel""]"
325__3,325,3,reddit,2023,sisi,overlap,"[""sisi""]"
325__4,325,4,reddit,2023,jual,overlap,"[""jual""]"
325__5,325,5,reddit,2023,penadah barang,rb,"[""penadah barang"", ""barang curian"", ""curian"", ""handphone"", ""barang""]"
325__6,325,6,reddit,2023,,empty,[]
325__7,325,7,reddit,2023,barang,rb,"[""barang""]"
325__8,325,8,reddit,2023,pointnya,overlap,"[""pointnya""]"
325__9,325,9,reddit,2023,rumah,overlap,"[""rumah"", ""listrik""]"
326__0,326,0,reddit,2023,surya,overlap,"[""surya"", ""baterai"", ""panel""]"
326__1,326,1,reddit,2023,iconet,overlap,"[""iconet"", ""internet"", ""gps"", ""atap"", ""like""]"
326__2,326,2,reddit,2023,surya,overlap,"[""surya"", ""rumah"", ""kerja"", ""panel""]"
327__0,327,0,reddit,2023,baterai,overlap,"[""baterai"", ""rumah""]"
327__1,327,1,reddit,2023,rumah,rb,"[""rumah"", ""pemilik""]"
327__2,327,2,reddit,2023,rumah,overlap,"[""rumah""]"
328__0,328,0,reddit,2023,robbed,overlap,"[""robbed"", ""polisi"", ""kehilangan"", ""surat""]"
329__0,329,0,reddit,2023,maintenance,overlap,"[""maintenance"", ""nuklir"", ""indonesia"", ""gempa"", ""panel""]"
329__1,329,1,reddit,2023,listrik,overlap,"[""listrik"", ""indonesia"", ""batubara"", ""pembangkit""]"
330__0,330,0,reddit,2023,pltn,overlap,"[""pltn"", ""gempa"", ""fukushima""]"
330__1,330,1,reddit,2023,fukushima,overlap,"[""fukushima""]"
330__2,330,2,reddit,2023,generasi,overlap,"[""generasi"", ""operator"", ""fitur"", ""intervensi""]"
331__0,331,0,reddit,2023,jalan,overlap,"[""jalan"", ""surya"", ""panel""]"
331__1,331,1,reddit,2023,olt,rb,"[""olt""]"
332__0,332,0,reddit,2023,listrik,overlap,"[""listrik""]"
333__0,333,0,reddit,2023,plts sesederhana,rb,"[""plts sesederhana"", ""tuan""]"
333__1,333,1,reddit,2023,surya,overlap,"[""surya""]"
333__2,333,2,reddit,2023,surya,overlap,"[""surya"", ""indonesia"", ""tenaga""]"
334__0,334,0,reddit,2023,listrik,overlap,"[""listrik"", ""green"", ""plts""]"
335__0,335,0,reddit,2019,pltn,overlap,"[""pltn"", ""sdm""]"
335__1,335,1,reddit,2019,pltu,overlap,"[""pltu""]"
336__0,336,0,reddit,2019,comment,overlap,"[""comment"", ""deleted"", ""user""]"
337__0,337,0,reddit,2019,ideally,rb,"[""ideally""]"
337__1,337,1,reddit,2019,private,rb,"[""private""]"
337__2,337,2,reddit,2019,amerika,overlap,"[""amerika""]"
337__3,337,3,reddit,2019,amerika,overlap,"[""amerika""]"
338__0,338,0,reddit,2019,rektor,overlap,"[""rektor""]"
338__1,338,1,reddit,2019,nuklir asing,rb,"[""nuklir asing""]"
339__0,339,0,reddit,2019,cina,overlap,"[""cina""]"
339__1,339,1,reddit,2019,pln,overlap,"[""pln""]"
339__2,339,2,reddit,2019,pltn,overlap,"[""pltn"", ""pln""]"
339__3,339,3,reddit,2019,batan,overlap,"[""batan""]"
339__4,339,4,reddit,2019,pltn,overlap,"[""pltn"", ""negara""]"
339__5,339,5,reddit,2019,listrik,overlap,"[""listrik""]"
339__6,339,6,reddit,2019,pltn,overlap,"[""pltn"", ""batan"", ""skala""]"
339__7,339,7,reddit,2019,pulau,overlap,"[""pulau"", ""batan"", ""listrik""]"
339__8,339,8,reddit,2019,pltn,overlap,"[""pltn"", ""pemerintah""]"
339__9,339,9,reddit,2019,bumn,overlap,"[""bumn""]"
339__10,339,10,reddit,2019,bureaucracy,overlap,"[""bureaucracy"", ""cluster"", ""fuck""]"
340__0,340,0,reddit,2019,pltn,overlap,"[""pltn"", ""ebt"", ""nuklir""]"
340__1,340,1,reddit,2019,dpr,overlap,"[""dpr""]"
340__2,340,2,reddit,2019,thorium,overlap,"[""thorium""]"
341__0,341,0,reddit,2019,informasi,overlap,"[""informasi""]"
341__1,341,1,reddit,2019,know,overlap,"[""know""]"
341__2,341,2,reddit,2019,nuklir,overlap,"[""nuklir"", ""indonesia""]"
341__3,341,3,reddit,2019,country,overlap,"[""country"", ""cluster"", ""fuck"", ""bureaucracy""]"
341__4,341,4,reddit,2019,pltn,overlap,"[""pltn""]"
342__0,342,0,reddit,2019,listrik,overlap,"[""listrik""]"
343__0,343,0,reddit,2019,isu,overlap,"[""isu""]"
344__0,344,0,reddit,2019,nuklir,overlap,"[""nuklir""]"
344__1,344,1,reddit,2019,keamanan,rb,"[""keamanan""]"
344__2,344,2,reddit,2019,,empty,[]
344__3,344,3,reddit,2019,nuklir,overlap,"[""nuklir""]"
344__4,344,4,reddit,2019,kerja,overlap,"[""kerja"", ""nuklir"", ""radiasi"", ""limbah""]"
344__5,344,5,reddit,2019,daerah,overlap,"[""daerah"", ""tenaga"", ""nuklir""]"
344__6,344,6,reddit,2019,kalimantan,overlap,"[""kalimantan"", ""kota"", ""energi"", ""kebutuhan""]"
345__0,345,0,reddit,2023,pltu,overlap,"[""pltu""]"
345__1,345,1,reddit,2023,pltu,overlap,"[""pltu"", ""bbm"", ""efisiensi""]"
345__2,345,2,reddit,2023,kendaraan listrik,rb,"[""kendaraan listrik"", ""listrik"", ""polusi"", ""kendaraan""]"
345__3,345,3,reddit,2023,bbm,overlap,"[""bbm"", ""pltu"", ""daerah""]"
345__4,345,4,reddit,2023,karbon,overlap,"[""karbon"", ""pltu"", ""bbm""]"
345__5,345,5,reddit,2023,kendaraan listrik,rb,"[""kendaraan listrik"", ""listrik"", ""ketergantungan minyak"", ""minyak bumi"", ""bumi""]"
345__6,345,6,reddit,2023,indonesia,overlap,"[""indonesia"", ""impor""]"
345__7,345,7,reddit,2023,indonesia,overlap,"[""indonesia"", ""listrik"", ""baterai"", ""batubara"", ""bahan""]"
345__8,345,8,reddit,2023,minyak,overlap,"[""minyak"", ""krisis""]"
346__0,346,0,reddit,2023,electric,overlap,"[""electric"", ""car"", ""good"", ""bus""]"
347__0,347,0,reddit,2023,pltu,overlap,"[""pltu""]"
347__1,347,1,reddit,2023,ev,rb,"[""ev"", ""supplied"", ""batubara-fired"", ""diesel"", ""power""]"
347__2,347,2,reddit,2023,energi,overlap,"[""energi""]"
347__3,347,3,reddit,2023,cuman,rb,"[""cuman"", ""ice""]"
347__4,347,4,reddit,2023,pltu,overlap,"[""pltu""]"
347__5,347,5,reddit,2023,pltu,overlap,"[""pltu""]"
348__0,348,0,reddit,2023,efisiensi,overlap,"[""efisiensi""]"
348__1,348,1,reddit,2023,pltu,overlap,"[""pltu""]"
348__2,348,2,reddit,2023,hasil,overlap,"[""hasil""]"
348__3,348,3,reddit,2023,manfaat ev bau,rb,"[""manfaat ev bau"", ""ev"", ""bau"", ""asap"", ""pejalan kaki""]"
348__4,348,4,reddit,2023,energi,overlap,"[""energi"", ""negara"", ""bbm""]"
348__5,348,5,reddit,2023,pltu,overlap,"[""pltu"", ""karbon""]"
348__6,348,6,reddit,2023,listrik,overlap,"[""listrik""]"
349__0,349,0,reddit,2023,pltu,overlap,"[""pltu""]"
349__1,349,1,reddit,2023,batubara,overlap,"[""batubara""]"
349__2,349,2,reddit,2023,ev,overlap,"[""ev"", ""start""]"
349__3,349,3,reddit,2023,listrik,overlap,"[""listrik"", ""pltn""]"
349__4,349,4,reddit,2023,,empty,[]
349__5,349,5,reddit,2023,indonesia,overlap,"[""indonesia""]"
349__6,349,6,reddit,2023,sistem,overlap,"[""sistem""]"
349__7,349,7,reddit,2023,solution,overlap,"[""solution""]"
350__0,350,0,reddit,2023,ev,rb,"[""ev""]"
350__1,350,1,reddit,2023,investment,overlap,"[""investment""]"
350__2,350,2,reddit,2023,baterai,overlap,"[""baterai"", ""rumah""]"
350__3,350,3,reddit,2023,fuel,overlap,"[""fuel"", ""bbm""]"
351__0,351,0,reddit,2023,,empty,[]
352__0,352,0,reddit,2023,pltu,overlap,"[""pltu""]"
352__1,352,1,reddit,2023,pltu,overlap,"[""pltu""]"
353__0,353,0,reddit,2023,pltu,overlap,"[""pltu""]"
353__1,353,1,reddit,2023,pltu,overlap,"[""pltu""]"
353__2,353,2,reddit,2023,pltu,overlap,"[""pltu""]"
353__3,353,3,reddit,2023,pltu,overlap,"[""pltu"", ""produksi"", ""jawa""]"
353__4,353,4,reddit,2023,juta,rb,"[""juta"", ""juta ic"", ""koar-koar ham-him-hum"", ""ham-him-hum"", ""ic""]"
353__5,353,5,reddit,2023,pltu,overlap,"[""pltu"", ""mobil""]"
353__6,353,6,reddit,2023,komentar,overlap,"[""komentar""]"
353__7,353,7,reddit,2023,karbon,overlap,"[""karbon"", ""pltu""]"
354__0,354,0,reddit,2023,energi,overlap,"[""energi""]"
355__0,355,0,reddit,2023,,empty,[]
355__1,355,1,reddit,2023,pltu,overlap,"[""pltu""]"
356__0,356,0,reddit,2023,listrik,overlap,"[""listrik"", ""bbm""]"
356__1,356,1,reddit,2023,energi,rb,"[""energi"", ""konversi""]"
357__0,357,0,reddit,2023,pltu,overlap,"[""pltu""]"
357__1,357,1,reddit,2023,listrik,overlap,"[""listrik"", ""pltu""]"
358__0,358,0,reddit,2023,desperate,overlap,"[""desperate"", ""become"", ""engineer"", ""distribusi"", ""konversi""]"
358__1,358,1,reddit,2023,pltu,overlap,"[""pltu"", ""biaya"", ""listrik"", ""sistem""]"
358__2,358,2,reddit,2023,jawa,overlap,"[""jawa"", ""listrik"", ""jakarta"", ""pembangkit""]"
358__3,358,3,reddit,2023,listrik,overlap,"[""listrik""]"
358__4,358,4,reddit,2023,bbm,overlap,"[""bbm""]"
359__0,359,0,reddit,2023,pltu,overlap,"[""pltu""]"
359__1,359,1,reddit,2023,pltu,overlap,"[""pltu"", ""kebutuhan""]"
359__2,359,2,reddit,2023,pltu,overlap,"[""pltu"", ""nuklir""]"
359__3,359,3,reddit,2023,lingkungan,rb,"[""lingkungan""]"
360__0,360,0,reddit,2023,listrik,overlap,"[""listrik"", ""jawa"", ""pltu""]"
360__1,360,1,reddit,2023,jakarta,overlap,"[""jakarta""]"
361__0,361,0,reddit,2023,jakarta,overlap,"[""jakarta""]"
362__0,362,0,reddit,2023,jawa,overlap,"[""jawa"", ""listrik"", ""kebutuhan""]"
363__0,363,0,reddit,2023,nuklir,overlap,"[""nuklir"", ""warga"", ""fukushima""]"
364__0,364,0,reddit,2023,energi,overlap,"[""energi""]"
364__1,364,1,reddit,2023,power,overlap,"[""power"", ""terbarukan""]"
364__2,364,2,reddit,2023,kota,overlap,"[""kota""]"
365__0,365,0,reddit,2023,emisi,overlap,"[""emisi""]"
366__0,366,0,reddit,2023,jakarta,overlap,"[""jakarta""]"
367__0,367,0,reddit,2023,indonesia,overlap,"[""indonesia"", ""amerika"", ""batubara"", ""surya""]"
368__0,368,0,reddit,2023,nuklir,overlap,"[""nuklir"", ""pembangkit""]"
368__1,368,1,reddit,2023,,empty,[]
368__2,368,2,reddit,2023,kerja,overlap,"[""kerja"", ""indonesia"", ""tenaga""]"
368__3,368,3,reddit,2023,pelan,rb,"[""pelan"", ""geser"", ""expert"", ""kepala""]"
369__0,369,0,reddit,2023,indonesia,overlap,"[""indonesia""]"
369__1,369,1,reddit,2023,uap,overlap,"[""uap"", ""air""]"
369__2,369,2,reddit,2023,nuklir,overlap,"[""nuklir"", ""radiasi""]"
369__3,369,3,reddit,2023,genetik,overlap,"[""genetik""]"
370__0,370,0,reddit,2023,indonesia,overlap,"[""indonesia""]"
370__1,370,1,reddit,2023,,empty,[]
370__2,370,2,reddit,2023,listrik,overlap,"[""listrik"", ""nuklir"", ""reaktor""]"
370__3,370,3,reddit,2023,indonesia,overlap,"[""indonesia""]"
371__0,371,0,reddit,2023,indonesia,overlap,"[""indonesia"", ""maintenance"", ""pltn""]"
371__1,371,1,reddit,2023,pltn,overlap,"[""pltn""]"
371__2,371,2,reddit,2023,kenyataan,overlap,"[""kenyataan""]"
372__0,372,0,reddit,2023,,empty,[]
372__1,372,1,reddit,2023,warga,overlap,"[""warga""]"
372__2,372,2,reddit,2023,batan,overlap,"[""batan""]"
372__3,372,3,reddit,2023,nuklir,overlap,"[""nuklir"", ""sumber""]"
373__0,373,0,reddit,2023,negara,overlap,"[""negara""]"
373__1,373,1,reddit,2023,ulang,overlap,"[""ulang""]"
374__0,374,0,reddit,2023,beda tujuan,rb,"[""beda tujuan""]"
374__1,374,1,reddit,2023,ev,rb,"[""ev"", ""ketergantungan minyak"", ""minyak bumi"", ""bumi"", ""ketergantungan""]"
374__2,374,2,reddit,2023,transportasi publik,rb,"[""transportasi publik"", ""publik"", ""kemacetan""]"
374__3,374,3,reddit,2023,listrik,overlap,"[""listrik"", ""pemerintah""]"
375__0,375,0,reddit,2023,luhut,rb,"[""luhut"", ""cuan industri"", ""industri nikel""]"
375__1,375,1,reddit,2023,kroni,overlap,"[""kroni"", ""ev""]"
375__2,375,2,reddit,2023,indonesia,overlap,"[""indonesia""]"
376__0,376,0,reddit,2023,minyak,overlap,"[""minyak""]"
376__1,376,1,reddit,2023,minyak,overlap,"[""minyak"", ""indonesia"", ""perusahaan"", ""batubara""]"
377__0,377,0,reddit,2023,negara,overlap,"[""negara""]"
377__1,377,1,reddit,2023,everyman,overlap,"[""everyman""]"
378__0,378,0,reddit,2023,rhymes,overlap,"[""rhymes"", ""industry""]"
379__0,379,0,reddit,2023,pilihan,overlap,"[""pilihan""]"
379__1,379,1,reddit,2023,jepang,overlap,"[""jepang""]"
380__0,380,0,reddit,2023,transportasi public,rb,"[""transportasi public"", ""public"", ""singapore"", ""kantor"", ""jam""]"
380__1,380,1,reddit,2023,jakarta,overlap,"[""jakarta""]"
380__2,380,2,reddit,2023,akses,rb,"[""akses"", ""point"", ""ojek""]"
381__0,381,0,reddit,2023,pemerintah,overlap,"[""pemerintah""]"
381__1,381,1,reddit,2023,masyarakat,overlap,"[""masyarakat""]"
382__0,382,0,reddit,2023,mobil,overlap,"[""mobil"", ""jakarta""]"
382__1,382,1,reddit,2023,transport,overlap,"[""transport"", ""space"", ""public""]"
382__2,382,2,reddit,2023,weekend,rb,"[""weekend"", ""krl busway"", ""busway"", ""krl""]"
383__0,383,0,reddit,2023,nyaman2an,overlap,"[""nyaman2an""]"
383__1,383,1,reddit,2023,mobil,overlap,"[""mobil""]"
383__2,383,2,reddit,2023,jakarta,overlap,"[""jakarta""]"
383__3,383,3,reddit,2023,halte,overlap,"[""halte"", ""stasiun""]"
383__4,383,4,reddit,2023,jalur,rb,"[""jalur""]"
384__0,384,0,reddit,2023,sutikonto,overlap,"[""sutikonto"", ""budget"", ""mrt"", ""busway""]"
384__1,384,1,reddit,2023,moda,rb,"[""moda"", ""roda"", ""macet""]"
384__2,384,2,reddit,2023,halte,rb,"[""halte"", ""kanan"", ""kiri jalanan"", ""jalanan"", ""gaya""]"
384__3,384,3,reddit,2023,tanggung,overlap,"[""tanggung""]"
385__0,385,0,reddit,2023,always,overlap,"[""always""]"
386__0,386,0,reddit,2023,mobil,overlap,"[""mobil""]"
386__1,386,1,reddit,2023,mobil,overlap,"[""mobil""]"
386__2,386,2,reddit,2023,duit,overlap,"[""duit""]"
387__0,387,0,reddit,2023,uang,overlap,"[""uang""]"
388__0,388,0,reddit,2023,populasi,overlap,"[""populasi"", ""pusat""]"
389__0,389,0,reddit,2023,pulau,overlap,"[""pulau""]"
390__0,390,0,reddit,2023,indonesia,overlap,"[""indonesia""]"
390__1,390,1,reddit,2023,logic,rb,"[""logic""]"
391__0,391,0,reddit,2023,california,overlap,"[""california""]"
391__1,391,1,reddit,2023,winter heatwave,rb,"[""winter heatwave"", ""heatwave"", ""isi daya"", ""daya ev"", ""ev""]"
391__2,391,2,reddit,2023,mandate,overlap,"[""mandate"", ""ev""]"
391__3,391,3,reddit,2023,perlawanan,overlap,"[""perlawanan""]"
391__4,391,4,reddit,2023,cek,rb,"[""cek"", ""bill""]"
391__5,391,5,reddit,2023,baterai,overlap,"[""baterai""]"
392__0,392,0,reddit,2023,pltu,overlap,"[""pltu""]"
392__1,392,1,reddit,2023,cerobong,overlap,"[""cerobong"", ""mini"", ""kendaraan""]"
392__2,392,2,reddit,2023,pltu,overlap,"[""pltu"", ""efisiensi""]"
392__3,392,3,reddit,2023,listrik,overlap,"[""listrik"", ""geothermal"", ""nuklir"", ""batubara"", ""pltu""]"
393__0,393,0,reddit,2023,carboncapture,overlap,"[""carboncapture""]"
393__1,393,1,reddit,2023,rencana,overlap,"[""rencana""]"
393__2,393,2,reddit,2023,,empty,[]
393__3,393,3,reddit,2023,surya,overlap,"[""surya""]"
394__0,394,0,reddit,2023,negara,overlap,"[""negara""]"
394__1,394,1,reddit,2023,contoh,overlap,"[""contoh""]"
394__2,394,2,reddit,2023,hydro,overlap,"[""hydro"", ""nuklir"", ""contoh""]"
394__3,394,3,reddit,2023,nuklir,overlap,"[""nuklir"", ""contoh"", ""gas""]"
394__4,394,4,reddit,2023,nuklir,overlap,"[""nuklir"", ""surya""]"
394__5,394,5,reddit,2023,indonesia,overlap,"[""indonesia""]"
395__0,395,0,reddit,2023,surya,overlap,"[""surya"", ""batubara"", ""green""]"
395__1,395,1,reddit,2023,nuklir,overlap,"[""nuklir""]"
395__2,395,2,reddit,2023,pltn,overlap,"[""pltn"", ""korupsi""]"
396__0,396,0,reddit,2023,korupsi mark,rb,"[""korupsi mark"", ""mark""]"
396__1,396,1,reddit,2023,iaea,overlap,"[""iaea""]"
397__0,397,0,reddit,2023,wind,rb,"[""wind"", ""surya""]"
397__1,397,1,reddit,2023,batubara,overlap,"[""batubara"", ""nuklir"", ""geothermal"", ""pltu""]"
398__0,398,0,reddit,2023,energi,overlap,"[""energi""]"
398__1,398,1,reddit,2023,stabil,rb,"[""stabil"", ""stabil masif""]"
399__0,399,0,reddit,2023,nuklir,overlap,"[""nuklir"", ""pltu"", ""biaya""]"
399__1,399,1,reddit,2023,dihitung,rb,"[""dihitung"", ""long term"", ""term operation""]"
400__0,400,0,reddit,2023,geothermal,overlap,"[""geothermal"", ""nuklir"", ""pembangunan""]"
400__1,400,1,reddit,2023,baterai,overlap,"[""baterai"", ""fuel""]"
400__2,400,2,reddit,2023,bev,rb,"[""bev""]"
401__0,401,0,reddit,2023,baterai,overlap,"[""baterai""]"
402__0,402,0,reddit,2023,tv,overlap,"[""tv"", ""pengemudi"", ""kecelakaan"", ""metro""]"
402__1,402,1,reddit,2023,scbd,overlap,"[""scbd"", ""senopati""]"
403__0,403,0,reddit,2023,nuklir,overlap,"[""nuklir""]"
404__0,404,0,reddit,2023,nuklir,overlap,"[""nuklir""]"
406__0,406,0,reddit,2023,maybe,overlap,"[""maybe"", ""kepresidenan"", ""state"", ""periode""]"
406__1,406,1,reddit,2023,fuel,overlap,"[""fuel""]"
407__0,407,0,reddit,2023,fuel,overlap,"[""fuel"", ""jepang""]"
407__1,407,1,reddit,2023,negara,overlap,"[""negara"", ""jepang""]"
407__2,407,2,reddit,2023,tesla,overlap,"[""tesla"", ""ev"", ""produsen""]"
408__0,408,0,reddit,2023,fuel,overlap,"[""fuel""]"
408__1,408,1,reddit,2023,energi,overlap,"[""energi""]"
408__2,408,2,reddit,2023,hydrogen,rb,"[""hydrogen"", ""fuel"", ""cell""]"
408__3,408,3,reddit,2023,baterai,overlap,"[""baterai"", ""daya""]"
408__4,408,4,reddit,2023,thus,rb,"[""thus"", ""fuel"", ""cell"", ""bus""]"
408__5,408,5,reddit,2023,batubara,overlap,"[""batubara""]"
408__6,408,6,reddit,2023,energi,overlap,"[""energi""]"
409__0,409,0,reddit,2023,jepang,overlap,"[""jepang"", ""listrik"", ""fuel"", ""negeri"", ""hasil""]"
410__0,410,0,reddit,2023,think,overlap,"[""think"", ""bit"", ""incorrect""]"
410__1,410,1,reddit,2023,could,overlap,"[""could"", ""see"", ""want"", ""pursue"", ""electricity""]"
410__2,410,2,reddit,2023,jepang,overlap,"[""jepang""]"
410__3,410,3,reddit,2023,indonesia,overlap,"[""indonesia""]"
410__4,410,4,reddit,2023,jepang,overlap,"[""jepang"", ""energi""]"
410__5,410,5,reddit,2023,jam,overlap,"[""jam""]"
410__6,410,6,reddit,2023,kwh,overlap,"[""kwh"", ""gwh""]"
410__7,410,7,reddit,2023,total,overlap,"[""total"", ""electricity"", ""capacity""]"
410__8,410,8,reddit,2023,cost,overlap,"[""cost""]"
410__9,410,9,reddit,2023,production,overlap,"[""production"", ""money""]"
410__10,410,10,reddit,2023,since,rb,"[""since"", ""need"", ""import"", ""stuff"", ""electricity""]"
410__11,410,11,reddit,2023,guess,rb,"[""guess"", ""since"", ""already"", ""import"", ""stuff""]"
410__12,410,12,reddit,2023,fuel,overlap,"[""fuel""]"
410__13,410,13,reddit,2023,indonesia,overlap,"[""indonesia""]"
411__0,411,0,reddit,2023,perang,rb,"[""perang"", ""ukraine"", ""russia"", ""tokyo"", ""pemadaman""]"
411__1,411,1,reddit,2023,impor,overlap,"[""impor"", ""fuel"", ""eropa"", ""negara""]"
412__0,412,0,reddit,2023,lapangan,overlap,"[""lapangan""]"
412__1,412,1,reddit,2023,pltn,overlap,"[""pltn""]"
412__2,412,2,reddit,2023,ancaman mati lampu,rb,"[""ancaman mati lampu"", ""lampu url"", ""url url"", ""url"", ""ancaman""]"
413__0,413,0,reddit,2023,generate,rb,"[""generate"", ""electricity"", ""bahan bakar"", ""bakar"", ""bahan""]"
413__1,413,1,reddit,2023,rumah,overlap,"[""rumah"", ""kwh"", ""surya""]"
413__2,413,2,reddit,2023,energi,overlap,"[""energi"", ""jepang""]"
414__0,414,0,reddit,2023,listrik,overlap,"[""listrik"", ""produksi""]"
415__0,415,0,reddit,2023,eropa,overlap,"[""eropa"", ""amerika"", ""fuel""]"
415__1,415,1,reddit,2023,lini bev,rb,"[""lini bev"", ""bev""]"
415__2,415,2,reddit,2023,marketnya,rb,"[""marketnya""]"
416__0,416,0,kaskus,2017-08-31 21:27:38,negara,overlap,"[""negara""]"
416__1,416,1,kaskus,2017-08-31 21:27:38,tulisan,overlap,"[""tulisan""]"
416__2,416,2,kaskus,2017-08-31 21:27:38,url,overlap,"[""url"", ""kasih""]"
417__0,417,0,kaskus,2017-08-31 19:19:42,bacaan,overlap,"[""bacaan""]"
417__1,417,1,kaskus,2017-08-31 19:19:42,web,rb,"[""web""]"
417__2,417,2,kaskus,2017-08-31 19:19:42,bloomberg,overlap,"[""bloomberg"", ""img""]"
418__0,418,0,kaskus,2017-08-30 22:03:47,,empty,[]
418__1,418,1,kaskus,2017-08-30 22:03:47,cuaca,rb,"[""cuaca"", ""hujan berhari"", ""berhari"", ""elus dada"", ""dada""]"
419__0,419,0,kaskus,2017-08-30 16:48:50,kasih,overlap,"[""kasih""]"
419__1,419,1,kaskus,2017-08-30 16:48:50,energi,overlap,"[""energi""]"
419__2,419,2,kaskus,2017-08-30 16:48:50,surya,overlap,"[""surya"", ""angin"", ""energi""]"
419__3,419,3,kaskus,2017-08-30 16:48:50,informasi,rb,"[""informasi"", ""bioenergi"", ""bumi""]"
419__4,419,4,kaskus,2017-08-30 16:48:50,kerja,overlap,"[""kerja"", ""negara"", ""listrik"", ""bumi"", ""energi""]"
419__5,419,5,kaskus,2017-08-30 16:48:50,subsektor,overlap,"[""subsektor""]"
419__6,419,6,kaskus,2017-08-30 16:48:50,ebt,overlap,"[""ebt""]"
419__7,419,7,kaskus,2017-08-30 16:48:50,simbol,rb,"[""simbol"", ""lomba lari"", ""lari"", ""rekan-rekan"", ""koleksi""]"
419__8,419,8,kaskus,2017-08-30 16:48:50,energi,overlap,"[""energi"", ""indonesia"", ""ebt""]"
419__9,419,9,kaskus,2017-08-30 16:48:50,energi,overlap,"[""energi""]"
419__10,419,10,kaskus,2017-08-30 16:48:50,energi,overlap,"[""energi"", ""negeri"", ""sumber"", ""efisiensi""]"
419__11,419,11,kaskus,2017-08-30 16:48:50,energi,overlap,"[""energi"", ""produksi""]"
419__12,419,12,kaskus,2017-08-30 16:48:50,pemerintah,overlap,"[""pemerintah"", ""daerah"", ""energi""]"
419__13,419,13,kaskus,2017-08-30 16:48:50,energi,overlap,"[""energi""]"
419__14,419,14,kaskus,2017-08-30 16:48:50,energi,overlap,"[""energi""]"
419__15,419,15,kaskus,2017-08-30 16:48:50,listrik,overlap,"[""listrik"", ""energi""]"
419__16,419,16,kaskus,2017-08-30 16:48:50,sosialisasi budaya,rb,"[""sosialisasi budaya"", ""budaya hemat energi"", ""energi e"", ""e""]"
419__17,419,17,kaskus,2017-08-30 16:48:50,energi,overlap,"[""energi""]"
419__18,419,18,kaskus,2017-08-30 16:48:50,kota,overlap,"[""kota""]"
419__19,419,19,kaskus,2017-08-30 16:48:50,penerapan jalan,rb,"[""penerapan jalan"", ""jalan berbayar"", ""berbayar"", ""electronic road"", ""road pricing""]"
419__20,419,20,kaskus,2017-08-30 16:48:50,efisiensi,overlap,"[""efisiensi""]"
419__21,419,21,kaskus,2017-08-30 16:48:50,rakyat,overlap,"[""rakyat"", ""energi""]"
419__22,419,22,kaskus,2017-08-30 16:48:50,url,overlap,"[""url""]"
420__0,420,0,kaskus,2017-08-30 03:33:07,energi,overlap,"[""energi""]"
420__1,420,1,kaskus,2017-08-30 03:33:07,blog,rb,"[""blog""]"
420__2,420,2,kaskus,2017-08-30 03:33:07,kasih,overlap,"[""kasih"", ""tulisan""]"
420__3,420,3,kaskus,2017-08-30 03:33:07,link,overlap,"[""link"", ""kasih""]"
420__4,420,4,kaskus,2017-08-30 03:33:07,link,overlap,"[""link""]"
420__5,420,5,kaskus,2017-08-30 03:33:07,pencet,rb,"[""pencet""]"
421__0,421,0,kaskus,2017-08-29 17:57:10,url,overlap,"[""url""]"
422__0,422,0,kaskus,2017-08-29 08:57:28,negara,overlap,"[""negara""]"
422__1,422,1,kaskus,2017-08-29 08:57:28,rakyat,overlap,"[""rakyat""]"
422__2,422,2,kaskus,2017-08-29 08:57:28,negara,overlap,"[""negara""]"
422__3,422,3,kaskus,2017-08-29 08:57:28,pejabat,overlap,"[""pejabat""]"
423__0,423,0,kaskus,2017-08-29 04:46:22,sensi,overlap,"[""sensi"", ""yth""]"
423__1,423,1,kaskus,2017-08-29 04:46:22,anggota,overlap,"[""anggota"", ""dpr""]"
423__2,423,2,kaskus,2017-08-29 04:46:22,majuo,overlap,"[""majuo""]"
423__3,423,3,kaskus,2017-08-29 04:46:22,doa,rb,"[""doa""]"
424__0,424,0,kaskus,2017-08-29 04:32:40,,empty,[]
424__1,424,1,kaskus,2017-08-29 04:32:40,,empty,[]
424__2,424,2,kaskus,2017-08-29 04:32:40,judul,rb,"[""judul"", ""fenomena disruption"", ""disruption"", ""sektor energi"", ""energi terbarukan""]"
424__3,424,3,kaskus,2017-08-29 04:32:40,kompasiana,overlap,"[""kompasiana""]"
424__4,424,4,kaskus,2017-08-29 04:32:40,prof,overlap,"[""prof""]"
424__5,424,5,kaskus,2017-08-29 04:32:40,rhenald,overlap,"[""rhenald"", ""prof""]"
424__6,424,6,kaskus,2017-08-29 04:32:40,rhenald,overlap,"[""rhenald"", ""uber""]"
425__0,425,0,kaskus,2017-08-29 01:26:45,nuklir,overlap,"[""nuklir"", ""thorium"", ""uranium""]"
425__1,425,1,kaskus,2017-08-29 01:26:45,nuklir,overlap,"[""nuklir""]"
426__0,426,0,kaskus,2017-08-29 01:23:11,,empty,[]
426__1,426,1,kaskus,2017-08-29 01:23:11,wawasan,rb,"[""wawasan"", ""multitafsir""]"
426__2,426,2,kaskus,2017-08-29 01:23:11,listrik kedongdong,rb,"[""listrik kedongdong"", ""kedongdong fakta"", ""fakta"", ""liputan url"", ""url sorry""]"
426__3,426,3,kaskus,2017-08-29 01:23:11,bocah,rb,"[""bocah"", ""usia""]"
426__4,426,4,kaskus,2017-08-29 01:23:11,pertamina,rb,"[""pertamina"", ""sewa media"", ""media"", ""mem-blow-up""]"
426__5,426,5,kaskus,2017-08-29 01:23:11,video,rb,"[""video"", ""lapangan""]"
426__6,426,6,kaskus,2017-08-29 01:23:11,smp,rb,"[""smp"", ""listrik"", ""larutan elektrolit""]"
426__7,426,7,kaskus,2017-08-29 01:23:11,pltu biomassa,rb,"[""pltu biomassa"", ""biomassa"", ""kayu"", ""proven"", ""pltu""]"
426__8,426,8,kaskus,2017-08-29 01:23:11,pltu biomassa,rb,"[""pltu biomassa"", ""biomassa"", ""kayu"", ""indonesia""]"
426__9,426,9,kaskus,2017-08-29 01:23:11,campuran,rb,"[""campuran"", ""pelet kayu"", ""kayu"", ""sosis kayu"", ""pelet""]"
426__10,426,10,kaskus,2017-08-29 01:23:11,abah,rb,"[""abah"", ""fokus"", ""pohon kaliandra"", ""kaliandra"", ""daerah""]"
426__11,426,11,kaskus,2017-08-29 01:23:11,akibat kenak,rb,"[""akibat kenak"", ""kenak"", ""kriminalisasi"", ""stop"", ""kabar""]"
426__12,426,12,kaskus,2017-08-29 01:23:11,pembuatan,rb,"[""pembuatan"", ""pembuatan pelet"", ""pelet kayu"", ""kayu"", ""baku utama""]"
426__13,426,13,kaskus,2017-08-29 01:23:11,kriminalisasi,unsup,"[""kriminalisasi"", ""akibat"", ""stop"", ""kenak""]"
426__14,426,14,kaskus,2017-08-29 01:23:11,,empty,[]
426__15,426,15,kaskus,2017-08-29 01:23:11,,empty,[]
427__0,427,0,kaskus,2017-08-28 21:51:07,,empty,[]
427__1,427,1,kaskus,2017-08-28 21:51:07,pltu,overlap,"[""pltu""]"
427__2,427,2,kaskus,2017-08-28 21:51:07,lamtoro,overlap,"[""lamtoro"", ""akasia"", ""mahoni""]"
428__0,428,0,kaskus,2017-08-28 19:17:13,listrik,overlap,"[""listrik"", ""nuklir"", ""pltn""]"
429__0,429,0,kaskus,2017-08-28 17:28:11,nuklir,overlap,"[""nuklir""]"
430__0,430,0,kaskus,2017-08-28 13:59:19,ebt,overlap,"[""ebt"", ""indonesia""]"
431__0,431,0,kaskus,2017-08-28 10:30:19,nuklir,overlap,"[""nuklir""]"
432__0,432,0,kaskus,2017-08-28 10:11:44,mindset,overlap,"[""mindset""]"
432__1,432,1,kaskus,2017-08-28 10:11:44,pemerintah,overlap,"[""pemerintah""]"
432__2,432,2,kaskus,2017-08-28 10:11:44,pemerintah,overlap,"[""pemerintah""]"
432__3,432,3,kaskus,2017-08-28 10:11:44,oknum koruptor,rb,"[""oknum koruptor"", ""koruptor""]"
432__4,432,4,kaskus,2017-08-28 10:11:44,investasi,overlap,"[""investasi""]"
432__5,432,5,kaskus,2017-08-28 10:11:44,biaya,overlap,"[""biaya""]"
432__6,432,6,kaskus,2017-08-28 10:11:44,mobil,overlap,"[""mobil"", ""hybrid""]"
432__7,432,7,kaskus,2017-08-28 10:11:44,negara,overlap,"[""negara"", ""listrik""]"
432__8,432,8,kaskus,2017-08-28 10:11:44,,empty,[]
432__9,432,9,kaskus,2017-08-28 10:11:44,dahlan,overlap,"[""dahlan"", ""iskan""]"
432__10,432,10,kaskus,2017-08-28 10:11:44,korupsi,overlap,"[""korupsi""]"
432__11,432,11,kaskus,2017-08-28 10:11:44,undang2,rb,"[""undang2""]"
433__0,433,0,kaskus,2017-08-28 08:57:59,negeri,overlap,"[""negeri""]"
434__0,434,0,kaskus,2017-08-28 05:59:14,geothermal,overlap,"[""geothermal""]"
434__1,434,1,kaskus,2017-08-28 05:59:14,lapangan,overlap,"[""lapangan""]"
434__2,434,2,kaskus,2017-08-28 05:59:14,milyaran,overlap,"[""milyaran"", ""zonk"", ""eksplorasi""]"
434__3,434,3,kaskus,2017-08-28 05:59:14,plta,overlap,"[""plta"", ""lingkungan""]"
434__4,434,4,kaskus,2017-08-28 05:59:14,lahan,overlap,"[""lahan""]"
434__5,434,5,kaskus,2017-08-28 05:59:14,plta,overlap,"[""plta""]"
434__6,434,6,kaskus,2017-08-28 05:59:14,plta,overlap,"[""plta""]"
434__7,434,7,kaskus,2017-08-28 05:59:14,nuklir,overlap,"[""nuklir""]"
435__0,435,0,kaskus,2017-08-28 05:53:42,uranium,overlap,"[""uranium"", ""sdm"", ""produksi""]"
436__0,436,0,kaskus,2017-08-28 05:33:36,plts,overlap,"[""plts"", ""angin"", ""baterai"", ""teknologi""]"
436__1,436,1,kaskus,2017-08-28 05:33:36,nuklir,overlap,"[""nuklir""]"
436__2,436,2,kaskus,2017-08-28 05:33:36,aman,rb,"[""aman""]"
437__0,437,0,kaskus,2017-08-28 00:04:25,ebt,overlap,"[""ebt"", ""energi""]"
437__1,437,1,kaskus,2017-08-28 00:04:25,indonesia,overlap,"[""indonesia"", ""nuklir""]"
437__2,437,2,kaskus,2017-08-28 00:04:25,nuklir,overlap,"[""nuklir"", ""energi"", ""negara""]"
437__3,437,3,kaskus,2017-08-28 00:04:25,ruen,overlap,"[""ruen"", ""rde""]"
437__4,437,4,kaskus,2017-08-28 00:04:25,negara,overlap,"[""negara"", ""pltn""]"
437__5,437,5,kaskus,2017-08-28 00:04:25,geothermal,overlap,"[""geothermal"", ""indonesia"", ""lahan"", ""gunung""]"
437__6,437,6,kaskus,2017-08-28 00:04:25,indonesia,overlap,"[""indonesia"", ""batubara""]"
437__7,437,7,kaskus,2017-08-28 00:04:25,susah,rb,"[""susah"", ""move""]"
437__8,437,8,kaskus,2017-08-28 00:04:25,move nyaman,rb,"[""move nyaman""]"
437__9,437,9,kaskus,2017-08-28 00:04:25,energi,overlap,"[""energi"", ""pemerintah""]"
437__10,437,10,kaskus,2017-08-28 00:04:25,,empty,[]
438__0,438,0,kaskus,2017-08-27 23:45:53,sdm,overlap,"[""sdm""]"
438__1,438,1,kaskus,2017-08-27 23:45:53,secuil dpr,rb,"[""secuil dpr"", ""dpr"", ""secuil""]"
438__2,438,2,kaskus,2017-08-27 23:45:53,pemimpin,rb,"[""pemimpin"", ""terobosan"", ""momentum periode"", ""periode""]"
439__0,439,0,kaskus,2017-08-27 23:32:11,nuklir,overlap,"[""nuklir"", ""energi""]"
439__1,439,1,kaskus,2017-08-27 23:32:11,ebt,overlap,"[""ebt"", ""energi"", ""sektor""]"
439__2,439,2,kaskus,2017-08-27 23:32:11,energi,overlap,"[""energi"", ""sektor""]"
439__3,439,3,kaskus,2017-08-27 23:32:11,ebt,overlap,"[""ebt""]"
440__0,440,0,kaskus,2017-08-27 23:28:04,energi,overlap,"[""energi""]"
441__0,441,0,kaskus,2017-08-27 22:52:55,sekilo,overlap,"[""sekilo"", ""xxixixixi""]"
442__0,442,0,kaskus,2017-08-27 21:43:00,ebt,overlap,"[""ebt""]"
442__1,442,1,kaskus,2017-08-27 21:43:00,konversi,overlap,"[""konversi""]"
442__2,442,2,kaskus,2017-08-27 21:43:00,keatas,rb,"[""keatas"", ""mobil listrik"", ""listrik"", ""omong kosong"", ""kosong""]"
442__3,442,3,kaskus,2017-08-27 21:43:00,batubara,overlap,"[""batubara"", ""listrik""]"
443__0,443,0,kaskus,2017-08-27 21:34:06,surya,overlap,"[""surya"", ""eropa"", ""jerman"", ""negara"", ""proses""]"
443__1,443,1,kaskus,2017-08-27 21:34:06,pemerintah,overlap,"[""pemerintah""]"
443__2,443,2,kaskus,2017-08-27 21:34:06,energi,overlap,"[""energi"", ""daerah""]"
443__3,443,3,kaskus,2017-08-27 21:34:06,pemprov,rb,"[""pemprov"", ""pemprov ikhlas"", ""udang"", ""bakwan""]"
444__0,444,0,kaskus,2017-08-27 21:32:28,nuklir,overlap,"[""nuklir""]"
445__0,445,0,kaskus,2017-08-27 21:19:56,plts,overlap,"[""plts""]"
445__1,445,1,kaskus,2017-08-27 21:19:56,outputnya,rb,"[""outputnya"", ""jaringan listrik"", ""listrik"", ""jaringan""]"
445__2,445,2,kaskus,2017-08-27 21:19:56,plts,overlap,"[""plts"", ""jawa""]"
445__3,445,3,kaskus,2017-08-27 21:19:56,angin,overlap,"[""angin"", ""geothermal""]"
445__4,445,4,kaskus,2017-08-27 21:19:56,,empty,[]
446__0,446,0,kaskus,2017-08-27 21:19:42,braaay,overlap,"[""braaay"", ""alat""]"
447__0,447,0,kaskus,2017-08-27 21:18:55,halaaah,overlap,"[""halaaah"", ""zaman""]"
447__1,447,1,kaskus,2017-08-27 21:18:55,pembangkit,overlap,"[""pembangkit""]"
448__0,448,0,kaskus,2017-08-27 21:11:25,mindset,overlap,"[""mindset""]"
448__1,448,1,kaskus,2017-08-27 21:11:25,indonesia,overlap,"[""indonesia""]"
448__2,448,2,kaskus,2017-08-27 21:11:25,indonesia,overlap,"[""indonesia""]"
449__0,449,0,kaskus,2017-08-27 20:39:44,pemerintah,overlap,"[""pemerintah"", ""dampak""]"
449__1,449,1,kaskus,2017-08-27 20:39:44,dampak,overlap,"[""dampak""]"
449__2,449,2,kaskus,2017-08-27 20:39:44,cucu,overlap,"[""cucu"", ""tindakan""]"
450__0,450,0,kaskus,2017-08-27 20:33:18,nuklir,overlap,"[""nuklir"", ""listrik"", ""teknologi""]"
451__0,451,0,kaskus,2017-08-27 20:30:12,,empty,[]
451__1,451,1,kaskus,2017-08-27 20:30:12,kepentingan,overlap,"[""kepentingan""]"
451__2,451,2,kaskus,2017-08-27 20:30:12,batubara,overlap,"[""batubara""]"
451__3,451,3,kaskus,2017-08-27 20:30:12,,empty,[]
452__0,452,0,kaskus,2017-08-27 20:25:40,kembang teknologi,rb,"[""kembang teknologi"", ""teknologi""]"
452__1,452,1,kaskus,2017-08-27 20:25:40,negara,overlap,"[""negara""]"
452__2,452,2,kaskus,2017-08-27 20:25:40,indonesia,overlap,"[""indonesia"", ""proses"", ""politik"", ""nuklir"", ""geothermal""]"
452__3,452,3,kaskus,2017-08-27 20:25:40,nuklir,overlap,"[""nuklir"", ""geothermal"", ""panel""]"
452__4,452,4,kaskus,2017-08-27 20:25:40,energi,overlap,"[""energi"", ""negara""]"
453__0,453,0,kaskus,2017-08-27 20:22:47,listrik,overlap,"[""listrik"", ""energi""]"
454__0,454,0,kaskus,2017-08-27 20:08:10,jerman,overlap,"[""jerman"", ""url""]"
455__0,455,0,kaskus,2017-08-26 20:41:29,plts,overlap,"[""plts""]"
455__1,455,1,kaskus,2017-08-26 20:41:29,minyak,overlap,"[""minyak"", ""url"", ""cadangan""]"
456__0,456,0,kaskus,2017-08-25 19:07:38,15hariceritaenergi,rb,"[""15hariceritaenergi"", ""energi terbarukan"", ""malaysia"", ""energi""]"
456__1,456,1,kaskus,2017-08-25 19:07:38,url,overlap,"[""url""]"
457__0,457,0,kaskus,2017-08-24 17:25:12,plts,overlap,"[""plts"", ""url"", ""listrik""]"
458__0,458,0,kaskus,2017-08-23 20:33:26,blog,rb,"[""blog""]"
458__1,458,1,kaskus,2017-08-23 20:33:26,belajarnar uya,rb,"[""belajarnar uya"", ""uya""]"
458__2,458,2,kaskus,2017-08-23 20:33:26,energi,overlap,"[""energi"", ""cerita""]"
458__3,458,3,kaskus,2017-08-23 20:33:26,ide,rb,"[""ide""]"
458__4,458,4,kaskus,2017-08-23 20:33:26,kasih,overlap,"[""kasih"", ""url""]"
459__0,459,0,kaskus,2017-08-23 20:28:46,energi,overlap,"[""energi"", ""lingkungan"", ""jerman""]"
459__1,459,1,kaskus,2017-08-23 20:28:46,intensitas karbon,rb,"[""intensitas karbon"", ""karbon""]"
459__2,459,2,kaskus,2017-08-23 20:28:46,multifaktor,overlap,"[""multifaktor""]"
459__3,459,3,kaskus,2017-08-23 20:28:46,sumber,overlap,"[""sumber""]"
459__4,459,4,kaskus,2017-08-23 20:28:46,jerman,overlap,"[""jerman""]"
459__5,459,5,kaskus,2017-08-23 20:28:46,ebt,overlap,"[""ebt""]"
459__6,459,6,kaskus,2017-08-23 20:28:46,ebt,overlap,"[""ebt""]"
459__7,459,7,kaskus,2017-08-23 20:28:46,url,overlap,"[""url""]"
460__0,460,0,kaskus,2017-08-23 00:36:51,,empty,[]
460__1,460,1,kaskus,2017-08-23 00:36:51,target,overlap,"[""target""]"
460__2,460,2,kaskus,2017-08-23 00:36:51,energi,overlap,"[""energi"", ""nuklir"", ""batubara""]"
460__3,460,3,kaskus,2017-08-23 00:36:51,thorium,overlap,"[""thorium"", ""indonesia""]"
460__4,460,4,kaskus,2017-08-23 00:36:51,ebt,overlap,"[""ebt"", ""target""]"
460__5,460,5,kaskus,2017-08-23 00:36:51,warga,overlap,"[""warga""]"
460__6,460,6,kaskus,2017-08-23 00:36:51,,empty,[]
460__7,460,7,kaskus,2017-08-23 00:36:51,cerita,overlap,"[""cerita""]"
460__8,460,8,kaskus,2017-08-23 00:36:51,tulisan ke-lima,rb,"[""tulisan ke-lima""]"
460__9,460,9,kaskus,2017-08-23 00:36:51,kertas,rb,"[""kertas"", ""lapangan cuman"", ""cuman pltu"", ""pltu biomass"", ""biomass""]"
460__10,460,10,kaskus,2017-08-23 00:36:51,diskusi,overlap,"[""diskusi"", ""kaskus""]"
460__11,460,11,kaskus,2017-08-23 00:36:51,tabik,overlap,"[""tabik""]"
461__0,461,0,kaskus,2017-08-22 23:15:07,teknologi,overlap,"[""teknologi""]"
461__1,461,1,kaskus,2017-08-22 23:15:07,energi,overlap,"[""energi"", ""listrik"", ""indonesia""]"
461__2,461,2,kaskus,2017-08-22 23:15:07,sepotong,unsup,"[""sepotong""]"
461__3,461,3,kaskus,2017-08-22 23:15:07,,empty,[]
461__4,461,4,kaskus,2017-08-22 23:15:07,listrik,overlap,"[""listrik"", ""indonesia""]"
461__5,461,5,kaskus,2017-08-22 23:15:07,listrik,overlap,"[""listrik""]"
461__6,461,6,kaskus,2017-08-22 23:15:07,energi total,rb,"[""energi total""]"
461__7,461,7,kaskus,2017-08-22 23:15:07,geothermal,overlap,"[""geothermal"", ""indonesia""]"
461__8,461,8,kaskus,2017-08-22 23:15:07,potensi,overlap,"[""potensi""]"
461__9,461,9,kaskus,2017-08-22 23:15:07,plts,overlap,"[""plts""]"
461__10,461,10,kaskus,2017-08-22 23:15:07,harga sistem,rb,"[""harga sistem"", ""sistem pltb"", ""pltb""]"
461__11,461,11,kaskus,2017-08-22 23:15:07,harga,overlap,"[""harga"", ""plts""]"
461__12,461,12,kaskus,2017-08-22 23:15:07,sistem,overlap,"[""sistem"", ""baterai""]"
461__13,461,13,kaskus,2017-08-22 23:15:07,baterai,overlap,"[""baterai""]"
461__14,461,14,kaskus,2017-08-22 23:15:07,watt sistem,rb,"[""watt sistem"", ""sistem""]"
461__15,461,15,kaskus,2017-08-22 23:15:07,ebt,overlap,"[""ebt""]"
461__16,461,16,kaskus,2017-08-22 23:15:07,energi,overlap,"[""energi""]"
461__17,461,17,kaskus,2017-08-22 23:15:07,teknologi,overlap,"[""teknologi""]"
461__18,461,18,kaskus,2017-08-22 23:15:07,huruf b-nya,rb,"[""huruf b-nya"", ""b-nya""]"
461__19,461,19,kaskus,2017-08-22 23:15:07,energi,overlap,"[""energi""]"
461__20,461,20,kaskus,2017-08-22 23:15:07,artikel,overlap,"[""artikel"", ""ebt"", ""kebutuhan""]"
461__21,461,21,kaskus,2017-08-22 23:15:07,energi,overlap,"[""energi""]"
461__22,461,22,kaskus,2017-08-22 23:15:07,semingguan,overlap,"[""semingguan"", ""lomba""]"
461__23,461,23,kaskus,2017-08-22 23:15:07,artikel,overlap,"[""artikel"", ""energi""]"
461__24,461,24,kaskus,2017-08-22 23:15:07,rde,rb,"[""rde""]"
461__25,461,25,kaskus,2017-08-22 23:15:07,ebt,overlap,"[""ebt""]"
461__26,461,26,kaskus,2017-08-22 23:15:07,negara,overlap,"[""negara"", ""energi""]"
461__27,461,27,kaskus,2017-08-22 23:15:07,ebt,overlap,"[""ebt""]"
462__0,462,0,kaskus,2017-08-22 22:15:30,jerman,overlap,"[""jerman""]"
462__1,462,1,kaskus,2017-08-22 22:15:30,energi terbarukan,rb,"[""energi terbarukan"", ""pahala"", ""energi""]"
462__2,462,2,kaskus,2017-08-22 22:15:30,karbon,overlap,"[""karbon"", ""listrik"", ""jerman"", ""kwh""]"
462__3,462,3,kaskus,2017-08-22 22:15:30,fosil,overlap,"[""fosil"", ""energi""]"
462__4,462,4,kaskus,2017-08-22 22:15:30,jerman sukses,rb,"[""jerman sukses""]"
463__0,463,0,kaskus,2017-08-22 16:57:20,tesis,overlap,"[""tesis"", ""piss""]"
463__1,463,1,kaskus,2017-08-22 16:57:20,url,overlap,"[""url""]"
463__2,463,2,kaskus,2017-08-22 16:57:20,url,overlap,"[""url"", ""kasih""]"
464__0,464,0,kaskus,2017-08-22 07:09:19,mijon bekas,rb,"[""mijon bekas""]"
464__1,464,1,kaskus,2017-08-22 07:09:19,pln,overlap,"[""pln""]"
464__2,464,2,kaskus,2017-08-22 07:09:19,pusing,overlap,"[""pusing""]"
464__3,464,3,kaskus,2017-08-22 07:09:19,tariff,overlap,"[""tariff""]"
464__4,464,4,kaskus,2017-08-22 07:09:19,listrik,overlap,"[""listrik"", ""pln""]"
464__5,464,5,kaskus,2017-08-22 07:09:19,pln,overlap,"[""pln""]"
464__6,464,6,kaskus,2017-08-22 07:09:19,warga,overlap,"[""warga""]"
464__7,464,7,kaskus,2017-08-22 07:09:19,koreksi,overlap,"[""koreksi""]"
465__0,465,0,kaskus,2017-08-22 06:53:44,gas,overlap,"[""gas""]"
465__1,465,1,kaskus,2017-08-22 06:53:44,pltb model,rb,"[""pltb model"", ""model tidal"", ""tidal"", ""faktor diameter"", ""diameter""]"
465__2,465,2,kaskus,2017-08-22 06:53:44,energi,overlap,"[""energi""]"
465__3,465,3,kaskus,2017-08-22 06:53:44,diameter,overlap,"[""diameter"", ""meter""]"
465__4,465,4,kaskus,2017-08-22 06:53:44,energi,overlap,"[""energi""]"
465__5,465,5,kaskus,2017-08-22 06:53:44,elektro,rb,"[""elektro"", ""mesin"", ""pekerja"", ""sektor energi"", ""energi terbarukan""]"
465__6,465,6,kaskus,2017-08-22 06:53:44,faktor kapasitas,rb,"[""faktor kapasitas"", ""kapasitas"", ""nilai"", ""faktor""]"
465__7,465,7,kaskus,2017-08-22 06:53:44,kam,overlap,"[""kam"", ""state""]"
466__0,466,0,kaskus,2017-08-22 02:05:06,,empty,[]
466__1,466,1,kaskus,2017-08-22 02:05:06,prasyarat wkp wilayah,rb,"[""prasyarat wkp wilayah"", ""wkp"", ""wilayah kerja"", ""kerja pertambangan"", ""pertambangan""]"
466__2,466,2,kaskus,2017-08-22 02:05:06,swasta,rb,"[""swasta"", ""wkp""]"
466__3,466,3,kaskus,2017-08-22 02:05:06,wkp,overlap,"[""wkp""]"
466__4,466,4,kaskus,2017-08-22 02:05:06,wkp,overlap,"[""wkp"", ""sulawesi"", ""nickel"", ""eksplorasi""]"
466__5,466,5,kaskus,2017-08-22 02:05:06,uang,overlap,"[""uang""]"
466__6,466,6,kaskus,2017-08-22 02:05:06,solusi,overlap,"[""solusi""]"
467__0,467,0,kaskus,2017-08-22 01:02:25,alasan,overlap,"[""alasan""]"
467__1,467,1,kaskus,2017-08-22 01:02:25,pln,overlap,"[""pln""]"
468__0,468,0,kaskus,2017-08-22 00:12:35,jerman,overlap,"[""jerman""]"
468__1,468,1,kaskus,2017-08-22 00:12:35,jerman,overlap,"[""jerman""]"
468__2,468,2,kaskus,2017-08-22 00:12:35,koreksi,overlap,"[""koreksi"", ""data""]"
469__0,469,0,kaskus,2017-08-22 00:03:17,investasi,overlap,"[""investasi""]"
469__1,469,1,kaskus,2017-08-22 00:03:17,perusahaan,overlap,"[""perusahaan"", ""geothermal"", ""listrik"", ""pln""]"
469__2,469,2,kaskus,2017-08-22 00:03:17,harga,overlap,"[""harga"", ""pln""]"
469__3,469,3,kaskus,2017-08-22 00:03:17,rugi,rb,"[""rugi""]"
470__0,470,0,kaskus,2017-08-21 23:29:12,geothermal,overlap,"[""geothermal""]"
470__1,470,1,kaskus,2017-08-21 23:29:12,ebt,overlap,"[""ebt"", ""negeri"", ""daerah"", ""gunung""]"
470__2,470,2,kaskus,2017-08-21 23:29:12,indonesia,overlap,"[""indonesia""]"
470__3,470,3,kaskus,2017-08-21 23:29:12,potensi geothermal seabreg,rb,"[""potensi geothermal seabreg"", ""geothermal"", ""seabreg""]"
470__4,470,4,kaskus,2017-08-21 23:29:12,solarcell,rb,"[""solarcell""]"
470__5,470,5,kaskus,2017-08-21 23:29:12,wind,overlap,"[""wind"", ""turbine""]"
470__6,470,6,kaskus,2017-08-21 23:29:12,geothermal,overlap,"[""geothermal""]"
471__0,471,0,kaskus,2017-08-21 19:12:36,kasih,overlap,"[""kasih""]"
471__1,471,1,kaskus,2017-08-21 19:12:36,url,overlap,"[""url""]"
472__0,472,0,kaskus,2017-08-21 15:45:49,setuju,rb,"[""setuju""]"
472__1,472,1,kaskus,2017-08-21 15:45:49,energi,overlap,"[""energi""]"
472__2,472,2,kaskus,2017-08-21 15:45:49,energi,overlap,"[""energi""]"
473__0,473,0,kaskus,2017-08-21 15:38:09,ebt,overlap,"[""ebt"", ""plta""]"
473__1,473,1,kaskus,2017-08-21 15:38:09,tenaga,overlap,"[""tenaga""]"
473__2,473,2,kaskus,2017-08-21 15:38:09,gaban,overlap,"[""gaban""]"
473__3,473,3,kaskus,2017-08-21 15:38:09,laut,overlap,"[""laut""]"
473__4,473,4,kaskus,2017-08-21 15:38:09,mobil,overlap,"[""mobil""]"
473__5,473,5,kaskus,2017-08-21 15:38:09,listrik,overlap,"[""listrik"", ""air""]"
473__6,473,6,kaskus,2017-08-21 15:38:09,plts,overlap,"[""plts"", ""angin"", ""laut"", ""listrik""]"
473__7,473,7,kaskus,2017-08-21 15:38:09,laut,overlap,"[""laut"", ""listrik"", ""hasil"", ""angin""]"
473__8,473,8,kaskus,2017-08-21 15:38:09,terpencil,rb,"[""terpencil"", ""asupan penggunaan"", ""penggunaan listrik"", ""listrik modern"", ""asupan""]"
474__0,474,0,kaskus,2017-08-21 14:35:52,geothermal,overlap,"[""geothermal"", ""surya"", ""angin"", ""air""]"
474__1,474,1,kaskus,2017-08-21 14:35:52,listrik,overlap,"[""listrik"", ""pembangkit""]"
474__2,474,2,kaskus,2017-08-21 14:35:52,bumi,overlap,"[""bumi""]"
474__3,474,3,kaskus,2017-08-21 14:35:52,surya,overlap,"[""surya"", ""energi"", ""listrik"", ""baterai"", ""pembangkit""]"
474__4,474,4,kaskus,2017-08-21 14:35:52,lithium,overlap,"[""lithium""]"
474__5,474,5,kaskus,2017-08-21 14:35:52,lithium,rb,"[""lithium"", ""pakai"", ""recycle""]"
474__6,474,6,kaskus,2017-08-21 14:35:52,surya,overlap,"[""surya"", ""angin"", ""energi""]"
474__7,474,7,kaskus,2017-08-21 14:35:52,baterai,overlap,"[""baterai"", ""pembangunan"", ""pembangkit""]"
474__8,474,8,kaskus,2017-08-21 14:35:52,geothermal,overlap,"[""geothermal"", ""indonesia"", ""cadangan""]"
474__9,474,9,kaskus,2017-08-21 14:35:52,indonesia,overlap,"[""indonesia"", ""pembangkit""]"
474__10,474,10,kaskus,2017-08-21 14:35:52,gunung,overlap,"[""gunung"", ""indonesia"", ""masyarakat""]"
475__0,475,0,kaskus,2017-08-20 15:55:30,jerman,overlap,"[""jerman""]"
475__1,475,1,kaskus,2017-08-20 15:55:30,batubara lignite,rb,"[""batubara lignite"", ""lignite"", ""backup"", ""so-called energi"", ""energi""]"
475__2,475,2,kaskus,2017-08-20 15:55:30,eropa,overlap,"[""eropa"", ""listrik"", ""jerman"", ""jaringan""]"
475__3,475,3,kaskus,2017-08-20 15:55:30,jerman,overlap,"[""jerman""]"
476__0,476,0,kaskus,2017-08-20 14:25:20,negara,overlap,"[""negara"", ""jerman""]"
476__1,476,1,kaskus,2017-08-20 14:25:20,link,overlap,"[""link"", ""url""]"
477__0,477,0,kaskus,2017-08-19 21:13:05,air,overlap,"[""air""]"
477__1,477,1,kaskus,2017-08-19 21:13:05,ebt,overlap,"[""ebt"", ""nuklir"", ""potensi""]"
477__2,477,2,kaskus,2017-08-19 21:13:05,geothermal,overlap,"[""geothermal"", ""air""]"
477__3,477,3,kaskus,2017-08-19 21:13:05,pltu,overlap,"[""pltu""]"
477__4,477,4,kaskus,2017-08-19 21:13:05,kayu,overlap,"[""kayu""]"
477__5,477,5,kaskus,2017-08-19 21:13:05,indonesia,overlap,"[""indonesia""]"
477__6,477,6,kaskus,2017-08-19 21:13:05,dunia,overlap,"[""dunia""]"
477__7,477,7,kaskus,2017-08-19 21:13:05,bisnis pellet,rb,"[""bisnis pellet"", ""pellet kayu"", ""kayu"", ""pabrik kapasitas"", ""kapasitas ton""]"
478__0,478,0,kaskus,2017-08-19 21:07:13,setuju,rb,"[""setuju""]"
478__1,478,1,kaskus,2017-08-19 21:07:13,nuklir terbaik,rb,"[""nuklir terbaik""]"
479__0,479,0,kaskus,2017-08-19 17:18:57,listrik,overlap,"[""listrik"", ""ebt"", ""air"", ""musim""]"
479__1,479,1,kaskus,2017-08-19 17:18:57,air,overlap,"[""air"", ""musim"", ""listrik"", ""plts"", ""rumah""]"
479__2,479,2,kaskus,2017-08-19 17:18:57,plts,overlap,"[""plts"", ""listrik"", ""angin"", ""wilayah"", ""kabel""]"
479__3,479,3,kaskus,2017-08-19 17:18:57,angin,overlap,"[""angin"", ""turbin"", ""matahari""]"
479__4,479,4,kaskus,2017-08-19 17:18:57,lokasi,overlap,"[""lokasi""]"
479__5,479,5,kaskus,2017-08-19 17:18:57,matahari effektif jam jam,rb,"[""matahari effektif jam jam"", ""jam"", ""siang""]"
479__6,479,6,kaskus,2017-08-19 17:18:57,supplemen,rb,"[""supplemen"", ""pembangkit""]"
479__7,479,7,kaskus,2017-08-19 17:18:57,plts,overlap,"[""plts"", ""angin""]"
480__0,480,0,kaskus,2017-08-19 16:53:49,surya,overlap,"[""surya""]"
480__1,480,1,kaskus,2017-08-19 16:53:49,url,overlap,"[""url""]"
481__0,481,0,kaskus,2017-08-18 22:07:10,nuklir,overlap,"[""nuklir"", ""ebt"", ""energi""]"
481__1,481,1,kaskus,2017-08-18 22:07:10,daya,overlap,"[""daya""]"
481__2,481,2,kaskus,2017-08-18 22:07:10,ebt,overlap,"[""ebt"", ""nuklir""]"
482__0,482,0,kaskus,2017-08-18 21:06:14,e.b.t,rb,"[""e.b.t""]"
482__1,482,1,kaskus,2017-08-18 21:06:14,listrik,overlap,"[""listrik"", ""tenaga"", ""geothermal"", ""plta"", ""sumber""]"
482__2,482,2,kaskus,2017-08-18 21:06:14,ebt,overlap,"[""ebt""]"
482__3,482,3,kaskus,2017-08-18 21:06:14,gegayaan,rb,"[""gegayaan"", ""waktu-musim""]"
483__0,483,0,kaskus,2017-08-18 20:23:50,,empty,[]
483__1,483,1,kaskus,2017-08-18 20:23:50,tulisan,overlap,"[""tulisan"", ""url"", ""kasih""]"
484__0,484,0,kaskus,2013-11-27 13:27:51,air,overlap,"[""air""]"
485__0,485,0,kaskus,2013-11-19 21:22:51,alam,overlap,"[""alam"", ""potensi""]"
486__0,486,0,kaskus,2013-11-13 15:35:57,biaya terjangkau,rb,"[""biaya terjangkau""]"
487__0,487,0,kaskus,2013-11-13 15:34:47,geothermal,overlap,"[""geothermal""]"
488__0,488,0,kaskus,2013-11-13 15:32:58,geothermal,overlap,"[""geothermal""]"
489__0,489,0,kaskus,2013-06-23 12:25:11,indonesia,overlap,"[""indonesia"", ""power"", ""energi""]"
489__1,489,1,kaskus,2013-06-23 12:25:11,10mw,overlap,"[""10mw""]"
490__0,490,0,kaskus,2013-06-23 12:18:02,wahh,rb,"[""wahh""]"
490__1,490,1,kaskus,2013-06-23 12:18:02,air,overlap,"[""air"", ""uap"", ""turbin""]"
490__2,490,2,kaskus,2013-06-23 12:18:02,keren,rb,"[""keren""]"
490__3,490,3,kaskus,2013-06-23 12:18:02,biaya murah dolar,rb,"[""biaya murah dolar"", ""dolar kwh"", ""kwh""]"
490__4,490,4,kaskus,2013-06-23 12:18:02,,empty,[]
491__0,491,0,kaskus,2013-06-23 12:10:42,energi gratis terbarukan,rb,"[""energi gratis terbarukan""]"
492__0,492,0,kaskus,2013-06-23 12:03:57,fosil,overlap,"[""fosil""]"
493__0,493,0,kaskus,2013-06-23 11:12:18,listrik,overlap,"[""listrik""]"
494__0,494,0,kaskus,2014-07-25 09:33:50,indonesia,overlap,"[""indonesia""]"
494__1,494,1,kaskus,2014-07-25 09:33:50,eksplorasi,overlap,"[""eksplorasi""]"
494__2,494,2,kaskus,2014-07-25 09:33:50,indonesia,overlap,"[""indonesia""]"
494__3,494,3,kaskus,2014-07-25 09:33:50,malas,overlap,"[""malas""]"
495__0,495,0,kaskus,2013-04-14 22:34:32,geothermal,overlap,"[""geothermal"", ""surya"", ""uap""]"
495__1,495,1,kaskus,2013-04-14 22:34:32,batubara,overlap,"[""batubara"", ""lingkungan"", ""pltn"", ""pembangkit""]"
495__2,495,2,kaskus,2013-04-14 22:34:32,pltn,overlap,"[""pltn"", ""pln"", ""geothermal""]"
496__0,496,0,kaskus,2013-04-03 12:47:10,listrik,overlap,"[""listrik""]"
496__1,496,1,kaskus,2013-04-03 12:47:10,rumah,overlap,"[""rumah""]"
496__2,496,2,kaskus,2013-04-03 12:47:10,perkotaan,rb,"[""perkotaan"", ""warga pade"", ""pade"", ""tv"", ""ac mini""]"
496__3,496,3,kaskus,2013-04-03 12:47:10,rumah,overlap,"[""rumah"", ""lahan"", ""listrik""]"
496__4,496,4,kaskus,2013-04-03 12:47:10,matahari,overlap,"[""matahari""]"
496__5,496,5,kaskus,2013-04-03 12:47:10,energi,overlap,"[""energi"", ""geothermal"", ""musim""]"
496__6,496,6,kaskus,2013-04-03 12:47:10,plta,overlap,"[""plta""]"
496__7,496,7,kaskus,2013-04-03 12:47:10,bea,overlap,"[""bea""]"
497__0,497,0,kaskus,2013-04-03 12:45:16,color,overlap,"[""color"", ""matahari""]"
497__1,497,1,kaskus,2013-04-03 12:45:16,color,overlap,"[""color""]"
498__0,498,0,kaskus,2013-04-03 12:41:29,memikirkan,rb,"[""memikirkan""]"
498__1,498,1,kaskus,2013-04-03 12:41:29,laahan,rb,"[""laahan""]"
498__2,498,2,kaskus,2013-04-03 12:41:29,rawan pencurian,rb,"[""rawan pencurian"", ""pencurian panel"", ""panel hahahahah"", ""hahahahah""]"
499__0,499,0,kaskus,2013-04-03 12:33:41,lahan,overlap,"[""lahan"", ""minyak"", ""batubara"", ""indonesia""]"
499__1,499,1,kaskus,2013-04-03 12:33:41,matahri,rb,"[""matahri"", ""panel kotor""]"
499__2,499,2,kaskus,2013-04-03 12:33:41,matahari,overlap,"[""matahari"", ""jawa"", ""lahan""]"
499__3,499,3,kaskus,2013-04-03 12:33:41,jawa,overlap,"[""jawa"", ""pulau"", ""kalimantan"", ""laut""]"
499__4,499,4,kaskus,2013-04-03 12:33:41,efektifitas,rb,"[""efektifitas""]"
500__0,500,0,kaskus,2013-04-03 12:27:35,proyek,overlap,"[""proyek""]"
500__1,500,1,kaskus,2013-04-03 12:27:35,geothermal,overlap,"[""geothermal""]"
500__2,500,2,kaskus,2013-04-03 12:27:35,,empty,[]
501__0,501,0,kaskus,2013-04-03 11:35:46,indonesia,overlap,"[""indonesia"", ""energi"", ""negeri""]"
502__0,502,0,kaskus,2013-04-03 10:29:32,indonesia,overlap,"[""indonesia""]"
503__0,503,0,kaskus,2013-04-03 10:25:32,projek,overlap,"[""projek""]"
503__1,503,1,kaskus,2013-04-03 10:25:32,doain,unsup,"[""doain""]"
504__0,504,0,kaskus,2013-04-03 10:13:14,potensi bagus,rb,"[""potensi bagus"", ""sebagus""]"
505__0,505,0,kaskus,2013-04-03 09:18:42,negara,overlap,"[""negara""]"
505__1,505,1,kaskus,2013-04-03 09:18:42,matahari,overlap,"[""matahari"", ""listrik"", ""energi""]"
505__2,505,2,kaskus,2013-04-03 09:18:42,dipakai,rb,"[""dipakai""]"
505__3,505,3,kaskus,2013-04-03 09:18:42,investasi mahal,rb,"[""investasi mahal""]"
505__4,505,4,kaskus,2013-04-03 09:18:42,matahari sumber,rb,"[""matahari sumber"", ""sumber energi"", ""energi gratis"", ""informasi""]"
506__0,506,0,kaskus,2013-04-03 09:12:35,geothermal,overlap,"[""geothermal"", ""indonesia"", ""potensi""]"
506__1,506,1,kaskus,2013-04-03 09:12:35,indonesia,overlap,"[""indonesia"", ""dunia""]"
506__2,506,2,kaskus,2013-04-03 09:12:35,indonesia,overlap,"[""indonesia"", ""dunia""]"
506__3,506,3,kaskus,2013-04-03 09:12:35,dunia,overlap,"[""dunia""]"
506__4,506,4,kaskus,2013-04-03 09:12:35,indonesia,overlap,"[""indonesia""]"
506__5,506,5,kaskus,2013-04-03 09:12:35,indonesia,overlap,"[""indonesia"", ""negara""]"
506__6,506,6,kaskus,2013-04-03 09:12:35,indonesia,overlap,"[""indonesia"", ""sumber""]"
506__7,506,7,kaskus,2013-04-03 09:12:35,energi,overlap,"[""energi"", ""fosil"", ""sumber""]"
506__8,506,8,kaskus,2013-04-03 09:12:35,proses,overlap,"[""proses"", ""lahan""]"
506__9,506,9,kaskus,2013-04-03 09:12:35,energi,overlap,"[""energi"", ""negeri"", ""kebutuhan""]"
506__10,506,10,kaskus,2013-04-03 09:12:35,rencana,overlap,"[""rencana""]"
506__11,506,11,kaskus,2013-04-03 09:12:35,lokasi,overlap,"[""lokasi"", ""daya"", ""dunia"", ""potensi""]"
506__12,506,12,kaskus,2013-04-03 09:12:35,potensi,overlap,"[""potensi""]"
506__13,506,13,kaskus,2013-04-03 09:12:35,uu,rb,"[""uu""]"
506__14,506,14,kaskus,2013-04-03 09:12:35,peta perjalanan,rb,"[""peta perjalanan"", ""perjalanan road"", ""road map"", ""map panas bumi"", ""bumi""]"
506__15,506,15,kaskus,2013-04-03 09:12:35,industri panas,rb,"[""industri panas"", ""bumi"", ""peta erjalanan"", ""erjalanan"", ""pemanfaatan""]"
506__16,506,16,kaskus,2013-04-03 09:12:35,listrik,overlap,"[""listrik""]"
506__17,506,17,kaskus,2013-04-03 09:12:35,energi panas bumi ramah,rb,"[""energi panas bumi ramah"", ""bumi lingkungan"", ""lingkungan energi"", ""energi panas bumi"", ""bumi""]"
506__18,506,18,kaskus,2013-04-03 09:12:35,listrik,overlap,"[""listrik""]"
506__19,506,19,kaskus,2013-04-03 09:12:35,keharusan,rb,"[""keharusan"", ""keseimbangan"", ""penurunan tekanan"", ""tekanan reservoir"", ""reservoir""]"
506__20,506,20,kaskus,2013-04-03 09:12:35,emisi rendah,rb,"[""emisi rendah"", ""pltp"", ""minyak"", ""batubara""]"
506__21,506,21,kaskus,2013-04-03 09:12:35,emisi rendah,rb,"[""emisi rendah"", ""energi panas bumi"", ""bumi"", ""kesempatan"", ""clean development""]"
506__22,506,22,kaskus,2013-04-03 09:12:35,mekanisme,rb,"[""mekanisme"", ""negara"", ""emisi gas"", ""gas rumah"", ""rumah kaca grk""]"
506__23,506,23,kaskus,2013-04-03 09:12:35,pembelian energi,rb,"[""pembelian energi"", ""energi bersih"", ""negara""]"
506__24,506,24,kaskus,2013-04-03 09:12:35,energi,overlap,"[""energi""]"
506__25,506,25,kaskus,2013-04-03 09:12:35,energi,overlap,"[""energi""]"
506__26,506,26,kaskus,2013-04-03 09:12:35,pembangkit,rb,"[""pembangkit"", ""periode average"", ""average"", ""beban maksimum"", ""pltp""]"
506__27,506,27,kaskus,2013-04-03 09:12:35,faktor kapasitas,rb,"[""faktor kapasitas"", ""kapasitas"", ""pltp"", ""faktor""]"
506__28,506,28,kaskus,2013-04-03 09:12:35,faktor kapasitas,rb,"[""faktor kapasitas"", ""kapasitas"", ""pembangkit listrik"", ""listrik"", ""batubara""]"
506__29,506,29,kaskus,2013-04-03 09:12:35,peraturan pemerintah,rb,"[""peraturan pemerintah"", ""pemerintah"", ""panas bumi pemerintah"", ""pengembangan panas bumi"", ""bumi""]"
506__30,506,30,kaskus,2013-04-03 09:12:35,pemerintah,rb,"[""pemerintah"", ""iklim investasi"", ""investasi"", ""pengembang"", ""pendatang""]"
506__31,506,31,kaskus,2013-04-03 09:12:35,uu,rb,"[""uu""]"
506__32,506,32,kaskus,2013-04-03 09:12:35,pemerintah,overlap,"[""pemerintah""]"
506__33,506,33,kaskus,2013-04-03 09:12:35,peraturan pemerintah,rb,"[""peraturan pemerintah"", ""pemerintah kegiatan"", ""kegiatan usaha"", ""usaha panas bumi"", ""bumi""]"
506__34,506,34,kaskus,2013-04-03 09:12:35,indonesia,overlap,"[""indonesia""]"
506__35,506,35,kaskus,2013-04-03 09:12:35,peraturan presiden,rb,"[""peraturan presiden"", ""presiden""]"
506__36,506,36,kaskus,2013-04-03 09:12:35,peraturan menteri,rb,"[""peraturan menteri"", ""menteri""]"
506__37,506,37,kaskus,2013-04-03 09:12:35,revisi,rb,"[""revisi"", ""peraturan menteri"", ""menteri""]"
506__38,506,38,kaskus,2013-04-03 09:12:35,tahap,rb,"[""tahap"", ""crash program"", ""program"", ""rangka"", ""pengembangan panas bumi""]"
506__39,506,39,kaskus,2013-04-03 09:12:35,kebijakan harga,rb,"[""kebijakan harga"", ""harga""]"
506__40,506,40,kaskus,2013-04-03 09:12:35,keputusan menteri,rb,"[""keputusan menteri"", ""menteri"", ""esdm""]"
506__41,506,41,kaskus,2013-04-03 09:12:35,struktur harga,rb,"[""struktur harga"", ""harga panas bumi"", ""bumi""]"
506__42,506,42,kaskus,2013-04-03 09:12:35,menteri,overlap,"[""menteri""]"
506__43,506,43,kaskus,2013-04-03 09:12:35,harga pembelian,rb,"[""harga pembelian"", ""pembelian"", ""pln"", ""power agreement"", ""purchase""]"
506__44,506,44,kaskus,2013-04-03 09:12:35,plafon harga,rb,"[""plafon harga"", ""harga"", ""energi panas bumi cents"", ""bumi"", ""amerika""]"
506__45,506,45,kaskus,2013-04-03 09:12:35,fiskal insentif,rb,"[""fiskal insentif"", ""insentif"", ""pengembangan panas bumi"", ""bumi"", ""keputusan pemerintah""]"
506__46,506,46,kaskus,2013-04-03 09:12:35,menteri,unsup,"[""menteri"", ""keputusan"", ""esdm""]"
506__47,506,47,kaskus,2013-04-03 09:12:35,pajak pendapatan,rb,"[""pajak pendapatan"", ""pendapatan perusahaan"", ""perusahaan"", ""pajak nilai"", ""nilai""]"
506__48,506,48,kaskus,2013-04-03 09:12:35,bumi,rb,"[""bumi"", ""depresiasi"", ""metode saldo"", ""saldo"", ""ganda""]"
506__49,506,49,kaskus,2013-04-03 09:12:35,mekanisme,rb,"[""mekanisme"", ""feed tariff"", ""tariff"", ""gwa"", ""pemerintah""]"
506__50,506,50,kaskus,2013-04-03 09:12:35,akses,rb,"[""akses"", ""sumber daya"", ""daya panas bumi"", ""bumi"", ""investor""]"
506__51,506,51,kaskus,2013-04-03 09:12:35,pemerintah,rb,"[""pemerintah"", ""preliminary survey"", ""survey assigment"", ""assigment survey"", ""survey pendahuluan""]"
506__52,506,52,kaskus,2013-04-03 09:12:35,pemerintah,overlap,"[""pemerintah""]"
506__53,506,53,kaskus,2013-04-03 09:12:35,proses tender,rb,"[""proses tender"", ""tender gwa"", ""gwa"", ""kebijakan"", ""proses penawaran""]"
506__54,506,54,kaskus,2013-04-03 09:12:35,proses perizinan,rb,"[""proses perizinan"", ""perizinan"", ""proses""]"
506__55,506,55,kaskus,2013-04-03 09:12:35,isu-isu kehutanan,rb,"[""isu-isu kehutanan"", ""kehutanan"", ""esdm"", ""departemen hutan"", ""hutan""]"
506__56,506,56,kaskus,2013-04-03 09:12:35,pemerintah,overlap,"[""pemerintah""]"
506__57,506,57,kaskus,2013-04-03 09:12:35,jo,rb,"[""jo"", ""pr""]"
506__58,506,58,kaskus,2013-04-03 09:12:35,pr,rb,"[""pr""]"
506__59,506,59,kaskus,2013-04-03 09:12:35,keputusan menteri,rb,"[""keputusan menteri"", ""menteri keuangan"", ""keuangan""]"
506__60,506,60,kaskus,2013-04-03 09:12:35,pmk,rb,"[""pmk""]"
506__61,506,61,kaskus,2013-04-03 09:12:35,kelayakan bisnis,rb,"[""kelayakan bisnis"", ""bisnis pt"", ""pt pln"", ""pln"", ""listrik""]"
506__62,506,62,kaskus,2013-04-03 09:12:35,proses,unsup,"[""proses""]"
506__63,506,63,kaskus,2013-04-03 09:12:35,,empty,[]
506__64,506,64,kaskus,2013-04-03 09:12:35,panas_bumi,unsup,"[""panas_bumi"", ""produksi""]"
506__65,506,65,kaskus,2013-04-03 09:12:35,,empty,[]
506__66,506,66,kaskus,2013-04-03 09:12:35,pemerintah,unsup,"[""pemerintah"", ""proyek"", ""investasi"", ""panas_bumi""]"
506__67,506,67,kaskus,2013-04-03 09:12:35,pr,unsup,"[""pr"", ""jo""]"
506__68,506,68,kaskus,2013-04-03 09:12:35,pr,unsup,"[""pr""]"
506__69,506,69,kaskus,2013-04-03 09:12:35,keuangan,unsup,"[""keuangan"", ""menteri"", ""keputusan""]"
506__70,506,70,kaskus,2013-04-03 09:12:35,pmk,unsup,"[""pmk""]"
506__71,506,71,kaskus,2013-04-03 09:12:35,energi_terbarukan,unsup,"[""energi_terbarukan"", ""gas"", ""batubara"", ""power"", ""listrik""]"
507__0,507,0,kaskus,2013-04-03 08:48:58,produksi,overlap,"[""produksi"", ""biaya""]"
507__1,507,1,kaskus,2013-04-03 08:48:58,,empty,[]
507__2,507,2,kaskus,2013-04-03 08:48:58,smp,overlap,"[""smp"", ""eksplorasi"", ""site""]"
507__3,507,3,kaskus,2013-04-03 08:48:58,batubara,overlap,"[""batubara""]"
507__4,507,4,kaskus,2013-04-03 08:48:58,shale,rb,"[""shale"", ""cbm""]"
508__0,508,0,kaskus,2013-04-03 08:14:56,,empty,[]
508__1,508,1,kaskus,2013-04-03 08:14:56,,empty,[]
509__0,509,0,kaskus,2013-04-03 06:55:13,indonesia,overlap,"[""indonesia""]"
510__0,510,0,kaskus,2013-04-03 01:24:33,adminitrasi,overlap,"[""adminitrasi""]"
511__0,511,0,kaskus,2013-04-01 21:18:12,emisi,rb,"[""emisi""]"
511__1,511,1,kaskus,2013-04-01 21:18:12,geothermal,overlap,"[""geothermal""]"
512__0,512,0,kaskus,2013-04-01 09:46:06,geothermal,overlap,"[""geothermal""]"
512__1,512,1,kaskus,2013-04-01 09:46:06,gas,overlap,"[""gas"", ""geothermal"", ""minyak"", ""batubara""]"
512__2,512,2,kaskus,2013-04-01 09:46:06,total,overlap,"[""total""]"
512__3,512,3,kaskus,2013-04-01 09:46:06,lokasi,overlap,"[""lokasi""]"
512__4,512,4,kaskus,2013-04-01 09:46:06,kapasitas,rb,"[""kapasitas"", ""tapak banter"", ""tapak""]"
512__5,512,5,kaskus,2013-04-01 09:46:06,lokasi,overlap,"[""lokasi"", ""investasi""]"
512__6,512,6,kaskus,2013-04-01 09:46:06,mahal,rb,"[""mahal""]"
513__0,513,0,kaskus,2013-04-01 09:36:15,,empty,[]
513__1,513,1,kaskus,2013-04-01 09:36:15,proyek,overlap,"[""proyek""]"
513__2,513,2,kaskus,2013-04-01 09:36:15,minyak,overlap,"[""minyak""]"
514__0,514,0,kaskus,2013-04-01 00:31:52,level,overlap,"[""level""]"
515__0,515,0,kaskus,2013-04-01 00:14:50,sumber,overlap,"[""sumber"", ""indonesia""]"
515__1,515,1,kaskus,2013-04-01 00:14:50,url,overlap,"[""url""]"
516__0,516,0,kaskus,2013-04-01 00:11:42,filipina,overlap,"[""filipina""]"
516__1,516,1,kaskus,2013-04-01 00:11:42,krisis,overlap,"[""krisis"", ""pengembangan""]"
516__2,516,2,kaskus,2013-04-01 00:11:42,potensi,overlap,"[""potensi""]"
516__3,516,3,kaskus,2013-04-01 00:11:42,biaya,overlap,"[""biaya"", ""investasi"", ""harga"", ""pln"", ""lahan""]"
516__4,516,4,kaskus,2013-04-01 00:11:42,lahan,overlap,"[""lahan"", ""masyarakat""]"
516__5,516,5,kaskus,2013-04-01 00:11:42,lapangan,rb,"[""lapangan"", ""lapangan bedugul"", ""bedugul bali"", ""bali"", ""tampomas jawa""]"
517__0,517,0,kaskus,2013-03-15 08:30:31,indonesia,overlap,"[""indonesia""]"
517__1,517,1,kaskus,2013-03-15 08:30:31,rakyat,overlap,"[""rakyat"", ""indonesia"", ""bbm""]"
517__2,517,2,kaskus,2013-03-15 08:30:31,bbm,overlap,"[""bbm""]"
517__3,517,3,kaskus,2013-03-15 08:30:31,migas,rb,"[""migas""]"
518__0,518,0,kaskus,2013-12-03 16:26:03,indonesia,overlap,"[""indonesia""]"
519__0,519,0,kaskus,2013-12-01 17:56:26,pajak,overlap,"[""pajak"", ""korupsi""]"
519__1,519,1,kaskus,2013-12-01 17:56:26,potensi,overlap,"[""potensi"", ""negara"", ""sumber""]"
519__2,519,2,kaskus,2013-12-01 17:56:26,duit,overlap,"[""duit""]"
520__0,520,0,kaskus,2013-12-01 17:53:42,sdm sanggup,rb,"[""sdm sanggup""]"
521__0,521,0,kaskus,2013-12-01 17:50:09,pemerintah,overlap,"[""pemerintah""]"
521__1,521,1,kaskus,2013-12-01 17:50:09,negeri,overlap,"[""negeri""]"
522__0,522,0,kaskus,2013-12-01 17:48:57,indoneia,overlap,"[""indoneia""]"
522__1,522,1,kaskus,2013-12-01 17:48:57,pemerintah,overlap,"[""pemerintah""]"
523__0,523,0,kaskus,2013-12-01 17:43:03,negara,rb,"[""negara""]"
524__0,524,0,kaskus,2013-12-01 17:42:05,indonesia,overlap,"[""indonesia""]"
525__0,525,0,kaskus,2013-12-01 17:41:27,sdm,overlap,"[""sdm""]"
526__0,526,0,kaskus,2013-12-01 17:40:11,potensi,overlap,"[""potensi""]"
527__0,527,0,kaskus,2013-12-01 17:29:07,indonesia,overlap,"[""indonesia"", ""energi""]"
528__0,528,0,kaskus,2013-12-01 17:25:32,,empty,[]
529__0,529,0,kaskus,2013-12-01 06:48:07,potensi,overlap,"[""potensi""]"
530__0,530,0,kaskus,2013-12-01 06:26:33,potensi,overlap,"[""potensi""]"
531__0,531,0,kaskus,2013-12-01 06:20:42,perusahaan,overlap,"[""perusahaan""]"
532__0,532,0,kaskus,2013-12-01 05:57:04,pln,overlap,"[""pln"", ""sumber""]"
532__1,532,1,kaskus,2013-12-01 05:57:04,indonesia,overlap,"[""indonesia""]"
533__0,533,0,kaskus,2013-12-01 05:56:36,pemerintah,overlap,"[""pemerintah""]"
534__0,534,0,kaskus,2013-12-01 05:53:43,indonesia,overlap,"[""indonesia""]"
535__0,535,0,kaskus,2013-12-01 05:49:41,listrik,overlap,"[""listrik""]"
535__1,535,1,kaskus,2013-12-01 05:49:41,,empty,[]
536__0,536,0,kaskus,2013-12-01 05:44:14,,empty,[]
537__0,537,0,kaskus,2013-12-01 05:40:15,pemerintah,overlap,"[""pemerintah"", ""korupsi"", ""indonesia""]"
538__0,538,0,kaskus,2013-12-01 05:21:19,pemerintah,overlap,"[""pemerintah"", ""potensi""]"
539__0,539,0,kaskus,2013-12-01 05:21:13,masyarakat,overlap,"[""masyarakat""]"
540__0,540,0,kaskus,2013-12-01 05:20:43,indonesia,overlap,"[""indonesia"", ""sdm"", ""negeri""]"
541__0,541,0,kaskus,2013-12-01 05:15:52,,empty,[]
541__1,541,1,kaskus,2013-12-01 05:15:52,sdm,overlap,"[""sdm""]"
542__0,542,0,kaskus,2013-12-01 05:13:35,tulisan,overlap,"[""tulisan""]"
543__0,543,0,kaskus,2024-12-04 18:16:58,geothermal,overlap,"[""geothermal"", ""indonesia"", ""teknologi"", ""sdm""]"
544__0,544,0,kaskus,2024-12-04 13:01:36,masyarakat,overlap,"[""masyarakat""]"
545__0,545,0,kaskus,2024-12-04 12:22:34,variabel,overlap,"[""variabel"", ""prioritas"", ""let"", ""kepentingan"", ""pemangku""]"
545__1,545,1,kaskus,2024-12-04 12:22:34,batubara,overlap,"[""batubara""]"
545__2,545,2,kaskus,2024-12-04 12:22:34,potensi,overlap,"[""potensi"", ""geothermal""]"
545__3,545,3,kaskus,2024-12-04 12:22:34,oknum,overlap,"[""oknum"", ""intel""]"
546__0,546,0,kaskus,2024-12-04 09:44:09,negara,overlap,"[""negara"", ""pembangkit""]"
547__0,547,0,kaskus,2024-12-04 08:44:46,teknologi,overlap,"[""teknologi"", ""biaya"", ""riset""]"
547__1,547,1,kaskus,2024-12-04 08:44:46,hati,rb,"[""hati"", ""alternatif""]"
548__0,548,0,kaskus,2024-12-03 20:33:52,daerah,overlap,"[""daerah""]"
548__1,548,1,kaskus,2024-12-03 20:33:52,duit,overlap,"[""duit""]"
549__0,549,0,kaskus,2024-12-03 19:22:08,masyarakat,overlap,"[""masyarakat""]"
549__1,549,1,kaskus,2024-12-03 19:22:08,gas efek,rb,"[""gas efek"", ""efek rumah"", ""rumah kaca"", ""kaca"", ""kerak bumi""]"
549__2,549,2,kaskus,2024-12-03 19:22:08,efek rumah,rb,"[""efek rumah"", ""rumah kaca"", ""kaca"", ""lingkungan"", ""efek""]"
549__3,549,3,kaskus,2024-12-03 19:22:08,lingkungan,unsup,"[""lingkungan"", ""rumah""]"
549__4,549,4,kaskus,2024-12-03 19:22:08,energi,rb,"[""energi"", ""air bersih""]"
549__5,549,5,kaskus,2024-12-03 19:22:08,energi,overlap,"[""energi""]"
549__6,549,6,kaskus,2024-12-03 19:22:08,investasi,unsup,"[""investasi"", ""energi"", ""biaya""]"
550__0,550,0,kaskus,2024-12-03 14:07:18,geothermal,overlap,"[""geothermal"", ""indonesia""]"
551__0,551,0,kaskus,2024-12-03 14:06:09,artikel,overlap,"[""artikel"", ""berita"", ""negeri""]"
552__0,552,0,kaskus,2019-01-05 22:33:08,indonesia,overlap,"[""indonesia"", ""energi"", ""geothermal"", ""panel"", ""surya""]"
552__1,552,1,kaskus,2019-01-05 22:33:08,energi,overlap,"[""energi""]"
552__2,552,2,kaskus,2019-01-05 22:33:08,batubara,overlap,"[""batubara""]"
552__3,552,3,kaskus,2019-01-05 22:33:08,pemerintah,overlap,"[""pemerintah""]"
553__0,553,0,kaskus,2019-01-05 10:12:16,,empty,[]
553__1,553,1,kaskus,2019-01-05 10:12:16,angka,overlap,"[""angka""]"
554__0,554,0,kaskus,2019-01-05 05:09:38,biara,rb,"[""biara"", ""habis minyak bumi"", ""bumi""]"
555__0,555,0,kaskus,2019-01-05 04:28:27,panas2in,rb,"[""panas2in"", ""nasi bungkus"", ""bungkus kampret"", ""kampret"", ""bahan bakar""]"
555__1,555,1,kaskus,2019-01-05 04:28:27,sampah,overlap,"[""sampah"", ""areng"", ""bata""]"
555__2,555,2,kaskus,2019-01-05 04:28:27,,empty,[]
556__0,556,0,kaskus,2019-01-05 03:38:09,geothermal,overlap,"[""geothermal"", ""indonesia"", ""cadangan""]"
557__0,557,0,kaskus,2017-02-27 13:08:14,geothermal,overlap,"[""geothermal"", ""indonesia"", ""potensi""]"
557__1,557,1,kaskus,2017-02-27 13:08:14,selandia,overlap,"[""selandia""]"
557__2,557,2,kaskus,2017-02-27 13:08:14,listrik,overlap,"[""listrik"", ""energi"", ""geothermal""]"
557__3,557,3,kaskus,2017-02-27 13:08:14,indonesia,overlap,"[""indonesia"", ""energi""]"
557__4,557,4,kaskus,2017-02-27 13:08:14,kerja,overlap,"[""kerja"", ""kebutuhan""]"
557__5,557,5,kaskus,2017-02-27 13:08:14,indonesia,overlap,"[""indonesia""]"
557__6,557,6,kaskus,2017-02-27 13:08:14,geothermal,overlap,"[""geothermal""]"
557__7,557,7,kaskus,2017-02-27 13:08:14,ambil s2,rb,"[""ambil s2"", ""s2"", ""new"", ""zealand"", ""nz""]"
557__8,557,8,kaskus,2017-02-27 13:08:14,indonesia,overlap,"[""indonesia"", ""gunung""]"
557__9,557,9,kaskus,2017-02-27 13:08:14,indonesia,overlap,"[""indonesia""]"
557__10,557,10,kaskus,2017-02-27 13:08:14,investasi,overlap,"[""investasi""]"
557__11,557,11,kaskus,2017-02-27 13:08:14,indonesia,overlap,"[""indonesia"", ""pengembangan""]"
558__0,558,0,kaskus,2017-02-27 00:08:34,pc,overlap,"[""pc""]"
558__1,558,1,kaskus,2017-02-27 00:08:34,kontak,rb,"[""kontak""]"
558__2,558,2,kaskus,2017-02-27 00:08:34,passion,overlap,"[""passion"", ""geotherm"", ""d4""]"
559__0,559,0,kaskus,2016-03-21 21:16:32,geothermal,overlap,"[""geothermal"", ""gas""]"
559__1,559,1,kaskus,2016-03-21 21:16:32,gas,overlap,"[""gas""]"
559__2,559,2,kaskus,2016-03-21 21:16:32,gas,overlap,"[""gas""]"
559__3,559,3,kaskus,2016-03-21 21:16:32,efisiensi,overlap,"[""efisiensi""]"
559__4,559,4,kaskus,2016-03-21 21:16:32,kerja,overlap,"[""kerja""]"
559__5,559,5,kaskus,2016-03-21 21:16:32,geothermal,overlap,"[""geothermal"", ""perusahaan"", ""industri""]"
559__6,559,6,kaskus,2016-03-21 21:16:32,industri,overlap,"[""industri"", ""perusahaan""]"
559__7,559,7,kaskus,2016-03-21 21:16:32,geothermal,overlap,"[""geothermal"", ""pln"", ""harga""]"
559__8,559,8,kaskus,2016-03-21 21:16:32,pln,overlap,"[""pln"", ""listrik"", ""geothermal"", ""harga""]"
559__9,559,9,kaskus,2016-03-21 21:16:32,geothermal,overlap,"[""geothermal"", ""harga""]"
559__10,559,10,kaskus,2016-03-21 21:16:32,geothermal,overlap,"[""geothermal"", ""listrik"", ""kapasitas"", ""harga""]"
559__11,559,11,kaskus,2016-03-21 21:16:32,jual,overlap,"[""jual"", ""listrik"", ""uap""]"
560__0,560,0,kaskus,2016-03-18 10:39:08,info,rb,"[""info"", ""yha"", ""sofware hysis krack"", ""hysis"", ""krack""]"
561__0,561,0,kaskus,2016-03-16 15:09:23,minyak,overlap,"[""minyak"", ""geothermal"", ""perusahaan""]"
561__1,561,1,kaskus,2016-03-16 15:09:23,geothermal,overlap,"[""geothermal""]"
561__2,561,2,kaskus,2016-03-16 15:09:23,biaya,overlap,"[""biaya""]"
562__0,562,0,kaskus,2016-03-16 15:06:56,software simulasi,rb,"[""software simulasi"", ""simulasi"", ""aspen hysis"", ""hysis"", ""software""]"
562__1,562,1,kaskus,2016-03-16 15:06:56,matlab,overlap,"[""matlab""]"
562__2,562,2,kaskus,2016-03-16 15:06:56,tugas,rb,"[""tugas""]"
562__3,562,3,kaskus,2016-03-16 15:06:56,tugas evaluas system,rb,"[""tugas evaluas system"", ""removal system""]"
563__0,563,0,kaskus,2016-03-16 15:05:25,geothermal,overlap,"[""geothermal""]"
563__1,563,1,kaskus,2016-03-16 15:05:25,geothermal,overlap,"[""geothermal""]"
563__2,563,2,kaskus,2016-03-16 15:05:25,lpdp,overlap,"[""lpdp""]"
564__0,564,0,kaskus,2016-03-16 14:49:42,industri,overlap,"[""industri""]"
564__1,564,1,kaskus,2016-03-16 14:49:42,downg,overlap,"[""downg""]"
565__0,565,0,kaskus,2016-03-15 17:14:17,indonesia,overlap,"[""indonesia"", ""geothermal""]"
565__1,565,1,kaskus,2016-03-15 17:14:17,prospek,overlap,"[""prospek"", ""migas""]"
565__2,565,2,kaskus,2016-03-15 17:14:17,geothermal,overlap,"[""geothermal""]"
565__3,565,3,kaskus,2016-03-15 17:14:17,lapangan geothermal,rb,"[""lapangan geothermal"", ""geothermal"", ""perizinan"", ""lahan susah"", ""perhutani""]"
565__4,565,4,kaskus,2016-03-15 17:14:17,teknologi canggih,rb,"[""teknologi canggih""]"
565__5,565,5,kaskus,2016-03-15 17:14:17,pengawasan pipa-pipa,rb,"[""pengawasan pipa-pipa"", ""pipa-pipa penghubung"", ""penghubung"", ""reservoar"", ""separator""]"
565__6,565,6,kaskus,2016-03-15 17:14:17,bahaya,rb,"[""bahaya"", ""pipa korosi"", ""korosi"", ""pipa""]"
565__7,565,7,kaskus,2016-03-15 17:14:17,sdm,rb,"[""sdm"", ""teknologi canggih"", ""teknologi""]"
565__8,565,8,kaskus,2016-03-15 17:14:17,penggunaan geothermal,rb,"[""penggunaan geothermal"", ""geothermal"", ""penggunaan""]"
565__9,565,9,kaskus,2016-03-15 17:14:17,bahaya,unsup,"[""bahaya""]"
565__10,565,10,kaskus,2016-03-15 17:14:17,,empty,[]
565__11,565,11,kaskus,2016-03-15 17:14:17,sdm,unsup,"[""sdm""]"
565__12,565,12,kaskus,2016-03-15 17:14:17,penggunaan,unsup,"[""penggunaan""]"
566__0,566,0,kaskus,2016-03-09 15:04:43,maintenance,overlap,"[""maintenance""]"
566__1,566,1,kaskus,2016-03-09 15:04:43,geothermal,overlap,"[""geothermal"", ""listrik"", ""industri""]"
566__2,566,2,kaskus,2016-03-09 15:04:43,geothermal,overlap,"[""geothermal"", ""gas"", ""minyak"", ""industri""]"
566__3,566,3,kaskus,2016-03-09 15:04:43,industri,overlap,"[""industri"", ""uap"", ""listrik"", ""harga""]"
567__0,567,0,kaskus,2016-02-23 15:44:53,electrical,overlap,"[""electrical"", ""s2""]"
567__1,567,1,kaskus,2016-02-23 15:44:53,kerja,overlap,"[""kerja""]"
567__2,567,2,kaskus,2016-02-23 15:44:53,indonesia,overlap,"[""indonesia""]"
568__0,568,0,kaskus,2016-02-21 12:44:42,kerja,overlap,"[""kerja"", ""industri"", ""indonesia""]"
568__1,568,1,kaskus,2016-02-21 12:44:42,kerja,overlap,"[""kerja""]"
568__2,568,2,kaskus,2016-02-21 12:44:42,kerja,overlap,"[""kerja""]"
568__3,568,3,kaskus,2016-02-21 12:44:42,geothermal,overlap,"[""geothermal""]"
568__4,568,4,kaskus,2016-02-21 12:44:42,s1,overlap,"[""s1"", ""instrument"", ""civil"", ""s2"", ""operasi""]"
568__5,568,5,kaskus,2016-02-21 12:44:42,s1,overlap,"[""s1"", ""geologi"", ""geofisika"", ""geokimia"", ""reservoir""]"
568__6,568,6,kaskus,2016-02-21 12:44:42,contoh,overlap,"[""contoh"", ""pengembangan"", ""geothermal""]"
568__7,568,7,kaskus,2016-02-21 12:44:42,geothermal,overlap,"[""geothermal""]"
569__0,569,0,kaskus,2016-02-05 15:16:30,kerja,overlap,"[""kerja""]"
569__1,569,1,kaskus,2016-02-05 15:16:30,kerja,overlap,"[""kerja""]"
569__2,569,2,kaskus,2016-02-05 15:16:30,rencana,overlap,"[""rencana""]"
569__3,569,3,kaskus,2016-02-05 15:16:30,kerja,overlap,"[""kerja"", ""perusahaan""]"
569__4,569,4,kaskus,2016-02-05 15:16:30,indonesia,overlap,"[""indonesia"", ""perusahaan""]"
570__0,570,0,kaskus,2016-02-04 14:29:15,sarulla,rb,"[""sarulla""]"
571__0,571,0,kaskus,2016-02-04 14:15:52,salam,overlap,"[""salam"", ""tulisan"", ""ilmu"", ""informasi"", ""pembaca""]"
571__1,571,1,kaskus,2016-02-04 14:15:52,itb,overlap,"[""itb"", ""workshop""]"
571__2,571,2,kaskus,2016-02-04 14:15:52,link,overlap,"[""link"", ""url"", ""color""]"
572__0,572,0,kaskus,2016-01-28 06:57:28,energi terbarukan,rb,"[""energi terbarukan""]"
572__1,572,1,kaskus,2016-01-28 06:57:28,semangat sharing,rb,"[""semangat sharing"", ""sharing ilmu"", ""ilmu"", ""semangat""]"
572__2,572,2,kaskus,2016-01-28 06:57:28,seminar,overlap,"[""seminar""]"
573__0,573,0,kaskus,2016-01-27 21:15:02,tulisan,overlap,"[""tulisan""]"
573__1,573,1,kaskus,2016-01-27 21:15:02,informasi,overlap,"[""informasi""]"
573__2,573,2,kaskus,2016-01-27 21:15:02,dampak,overlap,"[""dampak"", ""geothermal"", ""kapasitas""]"
573__3,573,3,kaskus,2016-01-27 21:15:02,uap,overlap,"[""uap"", ""geothermal""]"
573__4,573,4,kaskus,2016-01-27 21:15:02,geothermal,overlap,"[""geothermal"", ""uap"", ""air"", ""sumur""]"
573__5,573,5,kaskus,2016-01-27 21:15:02,air,overlap,"[""air"", ""uap""]"
573__6,573,6,kaskus,2016-01-27 21:15:02,air,overlap,"[""air"", ""uap"", ""bahan""]"
573__7,573,7,kaskus,2016-01-27 21:15:02,uap,overlap,"[""uap"", ""geothermal"", ""listrik"", ""kapasitas""]"
573__8,573,8,kaskus,2016-01-27 21:15:02,geothermal,overlap,"[""geothermal"", ""lokasi""]"
573__9,573,9,kaskus,2016-01-27 21:15:02,lokasi,overlap,"[""lokasi""]"
573__10,573,10,kaskus,2016-01-27 21:15:02,geothermal,overlap,"[""geothermal""]"
573__11,573,11,kaskus,2016-01-27 21:15:02,contoh,overlap,"[""contoh""]"
573__12,573,12,kaskus,2016-01-27 21:15:02,lahan,overlap,"[""lahan""]"
573__13,573,13,kaskus,2016-01-27 21:15:02,biaya,overlap,"[""biaya"", ""pengembangan""]"
573__14,573,14,kaskus,2016-01-27 21:15:02,geothermal,overlap,"[""geothermal"", ""jalan"", ""contoh""]"
573__15,573,15,kaskus,2016-01-27 21:15:02,kondisi,overlap,"[""kondisi"", ""hasil""]"
573__16,573,16,kaskus,2016-01-27 21:15:02,contoh,overlap,"[""contoh"", ""berita"", ""url"", ""link""]"
574__0,574,0,kaskus,2016-01-26 21:24:20,teknologi,overlap,"[""teknologi""]"
574__1,574,1,kaskus,2016-01-26 21:24:20,sifat korosi,rb,"[""sifat korosi"", ""korosi"", ""bumi"", ""given""]"
574__2,574,2,kaskus,2016-01-26 21:24:20,geothermal,overlap,"[""geothermal""]"
574__3,574,3,kaskus,2016-01-26 21:24:20,dampak buruk,rb,"[""dampak buruk""]"
574__4,574,4,kaskus,2016-01-26 21:24:20,geothermal,overlap,"[""geothermal"", ""lokasi""]"
574__5,574,5,kaskus,2016-01-26 21:24:20,indonesia,overlap,"[""indonesia"", ""geothermal"", ""jalan""]"
574__6,574,6,kaskus,2016-01-26 21:24:20,geothermal,overlap,"[""geothermal""]"
574__7,574,7,kaskus,2016-01-26 21:24:20,kasih,overlap,"[""kasih""]"
574__8,574,8,kaskus,2016-01-26 21:24:20,,empty,[]
575__0,575,0,kaskus,2016-01-20 17:54:07,lokasi,overlap,"[""lokasi""]"
575__1,575,1,kaskus,2016-01-20 17:54:07,,empty,[]
575__2,575,2,kaskus,2016-01-20 17:54:07,geothermal,overlap,"[""geothermal"", ""investasi"", ""listrik"", ""proyek""]"
575__3,575,3,kaskus,2016-01-20 17:54:07,listrik,overlap,"[""listrik"", ""geothermal"", ""sumur"", ""pembangkit"", ""proyek""]"
575__4,575,4,kaskus,2016-01-20 17:54:07,pltp,overlap,"[""pltp"", ""geothermal"", ""sumber""]"
575__5,575,5,kaskus,2016-01-20 17:54:07,geothermal,overlap,"[""geothermal"", ""pengembangan""]"
575__6,575,6,kaskus,2016-01-20 17:54:07,geothermal,overlap,"[""geothermal"", ""listrik"", ""pembangkit"", ""investasi""]"
575__7,575,7,kaskus,2016-01-20 17:54:07,pltu,overlap,"[""pltu""]"
575__8,575,8,kaskus,2016-01-20 17:54:07,geothermal,overlap,"[""geothermal"", ""uap"", ""bumi""]"
575__9,575,9,kaskus,2016-01-20 17:54:07,kandungan kimia,rb,"[""kandungan kimia"", ""kimia uap"", ""uap panas bumi"", ""bumi"", ""kandungan""]"
575__10,575,10,kaskus,2016-01-20 17:54:07,geothermal,overlap,"[""geothermal"", ""uap"", ""lapangan""]"
575__11,575,11,kaskus,2016-01-20 17:54:07,turbin,overlap,"[""turbin""]"
575__12,575,12,kaskus,2016-01-20 17:54:07,geothermal,overlap,"[""geothermal"", ""energi"", ""lokasi"", ""sumber""]"
575__13,575,13,kaskus,2016-01-20 17:54:07,produksi,overlap,"[""produksi"", ""uap"", ""lokasi"", ""hasil"", ""air""]"
575__14,575,14,kaskus,2016-01-20 17:54:07,hasil,overlap,"[""hasil"", ""air""]"
575__15,575,15,kaskus,2016-01-20 17:54:07,geothermal,overlap,"[""geothermal"", ""lokasi""]"
575__16,575,16,kaskus,2016-01-20 17:54:07,geothermal,overlap,"[""geothermal"", ""lapangan""]"
575__17,575,17,kaskus,2016-01-20 17:54:07,uap,overlap,"[""uap""]"
575__18,575,18,kaskus,2016-01-20 17:54:07,list,rb,"[""list""]"
576__0,576,0,kaskus,2016-01-11 19:51:57,sarulla,rb,"[""sarulla"", ""kantor"", ""energi tower"", ""tower""]"
576__1,576,1,kaskus,2016-01-11 19:51:57,geothermal,overlap,"[""geothermal"", ""energi"", ""batubara"", ""sumber""]"
576__2,576,2,kaskus,2016-01-11 19:51:57,teknologi,overlap,"[""teknologi"", ""sdm"", ""indonesia""]"
577__0,577,0,kaskus,2016-01-10 20:39:29,garis,rb,"[""garis""]"
577__1,577,1,kaskus,2016-01-10 20:39:29,sistem,overlap,"[""sistem""]"
577__2,577,2,kaskus,2016-01-10 20:39:29,geothermal,overlap,"[""geothermal""]"
577__3,577,3,kaskus,2016-01-10 20:39:29,geothermal,overlap,"[""geothermal""]"
577__4,577,4,kaskus,2016-01-10 20:39:29,list list,rb,"[""list list"", ""list monitoring"", ""monitoring"", ""inspeksi equipment"", ""equipment indikator""]"
577__5,577,5,kaskus,2016-01-10 20:39:29,sistem,overlap,"[""sistem""]"
577__6,577,6,kaskus,2016-01-10 20:39:29,list,rb,"[""list"", ""reporting"", ""aspek operasional"", ""periode"", ""acuan""]"
577__7,577,7,kaskus,2016-01-10 20:39:29,keperluan maintenance,rb,"[""keperluan maintenance"", ""maintenance list"", ""list"", ""garis"", ""gambaran""]"
578__0,578,0,kaskus,2016-01-10 20:23:27,perusahaan,overlap,"[""perusahaan"", ""indonesia"", ""kapasitas""]"
578__1,578,1,kaskus,2016-01-10 20:23:27,perusahaan,overlap,"[""perusahaan"", ""url""]"
578__2,578,2,kaskus,2016-01-10 20:23:27,perusahaan,overlap,"[""perusahaan""]"
578__3,578,3,kaskus,2016-01-10 20:23:27,url,overlap,"[""url""]"
578__4,578,4,kaskus,2016-01-10 20:23:27,url,overlap,"[""url""]"
579__0,579,0,kaskus,2015-09-25 22:25:58,lingkup kerja,rb,"[""lingkup kerja"", ""kerja operator"", ""operator junior"", ""junior"", ""pge""]"
579__1,579,1,kaskus,2015-09-25 22:25:58,mohon,overlap,"[""mohon""]"
580__0,580,0,kaskus,2015-09-25 19:59:18,perusahaan,overlap,"[""perusahaan""]"
581__0,581,0,kaskus,2015-09-25 19:41:35,energi,overlap,"[""energi"", ""negeri"", ""potensi""]"
581__1,581,1,kaskus,2015-09-25 19:41:35,pengembangan,overlap,"[""pengembangan"", ""teknologi"", ""geothermal"", ""energi"", ""industri""]"
581__2,581,2,kaskus,2015-09-25 19:41:35,industri,overlap,"[""industri""]"
582__0,582,0,kaskus,2015-09-23 22:44:59,perusahaan,overlap,"[""perusahaan""]"
582__1,582,1,kaskus,2015-09-23 22:44:59,geothermal,overlap,"[""geothermal""]"
583__0,583,0,kaskus,2015-09-23 22:13:59,salam,rb,"[""salam"", ""geothermal salak"", ""salak"", ""wawasan""]"
584__0,584,0,kaskus,2015-07-30 20:08:27,praktek mei-juli kemarin,rb,"[""praktek mei-juli kemarin"", ""mei-juli"", ""chevron geothermal"", ""geothermal salak"", ""salak""]"
584__1,584,1,kaskus,2015-07-30 20:08:27,salam,overlap,"[""salam""]"
585__0,585,0,kaskus,2014-09-23 01:26:44,sorry,rb,"[""sorry"", ""post""]"
585__1,585,1,kaskus,2014-09-23 01:26:44,teknik perminyakan,rb,"[""teknik perminyakan"", ""perminyakan"", ""teknik""]"
585__2,585,2,kaskus,2014-09-23 01:26:44,geothermal,overlap,"[""geothermal""]"
585__3,585,3,kaskus,2014-09-23 01:26:44,geothermal,overlap,"[""geothermal"", ""indonesia""]"
586__0,586,0,kaskus,2014-08-06 20:06:35,geothermal,overlap,"[""geothermal""]"
586__1,586,1,kaskus,2014-08-06 20:06:35,geothermal,overlap,"[""geothermal""]"
586__2,586,2,kaskus,2014-08-06 20:06:35,ilmu,overlap,"[""ilmu"", ""concern"", ""subsurface"", ""disiplin""]"
586__3,586,3,kaskus,2014-08-06 20:06:35,geothermal,overlap,"[""geothermal"", ""tanah"", ""potensi""]"
586__4,586,4,kaskus,2014-08-06 20:06:35,perminyakan,overlap,"[""perminyakan"", ""permodelan"", ""reservoir"", ""engineer"", ""teknik""]"
587__0,587,0,kaskus,2014-06-11 01:13:24,misi,overlap,"[""misi""]"
587__1,587,1,kaskus,2014-06-11 01:13:24,geothermal,overlap,"[""geothermal""]"
587__2,587,2,kaskus,2014-06-11 01:13:24,indonesia,overlap,"[""indonesia"", ""geothermal""]"
587__3,587,3,kaskus,2014-06-11 01:13:24,geothermal,overlap,"[""geothermal""]"
587__4,587,4,kaskus,2014-06-11 01:13:24,kasih,overlap,"[""kasih""]"
588__0,588,0,kaskus,2014-06-01 09:03:53,center sharing materi,rb,"[""center sharing materi"", ""color"", ""sharing"", ""materi"", ""referensi""]"
588__1,588,1,kaskus,2014-06-01 09:03:53,url,rb,"[""url"", ""technology""]"
589__0,589,0,kaskus,2014-06-01 09:02:59,color,overlap,"[""color"", ""industri"", ""center""]"
589__1,589,1,kaskus,2014-06-01 09:02:59,center,overlap,"[""center"", ""indonesia"", ""perusahaan""]"
589__2,589,2,kaskus,2014-06-01 09:02:59,perusahaan,overlap,"[""perusahaan"", ""energi"", ""indonesia"", ""lapangan""]"
589__3,589,3,kaskus,2014-06-01 09:02:59,perusahaan,overlap,"[""perusahaan"", ""geothermal"", ""listrik"", ""lapangan""]"
589__4,589,4,kaskus,2014-06-01 09:02:59,geothermal,overlap,"[""geothermal"", ""industri""]"
589__5,589,5,kaskus,2014-06-01 09:02:59,perusahaan,overlap,"[""perusahaan"", ""pengembangan"", ""lapangan""]"
589__6,589,6,kaskus,2014-06-01 09:02:59,garis,rb,"[""garis"", ""peluang karir"", ""karir"", ""industri geothermal"", ""geothermal penulis""]"
589__7,589,7,kaskus,2014-06-01 09:02:59,geologi,overlap,"[""geologi"", ""geofisika""]"
589__8,589,8,kaskus,2014-06-01 09:02:59,engineering,rb,"[""engineering"", ""divisi"", ""peran""]"
589__9,589,9,kaskus,2014-06-01 09:02:59,geothermal,overlap,"[""geothermal""]"
589__10,589,10,kaskus,2014-06-01 09:02:59,produksi,overlap,"[""produksi"", ""power""]"
589__11,589,11,kaskus,2014-06-01 09:02:59,fase,rb,"[""fase"", ""kesempatan"", ""freshgrad engineer"", ""engineer"", ""ilmu""]"
589__12,589,12,kaskus,2014-06-01 09:02:59,b,rb,"[""b"", ""division"", ""division b"", ""sub"", ""sub division""]"
589__13,589,13,kaskus,2014-06-01 09:02:59,center,overlap,"[""center""]"
589__14,589,14,kaskus,2014-06-01 09:02:59,energi,overlap,"[""energi"", ""indonesia""]"
590__0,590,0,kaskus,2014-06-01 09:01:59,center,overlap,"[""center"", ""color"", ""green"", ""url"", ""listrik""]"
590__1,590,1,kaskus,2014-06-01 09:01:59,listrik,overlap,"[""listrik""]"
590__2,590,2,kaskus,2014-06-01 09:01:59,pemanfaatan energi,rb,"[""pemanfaatan energi"", ""energi panas bumi"", ""bumi"", ""sektor non-listrik"", ""non-listrik""]"
590__3,590,3,kaskus,2014-06-01 09:01:59,listrik,overlap,"[""listrik"", ""negara"", ""indonesia"", ""energi"", ""pembangkit""]"
590__4,590,4,kaskus,2014-06-01 09:01:59,negara,overlap,"[""negara"", ""air"", ""tanah"", ""sektor""]"
590__5,590,5,kaskus,2014-06-01 09:01:59,tanah,overlap,"[""tanah""]"
590__6,590,6,kaskus,2014-06-01 09:01:59,center,overlap,"[""center"", ""geothermal"", ""dunia"", ""power"", ""url""]"
590__7,590,7,kaskus,2014-06-01 09:01:59,center,overlap,"[""center"", ""geothermal"", ""indonesia"", ""listrik"", ""pengembangan""]"
590__8,590,8,kaskus,2014-06-01 09:01:59,pltp,overlap,"[""pltp"", ""pltu"", ""uap"", ""air"", ""pembangkit""]"
590__9,590,9,kaskus,2014-06-01 09:01:59,uap,overlap,"[""uap"", ""bumi"", ""sumur"", ""pltp""]"
590__10,590,10,kaskus,2014-06-01 09:01:59,bumi,overlap,"[""bumi""]"
590__11,590,11,kaskus,2014-06-01 09:01:59,energi,overlap,"[""energi""]"
590__12,590,12,kaskus,2014-06-01 09:01:59,listrik,overlap,"[""listrik""]"
590__13,590,13,kaskus,2014-06-01 09:01:59,amerika,overlap,"[""amerika"", ""lapangan""]"
590__14,590,14,kaskus,2014-06-01 09:01:59,lapangan darajat,rb,"[""lapangan darajat"", ""darajat jawa"", ""jawa barat"", ""barat""]"
590__15,590,15,kaskus,2014-06-01 09:01:59,center siklus,rb,"[""center siklus"", ""center"", ""spoiler"", ""siklus uap"", ""uap""]"
590__16,590,16,kaskus,2014-06-01 09:01:59,uap,overlap,"[""uap""]"
590__17,590,17,kaskus,2014-06-01 09:01:59,kondensor,rb,"[""kondensor"", ""kondensat"", ""menara pendingin"", ""pendingin"", ""cooling tower""]"
590__18,590,18,kaskus,2014-06-01 09:01:59,kondensat,overlap,"[""kondensat"", ""kondensor""]"
590__19,590,19,kaskus,2014-06-01 09:01:59,uap,overlap,"[""uap""]"
590__20,590,20,kaskus,2014-06-01 09:01:59,uap,overlap,"[""uap""]"
590__21,590,21,kaskus,2014-06-01 09:01:59,uap,overlap,"[""uap""]"
590__22,590,22,kaskus,2014-06-01 09:01:59,uap,overlap,"[""uap""]"
590__23,590,23,kaskus,2014-06-01 09:01:59,siklus pembangkitan,rb,"[""siklus pembangkitan"", ""pembangkitan listrik"", ""listrik"", ""lapangan wairakei"", ""wairakei""]"
590__24,590,24,kaskus,2014-06-01 09:01:59,indonesia,overlap,"[""indonesia"", ""lapangan""]"
590__25,590,25,kaskus,2014-06-01 09:01:59,jawa,overlap,"[""jawa""]"
590__26,590,26,kaskus,2014-06-01 09:01:59,jawa,unsup,"[""jawa""]"
591__0,591,0,kaskus,2014-06-01 09:01:10,color,overlap,"[""color"", ""green"", ""geothermal"", ""indonesia"", ""center""]"
591__1,591,1,kaskus,2014-06-01 09:01:10,dunia,overlap,"[""dunia"", ""indonesia""]"
591__2,591,2,kaskus,2014-06-01 09:01:10,indonesia,overlap,"[""indonesia"", ""pulau"", ""jawa""]"
591__3,591,3,kaskus,2014-06-01 09:01:10,jawa,overlap,"[""jawa"", ""pulau""]"
591__4,591,4,kaskus,2014-06-01 09:01:10,indonesia,overlap,"[""indonesia""]"
591__5,591,5,kaskus,2014-06-01 09:01:10,listrik,overlap,"[""listrik"", ""pembangkit""]"
591__6,591,6,kaskus,2014-06-01 09:01:10,indonesia,overlap,"[""indonesia"", ""potensi""]"
591__7,591,7,kaskus,2014-06-01 09:01:10,cadangan,overlap,"[""cadangan"", ""mwe""]"
591__8,591,8,kaskus,2014-06-01 09:01:10,center,overlap,"[""center"", ""potensi"", ""geothermal"", ""indonesia"", ""url""]"
592__0,592,0,kaskus,2014-06-01 09:00:07,center,overlap,"[""center"", ""color"", ""geothermal""]"
592__1,592,1,kaskus,2014-06-01 09:00:07,color,overlap,"[""color"", ""center"", ""bumi""]"
592__2,592,2,kaskus,2014-06-01 09:00:07,inti planet,rb,"[""inti planet"", ""planet"", ""estimasi"", ""panas celcius""]"
592__3,592,3,kaskus,2014-06-01 09:00:07,bumi,overlap,"[""bumi""]"
592__4,592,4,kaskus,2014-06-01 09:00:07,proses,overlap,"[""proses""]"
592__5,592,5,kaskus,2014-06-01 09:00:07,center,overlap,"[""center"", ""sumber"", ""air""]"
592__6,592,6,kaskus,2014-06-01 09:00:07,geothermal,overlap,"[""geothermal"", ""rumah"", ""jalan"", ""kebutuhan""]"
592__7,592,7,kaskus,2014-06-01 09:00:07,tanah,overlap,"[""tanah""]"
592__8,592,8,kaskus,2014-06-01 09:00:07,tanah,overlap,"[""tanah""]"
592__9,592,9,kaskus,2014-06-01 09:00:07,sistem,overlap,"[""sistem""]"
592__10,592,10,kaskus,2014-06-01 09:00:07,center,overlap,"[""center"", ""listrik"", ""geothermal"", ""sumur"", ""cadangan""]"
592__11,592,11,kaskus,2014-06-01 09:00:07,listrik,overlap,"[""listrik"", ""cadangan"", ""turbin"", ""pembangkit""]"
592__12,592,12,kaskus,2014-06-01 09:00:07,air,overlap,"[""air""]"
592__13,592,13,kaskus,2014-06-01 09:00:07,turbin,overlap,"[""turbin""]"
592__14,592,14,kaskus,2014-06-01 09:00:07,listrik,overlap,"[""listrik"", ""tanah"", ""air"", ""pembangkit""]"
592__15,592,15,kaskus,2014-06-01 09:00:07,turbin,overlap,"[""turbin""]"
592__16,592,16,kaskus,2014-06-01 09:00:07,center,overlap,"[""center"", ""url""]"
593__0,593,0,kaskus,2015-11-09 11:08:22,harga,rb,"[""harga""]"
594__0,594,0,kaskus,2015-11-09 10:58:44,tanah,overlap,"[""tanah"", ""geothermal"", ""indonesia""]"
594__1,594,1,kaskus,2015-11-09 10:58:44,negara,overlap,"[""negara"", ""energi"", ""uap""]"
594__2,594,2,kaskus,2015-11-09 10:58:44,uap,overlap,"[""uap"", ""bumi"", ""gas""]"
594__3,594,3,kaskus,2015-11-09 10:58:44,gas,overlap,"[""gas"", ""url""]"
595__0,595,0,kaskus,2015-08-12 12:08:15,listrik,overlap,"[""listrik""]"
595__1,595,1,kaskus,2015-08-12 12:08:15,kapasitas,overlap,"[""kapasitas"", ""pltp""]"
595__2,595,2,kaskus,2015-08-12 12:08:15,pltp,overlap,"[""pltp"", ""pltu""]"
595__3,595,3,kaskus,2015-08-12 12:08:15,tambahan,rb,"[""tambahan"", ""listrik padam""]"
595__4,595,4,kaskus,2015-08-12 12:08:15,pln,overlap,"[""pln""]"
595__5,595,5,kaskus,2015-08-12 12:08:15,pembangkit,overlap,"[""pembangkit"", ""service""]"
595__6,595,6,kaskus,2015-08-12 12:08:15,pembangkit,overlap,"[""pembangkit"", ""service""]"
595__7,595,7,kaskus,2015-08-12 12:08:15,listrik,overlap,"[""listrik"", ""kebutuhan""]"
595__8,595,8,kaskus,2015-08-12 12:08:15,energi,overlap,"[""energi""]"
596__0,596,0,kaskus,2015-08-12 11:45:31,manusia,overlap,"[""manusia"", ""energi""]"
597__0,597,0,kaskus,2015-08-12 11:43:14,kalimantan,overlap,"[""kalimantan""]"
598__0,598,0,kaskus,2015-08-04 23:59:12,indonesia,overlap,"[""indonesia"", ""daerah""]"
598__1,598,1,kaskus,2015-08-04 23:59:12,img,overlap,"[""img""]"
599__0,599,0,kaskus,2015-08-04 23:46:01,geothermal,overlap,"[""geothermal"", ""indonesia"", ""energi""]"
599__1,599,1,kaskus,2015-08-04 23:46:01,ekplorasi,overlap,"[""ekplorasi"", ""peralatan""]"
599__2,599,2,kaskus,2015-08-04 23:46:01,pltp,overlap,"[""pltp"", ""listrik"", ""negara"", ""pln"", ""biaya""]"
599__3,599,3,kaskus,2015-08-04 23:46:01,negara,overlap,"[""negara"", ""pln""]"
599__4,599,4,kaskus,2015-08-04 23:46:01,ahli,overlap,"[""ahli"", ""tenaga""]"
599__5,599,5,kaskus,2015-08-04 23:46:01,geothermal,overlap,"[""geothermal""]"
600__0,600,0,kaskus,2015-05-31 06:59:36,geothermal,overlap,"[""geothermal"", ""tanah"", ""pembangunan""]"
600__1,600,1,kaskus,2015-05-31 06:59:36,listrik,overlap,"[""listrik"", ""pembangkit""]"
601__0,601,0,kaskus,2015-04-25 11:49:53,permukaan,rb,"[""permukaan""]"
601__1,601,1,kaskus,2015-04-25 11:49:53,batubara,overlap,"[""batubara""]"
601__2,601,2,kaskus,2015-04-25 11:49:53,pulau,overlap,"[""pulau"", ""kalimantan"", ""pltp"", ""gas"", ""bahan""]"
602__0,602,0,kaskus,2015-04-25 11:41:47,permukan,rb,"[""permukan""]"
603__0,603,0,kaskus,2015-04-24 21:16:41,pltu,overlap,"[""pltu"", ""batubara"", ""proses""]"
604__0,604,0,kaskus,2015-04-24 19:18:28,thanks,rb,"[""thanks""]"
605__0,605,0,kaskus,2015-04-24 16:28:24,efek,overlap,"[""efek""]"
606__0,606,0,kaskus,2015-04-24 10:40:32,solusi,overlap,"[""solusi""]"
606__1,606,1,kaskus,2015-04-24 10:40:32,akustik,overlap,"[""akustik"", ""search"", ""youtube"", ""teoakustikgitar"", ""tutorial""]"
607__0,607,0,kaskus,2015-04-24 10:20:03,indonesia,overlap,"[""indonesia"", ""negara""]"
607__1,607,1,kaskus,2015-04-24 10:20:03,pltp,overlap,"[""pltp""]"
607__2,607,2,kaskus,2015-04-24 10:20:03,pltn,overlap,"[""pltn""]"
607__3,607,3,kaskus,2015-04-24 10:20:03,font,overlap,"[""font""]"
608__0,608,0,kaskus,2015-04-24 10:03:14,kalimantan,overlap,"[""kalimantan""]"
608__1,608,1,kaskus,2015-04-24 10:03:14,matahari,overlap,"[""matahari"", ""panel"", ""kalimantan"", ""surya""]"
608__2,608,2,kaskus,2015-04-24 10:03:14,kalimantan,overlap,"[""kalimantan"", ""panel"", ""geothermal"", ""minyak"", ""gas""]"
608__3,608,3,kaskus,2015-04-24 10:03:14,minyak,overlap,"[""minyak"", ""gas"", ""geothermal"", ""pltp""]"
608__4,608,4,kaskus,2015-04-24 10:03:14,duit,overlap,"[""duit""]"
609__0,609,0,kaskus,2015-04-24 09:53:47,informasi,overlap,"[""informasi""]"
609__1,609,1,kaskus,2015-04-24 09:53:47,sayang,rb,"[""sayang"", ""bumi""]"
609__2,609,2,kaskus,2015-04-24 09:53:47,gas,overlap,"[""gas"", ""listrik"", ""warga"", ""pemerintah""]"
610__0,610,0,kaskus,2015-04-23 23:23:23,tanah,overlap,"[""tanah""]"
611__0,611,0,kaskus,2015-04-23 23:22:08,wilayah,overlap,"[""wilayah"", ""jawa""]"
612__0,612,0,kaskus,2015-04-23 22:15:11,pulau,overlap,"[""pulau"", ""kalimantan"", ""pltp""]"
613__0,613,0,kaskus,2015-04-23 22:12:10,tanah,overlap,"[""tanah""]"
614__0,614,0,kaskus,2015-04-23 22:12:08,pltp,overlap,"[""pltp""]"
615__0,615,0,kaskus,2015-04-23 19:10:33,energi,overlap,"[""energi"", ""sumber""]"
616__0,616,0,kaskus,2015-04-23 19:01:01,wawasan,overlap,"[""wawasan"", ""pengetahuan"", ""1thumbup""]"
617__0,617,0,kaskus,2015-04-23 17:24:19,pltp,overlap,"[""pltp"", ""gunung""]"
617__1,617,1,kaskus,2015-04-23 17:24:19,energi,overlap,"[""energi""]"
618__0,618,0,kaskus,2015-04-23 17:11:13,geothermal,overlap,"[""geothermal"", ""perusahaan""]"
618__1,618,1,kaskus,2015-04-23 17:11:13,,empty,[]
619__0,619,0,kaskus,2015-04-23 17:08:42,ampun,overlap,"[""ampun""]"
619__1,619,1,kaskus,2015-04-23 17:08:42,pertamax,overlap,"[""pertamax""]"
620__0,620,0,kaskus,2015-04-23 17:06:04,2thumbup,overlap,"[""2thumbup"", ""pencemaran""]"
621__0,621,0,kaskus,2015-04-23 17:01:08,pltp,overlap,"[""pltp"", ""pemerintah""]"
622__0,622,0,kaskus,2015-04-23 16:52:10,bagus energi,rb,"[""bagus energi""]"
622__1,622,1,kaskus,2015-04-23 16:52:10,perawatan murah,rb,"[""perawatan murah"", ""rekan"", ""bumi"", ""yaaaa""]"
623__0,623,0,kaskus,2015-04-23 16:41:49,produksi,overlap,"[""produksi"", ""lokasi""]"
623__1,623,1,kaskus,2015-04-23 16:41:49,murah,rb,"[""murah""]"
624__0,624,0,kaskus,2015-04-23 16:37:58,tarif murah,rb,"[""tarif murah"", ""tarif""]"
625__0,625,0,kaskus,2015-04-23 16:37:48,pltp,overlap,"[""pltp""]"
626__0,626,0,kaskus,2015-04-23 16:36:43,pertamax,rb,"[""pertamax""]"
627__0,627,0,kaskus,2015-04-23 16:23:09,alternatif,overlap,"[""alternatif"", ""listrik""]"
628__0,628,0,kaskus,2015-04-23 16:22:07,tenaga panas bumi,rb,"[""tenaga panas bumi"", ""bumi"", ""pertamax""]"
629__0,629,0,kaskus,2022-09-20 13:09:49,persen,overlap,"[""persen"", ""pemakaian""]"
630__0,630,0,kaskus,2022-05-04 13:57:56,img,overlap,"[""img""]"
631__0,631,0,kaskus,2022-05-04 13:30:53,listrik,overlap,"[""listrik""]"
631__1,631,1,kaskus,2022-05-04 13:30:53,bakar,overlap,"[""bakar""]"
631__2,631,2,kaskus,2022-05-04 13:30:53,gas induksi paralel,rb,"[""gas induksi paralel"", ""induksi"", ""wajib"", ""zero padam""]"
631__3,631,3,kaskus,2022-05-04 13:30:53,pln,overlap,"[""pln"", ""panel"", ""energi"", ""rumah""]"
631__4,631,4,kaskus,2022-05-04 13:30:53,berani,rb,"[""berani""]"
632__0,632,0,kaskus,2022-05-04 12:36:19,listrik,overlap,"[""listrik""]"
632__1,632,1,kaskus,2022-05-04 12:36:19,gas,overlap,"[""gas"", ""indonesia""]"
632__2,632,2,kaskus,2022-05-04 12:36:19,gas,overlap,"[""gas"", ""natural"", ""impor""]"
633__0,633,0,kaskus,2022-05-04 12:04:50,surya,overlap,"[""surya"", ""kwh""]"
634__0,634,0,kaskus,2022-05-04 11:55:26,tabrakan,rb,"[""tabrakan"", ""program pgn"", ""pgn"", ""jalur pipa langsung"", ""pipa gas""]"
635__0,635,0,kaskus,2022-05-04 11:09:12,energi,overlap,"[""energi""]"
636__0,636,0,kaskus,2022-05-04 10:50:08,ngelawak,rb,"[""ngelawak"", ""harga listrik"", ""listrik"", ""kwh"", ""kompor listrik mahal""]"
636__1,636,1,kaskus,2022-05-04 10:50:08,listrik,overlap,"[""listrik"", ""kwh""]"
636__2,636,2,kaskus,2022-05-04 10:50:08,jam,rb,"[""jam""]"
636__3,636,3,kaskus,2022-05-04 10:50:08,listrik,unsup,"[""listrik""]"
636__4,636,4,kaskus,2022-05-04 10:50:08,jam,unsup,"[""jam""]"
637__0,637,0,kaskus,2022-07-09 21:39:23,keputusan,rb,"[""keputusan"", ""beijing""]"
638__0,638,0,kaskus,2022-07-09 21:24:50,duit,rb,"[""duit"", ""menguntungkan pribadi"", ""ruu cipataker"", ""cipataker"", ""sponsor""]"
639__0,639,0,kaskus,2022-07-09 20:10:40,janji palsu transisi,rb,"[""janji palsu transisi"", ""transisi energi"", ""energi""]"
639__1,639,1,kaskus,2022-07-09 20:10:40,janjimu,overlap,"[""janjimu"", ""jambu""]"
639__2,639,2,kaskus,2022-07-09 20:10:40,band,overlap,"[""band"", ""jambu"", ""song""]"
640__0,640,0,kaskus,2022-07-09 19:43:26,terbarukan,overlap,"[""terbarukan""]"
640__1,640,1,kaskus,2022-07-09 19:43:26,urusan nama,rb,"[""urusan nama"", ""nama"", ""urusan""]"
640__2,640,2,kaskus,2022-07-09 19:43:26,batubara,overlap,"[""batubara""]"
640__3,640,3,kaskus,2022-07-09 19:43:26,energi,overlap,"[""energi"", ""nuklir""]"
640__4,640,4,kaskus,2022-07-09 19:43:26,batubara,overlap,"[""batubara"", ""lingkungan""]"
640__5,640,5,kaskus,2022-07-09 19:43:26,angin,overlap,"[""angin"", ""panel"", ""bahan""]"
640__6,640,6,kaskus,2022-07-09 19:43:26,amerika,overlap,"[""amerika"", ""jepang""]"
640__7,640,7,kaskus,2022-07-09 19:43:26,efisiensi,overlap,"[""efisiensi"", ""surya""]"
640__8,640,8,kaskus,2022-07-09 19:43:26,angin,overlap,"[""angin"", ""lahan"", ""negara""]"
640__9,640,9,kaskus,2022-07-09 19:43:26,skala,overlap,"[""skala"", ""industri""]"
640__10,640,10,kaskus,2022-07-09 19:43:26,angin,overlap,"[""angin"", ""surya"", ""kebutuhan""]"
640__11,640,11,kaskus,2022-07-09 19:43:26,energi,overlap,"[""energi"", ""terbarukan"", ""industri"", ""eropa""]"
640__12,640,12,kaskus,2022-07-09 19:43:26,lingkungan,overlap,"[""lingkungan"", ""ebt"", ""ahli""]"
640__13,640,13,kaskus,2022-07-09 19:43:26,ahli,overlap,"[""ahli"", ""ebt""]"
640__14,640,14,kaskus,2022-07-09 19:43:26,dpr,rb,"[""dpr""]"
641__0,641,0,kaskus,2022-07-09 17:58:48,sepert,rb,"[""sepert""]"
641__1,641,1,kaskus,2022-07-09 17:58:48,bumi,overlap,"[""bumi""]"
641__2,641,2,kaskus,2022-07-09 17:58:48,cerita,overlap,"[""cerita""]"
641__3,641,3,kaskus,2022-07-09 17:58:48,negara,overlap,"[""negara"", ""indonesia""]"
641__4,641,4,kaskus,2022-07-09 17:58:48,indonesia,overlap,"[""indonesia""]"
641__5,641,5,kaskus,2022-07-09 17:58:48,name,overlap,"[""name""]"
641__6,641,6,kaskus,2022-07-09 17:58:48,daging,overlap,"[""daging"", ""gula"", ""garam"", ""bawang"", ""gandum""]"
641__7,641,7,kaskus,2022-07-09 17:58:48,disitu,rb,"[""disitu"", ""strategi"", ""kekuatan asing""]"
642__0,642,0,kaskus,2024-01-19 12:58:09,rakyat,overlap,"[""rakyat""]"
643__0,643,0,kaskus,2024-01-19 10:53:11,listrik,overlap,"[""listrik"", ""investasi""]"
643__1,643,1,kaskus,2024-01-19 10:53:11,pengangguran,rb,"[""pengangguran"", ""pencinta bokep"", ""bokep"", ""houthi"", ""pencinta""]"
644__0,644,0,kaskus,2024-01-19 10:32:58,pakde,overlap,"[""pakde"", ""boomers""]"
645__0,645,0,kaskus,2024-01-19 10:28:27,industri,overlap,"[""industri""]"
645__1,645,1,kaskus,2024-01-19 10:28:27,pajekin,rb,"[""pajekin"", ""pabrik"", ""emisi co2"", ""co2""]"
646__0,646,0,kaskus,2024-01-19 10:03:18,pajak medsos,rb,"[""pajak medsos"", ""medsos"", ""chatting"", ""karakter"", ""gambar""]"
647__0,647,0,kaskus,2024-01-19 09:57:24,energi,overlap,"[""energi""]"
647__1,647,1,kaskus,2024-01-19 09:57:24,surya,overlap,"[""surya"", ""power"", ""baterai""]"
648__0,648,0,kaskus,2024-01-19 09:38:46,delman,overlap,"[""delman"", ""purba"", ""kuda"", ""zaman""]"
649__0,649,0,kaskus,2024-01-19 09:34:09,karbon,overlap,"[""karbon"", ""pajak"", ""sektor""]"
649__1,649,1,kaskus,2024-01-19 09:34:09,masyarakat,overlap,"[""masyarakat"", ""harga""]"
649__2,649,2,kaskus,2024-01-19 09:34:09,lingkungan,overlap,"[""lingkungan""]"
649__3,649,3,kaskus,2024-01-19 09:34:09,karbon,overlap,"[""karbon""]"
650__0,650,0,kaskus,2024-01-19 09:26:42,harga,overlap,"[""harga"", ""baterai""]"
650__1,650,1,kaskus,2024-01-19 09:26:42,angkutan,rb,"[""angkutan"", ""wasting time"", ""time"", ""dana"", ""wasting""]"
650__2,650,2,kaskus,2024-01-19 09:26:42,bensin,overlap,"[""bensin"", ""mesin""]"
651__0,651,0,kaskus,2024-01-19 08:57:55,masyarakat,overlap,"[""masyarakat"", ""pajak""]"
652__0,652,0,kaskus,2024-01-19 08:55:18,pajak,overlap,"[""pajak""]"
652__1,652,1,kaskus,2024-01-19 08:55:18,nyang,rb,"[""nyang"", ""moblis jutak"", ""jutak"", ""subsidi miskin"", ""blt""]"
653__0,653,0,kaskus,2024-01-19 08:30:48,mobil,rb,"[""mobil"", ""ev""]"
654__0,654,0,kaskus,2024-01-19 08:24:17,ide bagus pelit,rb,"[""ide bagus pelit"", ""pengusaha pengguna"", ""pengguna truk"", ""truk bus"", ""bus""]"
655__0,655,0,kaskus,2024-01-19 08:22:17,rakyat,overlap,"[""rakyat""]"
655__1,655,1,kaskus,2024-01-19 08:22:17,majunya,rb,"[""majunya""]"
656__0,656,0,kaskus,2024-01-19 08:14:55,pajak,overlap,"[""pajak"", ""pemerintah""]"
657__0,657,0,kaskus,2024-01-19 07:44:06,next pajak,rb,"[""next pajak"", ""pajak sampah"", ""sampah""]"
658__0,658,0,kaskus,2024-01-19 07:36:33,fasilitas,overlap,"[""fasilitas"", ""sosialisasi""]"
658__1,658,1,kaskus,2024-01-19 07:36:33,emisi,overlap,"[""emisi"", ""jakarta""]"
659__0,659,0,kaskus,2017-09-05 13:23:27,baterai,overlap,"[""baterai""]"
660__0,660,0,kaskus,2017-09-04 21:08:55,baterai,overlap,"[""baterai""]"
660__1,660,1,kaskus,2017-09-04 21:08:55,sistem,overlap,"[""sistem"", ""skala"", ""baterai""]"
660__2,660,2,kaskus,2017-09-04 21:08:55,url,overlap,"[""url""]"
660__3,660,3,kaskus,2017-09-04 21:08:55,pembangkit,overlap,"[""pembangkit""]"
660__4,660,4,kaskus,2017-09-04 21:08:55,pulau,overlap,"[""pulau""]"
660__5,660,5,kaskus,2017-09-04 21:08:55,infrastruktur,overlap,"[""infrastruktur""]"
661__0,661,0,kaskus,2017-09-04 11:13:14,energi,overlap,"[""energi""]"
661__1,661,1,kaskus,2017-09-04 11:13:14,dunia,overlap,"[""dunia""]"
661__2,661,2,kaskus,2017-09-04 11:13:14,dunia,overlap,"[""dunia"", ""cadangan"", ""energi""]"
661__3,661,3,kaskus,2017-09-04 11:13:14,yikes,overlap,"[""yikes""]"
662__0,662,0,kaskus,2017-09-04 10:54:52,kulkas juragaan,rb,"[""kulkas juragaan"", ""juragaan"", ""kulkas""]"
663__0,663,0,kaskus,2017-09-04 10:51:57,indonesia,overlap,"[""indonesia""]"
664__0,664,0,kaskus,2017-09-04 09:56:25,energi,overlap,"[""energi""]"
665__0,665,0,kaskus,2017-09-04 00:27:15,air,overlap,"[""air""]"
665__1,665,1,kaskus,2017-09-04 00:27:15,jalan banjir,rb,"[""jalan banjir"", ""banjir""]"
666__0,666,0,kaskus,2017-09-03 23:12:25,prospek,overlap,"[""prospek"", ""2thumbup"", ""halangan"", ""kesejahteraan""]"
667__0,667,0,kaskus,2017-09-03 22:46:49,plta,overlap,"[""plta""]"
668__0,668,0,kaskus,2017-09-03 22:15:37,jerman,overlap,"[""jerman"", ""nuklir"", ""solusi""]"
668__1,668,1,kaskus,2017-09-03 22:15:37,nuklir,overlap,"[""nuklir"", ""matahari"", ""tenaga""]"
668__2,668,2,kaskus,2017-09-03 22:15:37,energi,overlap,"[""energi"", ""baterai"", ""negara"", ""pengembangan""]"
668__3,668,3,kaskus,2017-09-03 22:15:37,daerah,overlap,"[""daerah"", ""negara""]"
669__0,669,0,kaskus,2017-09-03 21:03:49,pemerintah,overlap,"[""pemerintah""]"
670__0,670,0,kaskus,2017-09-03 21:02:42,teknologi,overlap,"[""teknologi""]"
671__0,671,0,kaskus,2023-02-14 07:34:50,karbon,overlap,"[""karbon"", ""subsidi"", ""masyarakat""]"
672__0,672,0,kaskus,2023-02-13 20:48:16,yono,overlap,"[""yono""]"
672__1,672,1,kaskus,2023-02-13 20:48:16,pajak,overlap,"[""pajak""]"
673__0,673,0,kaskus,2023-02-13 20:38:26,zero,overlap,"[""zero"", ""emission""]"
673__1,673,1,kaskus,2023-02-13 20:38:26,manusia,overlap,"[""manusia"", ""energi""]"
673__2,673,2,kaskus,2023-02-13 20:38:26,laut,overlap,"[""laut"", ""energi""]"
674__0,674,0,kaskus,2023-02-13 18:11:57,kentut,overlap,"[""kentut"", ""sri""]"
675__0,675,0,kaskus,2023-02-13 16:57:19,konsumen,rb,"[""konsumen""]"
676__0,676,0,kaskus,2023-02-13 16:50:05,karbon,overlap,"[""karbon"", ""gas""]"
677__0,677,0,kaskus,2023-02-13 16:28:01,pln,overlap,"[""pln"", ""karbon"", ""pajak""]"
678__0,678,0,kaskus,2023-02-13 16:25:31,karbon,overlap,"[""karbon"", ""pajak""]"
679__0,679,0,kaskus,2023-02-13 15:39:16,industri otomotif,rb,"[""industri otomotif"", ""otomotif""]"
679__1,679,1,kaskus,2023-02-13 15:39:16,pajak,overlap,"[""pajak"", ""harga""]"
679__2,679,2,kaskus,2023-02-13 15:39:16,bbm,overlap,"[""bbm"", ""industri"", ""subsidi""]"
679__3,679,3,kaskus,2023-02-13 15:39:16,pajak,overlap,"[""pajak""]"
679__4,679,4,kaskus,2023-02-13 15:39:16,pajak,overlap,"[""pajak"", ""harga""]"
680__0,680,0,kaskus,2023-02-13 14:32:24,pajak,overlap,"[""pajak""]"
681__0,681,0,kaskus,2023-02-13 14:31:48,kencing,overlap,"[""kencing"", ""istri"", ""ngenthood""]"
682__0,682,0,kaskus,2023-02-13 14:14:56,pajak,overlap,"[""pajak"", ""batubara""]"
682__1,682,1,kaskus,2023-02-13 14:14:56,pajak,overlap,"[""pajak""]"
682__2,682,2,kaskus,2023-02-13 14:14:56,rakyat,overlap,"[""rakyat""]"
683__0,683,0,kaskus,2023-02-13 13:48:47,pajak,overlap,"[""pajak""]"
684__0,684,0,kaskus,2023-02-13 13:46:55,karbon,overlap,"[""karbon""]"
685__0,685,0,kaskus,2023-02-13 18:32:45,mul,overlap,"[""mul""]"
685__1,685,1,kaskus,2023-02-13 18:32:45,industri,overlap,"[""industri""]"
686__0,686,0,kaskus,2021-11-18 12:43:52,,empty,[]
686__1,686,1,kaskus,2021-11-18 12:43:52,dasar,rb,"[""dasar""]"
686__2,686,2,kaskus,2021-11-18 12:43:52,karbon,overlap,"[""karbon""]"
686__3,686,3,kaskus,2021-11-18 12:43:52,air,overlap,"[""air""]"
686__4,686,4,kaskus,2021-11-18 12:43:52,,empty,[]
687__0,687,0,kaskus,2021-11-18 06:52:57,pemerintah,overlap,"[""pemerintah""]"
688__0,688,0,kaskus,2021-11-18 03:01:19,pajak,overlap,"[""pajak"", ""korupsi""]"
689__0,689,0,kaskus,2021-11-18 01:47:44,,empty,[]
690__0,690,0,kaskus,2021-11-17 17:28:39,bentar kentut dipajakin,rb,"[""bentar kentut dipajakin""]"
691__0,691,0,kaskus,2021-11-17 16:25:38,emisi,overlap,"[""emisi""]"
691__1,691,1,kaskus,2021-11-17 16:25:38,emisi,overlap,"[""emisi""]"
691__2,691,2,kaskus,2021-11-17 16:25:38,emisi,overlap,"[""emisi"", ""jalan""]"
691__3,691,3,kaskus,2021-11-17 16:25:38,emisi,overlap,"[""emisi"", ""uji"", ""jalur""]"
692__0,692,0,kaskus,2021-11-17 14:26:11,pajak,overlap,"[""pajak""]"
693__0,693,0,kaskus,2021-11-17 14:13:06,jawa,overlap,"[""jawa"", ""pajak""]"
694__0,694,0,kaskus,2021-11-17 14:11:07,lingkungan,overlap,"[""lingkungan"", ""bahaya""]"
694__1,694,1,kaskus,2021-11-17 14:11:07,goblog,rb,"[""goblog"", ""kampanye anti rokok"", ""rokok""]"
695__0,695,0,kaskus,2021-11-17 13:42:34,rakyat,overlap,"[""rakyat""]"
696__0,696,0,kaskus,2021-11-17 12:50:24,negara,overlap,"[""negara"", ""pajak"", ""warga""]"
696__1,696,1,kaskus,2021-11-17 12:50:24,korupsi,overlap,"[""korupsi""]"
696__2,696,2,kaskus,2021-11-17 12:50:24,berani,rb,"[""berani""]"
697__0,697,0,kaskus,2021-11-17 11:49:45,pemerintah,overlap,"[""pemerintah""]"
697__1,697,1,kaskus,2021-11-17 11:49:45,,empty,[]
698__0,698,0,kaskus,2021-11-17 10:55:35,pool,overlap,"[""pool""]"
698__1,698,1,kaskus,2021-11-17 10:55:35,warga,overlap,"[""warga""]"
699__0,699,0,kaskus,2021-11-17 10:49:15,lingkungan,overlap,"[""lingkungan""]"
699__1,699,1,kaskus,2021-11-17 10:49:15,rekayasa,overlap,"[""rekayasa""]"
699__2,699,2,kaskus,2021-11-17 10:49:15,bumi,overlap,"[""bumi""]"
700__0,700,0,kaskus,2021-11-17 10:25:05,pajak,overlap,"[""pajak""]"
701__0,701,0,kaskus,2021-11-17 10:22:33,negara,overlap,"[""negara"", ""pajak""]"
702__0,702,0,kaskus,2021-11-17 10:22:26,jalan,overlap,"[""jalan""]"
703__0,703,0,kaskus,2021-11-17 10:17:19,industri,overlap,"[""industri""]"
703__1,703,1,kaskus,2021-11-17 10:17:19,ev,rb,"[""ev"", ""konsumen"", ""bisnis sparepart"", ""sparepart"", ""servixe rutin""]"
704__0,704,0,kaskus,2021-11-17 09:48:29,batubara,overlap,"[""batubara""]"
705__0,705,0,kaskus,2021-11-17 09:44:39,baca,rb,"[""baca""]"
706__0,706,0,kaskus,2021-11-17 09:42:36,pajak,overlap,"[""pajak""]"
706__1,706,1,kaskus,2021-11-17 09:42:36,pajak,overlap,"[""pajak"", ""negeri"", ""negara""]"
706__2,706,2,kaskus,2021-11-17 09:42:36,hidup,overlap,"[""hidup"", ""pajak""]"
706__3,706,3,kaskus,2021-11-17 09:42:36,pajak,overlap,"[""pajak""]"
706__4,706,4,kaskus,2021-11-17 09:42:36,peruntukan,overlap,"[""peruntukan""]"
707__0,707,0,kaskus,2021-11-17 09:38:55,uji emisi bagus,rb,"[""uji emisi bagus"", ""emisi idenya"", ""idenya""]"
707__1,707,1,kaskus,2021-11-17 09:38:55,mobil,overlap,"[""mobil""]"
708__0,708,0,kaskus,2021-11-17 09:37:16,pltu,overlap,"[""pltu"", ""batubara"", ""karbon""]"
708__1,708,1,kaskus,2021-11-17 09:37:16,industri,overlap,"[""industri"", ""pltu"", ""karbon""]"
708__2,708,2,kaskus,2021-11-17 09:37:16,listrik,overlap,"[""listrik""]"
708__3,708,3,kaskus,2021-11-17 09:37:16,ora,rb,"[""ora""]"
708__4,708,4,kaskus,2021-11-17 09:37:16,ha,overlap,"[""ha""]"
709__0,709,0,kaskus,2021-11-17 09:31:36,minyak,overlap,"[""minyak"", ""karbon"", ""pajak""]"
710__0,710,0,kaskus,2021-11-17 09:31:03,pajak,overlap,"[""pajak"", ""indonesia""]"
710__1,710,1,kaskus,2021-11-17 09:31:03,rakyat,overlap,"[""rakyat"", ""rumah""]"
710__2,710,2,kaskus,2021-11-17 09:31:03,jalan,overlap,"[""jalan"", ""daerah""]"
710__3,710,3,kaskus,2021-11-17 09:31:03,korupsi,overlap,"[""korupsi""]"
710__4,710,4,kaskus,2021-11-17 09:31:03,kementerian agama,rb,"[""kementerian agama"", ""agama"", ""hibah"", ""mui"", ""subsidi haji""]"
710__5,710,5,kaskus,2021-11-17 09:31:03,negeri,overlap,"[""negeri""]"
710__6,710,6,kaskus,2021-11-17 09:31:03,,empty,[]
710__7,710,7,kaskus,2021-11-17 09:31:03,,empty,[]
711__0,711,0,kaskus,2021-11-17 09:29:18,pajak,overlap,"[""pajak""]"
711__1,711,1,kaskus,2021-11-17 09:29:18,co2,overlap,"[""co2""]"
711__2,711,2,kaskus,2021-11-17 09:29:18,smi,rb,"[""smi""]"
712__0,712,0,kaskus,2021-11-17 09:24:11,indonesia,overlap,"[""indonesia""]"
713__0,713,0,kaskus,2021-11-17 09:24:02,duit,overlap,"[""duit""]"
713__1,713,1,kaskus,2021-11-17 09:24:02,pepesan kosong,rb,"[""pepesan kosong"", ""kosong""]"
714__0,714,0,kaskus,2021-11-17 09:22:18,pajak,overlap,"[""pajak""]"
715__0,715,0,kaskus,2021-11-17 09:21:27,rakyat,overlap,"[""rakyat""]"
716__0,716,0,kaskus,2021-11-17 09:19:31,pajak,overlap,"[""pajak""]"
717__0,717,0,kaskus,2021-11-17 09:19:09,,empty,[]
717__1,717,1,kaskus,2021-11-17 09:19:09,deforestasi,overlap,"[""deforestasi""]"
717__2,717,2,kaskus,2021-11-17 09:19:09,korupsi,overlap,"[""korupsi""]"
718__0,718,0,kaskus,2021-11-17 09:16:52,jalan,overlap,"[""jalan""]"
718__1,718,1,kaskus,2021-11-17 09:16:52,laka ambulance,rb,"[""laka ambulance"", ""ambulance"", ""laka""]"
718__2,718,2,kaskus,2021-11-17 09:16:52,kir,overlap,"[""kir""]"
718__3,718,3,kaskus,2021-11-17 09:16:52,truk,overlap,"[""truk""]"
719__0,719,0,kaskus,2021-11-17 09:16:28,bumi,overlap,"[""bumi"", ""negara""]"
719__1,719,1,kaskus,2021-11-17 09:16:28,negara,overlap,"[""negara"", ""bumi""]"
719__2,719,2,kaskus,2021-11-17 09:16:28,suruh,rb,"[""suruh"", ""perbuatan kotor"", ""perbuatan""]"
719__3,719,3,kaskus,2021-11-17 09:16:28,berani,rb,"[""berani""]"
720__0,720,0,kaskus,2021-11-17 09:16:24,brati,overlap,"[""brati"", ""plastik"", ""sampah""]"
720__1,720,1,kaskus,2021-11-17 09:16:24,pajak,overlap,"[""pajak""]"
721__0,721,0,kaskus,2021-11-17 09:15:56,duit,overlap,"[""duit""]"
721__1,721,1,kaskus,2021-11-17 09:15:56,penelitian energi,rb,"[""penelitian energi"", ""energi terbarukan""]"
721__2,721,2,kaskus,2021-11-17 09:15:56,pltn,overlap,"[""pltn""]"
721__3,721,3,kaskus,2021-11-17 09:15:56,hutan,overlap,"[""hutan""]"
721__4,721,4,kaskus,2021-11-17 09:15:56,pegawai,rb,"[""pegawai""]"
722__0,722,0,kaskus,2021-11-17 09:11:56,pajak,overlap,"[""pajak"", ""sistem""]"
722__1,722,1,kaskus,2021-11-17 09:11:56,pengawasan,rb,"[""pengawasan"", ""memble""]"
723__0,723,0,kaskus,2023-02-09 06:01:38,negara,overlap,"[""negara"", ""efisiensi""]"
723__1,723,1,kaskus,2023-02-09 06:01:38,rakyat,overlap,"[""rakyat"", ""pajak""]"
723__2,723,2,kaskus,2023-02-09 06:01:38,pejabat,overlap,"[""pejabat"", ""lhknya""]"
723__3,723,3,kaskus,2023-02-09 06:01:38,gaya hidup,rb,"[""gaya hidup"", ""hidup"", ""pratama"", ""gaya""]"
723__4,723,4,kaskus,2023-02-09 06:01:38,pns,overlap,"[""pns"", ""kasih"", ""xenia"", ""nmax""]"
723__5,723,5,kaskus,2023-02-09 06:01:38,kasih,overlap,"[""kasih""]"
723__6,723,6,kaskus,2023-02-09 06:01:38,pajak kendaraan,rb,"[""pajak kendaraan"", ""kendaraan""]"
723__7,723,7,kaskus,2023-02-09 06:01:38,subsidi mobil,rb,"[""subsidi mobil"", ""mobil listrik"", ""listrik""]"
723__8,723,8,kaskus,2023-02-09 06:01:38,bodoh tolol,rb,"[""bodoh tolol""]"
723__9,723,9,kaskus,2023-02-09 06:01:38,subsidi,overlap,"[""subsidi""]"
723__10,723,10,kaskus,2023-02-09 06:01:38,,empty,[]
724__0,724,0,kaskus,2023-02-08 21:02:29,pajak,overlap,"[""pajak""]"
725__0,725,0,kaskus,2023-02-08 20:57:48,karbon,overlap,"[""karbon"", ""pajak""]"
726__0,726,0,kaskus,2023-02-08 20:49:54,globalis,overlap,"[""globalis"", ""pengangguran"", ""caplin"", ""wowok"", ""fokus""]"
726__1,726,1,kaskus,2023-02-08 20:49:54,bohir,overlap,"[""bohir"", ""luhut"", ""wowok"", ""salim"", ""wilmar""]"
727__0,727,0,kaskus,2023-02-08 20:48:42,karbon,overlap,"[""karbon"", ""teknologi""]"
727__1,727,1,kaskus,2023-02-08 20:48:42,menkeu,overlap,"[""menkeu"", ""peras"", ""lulusan"", ""illinois"", ""desa""]"
728__0,728,0,kaskus,2023-02-08 19:20:55,pajak,overlap,"[""pajak""]"
729__0,729,0,kaskus,2023-02-08 19:13:16,musnahin bbm,rb,"[""musnahin bbm"", ""bbm surya"", ""surya busuk"", ""bensin oktan"", ""oktan rendah""]"
729__1,729,1,kaskus,2023-02-08 19:13:16,subsidi,overlap,"[""subsidi"", ""bbm""]"
729__2,729,2,kaskus,2023-02-08 19:13:16,motoran,overlap,"[""motoran"", ""solbus""]"
729__3,729,3,kaskus,2023-02-08 19:13:16,modifan,overlap,"[""modifan""]"
729__4,729,4,kaskus,2023-02-08 19:13:16,diesel,overlap,"[""diesel"", ""modif""]"
730__0,730,0,kaskus,2023-02-08 18:56:44,kentut,rb,"[""kentut"", ""besok hidung"", ""hidung"", ""alat"", ""pajak olxigen""]"
730__1,730,1,kaskus,2023-02-08 18:56:44,menteri,overlap,"[""menteri"", ""peras""]"
731__0,731,0,kaskus,2023-02-08 18:41:07,pajak,overlap,"[""pajak""]"
732__0,732,0,kaskus,2023-02-08 18:40:59,pajak,overlap,"[""pajak""]"
733__0,733,0,kaskus,2021-06-06 10:58:39,pajak,overlap,"[""pajak""]"
734__0,734,0,kaskus,2021-06-06 10:51:34,pemerintah,overlap,"[""pemerintah""]"
735__0,735,0,kaskus,2021-06-06 04:13:57,pajak,overlap,"[""pajak""]"
736__0,736,0,kaskus,2021-06-05 23:07:44,harga,overlap,"[""harga"", ""listrik"", ""ebt"", ""alternatif""]"
736__1,736,1,kaskus,2021-06-05 23:07:44,mahosiswa karbitan,rb,"[""mahosiswa karbitan"", ""karbitan"", ""tag pemerintah"", ""pemerintah diam"", ""diam""]"
737__0,737,0,kaskus,2021-06-05 22:30:09,masyarakat,overlap,"[""masyarakat"", ""lahan""]"
737__1,737,1,kaskus,2021-06-05 22:30:09,lahan,overlap,"[""lahan""]"
737__2,737,2,kaskus,2021-06-05 22:30:09,negara,overlap,"[""negara""]"
738__0,738,0,kaskus,2021-06-05 21:13:08,karbon,overlap,"[""karbon"", ""pajak""]"
739__0,739,0,kaskus,2021-06-05 21:01:49,pajak,overlap,"[""pajak""]"
740__0,740,0,kaskus,2021-06-05 20:58:15,pajak,overlap,"[""pajak""]"
741__0,741,0,kaskus,2021-06-05 20:55:41,manusia,overlap,"[""manusia"", ""karbon""]"
742__0,742,0,kaskus,2021-06-05 20:51:48,pajak,overlap,"[""pajak""]"
743__0,743,0,kaskus,2021-06-05 20:42:06,kasih,overlap,"[""kasih""]"
744__0,744,0,kaskus,2021-06-05 20:28:03,karbon,overlap,"[""karbon""]"
744__1,744,1,kaskus,2021-06-05 20:28:03,lahan,overlap,"[""lahan""]"
745__0,745,0,kaskus,2021-06-05 20:19:59,pemerintah,overlap,"[""pemerintah""]"
746__0,746,0,kaskus,2021-06-05 20:13:56,karbon,overlap,"[""karbon"", ""negara""]"
746__1,746,1,kaskus,2021-06-05 20:13:56,amerika,overlap,"[""amerika""]"
746__2,746,2,kaskus,2021-06-05 20:13:56,akuarium,overlap,"[""akuarium"", ""sea"", ""world"", ""motor""]"
747__0,747,0,kaskus,2021-06-05 20:13:47,karbon,overlap,"[""karbon"", ""pajak""]"
748__0,748,0,kaskus,2021-06-05 20:10:52,pajak,overlap,"[""pajak""]"
749__0,749,0,kaskus,2018-08-03 19:48:07,minyak,overlap,"[""minyak"", ""negara"", ""produksi""]"
750__0,750,0,kaskus,2018-08-03 13:14:38,,empty,[]
750__1,750,1,kaskus,2018-08-03 13:14:38,manis,rb,"[""manis""]"
750__2,750,2,kaskus,2018-08-03 13:14:38,kerja,overlap,"[""kerja"", ""perusahaan""]"
750__3,750,3,kaskus,2018-08-03 13:14:38,kerja perusahaan,rb,"[""kerja perusahaan"", ""perusahaan asing""]"
751__0,751,0,kaskus,2018-08-03 10:30:07,kaya freeport,rb,"[""kaya freeport"", ""freeport pencitraan ujung2"", ""pencitraan"", ""ujung2""]"
751__1,751,1,kaskus,2018-08-03 10:30:07,smp,overlap,"[""smp"", ""pabrikan"", ""utang""]"
751__2,751,2,kaskus,2018-08-03 10:30:07,biaya,overlap,"[""biaya"", ""lingkungan""]"
751__3,751,3,kaskus,2018-08-03 10:30:07,pencitraan keblinger,rb,"[""pencitraan keblinger"", ""keblinger"", ""kerugian besar-besaran"", ""defisit perekonomian"", ""perekonomian negara""]"
752__0,752,0,kaskus,2018-08-03 10:28:22,pertamina,overlap,"[""pertamina"", ""negara""]"
752__1,752,1,kaskus,2018-08-03 10:28:22,negara,overlap,"[""negara"", ""tenaga"", ""cost""]"
752__2,752,2,kaskus,2018-08-03 10:28:22,gross,rb,"[""gross"", ""split"", ""internet""]"
753__0,753,0,kaskus,2018-08-03 10:25:41,pertamina,overlap,"[""pertamina""]"
753__1,753,1,kaskus,2018-08-03 10:25:41,pertamina,overlap,"[""pertamina""]"
754__0,754,0,kaskus,2018-08-03 08:54:57,roda,overlap,"[""roda"", ""tunjangan""]"
755__0,755,0,kaskus,2018-08-03 06:54:02,dunia,overlap,"[""dunia"", ""pertamina""]"
756__0,756,0,kaskus,2018-08-02 21:17:06,judul,rb,"[""judul"", ""salut""]"
756__1,756,1,kaskus,2018-08-02 21:17:06,ahli,overlap,"[""ahli""]"
756__2,756,2,kaskus,2018-08-02 21:17:06,rakyat,overlap,"[""rakyat""]"
757__0,757,0,kaskus,2018-08-02 17:58:30,pernyataan,overlap,"[""pernyataan""]"
757__1,757,1,kaskus,2018-08-02 17:58:30,energi,overlap,"[""energi"", ""pertamina"", ""negara""]"
757__2,757,2,kaskus,2018-08-02 17:58:30,pemerintah,overlap,"[""pemerintah"", ""negeri""]"
757__3,757,3,kaskus,2018-08-02 17:58:30,amanat,overlap,"[""amanat"", ""uud""]"
758__0,758,0,kaskus,2018-08-02 14:06:35,kontrak,rb,"[""kontrak""]"
759__0,759,0,kaskus,2018-08-02 13:34:35,pertamina,overlap,"[""pertamina"", ""pemerintah""]"
759__1,759,1,kaskus,2018-08-02 13:34:35,pemerintah,overlap,"[""pemerintah"", ""pertamina""]"
760__0,760,0,kaskus,2018-08-02 13:33:00,tanah,overlap,"[""tanah"", ""hasil""]"
760__1,760,1,kaskus,2018-08-02 13:33:00,tanah,overlap,"[""tanah"", ""milik"", ""siyh""]"
760__2,760,2,kaskus,2018-08-02 13:33:00,pertamina,overlap,"[""pertamina""]"
760__3,760,3,kaskus,2018-08-02 13:33:00,pertamina,overlap,"[""pertamina"", ""gas""]"
761__0,761,0,kaskus,2018-08-02 13:21:52,nepotisme,overlap,"[""nepotisme"", ""praktek""]"
762__0,762,0,kaskus,2018-08-02 13:11:34,dear,overlap,"[""dear"", ""fitriasarina"", ""sharing"", ""pengertian""]"
762__1,762,1,kaskus,2018-08-02 13:11:34,perusahaan,overlap,"[""perusahaan""]"
762__2,762,2,kaskus,2018-08-02 13:11:34,produksi,overlap,"[""produksi""]"
762__3,762,3,kaskus,2018-08-02 13:11:34,anw,overlap,"[""anw""]"
763__0,763,0,kaskus,2018-08-02 13:08:54,pertamina mantap,rb,"[""pertamina mantap""]"
764__0,764,0,kaskus,2018-08-02 13:04:08,pemerintah,overlap,"[""pemerintah""]"
765__0,765,0,kaskus,2018-08-02 12:48:44,hasil,overlap,"[""hasil"", ""pemerintah"", ""pertamina""]"
765__1,765,1,kaskus,2018-08-02 12:48:44,negara,overlap,"[""negara""]"
765__2,765,2,kaskus,2018-08-02 12:48:44,2thumbup,overlap,"[""2thumbup""]"
766__0,766,0,kaskus,2018-08-02 12:46:19,indonesia,overlap,"[""indonesia""]"
767__0,767,0,kaskus,2018-08-02 12:43:08,chevron,overlap,"[""chevron"", ""pemerintahan"", ""jokowi"", ""mahakam"", ""2thumbup""]"
768__0,768,0,kaskus,2018-08-02 12:41:07,bodoh,overlap,"[""bodoh""]"
769__0,769,0,kaskus,2018-08-02 12:35:52,minyak,overlap,"[""minyak""]"
770__0,770,0,kaskus,2018-08-02 12:12:57,pertamina,overlap,"[""pertamina""]"
771__0,771,0,kaskus,2018-08-02 11:43:18,production,overlap,"[""production"", ""sharing"", ""contract"", ""psc""]"
771__1,771,1,kaskus,2018-08-02 11:43:18,kerja,overlap,"[""kerja""]"
772__0,772,0,kaskus,2018-08-02 11:28:51,politik,overlap,"[""politik"", ""pertamina"", ""indonesia""]"
773__0,773,0,kaskus,2018-08-02 11:27:47,indonesia,overlap,"[""indonesia"", ""rakyat""]"
774__0,774,0,kaskus,2018-08-02 11:04:36,cpi,overlap,"[""cpi"", ""bumn"", ""migrasi"", ""pegawai""]"
775__0,775,0,kaskus,2018-08-02 10:54:38,awam,rb,"[""awam""]"
776__0,776,0,kaskus,2018-08-02 10:53:26,milik,overlap,"[""milik""]"
777__0,777,0,kaskus,2018-08-02 10:48:45,duitny,rb,"[""duitny"", ""megatron""]"
778__0,778,0,kaskus,2018-08-02 10:41:45,sisa,overlap,"[""sisa"", ""barrel""]"
779__0,779,0,kaskus,2018-08-02 10:39:57,proposal,overlap,"[""proposal""]"
779__1,779,1,kaskus,2018-08-02 10:39:57,pertamina,overlap,"[""pertamina""]"
780__0,780,0,kaskus,2018-08-02 10:38:41,yaah,rb,"[""yaah"", ""untung"", ""buntung""]"
781__0,781,0,kaskus,2018-08-02 10:37:48,,empty,[]
782__0,782,0,kaskus,2018-08-02 10:33:56,merebut,rb,"[""merebut""]"
782__1,782,1,kaskus,2018-08-02 10:33:56,minyak,overlap,"[""minyak"", ""negara""]"
783__0,783,0,kaskus,2018-08-02 10:32:52,korupsi,overlap,"[""korupsi""]"
784__0,784,0,kaskus,2018-08-02 10:31:59,hasil,overlap,"[""hasil""]"
784__1,784,1,kaskus,2018-08-02 10:31:59,size,overlap,"[""size""]"
785__0,785,0,kaskus,2018-08-02 10:24:55,indonesia,overlap,"[""indonesia""]"
785__1,785,1,kaskus,2018-08-02 10:24:55,negara,overlap,"[""negara""]"
786__0,786,0,kaskus,2018-08-02 10:22:28,indonesia,overlap,"[""indonesia""]"
786__1,786,1,kaskus,2018-08-02 10:22:28,indonesia,overlap,"[""indonesia"", ""center""]"
786__2,786,2,kaskus,2018-08-02 10:22:28,informasi,overlap,"[""informasi""]"
787__0,787,0,kaskus,2018-08-02 10:20:59,angka,overlap,"[""angka""]"
788__0,788,0,kaskus,2018-08-02 09:59:24,mantap pertamina,rb,"[""mantap pertamina""]"
789__0,789,0,kaskus,2018-08-02 09:41:41,buka,rb,"[""buka"", ""tumben""]"
789__1,789,1,kaskus,2018-08-02 09:41:41,pilpres,overlap,"[""pilpres""]"
790__0,790,0,kaskus,2018-08-02 09:30:05,blok,rb,"[""blok""]"
790__1,790,1,kaskus,2018-08-02 09:30:05,mafia,rb,"[""mafia"", ""oknum"", ""sektor migas"", ""migas""]"
790__2,790,2,kaskus,2018-08-02 09:30:05,easy,rb,"[""easy"", ""money"", ""dirty"", ""bule"", ""ujung2""]"
790__3,790,3,kaskus,2018-08-02 09:30:05,rakyat,overlap,"[""rakyat""]"
791__0,791,0,kaskus,2018-08-02 09:28:54,aset nasional,rb,"[""aset nasional"", ""perusahaan nasional"", ""asing"", ""rugi bandar"", ""bandar""]"
792__0,792,0,kaskus,2018-08-02 09:28:41,minyak,overlap,"[""minyak"", ""negara""]"
793__0,793,0,kaskus,2018-08-02 09:23:48,korupsi,overlap,"[""korupsi""]"
794__0,794,0,kaskus,2018-08-02 09:16:31,pemerintah,overlap,"[""pemerintah"", ""pertamina"", ""dampak""]"
795__0,795,0,kaskus,2018-08-02 09:13:45,,empty,[]
795__1,795,1,kaskus,2018-08-02 09:13:45,,empty,[]
795__2,795,2,kaskus,2018-08-02 09:13:45,korupsi,overlap,"[""korupsi"", ""dunia""]"
796__0,796,0,kaskus,2018-08-02 09:05:13,bbm,overlap,"[""bbm"", ""harga""]"
796__1,796,1,kaskus,2018-08-02 09:05:13,investasi,overlap,"[""investasi"", ""biaya""]"
797__0,797,0,kaskus,2018-08-02 09:04:20,energi,overlap,"[""energi""]"
798__0,798,0,kaskus,2018-08-02 08:59:49,negeri,overlap,"[""negeri""]"
799__0,799,0,kaskus,2018-08-02 08:57:53,,empty,[]
799__1,799,1,kaskus,2018-08-02 08:57:53,,empty,[]
799__2,799,2,kaskus,2018-08-02 08:57:53,publik,overlap,"[""publik""]"
799__3,799,3,kaskus,2018-08-02 08:57:53,img,overlap,"[""img""]"
800__0,800,0,kaskus,2018-08-02 08:57:30,respon,rb,"[""respon"", ""tabir kebenaran"", ""kebenaran"", ""tabir""]"
800__1,800,1,kaskus,2018-08-02 08:57:30,faedah,overlap,"[""faedah"", ""penguasa""]"
801__0,801,0,kaskus,2018-08-02 08:55:36,pertamina,overlap,"[""pertamina""]"
802__0,802,0,kaskus,2018-08-02 08:54:50,jalan,overlap,"[""jalan""]"
803__0,803,0,kaskus,2018-08-02 08:43:40,pertamina,overlap,"[""pertamina"", ""hasil""]"
804__0,804,0,kaskus,2018-08-02 08:41:28,pepatah,rb,"[""pepatah"", ""mbah sengkuni"", ""sengkuni"", ""lelah"", ""kolor""]"
804__1,804,1,kaskus,2018-08-02 08:41:28,penakut,overlap,"[""penakut"", ""semut"", ""gajah""]"
804__2,804,2,kaskus,2018-08-02 08:41:28,proses,overlap,"[""proses""]"
804__3,804,3,kaskus,2018-08-02 08:41:28,keringat bertahun-tahun,rb,"[""keringat bertahun-tahun"", ""bertahun-tahun"", ""literasi prof beda"", ""prof"", ""sengkuni""]"
804__4,804,4,kaskus,2018-08-02 08:41:28,daniel,overlap,"[""daniel"", ""saputro""]"
805__0,805,0,kaskus,2018-08-02 08:40:16,pertamina,overlap,"[""pertamina""]"
806__0,806,0,kaskus,2018-08-02 08:39:32,berita,overlap,"[""berita""]"
806__1,806,1,kaskus,2018-08-02 08:39:32,freeport,rb,"[""freeport"", ""persen.tapi"", ""petinggi freeport"", ""pinal"", ""petinggi""]"
806__2,806,2,kaskus,2018-08-02 08:39:32,berita,overlap,"[""berita""]"
806__3,806,3,kaskus,2018-08-02 08:39:32,pertamina,overlap,"[""pertamina""]"
807__0,807,0,kaskus,2018-08-02 08:33:29,minyak,overlap,"[""minyak""]"
808__0,808,0,kaskus,2018-08-02 08:29:50,,empty,[]
808__1,808,1,kaskus,2018-08-02 08:29:50,chauvinist,overlap,"[""chauvinist""]"
809__0,809,0,kaskus,2018-08-02 08:28:56,tercinta,rb,"[""tercinta"", ""rais"", ""kejang""]"
810__0,810,0,kaskus,2018-08-02 08:28:49,indonesia,overlap,"[""indonesia""]"
811__0,811,0,kaskus,2018-08-02 08:27:40,pertaminaaaa,overlap,"[""pertaminaaaa""]"
812__0,812,0,kaskus,2018-08-02 08:27:08,,empty,[]
813__0,813,0,kaskus,2018-08-02 08:25:28,indonesia,overlap,"[""indonesia""]"
814__0,814,0,kaskus,2018-08-01 10:09:02,jual,rb,"[""jual""]"
814__1,814,1,kaskus,2018-08-01 10:09:02,pertamina,overlap,"[""pertamina""]"
815__0,815,0,kaskus,2018-08-01 10:01:06,kerja,overlap,"[""kerja""]"
816__0,816,0,kaskus,2018-05-17 12:33:40,harga,overlap,"[""harga""]"
817__0,817,0,kaskus,2018-05-17 12:28:38,energi,overlap,"[""energi"", ""negeri"", ""sumber""]"
817__1,817,1,kaskus,2018-05-17 12:28:38,bbm,overlap,"[""bbm"", ""impor"", ""energi""]"
818__0,818,0,kaskus,2018-05-17 11:34:46,hore,overlap,"[""hore"", ""motor"", ""pedalaman"", ""pendatang"", ""mobil""]"
819__0,819,0,kaskus,2018-05-17 11:27:55,harga,overlap,"[""harga""]"
820__0,820,0,kaskus,2018-05-17 11:13:17,sia,overlap,"[""sia""]"
821__0,821,0,kaskus,2018-05-17 11:11:40,harga,overlap,"[""harga""]"
821__1,821,1,kaskus,2018-05-17 11:11:40,boro,overlap,"[""boro"", ""papua"", ""pertamini""]"
821__2,821,2,kaskus,2018-05-17 11:11:40,jakarta,overlap,"[""jakarta""]"
822__0,822,0,kaskus,2018-05-17 11:10:26,indonesia,overlap,"[""indonesia"", ""bbm"", ""pembangunan"", ""rakyat"", ""negara""]"
823__0,823,0,kaskus,2018-05-17 11:01:44,harga,overlap,"[""harga""]"
824__0,824,0,kaskus,2018-01-02 13:50:11,,empty,[]
824__1,824,1,kaskus,2018-01-02 13:50:11,bbm,overlap,"[""bbm"", ""harga""]"
824__2,824,2,kaskus,2018-01-02 13:50:11,wacana,overlap,"[""wacana"", ""istana""]"
825__0,825,0,kaskus,2018-01-02 13:49:29,dunia,overlap,"[""dunia"", ""harga""]"
826__0,826,0,kaskus,2018-01-02 13:43:41,buku,overlap,"[""buku""]"
826__1,826,1,kaskus,2018-01-02 13:43:41,bbm,overlap,"[""bbm""]"
826__2,826,2,kaskus,2018-01-02 13:43:41,bbm,overlap,"[""bbm""]"
827__0,827,0,kaskus,2017-05-30 14:25:41,berani berjudi,rb,"[""berani berjudi""]"
827__1,827,1,kaskus,2017-05-30 14:25:41,modal,rb,"[""modal"", ""blok""]"
828__0,828,0,kaskus,2017-05-30 14:22:21,indonesia,overlap,"[""indonesia""]"
829__0,829,0,kaskus,2017-05-30 14:21:32,janji,rb,"[""janji""]"
829__1,829,1,kaskus,2017-05-30 14:21:32,energi,overlap,"[""energi"", ""biaya""]"
829__2,829,2,kaskus,2017-05-30 14:21:32,jalan,overlap,"[""jalan""]"
830__0,830,0,kaskus,2017-05-30 14:19:09,energi,overlap,"[""energi""]"
831__0,831,0,kaskus,2017-05-30 14:13:17,energi,overlap,"[""energi""]"
831__1,831,1,kaskus,2017-05-30 14:13:17,pemerintah,overlap,"[""pemerintah""]"
832__0,832,0,kaskus,2014-04-21 11:48:25,,empty,[]
833__0,833,0,kaskus,2014-04-21 11:35:31,indonesia,overlap,"[""indonesia""]"
833__1,833,1,kaskus,2014-04-21 11:35:31,daerah,overlap,"[""daerah"", ""jakarta""]"
833__2,833,2,kaskus,2014-04-21 11:35:31,daerah,overlap,"[""daerah"", ""negeri""]"
833__3,833,3,kaskus,2014-04-21 11:35:31,aitis,rb,"[""aitis"", ""menteri koordinator"", ""koordinator bidang"", ""bidang perekonomian"", ""perekonomian hatta""]"
833__4,833,4,kaskus,2014-04-21 11:35:31,indonesia,overlap,"[""indonesia""]"
833__5,833,5,kaskus,2014-04-21 11:35:31,kota,overlap,"[""kota""]"
833__6,833,6,kaskus,2014-04-21 11:35:31,potensi,overlap,"[""potensi"", ""negara"", ""indonesia"", ""sumber"", ""dampak""]"
833__7,833,7,kaskus,2014-04-21 11:35:31,dampak,overlap,"[""dampak"", ""masyarakat"", ""daerah""]"
833__8,833,8,kaskus,2014-04-21 11:35:31,negara,overlap,"[""negara""]"
833__9,833,9,kaskus,2014-04-21 11:35:31,luas,overlap,"[""luas"", ""indonesia""]"
833__10,833,10,kaskus,2014-04-21 11:35:31,investasi,overlap,"[""investasi"", ""indonesia""]"
833__11,833,11,kaskus,2014-04-21 11:35:31,indonesia,overlap,"[""indonesia""]"
833__12,833,12,kaskus,2014-04-21 11:35:31,indonesia,overlap,"[""indonesia""]"
833__13,833,13,kaskus,2014-04-21 11:35:31,indonesia,overlap,"[""indonesia"", ""daya""]"
833__14,833,14,kaskus,2014-04-21 11:35:31,investasi,overlap,"[""investasi"", ""negeri""]"
833__15,833,15,kaskus,2014-04-21 11:35:31,pertumbuhan penanaman,rb,"[""pertumbuhan penanaman"", ""penanaman modal"", ""negeri pmdn"", ""pmdn"", ""tren pertumbuhan""]"
833__16,833,16,kaskus,2014-04-21 11:35:31,investasi,overlap,"[""investasi"", ""daerah"", ""indonesia"", ""dampak""]"
833__17,833,17,kaskus,2014-04-21 11:35:31,perkembangan,overlap,"[""perkembangan""]"
833__18,833,18,kaskus,2014-04-21 11:35:31,daerah,overlap,"[""daerah"", ""investasi"", ""pembangunan""]"
833__19,833,19,kaskus,2014-04-21 11:35:31,kota,overlap,"[""kota"", ""indonesia"", ""daerah""]"
833__20,833,20,kaskus,2014-04-21 11:35:31,img sumber,rb,"[""img sumber"", ""url"", ""sumber url""]"
834__0,834,0,kaskus,2014-03-18 12:21:47,listrik,overlap,"[""listrik"", ""batubara""]"
835__0,835,0,kaskus,2014-03-18 12:09:44,ir,overlap,"[""ir""]"
835__1,835,1,kaskus,2014-03-18 12:09:44,noor,overlap,"[""noor"", ""utara"", ""papua"", ""youtube"", ""cujr4tkxca0""]"
836__0,836,0,kaskus,2014-03-18 11:45:46,jakarta,overlap,"[""jakarta"", ""indonesia""]"
836__1,836,1,kaskus,2014-03-18 11:45:46,negara,overlap,"[""negara""]"
836__2,836,2,kaskus,2014-03-18 11:45:46,daerah,overlap,"[""daerah"", ""kerja"", ""jaringan""]"
836__3,836,3,kaskus,2014-03-18 11:45:46,daerah,overlap,"[""daerah"", ""masyarakat""]"
836__4,836,4,kaskus,2014-03-18 11:45:46,sektor,overlap,"[""sektor""]"
836__5,836,5,kaskus,2014-03-18 11:45:46,sektor,overlap,"[""sektor"", ""jakarta""]"
836__6,836,6,kaskus,2014-03-18 11:45:46,iran,overlap,"[""iran"", ""kazakstan"", ""libya"", ""nigeria"", ""pakistan""]"
836__7,836,7,kaskus,2014-03-18 11:45:46,slovakia,overlap,"[""slovakia"", ""selatan"", ""spanyol"", ""thailand"", ""tunisia""]"
836__8,836,8,kaskus,2014-03-18 11:45:46,pertemuan,overlap,"[""pertemuan"", ""pemanasan"", ""international"", ""summit"", ""aitis""]"
836__9,836,9,kaskus,2014-03-18 11:45:46,daerah,overlap,"[""daerah"", ""sektor"", ""potensi""]"
836__10,836,10,kaskus,2014-03-18 11:45:46,negeri,overlap,"[""negeri"", ""daerah"", ""potensi""]"
836__11,836,11,kaskus,2014-03-18 11:45:46,duta,overlap,"[""duta"", ""pencapaian"", ""apkasi"", ""dukungan""]"
836__12,836,12,kaskus,2014-03-18 11:45:46,daerah,overlap,"[""daerah""]"
836__13,836,13,kaskus,2014-03-18 11:45:46,dunia,overlap,"[""dunia"", ""negeri"", ""investasi""]"
836__14,836,14,kaskus,2014-03-18 11:45:46,sumber,overlap,"[""sumber""]"
837__0,837,0,kaskus,2014-03-15 13:38:06,indonesia,overlap,"[""indonesia"", ""perusahaan"", ""jakarta"", ""sumber""]"
837__1,837,1,kaskus,2014-03-15 13:38:06,kekayaan alam,rb,"[""kekayaan alam"", ""alam"", ""kekayaan""]"
837__2,837,2,kaskus,2014-03-15 13:38:06,bangsa,overlap,"[""bangsa""]"
837__3,837,3,kaskus,2014-03-15 13:38:06,integritas,overlap,"[""integritas""]"
837__4,837,4,kaskus,2014-03-15 13:38:06,negara,overlap,"[""negara""]"
837__5,837,5,kaskus,2014-03-15 13:38:06,kaltim,overlap,"[""kaltim""]"
837__6,837,6,kaskus,2014-03-15 13:38:06,sda,overlap,"[""sda""]"
837__7,837,7,kaskus,2014-03-15 13:38:06,politik,overlap,"[""politik""]"
837__8,837,8,kaskus,2014-03-15 13:38:06,isran,rb,"[""isran"", ""bupati"", ""kalimantan timur"", ""timur""]"
837__9,837,9,kaskus,2014-03-15 13:38:06,indonesia,overlap,"[""indonesia"", ""perusahaan""]"
837__10,837,10,kaskus,2014-03-15 13:38:06,perusahaan,overlap,"[""perusahaan""]"
837__11,837,11,kaskus,2014-03-15 13:38:06,perusahaan,overlap,"[""perusahaan""]"
837__12,837,12,kaskus,2014-03-15 13:38:06,pemerintah,overlap,"[""pemerintah"", ""proses""]"
837__13,837,13,kaskus,2014-03-15 13:38:06,insya pertengahan,rb,"[""insya pertengahan"", ""allah"", ""pertengahan"", ""pengumuman hasil isran"", ""hasil arbitase""]"
837__14,837,14,kaskus,2014-03-15 13:38:06,dunia,overlap,"[""dunia"", ""perusahaan""]"
837__15,837,15,kaskus,2014-03-15 13:38:06,dunia,overlap,"[""dunia"", ""batubara""]"
837__16,837,16,kaskus,2014-03-15 13:38:06,batubara,overlap,"[""batubara""]"
837__17,837,17,kaskus,2014-03-15 13:38:06,alam,overlap,"[""alam"", ""bumi"", ""negara""]"
837__18,837,18,kaskus,2014-03-15 13:38:06,negara,overlap,"[""negara"", ""rakyat""]"
837__19,837,19,kaskus,2014-03-15 13:38:06,sumber,overlap,"[""sumber""]"
838__0,838,0,kaskus,2014-03-13 16:27:32,stujuh,overlap,"[""stujuh""]"
838__1,838,1,kaskus,2014-03-13 16:27:32,nakal pejabat,rb,"[""nakal pejabat"", ""uang muka-er aparat"", ""muka-er"", ""aparat penegak"", ""penegak ukum""]"
838__2,838,2,kaskus,2014-03-13 16:27:32,jadinye.btw,rb,"[""jadinye.btw"", ""isran boljug"", ""boljug"", ""gebrakan""]"
839__0,839,0,kaskus,2014-03-13 13:52:45,jakarta,overlap,"[""jakarta"", ""sumber""]"
839__1,839,1,kaskus,2014-03-13 13:52:45,capres konvensi,rb,"[""capres konvensi"", ""konvensi rakyat"", ""rakyat isran"", ""isran"", ""noor""]"
839__2,839,2,kaskus,2014-03-13 13:52:45,nama,rb,"[""nama"", ""pendidikan budi"", ""budi pekerti"", ""pekerti"", ""papar bupati""]"
839__3,839,3,kaskus,2014-03-13 13:52:45,sambung,rb,"[""sambung"", ""anak-anak"", ""tua""]"
839__4,839,4,kaskus,2014-03-13 13:52:45,pendidikan,rb,"[""pendidikan"", ""sumber makanan"", ""makanan"", ""isran""]"
839__5,839,5,kaskus,2014-03-13 13:52:45,sumber,overlap,"[""sumber""]"
840__0,840,0,kaskus,2014-03-13 13:35:16,impor,overlap,"[""impor"", ""sumber""]"
841__0,841,0,kaskus,2014-03-13 12:39:13,impor,overlap,"[""impor"", ""komisi""]"
841__1,841,1,kaskus,2014-03-13 12:39:13,komisi,overlap,"[""komisi"", ""catutan""]"
841__2,841,2,kaskus,2014-03-13 12:39:13,,empty,[]
842__0,842,0,kaskus,2014-03-13 12:38:32,sejarang,rb,"[""sejarang"", ""calon pemimpin"", ""pemimpin"", ""sda"", ""melinduni""]"
843__0,843,0,kaskus,2014-03-13 12:36:49,pemimpin,overlap,"[""pemimpin""]"
844__0,844,0,kaskus,2014-03-13 12:33:12,jaman,overlap,"[""jaman""]"
845__0,845,0,kaskus,2014-03-13 12:27:45,mandiri,rb,"[""mandiri""]"
845__1,845,1,kaskus,2014-03-13 12:27:45,import,overlap,"[""import""]"
846__0,846,0,kaskus,2022-06-07 12:57:30,batubara,rb,"[""batubara""]"
847__0,847,0,kaskus,2022-06-07 11:30:46,lip,overlap,"[""lip"", ""service"", ""kepentingan"", ""pelangi""]"
847__1,847,1,kaskus,2022-06-07 11:30:46,embrace,overlap,"[""embrace"", ""global"", ""warming"", ""accelerationism""]"
848__0,848,0,kaskus,2022-06-07 11:29:55,keren,rb,"[""keren""]"
848__1,848,1,kaskus,2022-06-07 11:29:55,pilem,overlap,"[""pilem""]"
848__2,848,2,kaskus,2022-06-07 11:29:55,pancasila,overlap,"[""pancasila"", ""pemuda""]"
849__0,849,0,kaskus,2022-06-07 11:23:33,energi,overlap,"[""energi""]"
850__0,850,0,kaskus,2022-06-07 11:05:45,jakarta,overlap,"[""jakarta""]"
851__0,851,0,kaskus,2022-06-07 10:41:03,penuh gimmick,rb,"[""penuh gimmick"", ""detailny rencana"", ""rencana pembangunan"", ""pembangunan ikn"", ""ikn""]"
852__0,852,0,kaskus,2022-06-07 10:33:06,kolaborasi,rb,"[""kolaborasi"", ""penggagas bukit"", ""bukit algoritma"", ""algoritma"", ""silicon microchip""]"
853__0,853,0,kaskus,2022-06-07 10:15:22,energi hijau,rb,"[""energi hijau"", ""duit""]"
854__0,854,0,kaskus,2016-02-28 10:23:32,bbm,overlap,"[""bbm""]"
855__0,855,0,kaskus,2016-02-28 10:21:47,minyak,overlap,"[""minyak"", ""harga""]"
855__1,855,1,kaskus,2016-02-28 10:21:47,ancur,rb,"[""ancur""]"
856__0,856,0,kaskus,2016-02-28 10:06:03,bbm,overlap,"[""bbm""]"
857__0,857,0,kaskus,2016-02-28 10:01:56,jongos,overlap,"[""jongos"", ""kopong""]"
858__0,858,0,kaskus,2016-02-28 09:59:22,belanja,rb,"[""belanja"", ""tas kain"", ""kain"", ""tas""]"
858__1,858,1,kaskus,2016-02-28 09:59:22,kantongin,rb,"[""kantongin"", ""transportasi"", ""gaji""]"
859__0,859,0,kaskus,2016-02-28 09:57:37,rakyat,overlap,"[""rakyat""]"
860__0,860,0,kaskus,2016-02-28 09:28:20,rakyat,overlap,"[""rakyat""]"
861__0,861,0,kaskus,2016-02-28 09:25:39,negara,overlap,"[""negara"", ""rakyat"", ""uang""]"
861__1,861,1,kaskus,2016-02-28 09:25:39,pns,overlap,"[""pns""]"
861__2,861,2,kaskus,2016-02-28 09:25:39,pejabat,overlap,"[""pejabat""]"
861__3,861,3,kaskus,2016-02-28 09:25:39,proyek,overlap,"[""proyek""]"
862__0,862,0,kaskus,2016-02-28 09:24:00,subsidi,overlap,"[""subsidi""]"
862__1,862,1,kaskus,2016-02-28 09:24:00,mensubsidi,rb,"[""mensubsidi""]"
863__0,863,0,kaskus,2016-02-28 09:21:42,sehari kenak,rb,"[""sehari kenak"", ""sehari"", ""kenak peras"", ""peras"", ""dana energi""]"
863__1,863,1,kaskus,2016-02-28 09:21:42,kalik,overlap,"[""kalik"", ""sosial"", ""peras"", ""cool"", ""brapa""]"
864__0,864,0,kaskus,2016-02-28 09:20:04,cekal,overlap,"[""cekal""]"
864__1,864,1,kaskus,2016-02-28 09:20:04,rakyat,overlap,"[""rakyat""]"
864__2,864,2,kaskus,2016-02-28 09:20:04,jokowih,rb,"[""jokowih"", ""presiden""]"
864__3,864,3,kaskus,2016-02-28 09:20:04,pajak,overlap,"[""pajak""]"
865__0,865,0,kaskus,2016-02-28 09:16:45,pemerintahan,overlap,"[""pemerintahan""]"
866__0,866,0,kaskus,2016-02-28 09:16:17,bbm,overlap,"[""bbm"", ""rumah"", ""negara""]"
866__1,866,1,kaskus,2016-02-28 09:16:17,superr,overlap,"[""superr""]"
867__0,867,0,kaskus,2016-02-28 08:51:58,biaya,overlap,"[""biaya""]"
868__0,868,0,kaskus,2016-02-28 08:46:15,kemarin,overlap,"[""kemarin""]"
868__1,868,1,kaskus,2016-02-28 08:46:15,gaji,overlap,"[""gaji""]"
869__0,869,0,kaskus,2016-02-28 08:36:10,energi,overlap,"[""energi""]"
870__0,870,0,kaskus,2016-02-28 08:24:05,hasil reformasi,rb,"[""hasil reformasi"", ""reformasi"", ""semangat reformasi"", ""anggota partai"", ""partai""]"
870__1,870,1,kaskus,2016-02-28 08:24:05,bumn,overlap,"[""bumn""]"
871__0,871,0,kaskus,2012-11-07 12:48:02,,empty,[]
871__1,871,1,kaskus,2012-11-07 12:48:02,negara,overlap,"[""negara""]"
871__2,871,2,kaskus,2012-11-07 12:48:02,matahari,overlap,"[""matahari"", ""musim"", ""eropa"", ""negara""]"
871__3,871,3,kaskus,2012-11-07 12:48:02,indonesia,overlap,"[""indonesia"", ""musim""]"
872__0,872,0,kaskus,2012-11-07 12:40:26,energi,overlap,"[""energi"", ""gas"", ""sumber""]"
873__0,873,0,kaskus,2012-11-07 12:36:33,surya,overlap,"[""surya"", ""tenaga""]"
874__0,874,0,kaskus,2012-11-07 12:22:11,matahari,overlap,"[""matahari"", ""panel""]"
874__1,874,1,kaskus,2012-11-07 12:22:11,energi,overlap,"[""energi""]"
875__0,875,0,kaskus,2012-11-07 12:17:42,angin,overlap,"[""angin"", ""energi""]"
875__1,875,1,kaskus,2012-11-07 12:17:42,negara,overlap,"[""negara"", ""dunia""]"
875__2,875,2,kaskus,2012-11-07 12:17:42,pantai,overlap,"[""pantai"", ""pinggir""]"
876__0,876,0,kaskus,2012-11-07 12:17:21,green,overlap,"[""green"", ""bumi""]"
877__0,877,0,kaskus,2012-11-07 12:16:44,indonesia,overlap,"[""indonesia"", ""energi"", ""sumber""]"
878__0,878,0,kaskus,2012-11-07 12:16:24,energi,overlap,"[""energi""]"
879__0,879,0,kaskus,2012-11-07 12:13:24,negara,overlap,"[""negara"", ""indonesia"", ""tenaga""]"
879__1,879,1,kaskus,2012-11-07 12:13:24,wilayah,overlap,"[""wilayah"", ""indonesia""]"
879__2,879,2,kaskus,2012-11-07 12:13:24,angin,overlap,"[""angin"", ""turbin"", ""tenaga""]"
879__3,879,3,kaskus,2012-11-07 12:13:24,indonesia,overlap,"[""indonesia""]"
880__0,880,0,kaskus,2012-11-07 12:10:55,energi,overlap,"[""energi"", ""sumber""]"
880__1,880,1,kaskus,2012-11-07 12:10:55,permisi,rb,"[""permisi"", ""remot tv"", ""tv"", ""dvd"", ""ac""]"
880__2,880,2,kaskus,2012-11-07 12:10:55,url,overlap,"[""url"", ""kasih"", ""right""]"
881__0,881,0,kaskus,2012-11-07 12:10:13,energi,overlap,"[""energi"", ""manusia"", ""alternatif""]"
881__1,881,1,kaskus,2012-11-07 12:10:13,keseimbangan,overlap,"[""keseimbangan""]"
882__0,882,0,kaskus,2012-11-07 12:02:22,center,overlap,"[""center"", ""color""]"
883__0,883,0,kaskus,2012-11-07 12:00:30,energi,overlap,"[""energi"", ""sumber""]"
884__0,884,0,kaskus,2022-01-07 11:32:02,energi terbarukan,rb,"[""energi terbarukan"", ""terbarukan"", ""orderan globalis"", ""sjw"", ""greenpeace""]"
884__1,884,1,kaskus,2022-01-07 11:32:02,impact,rb,"[""impact"", ""pemborosan""]"
885__0,885,0,kaskus,2022-01-07 10:27:07,cadangan,overlap,"[""cadangan"", ""batubara""]"
886__0,886,0,kaskus,2022-01-07 10:08:46,batubara,overlap,"[""batubara""]"
887__0,887,0,kaskus,2022-01-07 09:55:13,energi terbarukan,rb,"[""energi terbarukan"", ""terbarukan"", ""gimmick"", ""kenyataan"", ""energi mahal""]"
887__1,887,1,kaskus,2022-01-07 09:55:13,pltn,overlap,"[""pltn""]"
887__2,887,2,kaskus,2022-01-07 09:55:13,listrik,overlap,"[""listrik""]"
888__0,888,0,kaskus,2022-01-07 09:05:13,bln,overlap,"[""bln""]"
889__0,889,0,kaskus,2022-01-07 08:49:24,listrik,overlap,"[""listrik""]"
890__0,890,0,kaskus,2022-01-07 08:48:46,pln,overlap,"[""pln""]"
891__0,891,0,kaskus,2022-01-07 08:43:42,pltn,overlap,"[""pltn"", ""indonesia""]"
891__1,891,1,kaskus,2022-01-07 08:43:42,alasan,overlap,"[""alasan"", ""indonesia""]"
892__0,892,0,kaskus,2022-02-26 07:13:33,menengah,rb,"[""menengah"", ""biaya hidup"", ""hidup""]"
893__0,893,0,kaskus,2022-02-25 20:46:16,rakyat,overlap,"[""rakyat""]"
894__0,894,0,kaskus,2021-12-19 11:22:54,indonesia,overlap,"[""indonesia"", ""pltn""]"
894__1,894,1,kaskus,2021-12-19 11:22:54,ebt,overlap,"[""ebt""]"
895__0,895,0,kaskus,2021-12-19 10:58:41,kesalahan,overlap,"[""kesalahan"", ""peraturan"", ""uu""]"
895__1,895,1,kaskus,2021-12-19 10:58:41,,empty,[]
896__0,896,0,kaskus,2021-12-19 09:22:12,ebt,overlap,"[""ebt""]"
896__1,896,1,kaskus,2021-12-19 09:22:12,ebt,overlap,"[""ebt"", ""gas"", ""batubara""]"
896__2,896,2,kaskus,2021-12-19 09:22:12,rakyat,overlap,"[""rakyat"", ""energi""]"
897__0,897,0,kaskus,2021-12-19 08:56:44,gas,overlap,"[""gas"", ""dunia""]"
897__1,897,1,kaskus,2021-12-19 08:56:44,batubara,overlap,"[""batubara""]"
897__2,897,2,kaskus,2021-12-19 08:56:44,cadangan,overlap,"[""cadangan"", ""50tahun""]"
897__3,897,3,kaskus,2021-12-19 08:56:44,energi,overlap,"[""energi"", ""impor""]"
898__0,898,0,kaskus,2021-12-19 08:02:08,indonesia,overlap,"[""indonesia"", ""fosil"", ""negara""]"
898__1,898,1,kaskus,2021-12-19 08:02:08,fosil,overlap,"[""fosil""]"
898__2,898,2,kaskus,2021-12-19 08:02:08,fosil,overlap,"[""fosil""]"
899__0,899,0,kaskus,2021-12-19 07:53:47,lingkungan,overlap,"[""lingkungan""]"
900__0,900,0,kaskus,2021-12-11 15:37:08,rencana,rb,"[""rencana"", ""bagus proyek""]"
900__1,900,1,kaskus,2021-12-11 15:37:08,realisasi,rb,"[""realisasi"", ""bangsa"", ""keahlia""]"
900__2,900,2,kaskus,2021-12-11 15:37:08,fosil,overlap,"[""fosil"", ""pembangkit""]"
900__3,900,3,kaskus,2021-12-11 15:37:08,tenaga,overlap,"[""tenaga""]"
901__0,901,0,kaskus,2021-12-09 18:20:37,wacana,overlap,"[""wacana""]"
901__1,901,1,kaskus,2021-12-09 18:20:37,geothermal,overlap,"[""geothermal""]"
902__0,902,0,kaskus,2021-12-09 16:09:37,proyek,overlap,"[""proyek""]"
903__0,903,0,kaskus,2021-12-09 12:39:04,panel,overlap,"[""panel"", ""biaya"", ""kwh"", ""surya""]"
903__1,903,1,kaskus,2021-12-09 12:39:04,sampah,overlap,"[""sampah""]"
904__0,904,0,kaskus,2021-12-09 12:02:17,cnbc,overlap,"[""cnbc"", ""tempe"", ""kedele""]"
905__0,905,0,kaskus,2021-12-09 11:11:38,dimethyl,overlap,"[""dimethyl"", ""ether"", ""kehirup"", ""pingsan""]"
905__1,905,1,kaskus,2021-12-09 11:11:38,pengganti lpg,rb,"[""pengganti lpg"", ""lpg"", ""hati"", ""masak"", ""pengganti""]"
906__0,906,0,kaskus,2021-12-08 21:05:59,toba bara,rb,"[""toba bara"", ""bara camana"", ""camana pulak"", ""pulak nasib"", ""nasib""]"
906__1,906,1,kaskus,2021-12-08 21:05:59,pln,overlap,"[""pln""]"
906__2,906,2,kaskus,2021-12-08 21:05:59,karbon,overlap,"[""karbon""]"
907__0,907,0,kaskus,2021-12-08 16:14:20,harga,overlap,"[""harga"", ""proyek""]"
907__1,907,1,kaskus,2021-12-08 16:14:20,harga,overlap,"[""harga"", ""batubara""]"
908__0,908,0,kaskus,2021-12-08 16:04:23,fosil,overlap,"[""fosil"", ""nuklir""]"
909__0,909,0,kaskus,2021-12-08 16:02:08,listrik,overlap,"[""listrik""]"
910__0,910,0,kaskus,2021-12-08 15:44:41,surya,overlap,"[""surya""]"
911__0,911,0,kaskus,2021-12-08 15:41:10,jalan,overlap,"[""jalan""]"
911__1,911,1,kaskus,2021-12-08 15:41:10,energi,overlap,"[""energi"", ""air"", ""pembangkit""]"
911__2,911,2,kaskus,2021-12-08 15:41:10,air,overlap,"[""air""]"
912__0,912,0,kaskus,2021-12-08 15:25:54,panel,overlap,"[""panel""]"
913__0,913,0,kaskus,2021-12-08 14:54:03,jangka,rb,"[""jangka"", ""arah""]"
914__0,914,0,kaskus,2021-12-08 14:47:05,pltn,overlap,"[""pltn"", ""contoh""]"
914__1,914,1,kaskus,2021-12-08 14:47:05,nuklir,overlap,"[""nuklir"", ""listrik"", ""tenaga""]"
914__2,914,2,kaskus,2021-12-08 14:47:05,fosil,overlap,"[""fosil"", ""tenaga""]"
915__0,915,0,kaskus,2019-01-28 15:55:01,energi,overlap,"[""energi""]"
915__1,915,1,kaskus,2019-01-28 15:55:01,energi,overlap,"[""energi"", ""alam"", ""hidup""]"
915__2,915,2,kaskus,2019-01-28 15:55:01,energi,overlap,"[""energi"", ""ebt""]"
915__3,915,3,kaskus,2019-01-28 15:55:01,ebt,overlap,"[""ebt""]"
915__4,915,4,kaskus,2019-01-28 15:55:01,dongo,overlap,"[""dongo""]"
915__5,915,5,kaskus,2019-01-28 15:55:01,forum,overlap,"[""forum"", ""diskusi""]"
915__6,915,6,kaskus,2019-01-28 15:55:01,kebijakan,rb,"[""kebijakan"", ""kebijakan prabowo"", ""prabowo""]"
915__7,915,7,kaskus,2019-01-28 15:55:01,ebt,overlap,"[""ebt"", ""energi""]"
915__8,915,8,kaskus,2019-01-28 15:55:01,nalar,overlap,"[""nalar""]"
915__9,915,9,kaskus,2019-01-28 15:55:01,buzzer,overlap,"[""buzzer""]"
915__10,915,10,kaskus,2019-01-28 15:55:01,komentar,overlap,"[""komentar""]"
915__11,915,11,kaskus,2019-01-28 15:55:01,komentar,overlap,"[""komentar""]"
915__12,915,12,kaskus,2019-01-28 15:55:01,prabowo,overlap,"[""prabowo"", ""kaitan"", ""pilpres""]"
915__13,915,13,kaskus,2019-01-28 15:55:01,,empty,[]
915__14,915,14,kaskus,2019-01-28 15:55:01,nasi bungkus,rb,"[""nasi bungkus"", ""bungkus idiot"", ""idiot"", ""nasi""]"
915__15,915,15,kaskus,2019-01-28 15:55:01,size img,rb,"[""size img"", ""url"", ""img""]"
916__0,916,0,kaskus,2019-01-28 12:39:02,dongo,unsup,"[""dongo""]"
916__1,916,1,kaskus,2019-01-28 12:39:02,ebt,overlap,"[""ebt""]"
916__2,916,2,kaskus,2019-01-28 12:39:02,ebt,overlap,"[""ebt""]"
916__3,916,3,kaskus,2019-01-28 12:39:02,permen,overlap,"[""permen"", ""plts""]"
916__4,916,4,kaskus,2019-01-28 12:39:02,permen,overlap,"[""permen""]"
916__5,916,5,kaskus,2019-01-28 12:39:02,,empty,[]
916__6,916,6,kaskus,2019-01-28 12:39:02,permen,overlap,"[""permen""]"
916__7,916,7,kaskus,2019-01-28 12:39:02,permen,overlap,"[""permen"", ""ebt""]"
916__8,916,8,kaskus,2019-01-28 12:39:02,permen,overlap,"[""permen""]"
916__9,916,9,kaskus,2019-01-28 12:39:02,permen,overlap,"[""permen""]"
916__10,916,10,kaskus,2019-01-28 12:39:02,permen bencong,rb,"[""permen bencong"", ""bencong""]"
917__0,917,0,kaskus,2019-01-28 11:28:15,berputar berputar,rb,"[""berputar berputar""]"
917__1,917,1,kaskus,2019-01-28 11:28:15,target,overlap,"[""target""]"
917__2,917,2,kaskus,2019-01-28 11:28:15,target,overlap,"[""target"", ""ebt""]"
917__3,917,3,kaskus,2019-01-28 11:28:15,ebt,overlap,"[""ebt""]"
917__4,917,4,kaskus,2019-01-28 11:28:15,komentar,overlap,"[""komentar""]"
917__5,917,5,kaskus,2019-01-28 11:28:15,pesimis,rb,"[""pesimis""]"
917__6,917,6,kaskus,2019-01-28 11:28:15,ebt,overlap,"[""ebt""]"
917__7,917,7,kaskus,2019-01-28 11:28:15,target,overlap,"[""target""]"
917__8,917,8,kaskus,2019-01-28 11:28:15,komentar,overlap,"[""komentar""]"
917__9,917,9,kaskus,2019-01-28 11:28:15,kasih,unsup,"[""kasih""]"
917__10,917,10,kaskus,2019-01-28 11:28:15,berputar berputar,rb,"[""berputar berputar"", ""berputar""]"
917__11,917,11,kaskus,2019-01-28 11:28:15,berita,overlap,"[""berita"", ""ebt"", ""permen""]"
917__12,917,12,kaskus,2019-01-28 11:28:15,era sudirman,rb,"[""era sudirman"", ""sudirman said"", ""said"", ""era""]"
917__13,917,13,kaskus,2019-01-28 11:28:15,sudirman said,rb,"[""sudirman said"", ""said"", ""sudirman""]"
917__14,917,14,kaskus,2019-01-28 11:28:15,kaitan,rb,"[""kaitan"", ""hubungan"", ""tarif"", ""tarif ebt"", ""ebt ahhahahahha""]"
917__15,917,15,kaskus,2019-01-28 11:28:15,ebt,overlap,"[""ebt"", ""berita""]"
917__16,917,16,kaskus,2019-01-28 11:28:15,img,overlap,"[""img""]"
918__0,918,0,kaskus,2019-01-28 10:36:33,berita,overlap,"[""berita""]"
918__1,918,1,kaskus,2019-01-28 10:36:33,berita,overlap,"[""berita""]"
918__2,918,2,kaskus,2019-01-28 10:36:33,jonan,rb,"[""jonan"", ""target energi"", ""energi terbarukan"", ""terbarukan"", ""persen url""]"
918__3,918,3,kaskus,2019-01-28 10:36:33,target,overlap,"[""target""]"
918__4,918,4,kaskus,2019-01-28 10:36:33,junjungan,overlap,"[""junjungan""]"
918__5,918,5,kaskus,2019-01-28 10:36:33,energi,overlap,"[""energi""]"
918__6,918,6,kaskus,2019-01-28 10:36:33,jonan,overlap,"[""jonan"", ""archanda"", ""aturan"", ""esdm"", ""rooftop""]"
918__7,918,7,kaskus,2019-01-28 10:36:33,masyarakat,overlap,"[""masyarakat""]"
918__8,918,8,kaskus,2019-01-28 10:36:33,rencana,overlap,"[""rencana""]"
918__9,918,9,kaskus,2019-01-28 10:36:33,kapasitas,overlap,"[""kapasitas""]"
918__10,918,10,kaskus,2019-01-28 10:36:33,b,rb,"[""b""]"
918__11,918,11,kaskus,2019-01-28 10:36:33,hayo,overlap,"[""hayo""]"
918__12,918,12,kaskus,2019-01-28 10:36:33,aturan,overlap,"[""aturan""]"
918__13,918,13,kaskus,2019-01-28 10:36:33,omongan,overlap,"[""omongan"", ""jonan""]"
918__14,918,14,kaskus,2019-01-28 10:36:33,kena,rb,"[""kena"", ""nastak""]"
918__15,918,15,kaskus,2019-01-28 10:36:33,prabowo sudirman,rb,"[""prabowo sudirman"", ""sudirman"", ""said"", ""prabowo""]"
918__16,918,16,kaskus,2019-01-28 10:36:33,kebijakan,overlap,"[""kebijakan"", ""pemerintahan""]"
918__17,918,17,kaskus,2019-01-28 10:36:33,sambung,rb,"[""sambung""]"
918__18,918,18,kaskus,2019-01-28 10:36:33,kasihan,rb,"[""kasihan"", ""pilpres""]"
918__19,918,19,kaskus,2019-01-28 10:36:33,ebt,overlap,"[""ebt""]"
918__20,918,20,kaskus,2019-01-28 10:36:33,mata,overlap,"[""mata""]"
919__0,919,0,kaskus,2019-01-27 15:27:50,pesimis,rb,"[""pesimis""]"
919__1,919,1,kaskus,2019-01-27 15:27:50,ebt,overlap,"[""ebt""]"
919__2,919,2,kaskus,2019-01-27 15:27:50,target,overlap,"[""target""]"
919__3,919,3,kaskus,2019-01-27 15:27:50,ebt,overlap,"[""ebt""]"
919__4,919,4,kaskus,2019-01-27 15:27:50,rakyat,overlap,"[""rakyat""]"
920__0,920,0,kaskus,2019-01-27 14:48:29,jalan,overlap,"[""jalan""]"
921__0,921,0,kaskus,2019-01-27 11:31:32,,empty,[]
921__1,921,1,kaskus,2019-01-27 11:31:32,program,overlap,"[""program"", ""klaim""]"
921__2,921,2,kaskus,2019-01-27 11:31:32,periode,overlap,"[""periode""]"
922__0,922,0,kaskus,2019-01-27 11:26:30,target,overlap,"[""target""]"
922__1,922,1,kaskus,2019-01-27 11:26:30,ebt,overlap,"[""ebt""]"
922__2,922,2,kaskus,2019-01-27 11:26:30,,empty,[]
922__3,922,3,kaskus,2019-01-27 11:26:30,persen,overlap,"[""persen"", ""pertumbuhan""]"
922__4,922,4,kaskus,2019-01-27 11:26:30,minim,rb,"[""minim""]"
922__5,922,5,kaskus,2019-01-27 11:26:30,target,overlap,"[""target""]"
922__6,922,6,kaskus,2019-01-27 11:26:30,sangsi,overlap,"[""sangsi""]"
922__7,922,7,kaskus,2019-01-27 11:26:30,target,overlap,"[""target""]"
922__8,922,8,kaskus,2019-01-27 11:26:30,khusus,rb,"[""khusus""]"
922__9,922,9,kaskus,2019-01-27 11:26:30,target,overlap,"[""target""]"
923__0,923,0,kaskus,2017-12-23 20:10:41,pln,overlap,"[""pln""]"
924__0,924,0,kaskus,2017-12-23 15:54:53,pltn,overlap,"[""pltn"", ""batan""]"
924__1,924,1,kaskus,2017-12-23 15:54:53,batan,overlap,"[""batan"", ""pltn""]"
924__2,924,2,kaskus,2017-12-23 15:54:53,,empty,[]
924__3,924,3,kaskus,2017-12-23 15:54:53,batan,overlap,"[""batan"", ""pln"", ""pltn""]"
924__4,924,4,kaskus,2017-12-23 15:54:53,pln,overlap,"[""pln"", ""listrik""]"
924__5,924,5,kaskus,2017-12-23 15:54:53,syukur-syukur,rb,"[""syukur-syukur"", ""tanam modal"", ""modal""]"
924__6,924,6,kaskus,2017-12-23 15:54:53,pltn,overlap,"[""pltn""]"
925__0,925,0,kaskus,2017-12-23 15:22:08,surya,overlap,"[""surya"", ""angin"", ""nuklir""]"
925__1,925,1,kaskus,2017-12-23 15:22:08,masyarakat,overlap,"[""masyarakat"", ""pemerintah"", ""pln"", ""bumn""]"
926__0,926,0,kaskus,2017-10-03 20:50:28,load,overlap,"[""load""]"
926__1,926,1,kaskus,2017-10-03 20:50:28,peak load gas,rb,"[""peak load gas"", ""load"", ""gas ocgt"", ""ocgt"", ""peak""]"
926__2,926,2,kaskus,2017-10-03 20:50:28,politik,overlap,"[""politik""]"
927__0,927,0,kaskus,2017-10-03 11:13:41,pemerintah,overlap,"[""pemerintah"", ""daya"", ""batubara"", ""ebt"", ""proyek""]"
927__1,927,1,kaskus,2017-10-03 11:13:41,negara,overlap,"[""negara"", ""daya"", ""batubara""]"
927__2,927,2,kaskus,2017-10-03 11:13:41,permintaan,overlap,"[""permintaan""]"
927__3,927,3,kaskus,2017-10-03 11:13:41,industri,overlap,"[""industri""]"
927__4,927,4,kaskus,2017-10-03 11:13:41,tanda,overlap,"[""tanda""]"
928__0,928,0,kaskus,2017-10-02 17:47:23,efisiensi,overlap,"[""efisiensi""]"
928__1,928,1,kaskus,2017-10-02 17:47:23,pltn,overlap,"[""pltn""]"
928__2,928,2,kaskus,2017-10-02 17:47:23,,empty,[]
929__0,929,0,kaskus,2017-10-01 01:40:58,skala,overlap,"[""skala"", ""surya"", ""tenaga""]"
929__1,929,1,kaskus,2017-10-01 01:40:58,kebutuhan,overlap,"[""kebutuhan"", ""jawa"", ""matahari"", ""tenaga""]"
929__2,929,2,kaskus,2017-10-01 01:40:58,daya,overlap,"[""daya"", ""surya""]"
929__3,929,3,kaskus,2017-10-01 01:40:58,indonesia,overlap,"[""indonesia"", ""hydro"", ""sumber""]"
930__0,930,0,kaskus,2017-09-30 11:21:38,ebt,overlap,"[""ebt""]"
930__1,930,1,kaskus,2017-09-30 11:21:38,karbon,overlap,"[""karbon""]"
930__2,930,2,kaskus,2017-09-30 11:21:38,pln,overlap,"[""pln"", ""pemerintah""]"
930__3,930,3,kaskus,2017-09-30 11:21:38,pln,overlap,"[""pln"", ""ebt""]"
930__4,930,4,kaskus,2017-09-30 11:21:38,knows,overlap,"[""knows""]"
931__0,931,0,kaskus,2017-09-30 09:32:47,geothermal,overlap,"[""geothermal""]"
931__1,931,1,kaskus,2017-09-30 09:32:47,konservasi,overlap,"[""konservasi"", ""wind"", ""turbine"", ""kendala""]"
931__2,931,2,kaskus,2017-09-30 09:32:47,angin,overlap,"[""angin"", ""indonesia""]"
931__3,931,3,kaskus,2017-09-30 09:32:47,hydro,overlap,"[""hydro"", ""indonesia""]"
931__4,931,4,kaskus,2017-09-30 09:32:47,potensi,overlap,"[""potensi""]"
931__5,931,5,kaskus,2017-09-30 09:32:47,pemerintah,overlap,"[""pemerintah"", ""listrik""]"
932__0,932,0,kaskus,2017-09-26 02:22:13,indonesia,overlap,"[""indonesia""]"
932__1,932,1,kaskus,2017-09-26 02:22:13,vulkanik,overlap,"[""vulkanik"", ""bali"", ""aktivitas""]"
932__2,932,2,kaskus,2017-09-26 02:22:13,riweuh,overlap,"[""riweuh""]"
932__3,932,3,kaskus,2017-09-26 02:22:13,,empty,[]
933__0,933,0,kaskus,2017-09-26 02:21:00,lingkar,rb,"[""lingkar"", ""lingkar energi"", ""energi kaskus"", ""kaskus""]"
933__1,933,1,kaskus,2017-09-26 02:21:00,kebijakan,overlap,"[""kebijakan"", ""sisi"", ""ng"", ""klaim""]"
934__0,934,0,kaskus,2017-09-25 23:21:23,pembangunan,overlap,"[""pembangunan""]"
934__1,934,1,kaskus,2017-09-25 23:21:23,geothermal,overlap,"[""geothermal"", ""jawa"", ""pembangkit""]"
934__2,934,2,kaskus,2017-09-25 23:21:23,energi,overlap,"[""energi"", ""indonesia""]"
934__3,934,3,kaskus,2017-09-25 23:21:23,kapasitas,overlap,"[""kapasitas""]"
934__4,934,4,kaskus,2017-09-25 23:21:23,negara,overlap,"[""negara""]"
935__0,935,0,kaskus,2017-09-25 22:48:13,indonesia,overlap,"[""indonesia""]"
935__1,935,1,kaskus,2017-09-25 22:48:13,indonesia,overlap,"[""indonesia"", ""negara""]"
935__2,935,2,kaskus,2017-09-25 22:48:13,produksi,overlap,"[""produksi"", ""pemerintah"", ""indonesia""]"
935__3,935,3,kaskus,2017-09-25 22:48:13,negara,overlap,"[""negara"", ""listrik"", ""energi""]"
935__4,935,4,kaskus,2017-09-25 22:48:13,insentif,overlap,"[""insentif""]"
935__5,935,5,kaskus,2017-09-25 22:48:13,indonesia,overlap,"[""indonesia""]"
935__6,935,6,kaskus,2017-09-25 22:48:13,daerah,overlap,"[""daerah""]"
935__7,935,7,kaskus,2017-09-25 22:48:13,koreksi,overlap,"[""koreksi""]"
935__8,935,8,kaskus,2017-09-25 22:48:13,kulkas,overlap,"[""kulkas"", ""cendol"", ""sasya""]"
936__0,936,0,kaskus,2017-09-25 17:07:00,ebt,overlap,"[""ebt"", ""solusi""]"
936__1,936,1,kaskus,2017-09-25 17:07:00,kebanyakan,overlap,"[""kebanyakan""]"
936__2,936,2,kaskus,2017-09-25 17:07:00,jerman,overlap,"[""jerman"", ""ebt""]"
936__3,936,3,kaskus,2017-09-25 17:07:00,batubara,overlap,"[""batubara"", ""ebt"", ""listrik""]"
936__4,936,4,kaskus,2017-09-25 17:07:00,indonesia,overlap,"[""indonesia"", ""batubara"", ""nuklir""]"
936__5,936,5,kaskus,2017-09-25 17:07:00,ebt,overlap,"[""ebt"", ""indonesia""]"
937__0,937,0,kaskus,2017-09-25 16:59:41,rakyat,overlap,"[""rakyat"", ""indonesia""]"
937__1,937,1,kaskus,2017-09-25 16:59:41,,empty,[]
937__2,937,2,kaskus,2017-09-25 16:59:41,listrik,overlap,"[""listrik"", ""kebutuhan""]"
937__3,937,3,kaskus,2017-09-25 16:59:41,,empty,[]
937__4,937,4,kaskus,2017-09-25 16:59:41,,empty,[]
938__0,938,0,kaskus,2017-09-25 15:59:59,kali-men,rb,"[""kali-men"", ""human power"", ""power 1thumbup"", ""1thumbup"", ""human""]"
939__0,939,0,kaskus,2017-09-25 15:58:19,,empty,[]
939__1,939,1,kaskus,2017-09-25 15:58:19,pembenahan,rb,"[""pembenahan""]"
939__2,939,2,kaskus,2017-09-25 15:58:19,aki basah,rb,"[""aki basah"", ""sarana bateri"", ""bateri"", ""aki""]"
940__0,940,0,kaskus,2017-09-25 15:01:58,resikonya,rb,"[""resikonya""]"
941__0,941,0,kaskus,2017-09-25 13:15:24,nuklir,overlap,"[""nuklir""]"
941__1,941,1,kaskus,2017-09-25 13:15:24,repot,rb,"[""repot""]"
942__0,942,0,kaskus,2017-09-25 12:46:45,pemerintah,overlap,"[""pemerintah"", ""surya"", ""rumah"", ""ebt""]"
942__1,942,1,kaskus,2017-09-25 12:46:45,proyek,overlap,"[""proyek"", ""plts""]"
942__2,942,2,kaskus,2017-09-25 12:46:45,pemeliharaan,overlap,"[""pemeliharaan"", ""aki"", ""komponen""]"
942__3,942,3,kaskus,2017-09-25 12:46:45,masak,rb,"[""masak"", ""aki basah"", ""mobil"", ""aki deep"", ""deep cycle""]"
942__4,942,4,kaskus,2017-09-25 12:46:45,controller palsu,rb,"[""controller palsu"", ""spek teknis"", ""mppt"", ""controller""]"
942__5,942,5,kaskus,2017-09-25 12:46:45,masyarakat,overlap,"[""masyarakat""]"
942__6,942,6,kaskus,2017-09-25 12:46:45,penjelasan,overlap,"[""penjelasan""]"
942__7,942,7,kaskus,2017-09-25 12:46:45,terbengkalai,rb,"[""terbengkalai""]"
942__8,942,8,kaskus,2017-09-25 12:46:45,ebt,overlap,"[""ebt""]"
942__9,942,9,kaskus,2017-09-25 12:46:45,pembenahan,overlap,"[""pembenahan""]"
943__0,943,0,kaskus,2017-09-25 10:48:02,matahari,overlap,"[""matahari"", ""kapasitas""]"
943__1,943,1,kaskus,2017-09-25 10:48:02,kapasitas,overlap,"[""kapasitas"", ""kw""]"
943__2,943,2,kaskus,2017-09-25 10:48:02,matahari,overlap,"[""matahari""]"
943__3,943,3,kaskus,2017-09-25 10:48:02,listrik,overlap,"[""listrik""]"
944__0,944,0,kaskus,2017-09-25 09:38:13,surya,overlap,"[""surya"", ""indonesia"", ""teknologi""]"
944__1,944,1,kaskus,2017-09-25 09:38:13,riset,overlap,"[""riset"", ""indonesia"", ""matahari""]"
944__2,944,2,kaskus,2017-09-25 09:38:13,3bulan,overlap,"[""3bulan"", ""setahun"", ""eropa""]"
945__0,945,0,kaskus,2017-09-25 02:56:19,indonesia,overlap,"[""indonesia"", ""potensi"", ""energi"", ""sdm""]"
946__0,946,0,kaskus,2017-09-24 22:10:26,mafia,rb,"[""mafia"", ""bapak-bapak""]"
946__1,946,1,kaskus,2017-09-24 22:10:26,dilibas,rb,"[""dilibas""]"
947__0,947,0,kaskus,2017-09-24 22:09:21,riset,overlap,"[""riset"", ""pemerintah""]"
947__1,947,1,kaskus,2017-09-24 22:09:21,indonesia,overlap,"[""indonesia""]"
948__0,948,0,kaskus,2017-09-24 22:06:53,lingkungan,overlap,"[""lingkungan"", ""batubara""]"
948__1,948,1,kaskus,2017-09-24 22:06:53,rumah,overlap,"[""rumah""]"
948__2,948,2,kaskus,2017-09-24 22:06:53,pemerintah,overlap,"[""pemerintah"", ""pln""]"
948__3,948,3,kaskus,2017-09-24 22:06:53,orang-orang,rb,"[""orang-orang""]"
949__0,949,0,kaskus,2017-09-24 21:56:29,,empty,[]
949__1,949,1,kaskus,2017-09-24 21:56:29,urusan,rb,"[""urusan""]"
949__2,949,2,kaskus,2017-09-24 21:56:29,kopdar,overlap,"[""kopdar""]"
950__0,950,0,kaskus,2017-09-24 21:52:42,energi,overlap,"[""energi""]"
950__1,950,1,kaskus,2017-09-24 21:52:42,ebt,overlap,"[""ebt"", ""teknologi"", ""baterai""]"
950__2,950,2,kaskus,2017-09-24 21:52:42,bumi,overlap,"[""bumi""]"
951__0,951,0,kaskus,2017-09-24 21:50:23,iinsya,overlap,"[""iinsya"", ""allah""]"
951__1,951,1,kaskus,2017-09-24 21:50:23,pemerintah,overlap,"[""pemerintah"", ""ebt"", ""energi""]"
951__2,951,2,kaskus,2017-09-24 21:50:23,negara,overlap,"[""negara""]"
952__0,952,0,kaskus,2017-09-24 21:47:28,energi,overlap,"[""energi""]"
953__0,953,0,kaskus,2017-09-24 21:42:47,energi,overlap,"[""energi"", ""kebutuhan""]"
954__0,954,0,kaskus,2017-09-24 20:58:00,nuklir,overlap,"[""nuklir"", ""indonesia"", ""energi"", ""bahan""]"
954__1,954,1,kaskus,2017-09-24 20:58:00,indonesia,overlap,"[""indonesia"", ""gempa"", ""teknologi"", ""jepang""]"
954__2,954,2,kaskus,2017-09-24 20:58:00,opini,overlap,"[""opini"", ""anee""]"
955__0,955,0,kaskus,2017-09-24 13:59:32,wowoowww energi nyaman,rb,"[""wowoowww energi nyaman"", ""energi""]"
956__0,956,0,kaskus,2017-09-24 13:56:13,laut,overlap,"[""laut"", ""panel""]"
956__1,956,1,kaskus,2017-09-24 13:56:13,indonesia,overlap,"[""indonesia"", ""laut"", ""jawa"", ""kalimantan""]"
956__2,956,2,kaskus,2017-09-24 13:56:13,ebt,overlap,"[""ebt"", ""surya""]"
957__0,957,0,kaskus,2017-09-24 13:37:06,lelang bagus,rb,"[""lelang bagus"", ""celah""]"
957__1,957,1,kaskus,2017-09-24 13:37:06,monopoli,overlap,"[""monopoli""]"
957__2,957,2,kaskus,2017-09-24 13:37:06,nuklir,overlap,"[""nuklir""]"
957__3,957,3,kaskus,2017-09-24 13:37:06,angin,overlap,"[""angin"", ""tenaga""]"
958__0,958,0,kaskus,2017-09-24 13:20:48,pemerintah,overlap,"[""pemerintah"", ""ebt"", ""batubara""]"
958__1,958,1,kaskus,2017-09-24 13:20:48,,empty,[]
958__2,958,2,kaskus,2017-09-24 13:20:48,batubara,overlap,"[""batubara"", ""rakyat""]"
959__0,959,0,kaskus,2017-09-24 12:31:44,batubara,overlap,"[""batubara"", ""ebt""]"
960__0,960,0,kaskus,2017-09-24 11:56:08,peneliti,overlap,"[""peneliti"", ""brasil""]"
961__0,961,0,kaskus,2017-09-24 11:29:43,rakyat,overlap,"[""rakyat""]"
962__0,962,0,kaskus,2017-09-24 11:10:02,indonesia,overlap,"[""indonesia"", ""url""]"
963__0,963,0,kaskus,2017-09-24 10:39:27,ebt,overlap,"[""ebt""]"
963__1,963,1,kaskus,2017-09-24 10:39:27,energi,overlap,"[""energi"", ""batubara"", ""minyak"", ""alam""]"
964__0,964,0,kaskus,2017-09-24 10:17:06,ebt,overlap,"[""ebt"", ""batubara"", ""turbin""]"
965__0,965,0,kaskus,2017-09-24 08:41:38,inovasi,rb,"[""inovasi""]"
966__0,966,0,kaskus,2017-09-24 07:49:04,musim,overlap,"[""musim""]"
966__1,966,1,kaskus,2017-09-24 07:49:04,daerah,overlap,"[""daerah"", ""listrik""]"
966__2,966,2,kaskus,2017-09-24 07:49:04,batu,overlap,"[""batu""]"
966__3,966,3,kaskus,2017-09-24 07:49:04,,empty,[]
966__4,966,4,kaskus,2017-09-24 07:49:04,air,overlap,"[""air""]"
966__5,966,5,kaskus,2017-09-24 07:49:04,maaf,unsup,"[""maaf""]"
967__0,967,0,kaskus,2017-09-24 07:37:16,energi,overlap,"[""energi"", ""penduduk"", ""teknologi""]"
967__1,967,1,kaskus,2017-09-24 07:37:16,possible,overlap,"[""possible""]"
968__0,968,0,kaskus,2017-09-24 07:25:22,pltn,overlap,"[""pltn""]"
969__0,969,0,kaskus,2017-09-24 07:24:34,listrik,overlap,"[""listrik""]"
970__0,970,0,kaskus,2017-09-24 07:24:24,ebt,overlap,"[""ebt""]"
971__0,971,0,kaskus,2017-09-24 06:26:24,proyekan,overlap,"[""proyekan""]"
972__0,972,0,kaskus,2017-09-24 05:34:10,batubara,overlap,"[""batubara""]"
972__1,972,1,kaskus,2017-09-24 05:34:10,surya,overlap,"[""surya""]"
973__0,973,0,kaskus,2017-09-24 05:33:25,batubara,overlap,"[""batubara""]"
973__1,973,1,kaskus,2017-09-24 05:33:25,batubara,overlap,"[""batubara"", ""indonesia"", ""ebt"", ""sektor""]"
973__2,973,2,kaskus,2017-09-24 05:33:25,cost,overlap,"[""cost"", ""panel"", ""surya"", ""indonesia""]"
973__3,973,3,kaskus,2017-09-24 05:33:25,ekonomis batubara,rb,"[""ekonomis batubara"", ""kenyataan""]"
973__4,973,4,kaskus,2017-09-24 05:33:25,indonesia,overlap,"[""indonesia"", ""ebt""]"
973__5,973,5,kaskus,2017-09-24 05:33:25,wirausaha wkwkk,rb,"[""wirausaha wkwkk"", ""wkwkk""]"
974__0,974,0,kaskus,2017-09-24 04:04:54,dunia,overlap,"[""dunia""]"
974__1,974,1,kaskus,2017-09-24 04:04:54,teknologi,overlap,"[""teknologi"", ""manusia""]"
974__2,974,2,kaskus,2017-09-24 04:04:54,ebt,overlap,"[""ebt"", ""surya""]"
974__3,974,3,kaskus,2017-09-24 04:04:54,indonesia tercinta,rb,"[""indonesia tercinta"", ""mafia bahan"", ""bahan tambang"", ""tambang""]"
974__4,974,4,kaskus,2017-09-24 04:04:54,surya,overlap,"[""surya""]"
975__0,975,0,kaskus,2017-09-24 03:36:47,teknologi,overlap,"[""teknologi"", ""negeri""]"
976__0,976,0,kaskus,2017-09-24 02:38:11,nuklir,overlap,"[""nuklir""]"
977__0,977,0,kaskus,2017-09-24 02:16:39,kasih,overlap,"[""kasih""]"
978__0,978,0,kaskus,2017-09-24 01:35:52,manusia,overlap,"[""manusia"", ""energi""]"
979__0,979,0,kaskus,2017-09-24 00:17:07,surya,overlap,"[""surya"", ""negeri"", ""batubara""]"
979__1,979,1,kaskus,2017-09-24 00:17:07,lingkungan,overlap,"[""lingkungan"", ""batubara""]"
979__2,979,2,kaskus,2017-09-24 00:17:07,batubara,overlap,"[""batubara""]"
979__3,979,3,kaskus,2017-09-24 00:17:07,,empty,[]
979__4,979,4,kaskus,2017-09-24 00:17:07,thing,overlap,"[""thing"", ""clean"", ""batubara""]"
979__5,979,5,kaskus,2017-09-24 00:17:07,pltu,overlap,"[""pltu""]"
979__6,979,6,kaskus,2017-09-24 00:17:07,pembangkit,overlap,"[""pembangkit"", ""pltu"", ""listrik"", ""batubara"", ""gas""]"
979__7,979,7,kaskus,2017-09-24 00:17:07,polusi,overlap,"[""polusi"", ""nox"", ""sox""]"
979__8,979,8,kaskus,2017-09-24 00:17:07,pltu,overlap,"[""pltu""]"
979__9,979,9,kaskus,2017-09-24 00:17:07,polusi,rb,"[""polusi""]"
979__10,979,10,kaskus,2017-09-24 00:17:07,kepentingan,overlap,"[""kepentingan""]"
979__11,979,11,kaskus,2017-09-24 00:17:07,pemadaman,overlap,"[""pemadaman""]"
979__12,979,12,kaskus,2017-09-24 00:17:07,,empty,[]
979__13,979,13,kaskus,2017-09-24 00:17:07,energi,overlap,"[""energi"", ""pltu"", ""negeri"", ""sumber""]"
980__0,980,0,kaskus,2017-09-24 00:05:06,listrik mahal,rb,"[""listrik mahal"", ""iphone""]"
981__0,981,0,kaskus,2017-09-24 00:00:55,ebt,overlap,"[""ebt""]"
982__0,982,0,kaskus,2017-09-23 23:48:35,pemerintah,overlap,"[""pemerintah""]"
982__1,982,1,kaskus,2017-09-23 23:48:35,riset,overlap,"[""riset"", ""listrik"", ""laut"", ""indonesia"", ""tenaga""]"
983__0,983,0,kaskus,2017-09-23 22:51:38,teknologi,overlap,"[""teknologi""]"
984__0,984,0,kaskus,2017-09-23 22:42:05,energi,overlap,"[""energi"", ""tulisan""]"
985__0,985,0,kaskus,2017-09-23 22:27:45,indonesia,overlap,"[""indonesia""]"
985__1,985,1,kaskus,2017-09-23 22:27:45,pemerintah,rb,"[""pemerintah"", ""perut""]"
986__0,986,0,kaskus,2017-09-23 22:15:55,ebt,overlap,"[""ebt"", ""surya""]"
986__1,986,1,kaskus,2017-09-23 22:15:55,surya,overlap,"[""surya"", ""panel""]"
986__2,986,2,kaskus,2017-09-23 22:15:55,pln,overlap,"[""pln"", ""listrik"", ""jaringan""]"
986__3,986,3,kaskus,2017-09-23 22:15:55,pln,overlap,"[""pln""]"
986__4,986,4,kaskus,2017-09-23 22:15:55,pln,overlap,"[""pln"", ""kota"", ""kwh"", ""perusahaan""]"
986__5,986,5,kaskus,2017-09-23 22:15:55,pilihan,overlap,"[""pilihan""]"
986__6,986,6,kaskus,2017-09-23 22:15:55,pilihan,overlap,"[""pilihan""]"
986__7,986,7,kaskus,2017-09-23 22:15:55,pln,overlap,"[""pln"", ""harga""]"
986__8,986,8,kaskus,2017-09-23 22:15:55,daerah,overlap,"[""daerah""]"
986__9,986,9,kaskus,2017-09-23 22:15:55,listrik,overlap,"[""listrik"", ""daya""]"
986__10,986,10,kaskus,2017-09-23 22:15:55,biaya,overlap,"[""biaya""]"
986__11,986,11,kaskus,2017-09-23 22:15:55,ebt,overlap,"[""ebt""]"
986__12,986,12,kaskus,2017-09-23 22:15:55,pln,overlap,"[""pln"", ""perusahaan"", ""harga""]"
986__13,986,13,kaskus,2017-09-23 22:15:55,alasan unit,rb,"[""alasan unit"", ""unit kwh"", ""kwh"", ""stock"", ""alasan""]"
986__14,986,14,kaskus,2017-09-23 22:15:55,berbulan,rb,"[""berbulan""]"
986__15,986,15,kaskus,2017-09-23 22:15:55,pemerintah,overlap,"[""pemerintah""]"
986__16,986,16,kaskus,2017-09-23 22:15:55,surya,overlap,"[""surya"", ""harga""]"
986__17,986,17,kaskus,2017-09-23 22:15:55,panel,overlap,"[""panel"", ""impor""]"
987__0,987,0,kaskus,2017-09-23 22:08:53,matahari,overlap,"[""matahari""]"
988__0,988,0,kaskus,2017-09-23 22:07:22,buah,overlap,"[""buah"", ""kedondong""]"
989__0,989,0,kaskus,2017-09-23 21:56:20,tarif,rb,"[""tarif"", ""tarif listrik"", ""listrik""]"
990__0,990,0,kaskus,2017-09-23 21:51:54,subsidi,overlap,"[""subsidi""]"
991__0,991,0,kaskus,2017-09-23 21:45:35,baterai,overlap,"[""baterai""]"
992__0,992,0,kaskus,2017-09-23 21:32:37,baterai,overlap,"[""baterai"", ""daya""]"
992__1,992,1,kaskus,2017-09-23 21:32:37,listrik,overlap,"[""listrik""]"
992__2,992,2,kaskus,2017-09-23 21:32:37,megapolitan,overlap,"[""megapolitan""]"
993__0,993,0,kaskus,2017-09-23 21:29:42,,empty,[]
994__0,994,0,kaskus,2017-09-23 21:29:21,indonesia,overlap,"[""indonesia""]"
995__0,995,0,kaskus,2017-09-23 21:26:54,center,overlap,"[""center""]"
996__0,996,0,kaskus,2017-09-23 21:18:51,,empty,[]
997__0,997,0,kaskus,2017-09-23 20:51:51,teknologi,overlap,"[""teknologi""]"
998__0,998,0,kaskus,2017-09-23 20:44:42,eksekusi,rb,"[""eksekusi""]"
999__0,999,0,kaskus,2017-09-23 20:39:08,ebt,overlap,"[""ebt"", ""listrik"", ""indonesia""]"
1000__0,1000,0,kaskus,2017-09-23 20:29:17,spasi,overlap,"[""spasi""]"
1001__0,1001,0,kaskus,2017-09-23 20:25:53,surya,overlap,"[""surya"", ""batubara""]"
1002__0,1002,0,kaskus,2017-09-23 20:21:09,tulisan,overlap,"[""tulisan""]"
1002__1,1002,1,kaskus,2017-09-23 20:21:09,menyimak,rb,"[""menyimak""]"
1003__0,1003,0,kaskus,2017-09-23 20:17:52,perubahan,overlap,"[""perubahan""]"
1004__0,1004,0,kaskus,2017-09-23 20:16:52,informasi 2thumbup,rb,"[""informasi 2thumbup"", ""2thumbup"", ""tulisan"", ""informasi""]"
1004__1,1004,1,kaskus,2017-09-23 20:16:52,poin,overlap,"[""poin"", ""jarak""]"
1005__0,1005,0,kaskus,2017-09-23 20:16:17,tulisan,overlap,"[""tulisan"", ""komentar""]"
1006__0,1006,0,kaskus,2017-09-23 20:13:54,teknologi,overlap,"[""teknologi"", ""indonesia""]"
1007__0,1007,0,kaskus,2017-09-23 20:12:38,listrik,overlap,"[""listrik""]"
1008__0,1008,0,kaskus,2017-09-23 20:10:26,inovasi,overlap,"[""inovasi""]"
1009__0,1009,0,kaskus,2017-09-23 20:10:21,surya,overlap,"[""surya""]"
1009__1,1009,1,kaskus,2017-09-23 20:10:21,matahari,overlap,"[""matahari""]"
1009__2,1009,2,kaskus,2017-09-23 20:10:21,indonesia,overlap,"[""indonesia"", ""surya"", ""panel""]"
1010__0,1010,0,kaskus,2017-09-23 20:07:13,batubara,overlap,"[""batubara"", ""teknologi"", ""industri""]"
1011__0,1011,0,kaskus,2017-09-23 20:06:23,pertalite,overlap,"[""pertalite"", ""ht""]"
1011__1,1011,1,kaskus,2017-09-23 20:06:23,saran,rb,"[""saran"", ""ts"", ""kayagitu"", ""buku berat"", ""buku""]"
1012__0,1012,0,kaskus,2017-09-23 20:05:18,pln,overlap,"[""pln""]"
1014__0,1014,0,kaskus,2017-09-23 20:02:08,pertamax,rb,"[""pertamax""]"
1014__1,1014,1,kaskus,2017-09-23 20:02:08,pertamax,rb,"[""pertamax""]"
1015__0,1015,0,kaskus,2016-07-28 11:20:33,pln,overlap,"[""pln""]"
1016__0,1016,0,kaskus,2016-07-28 10:30:23,pln,overlap,"[""pln""]"
1017__0,1017,0,kaskus,2016-07-26 10:44:14,listrik,overlap,"[""listrik""]"
1018__0,1018,0,kaskus,2016-07-26 10:29:25,indonesia,overlap,"[""indonesia""]"
1018__1,1018,1,kaskus,2016-07-26 10:29:25,kwh,overlap,"[""kwh"", ""indonesia""]"
1018__2,1018,2,kaskus,2016-07-26 10:29:25,cents kwh,rb,"[""cents kwh"", ""kwh"", ""lipat"", ""amrik"", ""cents""]"
1018__3,1018,3,kaskus,2016-07-26 10:29:25,color,overlap,"[""color"", ""size""]"
1019__0,1019,0,kaskus,2016-07-06 10:27:47,perusahaan,overlap,"[""perusahaan""]"
1020__0,1020,0,kaskus,2016-07-06 10:26:22,hasil,overlap,"[""hasil"", ""minyak""]"
1020__1,1020,1,kaskus,2016-07-06 10:26:22,produksi,overlap,"[""produksi""]"
1020__2,1020,2,kaskus,2016-07-06 10:26:22,kondisi,overlap,"[""kondisi"", ""biaya""]"
1021__0,1021,0,kaskus,2016-07-06 10:24:21,negara,overlap,"[""negara"", ""bencana""]"
1021__1,1021,1,kaskus,2016-07-06 10:24:21,bencana skala,rb,"[""bencana skala"", ""skala"", ""bencana""]"
1021__2,1021,2,kaskus,2016-07-06 10:24:21,impor,overlap,"[""impor""]"
1021__3,1021,3,kaskus,2016-07-06 10:24:21,uang,overlap,"[""uang""]"
1022__0,1022,0,kaskus,2016-07-06 10:05:09,program surya,rb,"[""program surya"", ""surya cell"", ""cell rumahan"", ""rumahan"", ""kemanain""]"
1022__1,1022,1,kaskus,2016-07-06 10:05:09,ide,rb,"[""ide"", ""implememtasi""]"
1023__0,1023,0,kaskus,2015-12-30 13:08:30,gorong-gorong kosong,rb,"[""gorong-gorong kosong""]"
1024__0,1024,0,kaskus,2015-12-30 11:58:51,,empty,[]
1024__1,1024,1,kaskus,2015-12-30 11:58:51,bbm,overlap,"[""bbm""]"
1025__0,1025,0,kaskus,2015-12-30 11:54:25,hebat pajak,rb,"[""hebat pajak"", ""npwp""]"
1026__0,1026,0,kaskus,2015-12-30 11:51:21,ebt,overlap,"[""ebt""]"
1026__1,1026,1,kaskus,2015-12-30 11:51:21,pajak,overlap,"[""pajak""]"
1027__0,1027,0,kaskus,2015-12-30 11:39:16,bumn,overlap,"[""bumn""]"
1027__1,1027,1,kaskus,2015-12-30 11:39:16,ekonomi,overlap,"[""ekonomi""]"
1028__0,1028,0,kaskus,2015-12-28 09:46:37,pajak,overlap,"[""pajak""]"
1029__0,1029,0,kaskus,2015-12-28 09:18:03,jalan,overlap,"[""jalan"", ""ebt"", ""riset""]"
1029__1,1029,1,kaskus,2015-12-28 09:18:03,ebt,overlap,"[""ebt""]"
1029__2,1029,2,kaskus,2015-12-28 09:18:03,tv,overlap,"[""tv"", ""hybrid"", ""automatic"", ""weapons""]"
1029__3,1029,3,kaskus,2015-12-28 09:18:03,wish,overlap,"[""wish"", ""could"", ""afford"", ""tesla""]"
1029__4,1029,4,kaskus,2015-12-28 09:18:03,unfortunately,overlap,"[""unfortunately"", ""thee"", ""poor"", ""afford"", ""tesla""]"
1029__5,1029,5,kaskus,2015-12-28 09:18:03,mean,overlap,"[""mean"", ""continue"", ""forced"", ""help"", ""musk""]"
1029__6,1029,6,kaskus,2015-12-28 09:18:03,hemophiliac,overlap,"[""hemophiliac"", ""fresh"", ""transfusions"", ""always""]"
1029__7,1029,7,kaskus,2015-12-28 09:18:03,last,rb,"[""last""]"
1029__8,1029,8,kaskus,2015-12-28 09:18:03,tesla,overlap,"[""tesla"", ""earn"", ""single"", ""honest"", ""dollar""]"
1029__9,1029,9,kaskus,2015-12-28 09:18:03,money,overlap,"[""money"", ""different"", ""chiefly"", ""carbon"", ""tax""]"
1029__10,1029,10,kaskus,2015-12-28 09:18:03,california,overlap,"[""california"", ""alone"", ""subsidy"", ""uncle""]"
1029__11,1029,11,kaskus,2015-12-28 09:18:03,car,overlap,"[""car""]"
1029__12,1029,12,kaskus,2015-12-28 09:18:03,addition,rb,"[""addition"", ""sale""]"
1029__13,1029,13,kaskus,2015-12-28 09:18:03,img,overlap,"[""img"", ""know"", ""carbon"", ""tax"", ""credit""]"
1029__14,1029,14,kaskus,2015-12-28 09:18:03,tax,overlap,"[""tax"", ""one""]"
1029__15,1029,15,kaskus,2015-12-28 09:18:03,businesses,overlap,"[""businesses"", ""tesla"", ""government""]"
1029__16,1029,16,kaskus,2015-12-28 09:18:03,works,overlap,"[""works""]"
1029__17,1029,17,kaskus,2015-12-28 09:18:03,business,overlap,"[""business"", ""things"", ""people"", ""actually"", ""willing""]"
1029__18,1029,18,kaskus,2015-12-28 09:18:03,alas,rb,"[""alas""]"
1029__19,1029,19,kaskus,2015-12-28 09:18:03,far,overlap,"[""far"", ""less"", ""one"", ""several"", ""gasses""]"
1029__20,1029,20,kaskus,2015-12-28 09:18:03,want,rb,"[""want""]"
1029__21,1029,21,kaskus,2015-12-28 09:18:03,memakai,rb,"[""memakai"", ""money"", ""money entity"", ""tesla"", ""kind""]"
1029__22,1029,22,kaskus,2015-12-28 09:18:03,tesla,rb,"[""tesla"", ""bank""]"
1029__23,1029,23,kaskus,2015-12-28 09:18:03,green,overlap,"[""green""]"
1029__24,1029,24,kaskus,2015-12-28 09:18:03,argument,overlap,"[""argument"", ""built"", ""kickback"", ""dollars"", ""dioxide""]"
1029__25,1029,25,kaskus,2015-12-28 09:18:03,product,rb,"[""product""]"
1029__26,1029,26,kaskus,2015-12-28 09:18:03,right,overlap,"[""right""]"
1029__27,1029,27,kaskus,2015-12-28 09:18:03,outhouse,overlap,"[""outhouse"", ""clean"", ""use""]"
1029__28,1029,28,kaskus,2015-12-28 09:18:03,tesla,overlap,"[""tesla"", ""reverse""]"
1029__29,1029,29,kaskus,2015-12-28 09:18:03,finished,overlap,"[""finished"", ""car"", ""may"", ""produce"", ""noxious""]"
1029__30,1029,30,kaskus,2015-12-28 09:18:03,pembenci,overlap,"[""pembenci"", ""combustion"", ""wonder"", ""building"", ""china""]"
1029__31,1029,31,kaskus,2015-12-28 09:18:03,epa,overlap,"[""epa""]"
1029__32,1029,32,kaskus,2015-12-28 09:18:03,baterai,overlap,"[""baterai""]"
1029__33,1029,33,kaskus,2015-12-28 09:18:03,caustic,overlap,"[""caustic""]"
1029__34,1029,34,kaskus,2015-12-28 09:18:03,carbon,rb,"[""carbon""]"
1029__35,1029,35,kaskus,2015-12-28 09:18:03,cobalt,overlap,"[""cobalt"", ""hand""]"
1029__36,1029,36,kaskus,2015-12-28 09:18:03,get,overlap,"[""get"", ""cobalt""]"
1029__37,1029,37,kaskus,2015-12-28 09:18:03,materials,overlap,"[""materials"", ""copper""]"
1029__38,1029,38,kaskus,2015-12-28 09:18:03,using,rb,"[""using""]"
1029__39,1029,39,kaskus,2015-12-28 09:18:03,img,overlap,"[""img""]"
1029__40,1029,40,kaskus,2015-12-28 09:18:03,form,overlap,"[""form""]"
1029__41,1029,41,kaskus,2015-12-28 09:18:03,cobalt,rb,"[""cobalt"", ""needed"", ""tesla"", ""china"", ""afghanistan""]"
1029__42,1029,42,kaskus,2015-12-28 09:18:03,parts,overlap,"[""parts"", ""earth"", ""fist"", ""finger""]"
1029__43,1029,43,kaskus,2015-12-28 09:18:03,baterai,overlap,"[""baterai""]"
1029__44,1029,44,kaskus,2015-12-28 09:18:03,picture,overlap,"[""picture"", ""pretty""]"
1029__45,1029,45,kaskus,2015-12-28 09:18:03,baterai,overlap,"[""baterai""]"
1029__46,1029,46,kaskus,2015-12-28 09:18:03,energi,overlap,"[""energi""]"
1029__47,1029,47,kaskus,2015-12-28 09:18:03,energi,overlap,"[""energi""]"
1029__48,1029,48,kaskus,2015-12-28 09:18:03,like,overlap,"[""like"", ""mountain"", ""oysters"", ""really"", ""want""]"
1029__49,1029,49,kaskus,2015-12-28 09:18:03,maybe,overlap,"[""maybe""]"
1029__50,1029,50,kaskus,2015-12-28 09:18:03,batubara,overlap,"[""batubara""]"
1029__51,1029,51,kaskus,2015-12-28 09:18:03,used,rb,"[""used"", ""run"", ""industry"", ""plants"", ""damned""]"
1029__52,1029,52,kaskus,2015-12-28 09:18:03,also,rb,"[""also"", ""powers"", ""things""]"
1029__53,1029,53,kaskus,2015-12-28 09:18:03,gas,overlap,"[""gas""]"
1029__54,1029,54,kaskus,2015-12-28 09:18:03,gas,overlap,"[""gas""]"
1029__55,1029,55,kaskus,2015-12-28 09:18:03,interested,overlap,"[""interested"", ""find"", ""study"", ""worth"", ""look""]"
1029__56,1029,56,kaskus,2015-12-28 09:18:03,elon,overlap,"[""elon"", ""musk"", ""suckle"", ""teat""]"
1029__57,1029,57,kaskus,2015-12-28 09:18:03,fundamentally,overlap,"[""fundamentally""]"
1029__58,1029,58,kaskus,2015-12-28 09:18:03,without,overlap,"[""without""]"
1029__59,1029,59,kaskus,2015-12-28 09:18:03,free,overlap,"[""free"", ""market"", ""choice"", ""shut""]"
1029__60,1029,60,kaskus,2015-12-28 09:18:03,corporatist,overlap,"[""corporatist"", ""thing""]"
1029__61,1029,61,kaskus,2015-12-28 09:18:03,preen,overlap,"[""preen"", ""virtues"", ""lightening"", ""wallets"", ""millions""]"
1029__62,1029,62,kaskus,2015-12-28 09:18:03,fatten,overlap,"[""fatten""]"
1029__63,1029,63,kaskus,2015-12-28 09:18:03,throw,overlap,"[""throw"", ""em"", ""woods""]"
1029__64,1029,64,kaskus,2015-12-28 09:18:03,url,overlap,"[""url""]"
1030__0,1030,0,kaskus,2015-12-28 08:46:21,rakyat,overlap,"[""rakyat""]"
1031__0,1031,0,kaskus,2015-12-28 08:39:13,pengamat,overlap,"[""pengamat"", ""sop""]"
1032__0,1032,0,kaskus,2015-12-28 08:26:38,biaya,overlap,"[""biaya"", ""pemerintah""]"
1032__1,1032,1,kaskus,2015-12-28 08:26:38,komut,overlap,"[""komut""]"
1033__0,1033,0,kaskus,2015-12-28 08:10:50,ebt,overlap,"[""ebt"", ""amerika"", ""minyak"", ""biaya""]"
1033__1,1033,1,kaskus,2015-12-28 08:10:50,klaim,overlap,"[""klaim"", ""15t""]"
1033__2,1033,2,kaskus,2015-12-28 08:10:50,surya,overlap,"[""surya""]"
1034__0,1034,0,kaskus,2015-12-28 08:04:53,surya,overlap,"[""surya"", ""harga""]"
1034__1,1034,1,kaskus,2015-12-28 08:04:53,ebt,overlap,"[""ebt"", ""pengembangan""]"
1035__0,1035,0,kaskus,2015-12-28 08:01:52,masyarakat,overlap,"[""masyarakat""]"
1035__1,1035,1,kaskus,2015-12-28 08:01:52,duit,rb,"[""duit""]"
1036__0,1036,0,kaskus,2015-12-28 07:59:20,ebt,overlap,"[""ebt""]"
1037__0,1037,0,kaskus,2015-12-28 07:57:48,bbm,overlap,"[""bbm""]"
1037__1,1037,1,kaskus,2015-12-28 07:57:48,pemerintah,overlap,"[""pemerintah""]"
1037__2,1037,2,kaskus,2015-12-28 07:57:48,blk,rb,"[""blk"", ""pmrnth"", ""laju inflasi"", ""inflasi"", ""laju""]"
1037__3,1037,3,kaskus,2015-12-28 07:57:48,cadangan,overlap,"[""cadangan"", ""amerika"", ""harga""]"
1037__4,1037,4,kaskus,2015-12-28 07:57:48,energi,overlap,"[""energi"", ""bbm"", ""harga""]"
1037__5,1037,5,kaskus,2015-12-28 07:57:48,harga,overlap,"[""harga"", ""bbm""]"
1038__0,1038,0,kaskus,2015-12-28 00:06:59,pungutan,overlap,"[""pungutan""]"
1038__1,1038,1,kaskus,2015-12-28 00:06:59,pajak,overlap,"[""pajak""]"
1039__0,1039,0,kaskus,2015-12-27 23:43:31,cadangan,overlap,"[""cadangan""]"
1039__1,1039,1,kaskus,2015-12-27 23:43:31,negara,overlap,"[""negara"", ""dunia""]"
1039__2,1039,2,kaskus,2015-12-27 23:43:31,presiden,overlap,"[""presiden"", ""dana"", ""triliun"", ""alokasi""]"
1040__0,1040,0,kaskus,2015-12-27 21:59:09,,empty,[]
1040__1,1040,1,kaskus,2015-12-27 21:59:09,ekonomi lesu,rb,"[""ekonomi lesu""]"
1040__2,1040,2,kaskus,2015-12-27 21:59:09,jalan,overlap,"[""jalan""]"
1040__3,1040,3,kaskus,2015-12-27 21:59:09,tiket,rb,"[""tiket""]"
1040__4,1040,4,kaskus,2015-12-27 21:59:09,ekonomi,overlap,"[""ekonomi""]"
1041__0,1041,0,kaskus,2015-12-27 21:58:36,color,overlap,"[""color"", ""rakyat""]"
1041__1,1041,1,kaskus,2015-12-27 21:58:36,rakyat,overlap,"[""rakyat""]"
1041__2,1041,2,kaskus,2015-12-27 21:58:36,jokowi,overlap,"[""jokowi""]"
1041__3,1041,3,kaskus,2015-12-27 21:58:36,color,overlap,"[""color"", ""rakyat""]"
1041__4,1041,4,kaskus,2015-12-27 21:58:36,jokowi,overlap,"[""jokowi"", ""color"", ""rakyat""]"
1041__5,1041,5,kaskus,2015-12-27 21:58:36,nastak-nastak lamban,rb,"[""nastak-nastak lamban"", ""coli masal"", ""gorong-gorong img"", ""img url"", ""url""]"
1042__0,1042,0,kaskus,2015-12-27 21:58:00,poin utama,rb,"[""poin utama"", ""200perak""]"
1042__1,1042,1,kaskus,2015-12-27 21:58:00,pajak gila2an,rb,"[""pajak gila2an"", ""gila2an"", ""pungutan pulak"", ""pulak"", ""kebijakan""]"
1042__2,1042,2,kaskus,2015-12-27 21:58:00,kestabilan ekonomi,rb,"[""kestabilan ekonomi"", ""ekonomi"", ""bisnis"", ""lesu"", ""daya beli""]"
1043__0,1043,0,kaskus,2015-12-27 21:54:12,buli nastak,rb,"[""buli nastak"", ""nastak kopong"", ""kopong berani"", ""berani nyinyir"", ""buli""]"
1044__0,1044,0,kaskus,2015-12-27 21:53:12,berutang,rb,"[""berutang""]"
1045__0,1045,0,kaskus,2015-12-27 21:52:17,gedein,overlap,"[""gedein""]"
1045__1,1045,1,kaskus,2015-12-27 21:52:17,rakyat,overlap,"[""rakyat"", ""ekonomi""]"
1046__0,1046,0,kaskus,2015-12-27 21:48:50,pajak,overlap,"[""pajak"", ""subsidi""]"
1046__1,1046,1,kaskus,2015-12-27 21:48:50,pajak,unsup,"[""pajak"", ""subsidi""]"
1047__0,1047,0,kaskus,2015-12-27 21:47:28,blog,overlap,"[""blog"", ""kendaraan""]"
1048__0,1048,0,kaskus,2015-12-27 21:46:46,indonesia,overlap,"[""indonesia"", ""rakyat""]"
1049__0,1049,0,kaskus,2015-12-27 21:46:05,bbm,overlap,"[""bbm"", ""pembangunan""]"
1050__0,1050,0,kaskus,2015-12-27 21:45:43,pera,rb,"[""pera"", ""beras bulog"", ""bulog"", ""resep"", ""hehh""]"
1051__0,1051,0,kaskus,2015-12-27 21:42:36,nama,rb,"[""nama"", ""dagelan""]"
1052__0,1052,0,kaskus,2015-12-27 21:39:59,penuh kesia-siaan,rb,"[""penuh kesia-siaan"", ""sedekah"", ""rakyat rejim"", ""rejim pengemis"", ""pengemis img""]"
1053__0,1053,0,kaskus,2016-01-31 15:03:32,energi,overlap,"[""energi""]"
1053__1,1053,1,kaskus,2016-01-31 15:03:32,daerah,overlap,"[""daerah""]"
1054__0,1054,0,kaskus,2016-01-30 13:24:08,indonesia,overlap,"[""indonesia"", ""negara"", ""monopoli"", ""pln"", ""pertamina""]"
1054__1,1054,1,kaskus,2016-01-30 13:24:08,baku,overlap,"[""baku"", ""rugi""]"
1054__2,1054,2,kaskus,2016-01-30 13:24:08,kota,overlap,"[""kota"", ""jawa"", ""negara""]"
1054__3,1054,3,kaskus,2016-01-30 13:24:08,air,overlap,"[""air""]"
1054__4,1054,4,kaskus,2016-01-30 13:24:08,jawa,overlap,"[""jawa"", ""kota""]"
1054__5,1054,5,kaskus,2016-01-30 13:24:08,kota,overlap,"[""kota""]"
1054__6,1054,6,kaskus,2016-01-30 13:24:08,nasionalisme,rb,"[""nasionalisme"", ""bantuan""]"
1054__7,1054,7,kaskus,2016-01-30 13:24:08,bumn,overlap,"[""bumn""]"
1055__0,1055,0,kaskus,2016-01-30 11:26:16,listrik,overlap,"[""listrik"", ""bbm""]"
1055__1,1055,1,kaskus,2016-01-30 11:26:16,duit,overlap,"[""duit""]"
1056__0,1056,0,kaskus,2016-01-30 11:07:42,import,overlap,"[""import"", ""bangsa"", ""bangs"", ""kitak"", ""kesejahteraan""]"
1057__0,1057,0,kaskus,2016-01-30 11:07:14,listrik,overlap,"[""listrik""]"
1057__1,1057,1,kaskus,2016-01-30 11:07:14,batubara,overlap,"[""batubara"", ""kalimantan"", ""listrik"", ""negara""]"
1058__0,1058,0,kaskus,2016-01-30 11:04:16,impor,overlap,"[""impor""]"
1058__1,1058,1,kaskus,2016-01-30 11:04:16,swasembada,overlap,"[""swasembada""]"
1058__2,1058,2,kaskus,2016-01-30 11:04:16,impor,overlap,"[""impor""]"
1058__3,1058,3,kaskus,2016-01-30 11:04:16,swasembada.impor,rb,"[""swasembada.impor""]"
1058__4,1058,4,kaskus,2016-01-30 11:04:16,,empty,[]
1058__5,1058,5,kaskus,2016-01-30 11:04:16,usaha,overlap,"[""usaha""]"
1058__6,1058,6,kaskus,2016-01-30 11:04:16,bayar,rb,"[""bayar""]"
1058__7,1058,7,kaskus,2016-01-30 11:04:16,daging,overlap,"[""daging"", ""sapi""]"
1058__8,1058,8,kaskus,2016-01-30 11:04:16,impor gampang,rb,"[""impor gampang""]"
1058__9,1058,9,kaskus,2016-01-30 11:04:16,miara sapi,rb,"[""miara sapi"", ""sapi""]"
1058__10,1058,10,kaskus,2016-01-30 11:04:16,realistis impor,rb,"[""realistis impor""]"
1058__11,1058,11,kaskus,2016-01-30 11:04:16,indonesia,overlap,"[""indonesia""]"
1058__12,1058,12,kaskus,2016-01-30 11:04:16,indonesia,overlap,"[""indonesia""]"
1058__13,1058,13,kaskus,2016-01-30 11:04:16,kerja,overlap,"[""kerja""]"
1058__14,1058,14,kaskus,2016-01-30 11:04:16,negara,overlap,"[""negara""]"
1059__0,1059,0,kaskus,2016-01-30 10:27:40,indonesia,overlap,"[""indonesia"", ""listrik""]"
1059__1,1059,1,kaskus,2016-01-30 10:27:40,cb,overlap,"[""cb"", ""gogling""]"
1060__0,1060,0,kaskus,2016-01-30 10:14:44,kerja,overlap,"[""kerja""]"
1061__0,1061,0,kaskus,2016-01-30 09:33:12,pltu parit,rb,"[""pltu parit"", ""parit""]"
1061__1,1061,1,kaskus,2016-01-30 09:33:12,2x50mw,overlap,"[""2x50mw""]"
1061__2,1061,2,kaskus,2016-01-30 09:33:12,gann,overlap,"[""gann"", ""operasi""]"
1061__3,1061,3,kaskus,2016-01-30 09:33:12,pltu,overlap,"[""pltu""]"
1061__4,1061,4,kaskus,2016-01-30 09:33:12,ruar,unsup,"[""ruar""]"
1061__5,1061,5,kaskus,2016-01-30 09:33:12,mesin,overlap,"[""mesin"", ""sparepart""]"
1062__0,1062,0,kaskus,2016-01-30 08:06:37,logika,rb,"[""logika"", ""kedepanlkan"", ""jargon-jargon kosong""]"
1062__1,1062,1,kaskus,2016-01-30 08:06:37,rakyat,overlap,"[""rakyat"", ""pemerintah"", ""kondisi""]"
1062__2,1062,2,kaskus,2016-01-30 08:06:37,kondisi,overlap,"[""kondisi""]"
1062__3,1062,3,kaskus,2016-01-30 08:06:37,dunia,overlap,"[""dunia""]"
1062__4,1062,4,kaskus,2016-01-30 08:06:37,dunia,overlap,"[""dunia"", ""negara""]"
1062__5,1062,5,kaskus,2016-01-30 08:06:37,telinga,overlap,"[""telinga"", ""kabinet""]"
1063__0,1063,0,kaskus,2016-01-29 16:14:35,bantuan makhluk,rb,"[""bantuan makhluk"", ""makhluk halus"", ""bantuan""]"
1064__0,1064,0,kaskus,2016-01-29 16:05:57,bodoh,overlap,"[""bodoh"", ""listrik""]"
1064__1,1064,1,kaskus,2016-01-29 16:05:57,kegelapan,rb,"[""kegelapan""]"
1064__2,1064,2,kaskus,2016-01-29 16:05:57,negeri,overlap,"[""negeri"", ""negara"", ""listrik""]"
1065__0,1065,0,kaskus,2016-01-29 16:05:25,otak,overlap,"[""otak"", ""kabinet""]"
1065__1,1065,1,kaskus,2016-01-29 16:05:25,menteri,rb,"[""menteri"", ""otak""]"
1065__2,1065,2,kaskus,2016-01-29 16:05:25,listrik,overlap,"[""listrik"", ""daerah"", ""impor""]"
1065__3,1065,3,kaskus,2016-01-29 16:05:25,impor,overlap,"[""impor""]"
1065__4,1065,4,kaskus,2016-01-29 16:05:25,akibat harga,rb,"[""akibat harga"", ""harga ayam"", ""ayam"", ""sapi"", ""akibat""]"
1065__5,1065,5,kaskus,2016-01-29 16:05:25,nasionalisme,overlap,"[""nasionalisme"", ""keputusan""]"
1066__0,1066,0,kaskus,2016-01-29 16:01:34,swasembada,rb,"[""swasembada"", ""nasionalis"", ""anti asing.kok"", ""asing.kok""]"
1066__1,1066,1,kaskus,2016-01-29 16:01:34,logika,rb,"[""logika"", ""bacotan pepesan"", ""pepesan kosong"", ""kosong"", ""kampanye""]"
1066__2,1066,2,kaskus,2016-01-29 16:01:34,barang impor,rb,"[""barang impor"", ""impor"", ""barang""]"
1066__3,1066,3,kaskus,2016-01-29 16:01:34,impor,overlap,"[""impor""]"
1067__0,1067,0,kaskus,2016-01-29 15:58:15,energi,overlap,"[""energi""]"
1067__1,1067,1,kaskus,2016-01-29 15:58:15,pemerintah,overlap,"[""pemerintah"", ""impor""]"
1067__2,1067,2,kaskus,2016-01-29 15:58:15,,empty,[]
1067__3,1067,3,kaskus,2016-01-29 15:58:15,listrik,overlap,"[""listrik""]"
1067__4,1067,4,kaskus,2016-01-29 15:58:15,3x,rb,"[""3x"", ""sehari mati""]"
1068__0,1068,0,kaskus,2016-01-29 15:55:50,listrik,overlap,"[""listrik""]"
1069__0,1069,0,kaskus,2016-01-29 15:53:42,pln,overlap,"[""pln""]"
1070__0,1070,0,kaskus,2016-01-29 15:25:19,sby,overlap,"[""sby""]"
1070__1,1070,1,kaskus,2016-01-29 15:25:19,presiden,rb,"[""presiden""]"
1070__2,1070,2,kaskus,2016-01-29 15:25:19,dungu,overlap,"[""dungu""]"
1070__3,1070,3,kaskus,2016-01-29 15:25:19,hasil karya,rb,"[""hasil karya"", ""karya presiden"", ""presiden kebanggaan"", ""kebanggaan"", ""img url""]"
1071__0,1071,0,kaskus,2016-01-24 16:19:07,buruh,overlap,"[""buruh"", ""cina""]"
1071__1,1071,1,kaskus,2016-01-24 16:19:07,kemarin,overlap,"[""kemarin"", ""komentar""]"
1071__2,1071,2,kaskus,2016-01-24 16:19:07,tanah,rb,"[""tanah""]"
1072__0,1072,0,kaskus,2016-01-24 01:21:50,pembangkit,rb,"[""pembangkit""]"
1072__1,1072,1,kaskus,2016-01-24 01:21:50,proyek,overlap,"[""proyek""]"
1072__2,1072,2,kaskus,2016-01-24 01:21:50,janda,overlap,"[""janda""]"
1073__0,1073,0,kaskus,2016-01-24 01:15:42,pasukan nasi,rb,"[""pasukan nasi"", ""nasi bungkus"", ""bungkus"", ""pasukan""]"
1073__1,1073,1,kaskus,2016-01-24 01:15:42,jaman,overlap,"[""jaman""]"
1073__2,1073,2,kaskus,2016-01-24 01:15:42,lawan kekuasaan,rb,"[""lawan kekuasaan"", ""kekuasaan"", ""popularitas jawa"", ""jawa centris"", ""lawan""]"
1073__3,1073,3,kaskus,2016-01-24 01:15:42,jokowi,overlap,"[""jokowi""]"
1073__4,1073,4,kaskus,2016-01-24 01:15:42,jokowi-ahok bersamaan,rb,"[""jokowi-ahok bersamaan""]"
1073__5,1073,5,kaskus,2016-01-24 01:15:42,negara,overlap,"[""negara""]"
1073__6,1073,6,kaskus,2016-01-24 01:15:42,pembangunan,overlap,"[""pembangunan"", ""indonesia""]"
1074__0,1074,0,kaskus,2016-01-24 01:07:38,impor,overlap,"[""impor"", ""listrik""]"
1075__0,1075,0,kaskus,2016-01-24 00:52:36,listrik,overlap,"[""listrik""]"
1075__1,1075,1,kaskus,2016-01-24 00:52:36,,empty,[]
1075__2,1075,2,kaskus,2016-01-24 00:52:36,,empty,[]
1075__3,1075,3,kaskus,2016-01-24 00:52:36,sistem,overlap,"[""sistem"", ""jaringan""]"
1075__4,1075,4,kaskus,2016-01-24 00:52:36,listrik,overlap,"[""listrik"", ""kwh""]"
1075__5,1075,5,kaskus,2016-01-24 00:52:36,masyarakat,overlap,"[""masyarakat"", ""kwh"", ""pln""]"
1075__6,1075,6,kaskus,2016-01-24 00:52:36,surya,overlap,"[""surya""]"
1075__7,1075,7,kaskus,2016-01-24 00:52:36,jawa,overlap,"[""jawa"", ""plta"", ""pltu""]"
1075__8,1075,8,kaskus,2016-01-24 00:52:36,listrik,overlap,"[""listrik"", ""kwh""]"
1075__9,1075,9,kaskus,2016-01-24 00:52:36,malaysia,rb,"[""malaysia"", ""produksi"", ""kalbar"", ""proyek pltu"", ""pltu""]"
1075__10,1075,10,kaskus,2016-01-24 00:52:36,pltu,overlap,"[""pltu"", ""listrik""]"
1075__11,1075,11,kaskus,2016-01-24 00:52:36,listrik,overlap,"[""listrik"", ""pltu""]"
1075__12,1075,12,kaskus,2016-01-24 00:52:36,listrik,unsup,"[""listrik"", ""pltu""]"
1076__0,1076,0,kaskus,2016-01-24 00:49:35,warga,overlap,"[""warga"", ""kalimantan"", ""jawa"", ""listrik""]"
1076__1,1076,1,kaskus,2016-01-24 00:49:35,lampu,overlap,"[""lampu""]"
1076__2,1076,2,kaskus,2016-01-24 00:49:35,pontianak,overlap,"[""pontianak""]"
1076__3,1076,3,kaskus,2016-01-24 00:49:35,listrik,overlap,"[""listrik""]"
1076__4,1076,4,kaskus,2016-01-24 00:49:35,kampung,rb,"[""kampung"", ""genset""]"
1076__5,1076,5,kaskus,2016-01-24 00:49:35,kalimantan,overlap,"[""kalimantan"", ""batubara"", ""jawa""]"
1076__6,1076,6,kaskus,2016-01-24 00:49:35,jawa,overlap,"[""jawa"", ""energi""]"
1076__7,1076,7,kaskus,2016-01-24 00:49:35,kalimantan,overlap,"[""kalimantan"", ""batubara""]"
1076__8,1076,8,kaskus,2016-01-24 00:49:35,ngamuk,rb,"[""ngamuk""]"
1076__9,1076,9,kaskus,2016-01-24 00:49:35,pemerintah,overlap,"[""pemerintah"", ""listrik""]"
1076__10,1076,10,kaskus,2016-01-24 00:49:35,impor,overlap,"[""impor""]"
1076__11,1076,11,kaskus,2016-01-24 00:49:35,impor,overlap,"[""impor"", ""politik"", ""senjata""]"
1076__12,1076,12,kaskus,2016-01-24 00:49:35,tulisan,overlap,"[""tulisan""]"
1076__13,1076,13,kaskus,2016-01-24 00:49:35,rakyat,overlap,"[""rakyat"", ""listrik""]"
1077__0,1077,0,kaskus,2016-01-24 00:37:32,impor,overlap,"[""impor"", ""listrik"", ""kalimantan"", ""indonesia""]"
1077__1,1077,1,kaskus,2016-01-24 00:37:32,perbatasan,rb,"[""perbatasan"", ""ibukota"", ""provinsi"", ""pontianak"", ""langganan mati lampu""]"
1077__2,1077,2,kaskus,2016-01-24 00:37:32,jawa,overlap,"[""jawa"", ""lampu""]"
1077__3,1077,3,kaskus,2016-01-24 00:37:32,kabel,overlap,"[""kabel"", ""pln"", ""pembangunan""]"
1077__4,1077,4,kaskus,2016-01-24 00:37:32,cost-benefit analysis bagus,rb,"[""cost-benefit analysis bagus"", ""analysis""]"
1077__5,1077,5,kaskus,2016-01-24 00:37:32,surya,overlap,"[""surya"", ""negara"", ""listrik""]"
1077__6,1077,6,kaskus,2016-01-24 00:37:32,pln,overlap,"[""pln"", ""jaringan""]"
1077__7,1077,7,kaskus,2016-01-24 00:37:32,listrik,overlap,"[""listrik""]"
1078__0,1078,0,kaskus,2016-01-24 00:26:14,pemerintah,overlap,"[""pemerintah"", ""rakyat""]"
1079__0,1079,0,kaskus,2016-01-24 00:24:24,,empty,[]
1079__1,1079,1,kaskus,2016-01-24 00:24:24,listrik,overlap,"[""listrik"", ""pemerintah""]"
1079__2,1079,2,kaskus,2016-01-24 00:24:24,listrik,overlap,"[""listrik"", ""warga"", ""pembangkit""]"
1079__3,1079,3,kaskus,2016-01-24 00:24:24,warga,overlap,"[""warga""]"
1080__0,1080,0,kaskus,2016-01-24 00:19:28,warga,overlap,"[""warga"", ""listrik""]"
1080__1,1080,1,kaskus,2016-01-24 00:19:28,listrik,overlap,"[""listrik""]"
1080__2,1080,2,kaskus,2016-01-24 00:19:28,pembangkit,overlap,"[""pembangkit""]"
1080__3,1080,3,kaskus,2016-01-24 00:19:28,pulau,overlap,"[""pulau"", ""jawa""]"
1080__4,1080,4,kaskus,2016-01-24 00:19:28,pemerintah,overlap,"[""pemerintah"", ""listrik""]"
1080__5,1080,5,kaskus,2016-01-24 00:19:28,wilayah,overlap,"[""wilayah"", ""listrik""]"
1081__0,1081,0,kaskus,2016-01-23 23:51:09,,empty,[]
1081__1,1081,1,kaskus,2016-01-23 23:51:09,isi kontrak,rb,"[""isi kontrak"", ""kontrak"", ""isi""]"
1081__2,1081,2,kaskus,2016-01-23 23:51:09,jokowi,overlap,"[""jokowi""]"
1082__0,1082,0,kaskus,2016-01-23 23:49:54,jawa,overlap,"[""jawa"", ""pemadaman""]"
1082__1,1082,1,kaskus,2016-01-23 23:49:54,rumah,overlap,"[""rumah""]"
1082__2,1082,2,kaskus,2016-01-23 23:49:54,pemerintah,overlap,"[""pemerintah"", ""rakyat"", ""listrik"", ""kebutuhan""]"
1082__3,1082,3,kaskus,2016-01-23 23:49:54,listrik,overlap,"[""listrik""]"
1082__4,1082,4,kaskus,2016-01-23 23:49:54,daerah,overlap,"[""daerah"", ""listrik""]"
1082__5,1082,5,kaskus,2016-01-23 23:49:54,pemerintah,overlap,"[""pemerintah"", ""jakarta"", ""listrik"", ""indonesia"", ""kebutuhan""]"
1083__0,1083,0,kaskus,2016-01-23 23:47:43,listrik,overlap,"[""listrik""]"
1083__1,1083,1,kaskus,2016-01-23 23:47:43,jaman,overlap,"[""jaman""]"
1084__0,1084,0,kaskus,2016-01-23 23:44:06,,empty,[]
1084__1,1084,1,kaskus,2016-01-23 23:44:06,uang,overlap,"[""uang""]"
1084__2,1084,2,kaskus,2016-01-23 23:44:06,jokowi negarawan,rb,"[""jokowi negarawan"", ""negarawan"", ""penderma"", ""urusan kasih"", ""kasih uang""]"
1084__3,1084,3,kaskus,2016-01-23 23:44:06,,empty,[]
1084__4,1084,4,kaskus,2016-01-23 23:44:06,kesia,overlap,"[""kesia"", ""siaan""]"
1085__0,1085,0,kaskus,2016-01-23 23:35:00,solusi,overlap,"[""solusi""]"
1086__0,1086,0,kaskus,2016-01-23 23:27:21,,empty,[]
1086__1,1086,1,kaskus,2016-01-23 23:27:21,logika,overlap,"[""logika""]"
1086__2,1086,2,kaskus,2016-01-23 23:27:21,impor,overlap,"[""impor"", ""listrik"", ""pembangkit""]"
1086__3,1086,3,kaskus,2016-01-23 23:27:21,kebalikan,rb,"[""kebalikan""]"
1086__4,1086,4,kaskus,2016-01-23 23:27:21,janji,overlap,"[""janji""]"
1086__5,1086,5,kaskus,2016-01-23 23:27:21,janji,overlap,"[""janji""]"
1087__0,1087,0,kaskus,2016-01-23 15:05:34,jokowi,overlap,"[""jokowi"", ""hasil""]"
1087__1,1087,1,kaskus,2016-01-23 15:05:34,klaim,unsup,"[""klaim""]"
1088__0,1088,0,kaskus,2016-01-23 15:04:31,jokowi,overlap,"[""jokowi""]"
1088__1,1088,1,kaskus,2016-01-23 15:04:31,img,overlap,"[""img""]"
1089__0,1089,0,kaskus,2016-01-22 22:25:19,thahaja,overlap,"[""thahaja"", ""asia"", ""semesta""]"
1089__1,1089,1,kaskus,2016-01-22 22:25:19,listrik,overlap,"[""listrik""]"
1090__0,1090,0,kaskus,2016-01-22 18:54:14,bangsa,overlap,"[""bangsa""]"
1091__0,1091,0,kaskus,2016-01-22 18:14:52,negara spesialis,rb,"[""negara spesialis"", ""spesialis import"", ""import""]"
1092__0,1092,0,kaskus,2016-01-22 18:12:24,listrik,overlap,"[""listrik"", ""negara"", ""pemerintah"", ""impor""]"
1092__1,1092,1,kaskus,2016-01-22 18:12:24,listrik,overlap,"[""listrik"", ""indonesia""]"
1092__2,1092,2,kaskus,2016-01-22 18:12:24,listrik,overlap,"[""listrik"", ""kota"", ""pembangkit""]"
1092__3,1092,3,kaskus,2016-01-22 18:12:24,wilayah,overlap,"[""wilayah"", ""pembangkit""]"
1092__4,1092,4,kaskus,2016-01-22 18:12:24,jawa,overlap,"[""jawa""]"
1092__5,1092,5,kaskus,2016-01-22 18:12:24,lapangan,overlap,"[""lapangan"", ""pemerintah"", ""listrik""]"
1093__0,1093,0,kaskus,2016-01-22 18:06:26,,empty,[]
1093__1,1093,1,kaskus,2016-01-22 18:06:26,proyek mobnasnya hendro,rb,"[""proyek mobnasnya hendro"", ""mobnasnya"", ""hendro priyono"", ""priyono"", ""proton""]"
1093__2,1093,2,kaskus,2016-01-22 18:06:26,asemka,overlap,"[""asemka"", ""rezim"", ""img""]"
1094__0,1094,0,kaskus,2016-01-22 17:48:37,sop,overlap,"[""sop"", ""siaan"", ""kesia""]"
1095__0,1095,0,kaskus,2016-01-22 17:47:34,listrik,overlap,"[""listrik"", ""pltu"", ""kalimantan"", ""daya""]"
1095__1,1095,1,kaskus,2016-01-22 17:47:34,zaman sby,rb,"[""zaman sby"", ""sby img"", ""img url"", ""url"", ""zaman""]"
1096__0,1096,0,kaskus,2016-01-22 17:47:07,menumpang,rb,"[""menumpang"", ""menumpang mantau""]"
1096__1,1096,1,kaskus,2016-01-22 17:47:07,berita,overlap,"[""berita""]"
1097__0,1097,0,kaskus,2016-01-22 17:44:03,isi,overlap,"[""isi""]"
1097__1,1097,1,kaskus,2016-01-22 17:44:03,pembangkit,overlap,"[""pembangkit""]"
1097__2,1097,2,kaskus,2016-01-22 17:44:03,proyek,overlap,"[""proyek""]"
1098__0,1098,0,kaskus,2016-01-22 17:42:30,bbm,overlap,"[""bbm"", ""listrik""]"
1099__0,1099,0,kaskus,2016-01-22 17:39:32,,empty,[]
1100__0,1100,0,kaskus,2016-01-22 17:38:43,panastak,overlap,"[""panastak""]"
1100__1,1100,1,kaskus,2016-01-22 17:38:43,jokowi,rb,"[""jokowi"", ""bgn infrastruktur"", ""infrastruktur"", ""setahun panastak"", ""panastak""]"
1100__2,1100,2,kaskus,2016-01-22 17:38:43,lgsg,rb,"[""lgsg""]"
1100__3,1100,3,kaskus,2016-01-22 17:38:43,proyek,overlap,"[""proyek""]"
1101__0,1101,0,kaskus,2016-01-22 17:38:08,jokowi,overlap,"[""jokowi""]"
1101__1,1101,1,kaskus,2016-01-22 17:38:08,,empty,[]
1102__0,1102,0,kaskus,2016-01-22 17:36:37,impian,overlap,"[""impian""]"
1103__0,1103,0,kaskus,2016-01-22 17:34:14,negara,overlap,"[""negara"", ""eropa"", ""listrik"", ""beli""]"
1104__0,1104,0,kaskus,2016-01-22 17:32:55,plta,overlap,"[""plta"", ""pltu""]"
1104__1,1104,1,kaskus,2016-01-22 17:32:55,nunggj,overlap,"[""nunggj""]"
1104__2,1104,2,kaskus,2016-01-22 17:32:55,,empty,[]
1104__3,1104,3,kaskus,2016-01-22 17:32:55,pltd genset sewa,rb,"[""pltd genset sewa"", ""genset"", ""sewa ready"", ""pltd""]"
1104__4,1104,4,kaskus,2016-01-22 17:32:55,malaysia,overlap,"[""malaysia""]"
1104__5,1104,5,kaskus,2016-01-22 17:32:55,impor,overlap,"[""impor"", ""indonesia""]"
1104__6,1104,6,kaskus,2016-01-22 17:32:55,pltu,overlap,"[""pltu""]"
1104__7,1104,7,kaskus,2016-01-22 17:32:55,ekspor,overlap,"[""ekspor""]"
1104__8,1104,8,kaskus,2016-01-22 17:32:55,url,overlap,"[""url""]"
1105__0,1105,0,kaskus,2016-01-22 17:31:22,jajat tmn,rb,"[""jajat tmn"", ""tmn karib"", ""karib pohon"", ""pohon uang"", ""uang puskaptis""]"
1105__1,1105,1,kaskus,2016-01-22 17:31:22,duit,overlap,"[""duit""]"
1105__2,1105,2,kaskus,2016-01-22 17:31:22,pengamat bodoh,rb,"[""pengamat bodoh""]"
1105__3,1105,3,kaskus,2016-01-22 17:31:22,import,rb,"[""import"", ""tahap pembangunan"", ""pembangunan coeg"", ""coeg""]"
1105__4,1105,4,kaskus,2016-01-22 17:31:22,listrik,overlap,"[""listrik"", ""kondisi""]"
1106__0,1106,0,kaskus,2016-01-22 17:22:06,solusi,overlap,"[""solusi""]"
1106__1,1106,1,kaskus,2016-01-22 17:22:06,pembangkit,rb,"[""pembangkit""]"
1106__2,1106,2,kaskus,2016-01-22 17:22:06,nasi bungkus,rb,"[""nasi bungkus"", ""bungkus"", ""kebiasaan"", ""nasi""]"
1106__3,1106,3,kaskus,2016-01-22 17:22:06,warga,overlap,"[""warga"", ""listrik""]"
1107__0,1107,0,kaskus,2016-01-22 17:21:12,alasan,overlap,"[""alasan""]"
1108__0,1108,0,kaskus,2016-01-22 17:20:44,kalimantan,overlap,"[""kalimantan"", ""listrik""]"
1108__1,1108,1,kaskus,2016-01-22 17:20:44,provider selular,rb,"[""provider selular"", ""malaysia"", ""provider""]"
1109__0,1109,0,kaskus,2016-01-22 17:17:13,negara,overlap,"[""negara""]"
1109__1,1109,1,kaskus,2016-01-22 17:17:13,plta,overlap,"[""plta"", ""pltu""]"
1109__2,1109,2,kaskus,2016-01-22 17:17:13,jalan,overlap,"[""jalan""]"
1109__3,1109,3,kaskus,2016-01-22 17:17:13,import,rb,"[""import"", ""kemarin sby"", ""sby"", ""ratuaan"", ""kemarin""]"
1110__0,1110,0,kaskus,2016-01-22 16:54:33,dahlan,rb,"[""dahlan"", ""dahlan iskan"", ""iskan sewa"", ""sewa genset"", ""genset""]"
1110__1,1110,1,kaskus,2016-01-22 16:54:33,setahun,overlap,"[""setahun""]"
1110__2,1110,2,kaskus,2016-01-22 16:54:33,bbm,overlap,"[""bbm""]"
1110__3,1110,3,kaskus,2016-01-22 16:54:33,pembangkit,rb,"[""pembangkit""]"
1110__4,1110,4,kaskus,2016-01-22 16:54:33,gelap-gelapan,rb,"[""gelap-gelapan""]"
1110__5,1110,5,kaskus,2016-01-22 16:54:33,bahan,overlap,"[""bahan""]"
1110__6,1110,6,kaskus,2016-01-22 16:54:33,kalimantan,overlap,"[""kalimantan"", ""bbm""]"
1110__7,1110,7,kaskus,2016-01-22 16:54:33,batubara,overlap,"[""batubara"", ""sumber"", ""rumah""]"
1110__8,1110,8,kaskus,2016-01-22 16:54:33,rumah,overlap,"[""rumah""]"
1111__0,1111,0,kaskus,2016-01-22 16:54:18,glodok,overlap,"[""glodok"", ""ras""]"
1112__0,1112,0,kaskus,2016-01-22 16:47:49,dada,overlap,"[""dada""]"
1112__1,1112,1,kaskus,2016-01-22 16:47:49,bangsa,overlap,"[""bangsa""]"
1112__2,1112,2,kaskus,2016-01-22 16:47:49,listrik,overlap,"[""listrik"", ""impor""]"
1113__0,1113,0,kaskus,2016-01-22 16:46:36,jokowi,overlap,"[""jokowi""]"
1114__0,1114,0,kaskus,2016-01-22 16:46:26,solusi,overlap,"[""solusi"", ""harga""]"
1115__0,1115,0,kaskus,2016-01-22 16:46:21,indonesia,overlap,"[""indonesia""]"
1115__1,1115,1,kaskus,2016-01-22 16:46:21,eksport,overlap,"[""eksport"", ""suriah""]"
1116__0,1116,0,kaskus,2016-01-22 16:44:17,nuklir,overlap,"[""nuklir"", ""lingkungan""]"
1117__0,1117,0,kaskus,2017-01-06 19:26:50,indonesia,overlap,"[""indonesia"", ""pltn""]"
1117__1,1117,1,kaskus,2017-01-06 19:26:50,mental,overlap,"[""mental""]"
1118__0,1118,0,kaskus,2017-01-06 18:58:21,kaltim,overlap,"[""kaltim""]"
1119__0,1119,0,kaskus,2017-01-06 18:48:30,resiko,overlap,"[""resiko"", ""sumber""]"
1119__1,1119,1,kaskus,2017-01-06 18:48:30,alam,overlap,"[""alam""]"
1119__2,1119,2,kaskus,2017-01-06 18:48:30,pt,overlap,"[""pt""]"
1119__3,1119,3,kaskus,2017-01-06 18:48:30,megaproyek,overlap,"[""megaproyek""]"
1119__4,1119,4,kaskus,2017-01-06 18:48:30,rezim,overlap,"[""rezim""]"
1119__5,1119,5,kaskus,2017-01-06 18:48:30,amp,overlap,"[""amp""]"
1119__6,1119,6,kaskus,2017-01-06 18:48:30,kepercayaan,overlap,"[""kepercayaan"", ""tanduk"", ""krisis""]"
1119__7,1119,7,kaskus,2017-01-06 18:48:30,kabar,rb,"[""kabar"", ""kabar buruk""]"
1119__8,1119,8,kaskus,2017-01-06 18:48:30,penyalahgunaan,overlap,"[""penyalahgunaan""]"
1120__0,1120,0,kaskus,2017-01-06 18:43:35,nuklir,overlap,"[""nuklir""]"
1121__0,1121,0,kaskus,2017-01-06 18:22:40,lapindo,overlap,"[""lapindo""]"
1121__1,1121,1,kaskus,2017-01-06 18:22:40,indonesia,overlap,"[""indonesia""]"
1121__2,1121,2,kaskus,2017-01-06 18:22:40,mutant,overlap,"[""mutant"", ""fpi""]"
1122__0,1122,0,kaskus,2017-01-06 18:19:46,pade,overlap,"[""pade""]"
1122__1,1122,1,kaskus,2017-01-06 18:19:46,listrik,overlap,"[""listrik""]"
1122__2,1122,2,kaskus,2017-01-06 18:19:46,korupsi,overlap,"[""korupsi"", ""pltn""]"
1122__3,1122,3,kaskus,2017-01-06 18:19:46,pltn,overlap,"[""pltn""]"
1123__0,1123,0,kaskus,2017-01-06 18:17:53,material radioaktif,rb,"[""material radioaktif""]"
1123__1,1123,1,kaskus,2017-01-06 18:17:53,pltn,overlap,"[""pltn""]"
1123__2,1123,2,kaskus,2017-01-06 18:17:53,bomb,overlap,"[""bomb"", ""dirty""]"
1124__0,1124,0,kaskus,2017-01-06 18:11:31,dirty,overlap,"[""dirty"", ""bomb""]"
1124__1,1124,1,kaskus,2017-01-06 18:11:31,senjata teroris,rb,"[""senjata teroris""]"
1125__0,1125,0,kaskus,2017-01-06 18:10:54,angin,overlap,"[""angin""]"
1126__0,1126,0,kaskus,2017-01-06 18:06:50,mohon,overlap,"[""mohon""]"
1126__1,1126,1,kaskus,2017-01-06 18:06:50,nuklir,overlap,"[""nuklir"", ""teknologi"", ""reaktor""]"
1126__2,1126,2,kaskus,2017-01-06 18:06:50,reaktor,overlap,"[""reaktor""]"
1126__3,1126,3,kaskus,2017-01-06 18:06:50,uranium,overlap,"[""uranium""]"
1126__4,1126,4,kaskus,2017-01-06 18:06:50,pengayaan,rb,"[""pengayaan"", ""kontaminan""]"
1126__5,1126,5,kaskus,2017-01-06 18:06:50,use,overlap,"[""use"", ""whatsoever""]"
1127__0,1127,0,kaskus,2015-07-14 17:11:38,indonesia,overlap,"[""indonesia"", ""teknologi""]"
1128__0,1128,0,kaskus,2015-07-14 16:42:26,tulisan,overlap,"[""tulisan""]"
1128__1,1128,1,kaskus,2015-07-14 16:42:26,insinyur,overlap,"[""insinyur""]"
1128__2,1128,2,kaskus,2015-07-14 16:42:26,bangsa,overlap,"[""bangsa"", ""maintenance""]"
1128__3,1128,3,kaskus,2015-07-14 16:42:26,jago,unsup,"[""jago""]"
1129__0,1129,0,kaskus,2015-04-06 07:59:43,kalimantan,overlap,"[""kalimantan""]"
1129__1,1129,1,kaskus,2015-04-06 07:59:43,gempa,overlap,"[""gempa"", ""gunung""]"
1129__2,1129,2,kaskus,2015-04-06 07:59:43,jawa,overlap,"[""jawa""]"
1130__0,1130,0,kaskus,2015-04-06 07:21:46,wilayah,rb,"[""wilayah""]"
1131__0,1131,0,kaskus,2015-04-06 07:19:41,wacana,overlap,"[""wacana""]"
1131__1,1131,1,kaskus,2015-04-06 07:19:41,ngecorr,overlap,"[""ngecorr""]"
1132__0,1132,0,kaskus,2015-04-06 07:06:47,pintar komentar,rb,"[""pintar komentar""]"
1133__0,1133,0,kaskus,2015-04-06 06:40:52,lahan,overlap,"[""lahan"", ""nuklir"", ""reaktor""]"
1133__1,1133,1,kaskus,2015-04-06 06:40:52,kaltim,overlap,"[""kaltim"", ""duit""]"
1134__0,1134,0,kaskus,2015-04-06 06:19:09,sbelah,overlap,"[""sbelah"", ""tetangga""]"
1134__1,1134,1,kaskus,2015-04-06 06:19:09,energi,overlap,"[""energi"", ""negara""]"
1135__0,1135,0,kaskus,2015-04-06 06:10:53,nuklir,overlap,"[""nuklir"", ""negara"", ""energi""]"
1135__1,1135,1,kaskus,2015-04-06 06:10:53,syukur,overlap,"[""syukur"", ""bomb""]"
1135__2,1135,2,kaskus,2015-04-06 06:10:53,mata,overlap,"[""mata""]"
1136__0,1136,0,kaskus,2015-04-06 06:00:19,mafia,overlap,"[""mafia""]"
1136__1,1136,1,kaskus,2015-04-06 06:00:19,nuklir,overlap,"[""nuklir"", ""bbm"", ""listrik"", ""kemarin"", ""pembangkit""]"
1136__2,1136,2,kaskus,2015-04-06 06:00:19,politik,overlap,"[""politik""]"
1137__0,1137,0,kaskus,2015-04-06 02:02:40,korupsi,overlap,"[""korupsi""]"
1138__0,1138,0,kaskus,2015-04-06 01:34:32,salut,overlap,"[""salut"", ""awang""]"
1138__1,1138,1,kaskus,2015-04-06 01:34:32,nuklir,overlap,"[""nuklir""]"
1138__2,1138,2,kaskus,2015-04-06 01:34:32,warga,overlap,"[""warga"", ""kaltim"", ""lampu""]"
1138__3,1138,3,kaskus,2015-04-06 01:34:32,,empty,[]
1138__4,1138,4,kaskus,2015-04-06 01:34:32,lampu,overlap,"[""lampu""]"
1138__5,1138,5,kaskus,2015-04-06 01:34:32,rakyat,overlap,"[""rakyat""]"
1138__6,1138,6,kaskus,2015-04-06 01:34:32,pltn,overlap,"[""pltn"", ""masyarakat""]"
1138__7,1138,7,kaskus,2015-04-06 01:34:32,indonesia,overlap,"[""indonesia"", ""warga""]"
1138__8,1138,8,kaskus,2015-04-06 01:34:32,kaseh,overlap,"[""kaseh""]"
1139__0,1139,0,kaskus,2015-04-06 01:25:33,dukung,rb,"[""dukung"", ""dukung penuh""]"
1139__1,1139,1,kaskus,2015-04-06 01:25:33,kaltim,overlap,"[""kaltim""]"
1140__0,1140,0,kaskus,2015-04-06 01:19:35,pltn,overlap,"[""pltn"", ""listrik"", ""pembangunan"", ""daerah""]"
1141__0,1141,0,kaskus,2015-04-06 01:15:03,kaltim,overlap,"[""kaltim"", ""batam"", ""pesisir""]"
1142__0,1142,0,kaskus,2015-04-05 23:26:18,uga ide,rb,"[""uga ide"", ""ide"", ""uga""]"
1143__0,1143,0,kaskus,2015-04-05 23:16:20,bbm,overlap,"[""bbm"", ""alasan""]"
1143__1,1143,1,kaskus,2015-04-05 23:16:20,teknologi,overlap,"[""teknologi""]"
1143__2,1143,2,kaskus,2015-04-05 23:16:20,indonesia,overlap,"[""indonesia""]"
1143__3,1143,3,kaskus,2015-04-05 23:16:20,sdm,overlap,"[""sdm""]"
1143__4,1143,4,kaskus,2015-04-05 23:16:20,teknologi,overlap,"[""teknologi"", ""riset""]"
1144__0,1144,0,kaskus,2015-04-05 23:07:32,nuklir,overlap,"[""nuklir"", ""bbm""]"
1145__0,1145,0,kaskus,2015-04-05 23:01:44,nuklir,overlap,"[""nuklir"", ""power""]"
1145__1,1145,1,kaskus,2015-04-05 23:01:44,maintenance,overlap,"[""maintenance""]"
1145__2,1145,2,kaskus,2015-04-05 23:01:44,konstruksi,overlap,"[""konstruksi"", ""pamobvit""]"
1146__0,1146,0,kaskus,2015-04-05 19:52:51,indonesia,overlap,"[""indonesia"", ""pltn""]"
1146__1,1146,1,kaskus,2015-04-05 19:52:51,pltn,overlap,"[""pltn"", ""industri"", ""bahan""]"
1146__2,1146,2,kaskus,2015-04-05 19:52:51,kaltim,overlap,"[""kaltim""]"
1147__0,1147,0,kaskus,2015-04-05 19:26:52,pltn,overlap,"[""pltn""]"
1148__0,1148,0,kaskus,2015-04-05 19:25:12,kaltim,overlap,"[""kaltim""]"
1149__0,1149,0,kaskus,2015-04-05 19:21:27,pltn,overlap,"[""pltn"", ""listrik"", ""sumber""]"
1149__1,1149,1,kaskus,2015-04-05 19:21:27,pembangunan,overlap,"[""pembangunan"", ""pltn"", ""limbah"", ""biaya""]"
1149__2,1149,2,kaskus,2015-04-05 19:21:27,kalimantan,overlap,"[""kalimantan"", ""batubara"", ""negeri"", ""negara"", ""industri""]"
1149__3,1149,3,kaskus,2015-04-05 19:21:27,serasa pedagang,rb,"[""serasa pedagang"", ""pedagang pasar"", ""pasar eceran"", ""eceran"", ""sayur""]"
1149__4,1149,4,kaskus,2015-04-05 19:21:27,pembeli,rb,"[""pembeli"", ""raya"", ""innova"", ""belanja"", ""angkut belanjaan""]"
1150__0,1150,0,kaskus,2015-04-05 19:13:57,pltn,overlap,"[""pltn""]"
1151__0,1151,0,kaskus,2015-04-05 19:03:21,,empty,[]
1151__1,1151,1,kaskus,2015-04-05 19:03:21,kaya proyek,rb,"[""kaya proyek""]"
1152__0,1152,0,kaskus,2015-04-05 19:00:53,resiko,overlap,"[""resiko"", ""energi"", ""pemerintah""]"
1152__1,1152,1,kaskus,2015-04-05 19:00:53,uranium,overlap,"[""uranium"", ""indonesia"", ""cadangan""]"
1153__0,1153,0,kaskus,2015-04-05 19:00:03,angin,overlap,"[""angin"", ""biaya"", ""pembangkit""]"
1153__1,1153,1,kaskus,2015-04-05 19:00:03,lingkungan,rb,"[""lingkungan""]"
1153__2,1153,2,kaskus,2015-04-05 19:00:03,teknologi,overlap,"[""teknologi"", ""nuklir"", ""senjata""]"
1154__0,1154,0,kaskus,2015-04-05 18:49:54,kaltim,overlap,"[""kaltim""]"
1154__1,1154,1,kaskus,2015-04-05 18:49:54,kalimantan,overlap,"[""kalimantan"", ""pltn""]"
1154__2,1154,2,kaskus,2015-04-05 18:49:54,kalimantan,overlap,"[""kalimantan""]"
1155__0,1155,0,kaskus,2015-04-05 18:46:37,pln,overlap,"[""pln""]"
1156__0,1156,0,kaskus,2015-04-05 17:23:52,jerman,overlap,"[""jerman"", ""nuklir""]"
1156__1,1156,1,kaskus,2015-04-05 17:23:52,indonesia,overlap,"[""indonesia"", ""nuklir""]"
1156__2,1156,2,kaskus,2015-04-05 17:23:52,indonesia,overlap,"[""indonesia"", ""korupsi"", ""nuklir""]"
1157__0,1157,0,kaskus,2015-04-05 11:55:09,safe kontraktor,rb,"[""safe kontraktor"", ""kontraktor"", ""batalin kontrak kontraktor"", ""kontrak beda"", ""safe""]"
1157__1,1157,1,kaskus,2015-04-05 11:55:09,kontraktor,rb,"[""kontraktor"", ""spek barang"", ""barang"", ""spek""]"
1157__2,1157,2,kaskus,2015-04-05 11:55:09,proyek,overlap,"[""proyek""]"
1158__0,1158,0,kaskus,2015-03-23 15:49:07,pltn,overlap,"[""pltn"", ""batan"", ""teknologi"", ""resiko""]"
1158__1,1158,1,kaskus,2015-03-23 15:49:07,,empty,[]
1159__0,1159,0,kaskus,2015-03-23 15:09:30,tampilan klasik,rb,"[""tampilan klasik""]"
1159__1,1159,1,kaskus,2015-03-23 15:09:30,petani,overlap,"[""petani""]"
1159__2,1159,2,kaskus,2015-03-23 15:09:30,indonesia,overlap,"[""indonesia""]"
1160__0,1160,0,kaskus,2015-03-23 09:36:15,kurikulum,overlap,"[""kurikulum"", ""buku"", ""petani"", ""sawah"", ""kebo""]"
1161__0,1161,0,kaskus,2015-03-21 13:29:07,warga,overlap,"[""warga"", ""jalan""]"
1161__1,1161,1,kaskus,2015-03-21 13:29:07,negara,overlap,"[""negara"", ""tanah""]"
1162__0,1162,0,kaskus,2015-03-21 13:06:42,gempa,overlap,"[""gempa"", ""kalimantan""]"
1162__1,1162,1,kaskus,2015-03-21 13:06:42,jepang,overlap,"[""jepang"", ""negeri""]"
1162__2,1162,2,kaskus,2015-03-21 13:06:42,negeri,overlap,"[""negeri""]"
1162__3,1162,3,kaskus,2015-03-21 13:06:42,lapindo,overlap,"[""lapindo"", ""prosedur"", ""kecepirit""]"
1163__0,1163,0,kaskus,2015-03-21 12:13:42,negeri,overlap,"[""negeri""]"
1164__0,1164,0,kaskus,2015-03-21 11:22:18,sip,rb,"[""sip"", ""lulusan"", ""lulusan sttn"", ""sttn"", ""research teknologi""]"
1165__0,1165,0,kaskus,2015-03-21 11:15:49,kerja,overlap,"[""kerja""]"
1166__0,1166,0,kaskus,2015-03-21 11:09:57,malaysia,overlap,"[""malaysia""]"
1166__1,1166,1,kaskus,2015-03-21 11:09:57,strategi,rb,"[""strategi"", ""strategi pertahanan"", ""pertahanan""]"
1166__2,1166,2,kaskus,2015-03-21 11:09:57,pltn,overlap,"[""pltn""]"
1166__3,1166,3,kaskus,2015-03-21 11:09:57,perang,rb,"[""perang"", ""terburuk""]"
1167__0,1167,0,kaskus,2015-03-21 09:43:00,proyek,overlap,"[""proyek""]"
1167__1,1167,1,kaskus,2015-03-21 09:43:00,proyek,overlap,"[""proyek""]"
1168__0,1168,0,kaskus,2015-03-21 08:29:02,pltn,overlap,"[""pltn""]"
1169__0,1169,0,kaskus,2015-03-21 06:47:00,listrik,overlap,"[""listrik"", ""indonesia""]"
1170__0,1170,0,kaskus,2015-03-21 06:37:19,proyek,overlap,"[""proyek"", ""korupsi""]"
1170__1,1170,1,kaskus,2015-03-21 06:37:19,kaltim,overlap,"[""kaltim""]"
1170__2,1170,2,kaskus,2015-03-21 06:37:19,kaltim,overlap,"[""kaltim"", ""warga""]"
1170__3,1170,3,kaskus,2015-03-21 06:37:19,daerah,overlap,"[""daerah""]"
1171__0,1171,0,kaskus,2015-03-21 06:23:13,bueh,overlap,"[""bueh""]"
1171__1,1171,1,kaskus,2015-03-21 06:23:13,lahan,rb,"[""lahan"", ""omel iaea"", ""iaea"", ""perhatian pihak-pihak"", ""pihak-pihak anti-npp""]"
1171__2,1171,2,kaskus,2015-03-21 06:23:13,fukushima,overlap,"[""fukushima"", ""jepang""]"
1171__3,1171,3,kaskus,2015-03-21 06:23:13,dorongan,rb,"[""dorongan"", ""gerakan anti-nuklir gerakan"", ""anti-nuklir"", ""gerakan lobi"", ""lobi""]"
1171__4,1171,4,kaskus,2015-03-21 06:23:13,yahh,rb,"[""yahh""]"
1171__5,1171,5,kaskus,2015-03-21 06:23:13,jerman,overlap,"[""jerman"", ""batubara"", ""alam"", ""indonesia""]"
1171__6,1171,6,kaskus,2015-03-21 06:23:13,amerika,overlap,"[""amerika"", ""negara""]"
1172__0,1172,0,kaskus,2015-03-21 05:40:54,negara,overlap,"[""negara"", ""nuklir"", ""listrik"", ""matahari"", ""angin""]"
1172__1,1172,1,kaskus,2015-03-21 05:40:54,matahari,overlap,"[""matahari"", ""angin"", ""nuklir"", ""pembangkit""]"
1173__0,1173,0,kaskus,2015-03-21 05:31:35,proyek,overlap,"[""proyek""]"
1173__1,1173,1,kaskus,2015-03-21 05:31:35,proyek,overlap,"[""proyek""]"
1173__2,1173,2,kaskus,2015-03-21 05:31:35,wilayah,overlap,"[""wilayah""]"
1173__3,1173,3,kaskus,2015-03-21 05:31:35,wilayah,overlap,"[""wilayah"", ""jakarta"", ""pltn"", ""pengembangan""]"
1173__4,1173,4,kaskus,2015-03-21 05:31:35,pengembangan pltn,rb,"[""pengembangan pltn"", ""pltn comment"", ""comment"", ""pengembangan""]"
1174__0,1174,0,kaskus,2015-03-21 04:38:35,indonesia,overlap,"[""indonesia""]"
1175__0,1175,0,kaskus,2015-03-20 21:48:18,proyek,overlap,"[""proyek"", ""pemerintah""]"
1175__1,1175,1,kaskus,2015-03-20 21:48:18,pemerintah,overlap,"[""pemerintah""]"
1175__2,1175,2,kaskus,2015-03-20 21:48:18,pelaksanaan,overlap,"[""pelaksanaan"", ""pengerjaan""]"
1175__3,1175,3,kaskus,2015-03-20 21:48:18,proyek,overlap,"[""proyek"", ""pemerintah""]"
1175__4,1175,4,kaskus,2015-03-20 21:48:18,politik,overlap,"[""politik""]"
1175__5,1175,5,kaskus,2015-03-20 21:48:18,pltn,overlap,"[""pltn"", ""indonesia"", ""pembangunan""]"
1176__0,1176,0,kaskus,2015-03-20 19:20:37,wilayah,overlap,"[""wilayah""]"
1176__1,1176,1,kaskus,2015-03-20 19:20:37,listrik,overlap,"[""listrik""]"
1177__0,1177,0,kaskus,2015-03-20 19:02:19,pulau,overlap,"[""pulau"", ""jawa""]"
1177__1,1177,1,kaskus,2015-03-20 19:02:19,indonesia,overlap,"[""indonesia"", ""batubara"", ""bbm""]"
1177__2,1177,2,kaskus,2015-03-20 19:02:19,ts,overlap,"[""ts""]"
1177__3,1177,3,kaskus,2015-03-20 19:02:19,perbatasan,rb,"[""perbatasan"", ""musuh""]"
1177__4,1177,4,kaskus,2015-03-20 19:02:19,pltn,overlap,"[""pltn"", ""senjata""]"
1177__5,1177,5,kaskus,2015-03-20 19:02:19,senjata,overlap,"[""senjata"", ""nuklir""]"
1178__0,1178,0,kaskus,2015-03-20 18:56:41,,empty,[]
1178__1,1178,1,kaskus,2015-03-20 18:56:41,pltn,overlap,"[""pltn""]"
1179__0,1179,0,kaskus,2015-03-20 18:32:11,masyarakat,overlap,"[""masyarakat"", ""hasil""]"
1179__1,1179,1,kaskus,2015-03-20 18:32:11,media,overlap,"[""media""]"
1180__0,1180,0,kaskus,2015-03-20 18:07:58,daerah,overlap,"[""daerah"", ""alam"", ""bumi"", ""sdm"", ""nuklir""]"
1180__1,1180,1,kaskus,2015-03-20 18:07:58,nuklir,overlap,"[""nuklir""]"
1180__2,1180,2,kaskus,2015-03-20 18:07:58,nuklir,overlap,"[""nuklir""]"
1181__0,1181,0,kaskus,2015-03-20 18:01:46,indonesia,overlap,"[""indonesia"", ""energi"", ""sumber""]"
1182__0,1182,0,kaskus,2015-03-20 16:27:29,jabodetabek,rb,"[""jabodetabek"", ""rumah reaktor"", ""reaktor terbesar"", ""asean"", ""70an""]"
1183__0,1183,0,kaskus,2015-03-20 16:04:16,penduduk,overlap,"[""penduduk"", ""pemerintah"", ""ahli"", ""alasan""]"
1183__1,1183,1,kaskus,2015-03-20 16:04:16,letak,rb,"[""letak"", ""batas aman""]"
1183__2,1183,2,kaskus,2015-03-20 16:04:16,warga,overlap,"[""warga"", ""pemerintah"", ""proyek""]"
1183__3,1183,3,kaskus,2015-03-20 16:04:16,nuklir,overlap,"[""nuklir""]"
1183__4,1183,4,kaskus,2015-03-20 16:04:16,nuklir,overlap,"[""nuklir"", ""pltn"", ""ahli""]"
1183__5,1183,5,kaskus,2015-03-20 16:04:16,listrik,overlap,"[""listrik"", ""jawa"", ""pemerintah"", ""pembangunan""]"
1183__6,1183,6,kaskus,2015-03-20 16:04:16,pemerintah,overlap,"[""pemerintah"", ""listrik""]"
1183__7,1183,7,kaskus,2015-03-20 16:04:16,pembangkit,overlap,"[""pembangkit""]"
1184__0,1184,0,kaskus,2015-03-20 15:58:45,bbm,overlap,"[""bbm""]"
1184__1,1184,1,kaskus,2015-03-20 15:58:45,surya,overlap,"[""surya"", ""bbm"", ""listrik""]"
1184__2,1184,2,kaskus,2015-03-20 15:58:45,fosil,overlap,"[""fosil"", ""pltn"", ""listrik"", ""tenaga""]"
1184__3,1184,3,kaskus,2015-03-20 15:58:45,,empty,[]
1185__0,1185,0,kaskus,2015-03-20 15:54:00,mantap,rb,"[""mantap""]"
1185__1,1185,1,kaskus,2015-03-20 15:54:00,pltn,overlap,"[""pltn""]"
1185__2,1185,2,kaskus,2015-03-20 15:54:00,reaktor,overlap,"[""reaktor"", ""uranium"", ""kalimantan""]"
1186__0,1186,0,kaskus,2015-03-20 15:45:13,pltn,overlap,"[""pltn"", ""listrik"", ""surya""]"
1186__1,1186,1,kaskus,2015-03-20 15:45:13,listrik,overlap,"[""listrik"", ""surya""]"
1186__2,1186,2,kaskus,2015-03-20 15:45:13,surya,overlap,"[""surya"", ""listrik"", ""rakyat""]"
1186__3,1186,3,kaskus,2015-03-20 15:45:13,kalimantan,overlap,"[""kalimantan"", ""listrik""]"
1186__4,1186,4,kaskus,2015-03-20 15:45:13,daerah,overlap,"[""daerah""]"
1186__5,1186,5,kaskus,2015-03-20 15:45:13,sdm,overlap,"[""sdm"", ""listrik""]"
1186__6,1186,6,kaskus,2015-03-20 15:45:13,listrik,overlap,"[""listrik"", ""surya""]"
1186__7,1186,7,kaskus,2015-03-20 15:45:13,listrik,overlap,"[""listrik"", ""pltn""]"
1187__0,1187,0,kaskus,2015-03-20 15:17:20,kalimantan,overlap,"[""kalimantan""]"
1187__1,1187,1,kaskus,2015-03-20 15:17:20,listrik,overlap,"[""listrik""]"
1187__2,1187,2,kaskus,2015-03-20 15:17:20,indonesia,overlap,"[""indonesia""]"
1187__3,1187,3,kaskus,2015-03-20 15:17:20,reaktor,overlap,"[""reaktor""]"
1187__4,1187,4,kaskus,2015-03-20 15:17:20,batan,overlap,"[""batan""]"
1188__0,1188,0,kaskus,2015-03-20 15:01:18,pltn,overlap,"[""pltn""]"
1188__1,1188,1,kaskus,2015-03-20 15:01:18,plta,overlap,"[""plta"", ""pltn""]"
1189__0,1189,0,kaskus,2015-03-20 14:30:29,propaganda,overlap,"[""propaganda""]"
1189__1,1189,1,kaskus,2015-03-20 14:30:29,sdm,overlap,"[""sdm""]"
1190__0,1190,0,kaskus,2015-03-20 14:16:25,nuklir,overlap,"[""nuklir"", ""indonesia""]"
1190__1,1190,1,kaskus,2015-03-20 14:16:25,listrik,overlap,"[""listrik"", ""pembangkit""]"
1191__0,1191,0,kaskus,2015-03-20 14:10:41,sd,overlap,"[""sd""]"
1191__1,1191,1,kaskus,2015-03-20 14:10:41,sd,overlap,"[""sd""]"
1191__2,1191,2,kaskus,2015-03-20 14:10:41,indonesia,overlap,"[""indonesia"", ""pltn""]"
1191__3,1191,3,kaskus,2015-03-20 14:10:41,alam,overlap,"[""alam"", ""indonesia""]"
1192__0,1192,0,kaskus,2015-03-20 14:01:05,listrik,overlap,"[""listrik""]"
1192__1,1192,1,kaskus,2015-03-20 14:01:05,listrik,overlap,"[""listrik""]"
1192__2,1192,2,kaskus,2015-03-20 14:01:05,nyala,overlap,"[""nyala""]"
1192__3,1192,3,kaskus,2015-03-20 14:01:05,sistem klasik,rb,"[""sistem klasik"", ""kipas angin"", ""angin mad"", ""mad"", ""ventilasi""]"
1192__4,1192,4,kaskus,2015-03-20 14:01:05,listrik,overlap,"[""listrik""]"
1192__5,1192,5,kaskus,2015-03-20 14:01:05,,empty,[]
1193__0,1193,0,kaskus,2015-03-20 13:49:28,listrik,overlap,"[""listrik""]"
1193__1,1193,1,kaskus,2015-03-20 13:49:28,berbekas,rb,"[""berbekas""]"
1193__2,1193,2,kaskus,2015-03-20 13:49:28,listrik,overlap,"[""listrik"", ""plta"", ""batubara""]"
1194__0,1194,0,kaskus,2015-03-20 13:24:47,trust,rb,"[""trust"", ""issue""]"
1194__1,1194,1,kaskus,2015-03-20 13:24:47,nuklir,overlap,"[""nuklir"", ""listrik"", ""sdm""]"
1195__0,1195,0,kaskus,2015-03-20 13:21:09,pltn,overlap,"[""pltn"", ""sdm""]"
1195__1,1195,1,kaskus,2015-03-20 13:21:09,pltn,overlap,"[""pltn""]"
1196__0,1196,0,kaskus,2015-03-20 12:54:29,nuklir,overlap,"[""nuklir""]"
1196__1,1196,1,kaskus,2015-03-20 12:54:29,margin safety,rb,"[""margin safety"", ""safety factor"", ""factor"", ""margin""]"
1196__2,1196,2,kaskus,2015-03-20 12:54:29,dunia,overlap,"[""dunia"", ""amerika"", ""jepang"", ""pltn""]"
1196__3,1196,3,kaskus,2015-03-20 12:54:29,kaltim,overlap,"[""kaltim"", ""pltn""]"
1197__0,1197,0,kaskus,2015-03-20 12:49:41,capet,rb,"[""capet"", ""nyawa"", ""lampu tegak"", ""obat""]"
1197__1,1197,1,kaskus,2015-03-20 12:49:41,proyek,overlap,"[""proyek""]"
1197__2,1197,2,kaskus,2015-03-20 12:49:41,masyarakat,overlap,"[""masyarakat"", ""kalimantan"", ""proyek""]"
1198__0,1198,0,kaskus,2015-03-20 10:38:32,sdm,overlap,"[""sdm"", ""chernobyl"", ""fukushima""]"
1199__0,1199,0,kaskus,2015-03-20 10:30:19,saia,rb,"[""saia""]"
1199__1,1199,1,kaskus,2015-03-20 10:30:19,fosil,overlap,"[""fosil""]"
1199__2,1199,2,kaskus,2015-03-20 10:30:19,nuklir,overlap,"[""nuklir""]"
1200__0,1200,0,kaskus,2015-03-20 10:29:06,kalimantan,overlap,"[""kalimantan""]"
1200__1,1200,1,kaskus,2015-03-20 10:29:06,jepang,overlap,"[""jepang"", ""nuklir"", ""manusia"", ""indonesia""]"
1201__0,1201,0,kaskus,2015-03-20 10:25:12,pemerintah,overlap,"[""pemerintah"", ""masyarakat""]"
1201__1,1201,1,kaskus,2015-03-20 10:25:12,masyarakat,overlap,"[""masyarakat"", ""pltn""]"
1201__2,1201,2,kaskus,2015-03-20 10:25:12,masyarakat,overlap,"[""masyarakat""]"
1201__3,1201,3,kaskus,2015-03-20 10:25:12,pltn,overlap,"[""pltn"", ""chernobyl"", ""warga""]"
1201__4,1201,4,kaskus,2015-03-20 10:25:12,pltn,overlap,"[""pltn"", ""coba"", ""ahli"", ""listrik"", ""nuklir""]"
1201__5,1201,5,kaskus,2015-03-20 10:25:12,daya,overlap,"[""daya""]"
1201__6,1201,6,kaskus,2015-03-20 10:25:12,chernobly,overlap,"[""chernobly"", ""skg""]"
1201__7,1201,7,kaskus,2015-03-20 10:25:12,radiasi,overlap,"[""radiasi"", ""pltn""]"
1202__0,1202,0,kaskus,2015-03-20 10:21:43,pendidikan,overlap,"[""pendidikan""]"
1202__1,1202,1,kaskus,2015-03-20 10:21:43,listrik,overlap,"[""listrik""]"
1202__2,1202,2,kaskus,2015-03-20 10:21:43,resiko,rb,"[""resiko"", ""manajemen penanganan"", ""penanganan risiko"", ""risiko""]"
1202__3,1202,3,kaskus,2015-03-20 10:21:43,nuklir,overlap,"[""nuklir"", ""indonesia"", ""teknologi""]"
1202__4,1202,4,kaskus,2015-03-20 10:21:43,pltn,overlap,"[""pltn"", ""url"", ""nuklir""]"
1203__0,1203,0,kaskus,2015-03-20 10:13:49,sdm,overlap,"[""sdm""]"
1203__1,1203,1,kaskus,2015-03-20 10:13:49,terbang,overlap,"[""terbang"", ""transportasi"", ""treatment""]"
1203__2,1203,2,kaskus,2015-03-20 10:13:49,error,overlap,"[""error"", ""pesawat"", ""korban"", ""human""]"
1203__3,1203,3,kaskus,2015-03-20 10:13:49,pesawat,overlap,"[""pesawat""]"
1203__4,1203,4,kaskus,2015-03-20 10:13:49,nuklir,overlap,"[""nuklir"", ""listrik"", ""pembangkit""]"
1204__0,1204,0,kaskus,2015-03-20 10:13:36,pemahaman,overlap,"[""pemahaman"", ""sosialisasi""]"
1204__1,1204,1,kaskus,2015-03-20 10:13:36,pltn,overlap,"[""pltn"", ""jakarta""]"
1204__2,1204,2,kaskus,2015-03-20 10:13:36,jakarta,overlap,"[""jakarta"", ""hasil"", ""pemerintah""]"
1204__3,1204,3,kaskus,2015-03-20 10:13:36,pemerintah,overlap,"[""pemerintah"", ""kerja""]"
1204__4,1204,4,kaskus,2015-03-20 10:13:36,berita,overlap,"[""berita""]"
1204__5,1204,5,kaskus,2015-03-20 10:13:36,teman,overlap,"[""teman""]"
1204__6,1204,6,kaskus,2015-03-20 10:13:36,kalimantan,overlap,"[""kalimantan"", ""pltn"", ""indonesia""]"
1205__0,1205,0,kaskus,2015-03-20 10:06:19,kalimantan,overlap,"[""kalimantan"", ""listrik""]"
1206__0,1206,0,kaskus,2015-03-20 09:53:26,mati,overlap,"[""mati"", ""pltn""]"
1207__0,1207,0,kaskus,2015-03-20 09:52:25,alasan,overlap,"[""alasan"", ""negara""]"
1207__1,1207,1,kaskus,2015-03-20 09:52:25,resiko,overlap,"[""resiko""]"
1208__0,1208,0,kaskus,2015-03-20 09:49:52,,empty,[]
1209__0,1209,0,kaskus,2015-03-20 09:48:06,pln,overlap,"[""pln""]"
1209__1,1209,1,kaskus,2015-03-20 09:48:06,impor,overlap,"[""impor"", ""energi""]"
1210__0,1210,0,kaskus,2015-03-20 09:47:00,reaktor,overlap,"[""reaktor"", ""pltn"", ""fukushima"", ""tsunami"", ""senjata""]"
1211__0,1211,0,kaskus,2015-03-20 09:40:57,nuklir,overlap,"[""nuklir"", ""batubara"", ""listrik""]"
1211__1,1211,1,kaskus,2015-03-20 09:40:57,hasil,overlap,"[""hasil""]"
1211__2,1211,2,kaskus,2015-03-20 09:40:57,pltn,overlap,"[""pltn"", ""tanah""]"
1211__3,1211,3,kaskus,2015-03-20 09:40:57,nuklir,overlap,"[""nuklir"", ""kalimantan"", ""pltn"", ""indonesia"", ""kabel""]"
1211__4,1211,4,kaskus,2015-03-20 09:40:57,energi,overlap,"[""energi""]"
1211__5,1211,5,kaskus,2015-03-20 09:40:57,nuklir,overlap,"[""nuklir"", ""indonesia""]"
1212__0,1212,0,kaskus,2015-03-20 09:37:26,perusahaan,overlap,"[""perusahaan"", ""pln""]"
1212__1,1212,1,kaskus,2015-03-20 09:37:26,perusahaan,overlap,"[""perusahaan"", ""masyarakat"", ""nuklir"", ""listrik""]"
1213__0,1213,0,kaskus,2015-03-20 09:33:36,nuklir,overlap,"[""nuklir"", ""listrik""]"
1213__1,1213,1,kaskus,2015-03-20 09:33:36,pendidikan,rb,"[""pendidikan""]"
1213__2,1213,2,kaskus,2015-03-20 09:33:36,resiko,overlap,"[""resiko""]"
1213__3,1213,3,kaskus,2015-03-20 09:33:36,nuklir,overlap,"[""nuklir"", ""listrik""]"
1214__0,1214,0,kaskus,2015-03-20 09:31:11,indonesia,overlap,"[""indonesia"", ""power"", ""perusahaan"", ""pln""]"
1214__1,1214,1,kaskus,2015-03-20 09:31:11,url,overlap,"[""url""]"
1214__2,1214,2,kaskus,2015-03-20 09:31:11,pln,overlap,"[""pln"", ""perusahaan"", ""pembangkit""]"
1215__0,1215,0,kaskus,2015-03-20 09:27:47,nuklir,overlap,"[""nuklir""]"
1216__0,1216,0,kaskus,2015-03-20 09:23:35,batan,overlap,"[""batan"", ""nuklir""]"
1216__1,1216,1,kaskus,2015-03-20 09:23:35,pembangkit,overlap,"[""pembangkit"", ""pln""]"
1216__2,1216,2,kaskus,2015-03-20 09:23:35,,empty,[]
1217__0,1217,0,kaskus,2015-03-20 09:21:00,pln,overlap,"[""pln"", ""pemerintah""]"
1217__1,1217,1,kaskus,2015-03-20 09:21:00,indonesia,overlap,"[""indonesia"", ""power""]"
1218__0,1218,0,kaskus,2015-03-20 09:20:55,batan,overlap,"[""batan"", ""riset""]"
1218__1,1218,1,kaskus,2015-03-20 09:20:55,pln,overlap,"[""pln""]"
1219__0,1219,0,kaskus,2015-03-20 09:17:45,,empty,[]
1219__1,1219,1,kaskus,2015-03-20 09:17:45,indonesia,overlap,"[""indonesia"", ""pemerintah"", ""listrik""]"
1219__2,1219,2,kaskus,2015-03-20 09:17:45,listrik,overlap,"[""listrik""]"
1219__3,1219,3,kaskus,2015-03-20 09:17:45,rumah,overlap,"[""rumah"", ""pembangunan"", ""jalan""]"
1219__4,1219,4,kaskus,2015-03-20 09:17:45,pltn,overlap,"[""pltn""]"
1219__5,1219,5,kaskus,2015-03-20 09:17:45,nuklir,overlap,"[""nuklir"", ""listrik"", ""tanah"", ""gas""]"
1219__6,1219,6,kaskus,2015-03-20 09:17:45,gas,overlap,"[""gas""]"
1219__7,1219,7,kaskus,2015-03-20 09:17:45,tabung bocor dikasi,rb,"[""tabung bocor dikasi"", ""dikasi"", ""treatment"", ""tabung""]"
1219__8,1219,8,kaskus,2015-03-20 09:17:45,kemajuan,rb,"[""kemajuan"", ""kajian amdal"", ""amdal"", ""kajian""]"
1219__9,1219,9,kaskus,2015-03-20 09:17:45,masyarakat,overlap,"[""masyarakat""]"
1220__0,1220,0,kaskus,2015-03-20 09:12:54,negara,overlap,"[""negara""]"
1220__1,1220,1,kaskus,2015-03-20 09:12:54,indonesia,overlap,"[""indonesia"", ""nuklir"", ""negara""]"
1221__0,1221,0,kaskus,2015-03-20 09:12:40,korupsi,overlap,"[""korupsi"", ""pln""]"
1221__1,1221,1,kaskus,2015-03-20 09:12:40,listrik,overlap,"[""listrik"", ""indonesia"", ""pln"", ""pembangkit""]"
1221__2,1221,2,kaskus,2015-03-20 09:12:40,daya,overlap,"[""daya"", ""kebutuhan""]"
1221__3,1221,3,kaskus,2015-03-20 09:12:40,listrik,overlap,"[""listrik""]"
1221__4,1221,4,kaskus,2015-03-20 09:12:40,pln,overlap,"[""pln"", ""listrik"", ""kebutuhan"", ""batubara"", ""energi""]"
1221__5,1221,5,kaskus,2015-03-20 09:12:40,pln,overlap,"[""pln"", ""nuklir"", ""pembangkit""]"
1221__6,1221,6,kaskus,2015-03-20 09:12:40,nuklir,overlap,"[""nuklir"", ""listrik""]"
1221__7,1221,7,kaskus,2015-03-20 09:12:40,batan,overlap,"[""batan""]"
1222__0,1222,0,kaskus,2015-03-20 09:06:16,indonesia,overlap,"[""indonesia"", ""listrik"", ""pembangkit""]"
1222__1,1222,1,kaskus,2015-03-20 09:06:16,minyak,overlap,"[""minyak"", ""plta""]"
1222__2,1222,2,kaskus,2015-03-20 09:06:16,lpg,rb,"[""lpg""]"
1223__0,1223,0,kaskus,2015-03-20 09:05:21,pln,overlap,"[""pln"", ""batubara""]"
1223__1,1223,1,kaskus,2015-03-20 09:05:21,nuklir,overlap,"[""nuklir""]"
1224__0,1224,0,kaskus,2015-03-20 09:05:16,kaltim,overlap,"[""kaltim"", ""jawa"", ""gempa""]"
1225__0,1225,0,kaskus,2015-03-20 09:00:36,pembangkit,overlap,"[""pembangkit"", ""nuklir"", ""indonesia""]"
1226__0,1226,0,kaskus,2015-03-20 08:57:57,pln,overlap,"[""pln"", ""listrik"", ""ahli""]"
1226__1,1226,1,kaskus,2015-03-20 08:57:57,nuklir,overlap,"[""nuklir"", ""indonesia""]"
1226__2,1226,2,kaskus,2015-03-20 08:57:57,nuklir,overlap,"[""nuklir"", ""indonesia"", ""ahli""]"
1227__0,1227,0,kaskus,2015-03-20 08:54:50,jawa,overlap,"[""jawa"", ""laut""]"
1227__1,1227,1,kaskus,2015-03-20 08:54:50,pesen,rb,"[""pesen"", ""pengelola"", ""pt""]"
1228__0,1228,0,kaskus,2015-03-20 08:52:04,indonesia,overlap,"[""indonesia"", ""listrik"", ""sdm"", ""pembangkit""]"
1229__0,1229,0,kaskus,2015-03-20 08:46:50,pltn,overlap,"[""pltn"", ""indonesia""]"
1229__1,1229,1,kaskus,2015-03-20 08:46:50,nuklir,overlap,"[""nuklir"", ""uranium"", ""listrik"", ""sdm"", ""indonesia""]"
1229__2,1229,2,kaskus,2015-03-20 08:46:50,listrik,overlap,"[""listrik"", ""sdm"", ""indonesia"", ""pltn"", ""nuklir""]"
1229__3,1229,3,kaskus,2015-03-20 08:46:50,kebocoran,overlap,"[""kebocoran""]"
1229__4,1229,4,kaskus,2015-03-20 08:46:50,pltn,overlap,"[""pltn"", ""investasi"", ""pembangkit""]"
1229__5,1229,5,kaskus,2015-03-20 08:46:50,listrik,overlap,"[""listrik"", ""investasi"", ""energi""]"
1229__6,1229,6,kaskus,2015-03-20 08:46:50,indonesia,overlap,"[""indonesia"", ""negara""]"
1229__7,1229,7,kaskus,2015-03-20 08:46:50,listrik,overlap,"[""listrik"", ""investasi""]"
1230__0,1230,0,kaskus,2015-03-20 08:41:41,push,overlap,"[""push""]"
1230__1,1230,1,kaskus,2015-03-20 08:41:41,kalimantan,overlap,"[""kalimantan""]"
1231__0,1231,0,kaskus,2015-03-20 08:39:52,pltu,overlap,"[""pltu""]"
1231__1,1231,1,kaskus,2015-03-20 08:39:52,usa,unsup,"[""usa""]"
1231__2,1231,2,kaskus,2015-03-20 08:39:52,pltn,overlap,"[""pltn""]"
1232__0,1232,0,kaskus,2015-03-20 08:23:08,uranium,overlap,"[""uranium"", ""indonesia""]"
1232__1,1232,1,kaskus,2015-03-20 08:23:08,uranium,overlap,"[""uranium""]"
1233__0,1233,0,kaskus,2015-03-20 07:58:27,inii,overlap,"[""inii"", ""propaganda""]"
1233__1,1233,1,kaskus,2015-03-20 07:58:27,pltn,overlap,"[""pltn""]"
1233__2,1233,2,kaskus,2015-03-20 07:58:27,masyarakat,overlap,"[""masyarakat""]"
1233__3,1233,3,kaskus,2015-03-20 07:58:27,pltn,overlap,"[""pltn""]"
1233__4,1233,4,kaskus,2015-03-20 07:58:27,pltn,overlap,"[""pltn"", ""gempa""]"
1233__5,1233,5,kaskus,2015-03-20 07:58:27,radiasi,overlap,"[""radiasi"", ""lingkungan""]"
1233__6,1233,6,kaskus,2015-03-20 07:58:27,lingkungan,overlap,"[""lingkungan"", ""radiasi""]"
1233__7,1233,7,kaskus,2015-03-20 07:58:27,b,rb,"[""b""]"
1233__8,1233,8,kaskus,2015-03-20 07:58:27,radiasi,overlap,"[""radiasi"", ""daya"", ""lapangan""]"
1233__9,1233,9,kaskus,2015-03-20 07:58:27,industri,overlap,"[""industri""]"
1233__10,1233,10,kaskus,2015-03-20 07:58:27,limbah,overlap,"[""limbah"", ""thorium""]"
1233__11,1233,11,kaskus,2015-03-20 07:58:27,uranium,overlap,"[""uranium""]"
1233__12,1233,12,kaskus,2015-03-20 07:58:27,nuklir,overlap,"[""nuklir"", ""thorium"", ""senjata""]"
1233__13,1233,13,kaskus,2015-03-20 07:58:27,listrik,overlap,"[""listrik"", ""energi""]"
1233__14,1233,14,kaskus,2015-03-20 07:58:27,reaktor,overlap,"[""reaktor"", ""thorium"", ""pltn"", ""cadangan""]"
1233__15,1233,15,kaskus,2015-03-20 07:58:27,thorium,overlap,"[""thorium"", ""bumi"", ""cadangan"", ""uranium""]"
1233__16,1233,16,kaskus,2015-03-20 07:58:27,sdm,rb,"[""sdm"", ""reactor nuklir"", ""nuklir"", ""research"", ""reactor""]"
1233__17,1233,17,kaskus,2015-03-20 07:58:27,nuklir,overlap,"[""nuklir""]"
1233__18,1233,18,kaskus,2015-03-20 07:58:27,nuklir,overlap,"[""nuklir"", ""listrik""]"
1233__19,1233,19,kaskus,2015-03-20 07:58:27,url,rb,"[""url""]"
1233__20,1233,20,kaskus,2015-03-20 07:58:27,url,unsup,"[""url""]"
1234__0,1234,0,kaskus,2015-03-20 07:50:02,listrik,overlap,"[""listrik"", ""plta"", ""pltu"", ""nuklir"", ""daya""]"
1234__1,1234,1,kaskus,2015-03-20 07:50:02,nuklir,overlap,"[""nuklir"", ""senjata"", ""sdm""]"
1234__2,1234,2,kaskus,2015-03-20 07:50:02,indonesia,overlap,"[""indonesia"", ""sdm"", ""nuklir""]"
1235__0,1235,0,kaskus,2015-03-20 07:40:01,minyak,overlap,"[""minyak"", ""listrik""]"
1236__0,1236,0,kaskus,2015-03-20 01:00:17,saudara,rb,"[""saudara""]"
1236__1,1236,1,kaskus,2015-03-20 01:00:17,mimpi2,rb,"[""mimpi2""]"
1237__0,1237,0,kaskus,2015-03-20 00:12:25,negeri,overlap,"[""negeri""]"
1237__1,1237,1,kaskus,2015-03-20 00:12:25,indonesia,overlap,"[""indonesia"", ""nuklir""]"
1238__0,1238,0,kaskus,2015-03-19 23:27:28,mulut,overlap,"[""mulut"", ""gubernur""]"
1239__0,1239,0,kaskus,2015-03-18 21:37:26,kaltim,overlap,"[""kaltim""]"
1239__1,1239,1,kaskus,2015-03-18 21:37:26,jalan,overlap,"[""jalan""]"
1240__0,1240,0,kaskus,2015-03-18 21:29:09,kiamat,overlap,"[""kiamat""]"
1241__0,1241,0,kaskus,2015-03-18 21:26:06,pltn,overlap,"[""pltn""]"
1241__1,1241,1,kaskus,2015-03-18 21:26:06,pltn,overlap,"[""pltn""]"
1242__0,1242,0,kaskus,2015-03-18 21:11:46,setubuh,rb,"[""setubuh"", ""lingkungan""]"
1242__1,1242,1,kaskus,2015-03-18 21:11:46,listrik,overlap,"[""listrik"", ""jawa""]"
1243__0,1243,0,kaskus,2015-03-18 20:52:03,resiko,overlap,"[""resiko"", ""kalimantan"", ""tenaga"", ""angin""]"
1243__1,1243,1,kaskus,2015-03-18 20:52:03,sekelurahan,overlap,"[""sekelurahan""]"
1243__2,1243,2,kaskus,2015-03-18 20:52:03,air,overlap,"[""air""]"
1243__3,1243,3,kaskus,2015-03-18 20:52:03,kalimantan,overlap,"[""kalimantan"", ""pembangkit""]"
1243__4,1243,4,kaskus,2015-03-18 20:52:03,plta,overlap,"[""plta"", ""listrik"", ""daerah"", ""kebutuhan""]"
1243__5,1243,5,kaskus,2015-03-18 20:52:03,kalimantan,overlap,"[""kalimantan"", ""potensi""]"
1243__6,1243,6,kaskus,2015-03-18 20:52:03,komentar,overlap,"[""komentar"", ""informasi""]"
1244__0,1244,0,kaskus,2015-03-18 18:39:09,kalimantan,overlap,"[""kalimantan""]"
1245__0,1245,0,kaskus,2015-03-18 18:05:47,gempa,overlap,"[""gempa"", ""energi""]"
1246__0,1246,0,kaskus,2015-03-18 18:02:39,kemajuan,rb,"[""kemajuan""]"
1247__0,1247,0,kaskus,2015-03-18 17:57:19,ahli,overlap,"[""ahli""]"
1247__1,1247,1,kaskus,2015-03-18 17:57:19,,empty,[]
1248__0,1248,0,kaskus,2015-03-18 17:52:39,pltn,overlap,"[""pltn""]"
1249__0,1249,0,kaskus,2015-03-18 17:51:34,,empty,[]
1249__1,1249,1,kaskus,2015-03-18 17:51:34,pemerintah,overlap,"[""pemerintah""]"
1249__2,1249,2,kaskus,2015-03-18 17:51:34,pemerintah,overlap,"[""pemerintah"", ""indonesia""]"
1249__3,1249,3,kaskus,2015-03-18 17:51:34,fatal,rb,"[""fatal""]"
1249__4,1249,4,kaskus,2015-03-18 17:51:34,resiko,rb,"[""resiko"", ""tangan orng"", ""orng""]"
1249__5,1249,5,kaskus,2015-03-18 17:51:34,serem,overlap,"[""serem""]"
1250__0,1250,0,kaskus,2015-03-18 17:50:34,pltn,overlap,"[""pltn"", ""listrik""]"
1251__0,1251,0,kaskus,2015-03-18 17:47:51,,empty,[]
1251__1,1251,1,kaskus,2015-03-18 17:47:51,kebocoran,overlap,"[""kebocoran""]"
1251__2,1251,2,kaskus,2015-03-18 17:47:51,radiasi,overlap,"[""radiasi""]"
1251__3,1251,3,kaskus,2015-03-18 17:47:51,resiko,overlap,"[""resiko"", ""nuklir""]"
1251__4,1251,4,kaskus,2015-03-18 17:47:51,air,overlap,"[""air"", ""angin"", ""energi""]"
1251__5,1251,5,kaskus,2015-03-18 17:47:51,color,overlap,"[""color"", ""green""]"
1252__0,1252,0,kaskus,2015-03-18 17:42:12,masyarakat,overlap,"[""masyarakat""]"
1253__0,1253,0,kaskus,2015-03-18 17:02:43,gubernurnya,rb,"[""gubernurnya""]"
1253__1,1253,1,kaskus,2015-03-18 17:02:43,mulut,rb,"[""mulut"", ""hasil kerja real"", ""kerja""]"
1254__0,1254,0,kaskus,2015-03-18 17:00:38,daerah,overlap,"[""daerah"", ""gempa"", ""listrik""]"
1254__1,1254,1,kaskus,2015-03-18 17:00:38,pltn,overlap,"[""pltn""]"
1255__0,1255,0,kaskus,2015-03-18 15:37:38,pinter,overlap,"[""pinter"", ""gubernur""]"
1255__1,1255,1,kaskus,2015-03-18 15:37:38,proyek,overlap,"[""proyek""]"
1256__0,1256,0,kaskus,2015-03-18 15:26:08,kalimantan,overlap,"[""kalimantan"", ""alam"", ""pltn"", ""bencana""]"
1257__0,1257,0,kaskus,2015-03-18 15:14:49,pulau,overlap,"[""pulau"", ""kalimantan""]"
1258__0,1258,0,kaskus,2015-03-18 15:13:53,ahli,rb,"[""ahli""]"
1258__1,1258,1,kaskus,2015-03-18 15:13:53,proyek,overlap,"[""proyek""]"
1259__0,1259,0,kaskus,2015-03-18 15:11:01,nuklir,overlap,"[""nuklir""]"
1259__1,1259,1,kaskus,2015-03-18 15:11:01,nuklir,overlap,"[""nuklir""]"
1260__0,1260,0,kaskus,2015-03-18 15:09:23,indonesia,overlap,"[""indonesia"", ""sdm"", ""riset"", ""reaktor""]"
1260__1,1260,1,kaskus,2015-03-18 15:09:23,daya,overlap,"[""daya"", ""reaktor""]"
1261__0,1261,0,kaskus,2015-03-18 15:06:54,nuklir,overlap,"[""nuklir"", ""listrik"", ""senjata""]"
1261__1,1261,1,kaskus,2015-03-18 15:06:54,,empty,[]
1262__0,1262,0,kaskus,2015-03-18 15:05:32,jatafest.tunggu,rb,"[""jatafest.tunggu"", ""alergi"", ""bahasa""]"
1263__0,1263,0,kaskus,2015-03-18 15:03:16,pltn,overlap,"[""pltn""]"
1263__1,1263,1,kaskus,2015-03-18 15:03:16,masyarakat,overlap,"[""masyarakat""]"
1263__2,1263,2,kaskus,2015-03-18 15:03:16,pltn,overlap,"[""pltn""]"
1264__0,1264,0,kaskus,2015-03-18 14:59:07,kalimantan,overlap,"[""kalimantan"", ""pltn"", ""pulau"", ""alam"", ""bencana""]"
1265__0,1265,0,kaskus,2015-03-18 14:58:15,nuklir,overlap,"[""nuklir"", ""listrik"", ""senjata""]"
1266__0,1266,0,kaskus,2015-03-18 14:44:44,pltn,overlap,"[""pltn"", ""daerah"", ""pemerintah""]"
1267__0,1267,0,kaskus,2015-03-18 14:44:29,salut,rb,"[""salut"", ""serpong"", ""pengalaman""]"
1268__0,1268,0,kaskus,2015-03-18 14:43:22,indonesia,overlap,"[""indonesia"", ""nuklir""]"
1268__1,1268,1,kaskus,2015-03-18 14:43:22,gempa,overlap,"[""gempa""]"
1268__2,1268,2,kaskus,2015-03-18 14:43:22,kalimantan,overlap,"[""kalimantan""]"
1268__3,1268,3,kaskus,2015-03-18 14:43:22,solusi,overlap,"[""solusi""]"
1269__0,1269,0,kaskus,2015-03-18 14:39:20,indonesia,overlap,"[""indonesia""]"
1270__0,1270,0,kaskus,2015-03-18 14:38:58,nuklir,overlap,"[""nuklir"", ""pembangkit""]"
1270__1,1270,1,kaskus,2015-03-18 14:38:58,realisasi,overlap,"[""realisasi""]"
1270__2,1270,2,kaskus,2015-03-18 14:38:58,lampu,overlap,"[""lampu""]"
1270__3,1270,3,kaskus,2015-03-18 14:38:58,aplagi,rb,"[""aplagi"", ""berau"", ""nyala"", ""siang mati""]"
1271__0,1271,0,kaskus,2015-03-18 14:37:33,paham,rb,"[""paham"", ""nyata"", ""detik""]"
1271__1,1271,1,kaskus,2015-03-18 14:37:33,bocor,rb,"[""bocor"", ""bsd"", ""lulusan teknik"", ""teknik nuklir"", ""nuklir ugm""]"
1272__0,1272,0,kaskus,2015-03-18 14:36:45,,empty,[]
1272__1,1272,1,kaskus,2015-03-18 14:36:45,listrik,overlap,"[""listrik"", ""pltn"", ""kalimantan"", ""gempa""]"
1273__0,1273,0,kaskus,2015-03-18 14:35:33,kalimantan,overlap,"[""kalimantan"", ""pltn""]"
1274__0,1274,0,kaskus,2015-03-18 14:32:15,serpong,overlap,"[""serpong""]"
1274__1,1274,1,kaskus,2015-03-18 14:32:15,power,overlap,"[""power""]"
1275__0,1275,0,kaskus,2015-03-18 14:29:27,pemadaman,overlap,"[""pemadaman""]"
1275__1,1275,1,kaskus,2015-03-18 14:29:27,lampu,overlap,"[""lampu"", ""jam""]"
1276__0,1276,0,kaskus,2015-03-18 14:24:30,utan,overlap,"[""utan""]"
1277__0,1277,0,kaskus,2015-03-18 14:24:18,nuklir,overlap,"[""nuklir""]"
1277__1,1277,1,kaskus,2015-03-18 14:24:18,rumah,overlap,"[""rumah""]"
1278__0,1278,0,kaskus,2015-03-18 14:21:07,,empty,[]
1279__0,1279,0,kaskus,2015-03-18 14:18:20,nuklir,overlap,"[""nuklir""]"
1279__1,1279,1,kaskus,2015-03-18 14:18:20,,empty,[]
1280__0,1280,0,kaskus,2015-03-18 14:17:27,kalimantan,overlap,"[""kalimantan"", ""listrik""]"
1280__1,1280,1,kaskus,2015-03-18 14:17:27,pribadi mendukung,rb,"[""pribadi mendukung""]"
1281__0,1281,0,kaskus,2015-03-18 14:16:58,nuklir,overlap,"[""nuklir""]"
1281__1,1281,1,kaskus,2015-03-18 14:16:58,indonesia,overlap,"[""indonesia""]"
1282__0,1282,0,kaskus,2015-03-18 14:15:14,daerah,overlap,"[""daerah""]"
1283__0,1283,0,kaskus,2016-04-24 22:09:29,listrik,overlap,"[""listrik""]"
1284__0,1284,0,kaskus,2016-04-24 21:52:01,pesan,overlap,"[""pesan""]"
1284__1,1284,1,kaskus,2016-04-24 21:52:01,edite,overlap,"[""edite"", ""indonesiah"", ""ring"", ""fire"", ""geotermal""]"
1284__2,1284,2,kaskus,2016-04-24 21:52:01,sdm,overlap,"[""sdm"", ""nuklir""]"
1285__0,1285,0,kaskus,2016-04-24 21:41:14,pltn,overlap,"[""pltn"", ""nuklir""]"
1286__0,1286,0,kaskus,2016-04-24 21:39:47,pltn,overlap,"[""pltn"", ""surya""]"
1286__1,1286,1,kaskus,2016-04-24 21:39:47,kejadian,overlap,"[""kejadian""]"
1286__2,1286,2,kaskus,2016-04-24 21:39:47,jepang,overlap,"[""jepang""]"
1286__3,1286,3,kaskus,2016-04-24 21:39:47,kejadian,overlap,"[""kejadian""]"
1286__4,1286,4,kaskus,2016-04-24 21:39:47,pltn,overlap,"[""pltn"", ""negara"", ""teknologi""]"
1286__5,1286,5,kaskus,2016-04-24 21:39:47,indonesia,overlap,"[""indonesia""]"
1286__6,1286,6,kaskus,2016-04-24 21:39:47,solusi,overlap,"[""solusi"", ""angin""]"
1286__7,1286,7,kaskus,2016-04-24 21:39:47,indonesia,overlap,"[""indonesia"", ""wilayah"", ""angin"", ""laut""]"
1287__0,1287,0,kaskus,2016-04-24 21:34:48,alesan,rb,"[""alesan""]"
1287__1,1287,1,kaskus,2016-04-24 21:34:48,alesan,rb,"[""alesan""]"
1288__0,1288,0,kaskus,2016-04-24 21:24:45,ngeri,overlap,"[""ngeri""]"
1289__0,1289,0,kaskus,2016-04-24 08:13:43,nuklir,overlap,"[""nuklir"", ""reaktor""]"
1289__1,1289,1,kaskus,2016-04-24 08:13:43,,empty,[]
1290__0,1290,0,kaskus,2016-04-24 07:53:11,,empty,[]
1291__0,1291,0,kaskus,2016-04-24 07:49:03,radiasi,overlap,"[""radiasi"", ""teknologi""]"
1291__1,1291,1,kaskus,2016-04-24 07:49:03,cucu,overlap,"[""cucu""]"
1292__0,1292,0,kaskus,2014-04-08 20:36:06,,empty,[]
1292__1,1292,1,kaskus,2014-04-08 20:36:06,serem,overlap,"[""serem""]"
1293__0,1293,0,kaskus,2013-04-08 07:56:53,indonesia,overlap,"[""indonesia"", ""negeri""]"
1293__1,1293,1,kaskus,2013-04-08 07:56:53,listrik,overlap,"[""listrik""]"
1293__2,1293,2,kaskus,2013-04-08 07:56:53,listrik,overlap,"[""listrik""]"
1294__0,1294,0,kaskus,2013-04-04 17:52:36,nama operator.tinggal,rb,"[""nama operator.tinggal"", ""operator.tinggal"", ""manual"", ""nama""]"
1294__1,1294,1,kaskus,2013-04-04 17:52:36,,empty,[]
1295__0,1295,0,kaskus,2013-04-04 17:45:52,indonesia,overlap,"[""indonesia"", ""pltn""]"
1296__0,1296,0,kaskus,2013-04-04 17:24:17,berita,overlap,"[""berita""]"
1296__1,1296,1,kaskus,2013-04-04 17:24:17,indonesia,overlap,"[""indonesia"", ""pltn""]"
1296__2,1296,2,kaskus,2013-04-04 17:24:17,nuklir,overlap,"[""nuklir""]"
1296__3,1296,3,kaskus,2013-04-04 17:24:17,size keep,rb,"[""size keep"", ""size"", ""keep posting"", ""posting""]"
1296__4,1296,4,kaskus,2013-04-04 17:24:17,size,overlap,"[""size""]"
1297__0,1297,0,kaskus,2013-03-30 13:04:19,kemajuan pesat,rb,"[""kemajuan pesat"", ""wsschanger""]"
1298__0,1298,0,kaskus,2013-03-30 12:20:59,font,overlap,"[""font""]"
1298__1,1298,1,kaskus,2013-03-30 12:20:59,size,overlap,"[""size""]"
1298__2,1298,2,kaskus,2013-03-30 12:20:59,size,overlap,"[""size""]"
1299__0,1299,0,kaskus,2013-01-06 16:06:02,listrik,overlap,"[""listrik""]"
1300__0,1300,0,kaskus,2013-01-02 17:07:56,indonesia,overlap,"[""indonesia"", ""pltn"", ""listrik""]"
1301__0,1301,0,kaskus,2016-01-21 10:27:52,resiko,overlap,"[""resiko"", ""minyak"", ""pltn""]"
1301__1,1301,1,kaskus,2016-01-21 10:27:52,minyak,overlap,"[""minyak""]"
1302__0,1302,0,kaskus,2016-01-21 09:50:48,biaya,overlap,"[""biaya""]"
1303__0,1303,0,kaskus,2016-01-21 09:48:00,pltn,overlap,"[""pltn""]"
1303__1,1303,1,kaskus,2016-01-21 09:48:00,informasi,overlap,"[""informasi"", ""pltn""]"
1303__2,1303,2,kaskus,2016-01-21 09:48:00,thorium,overlap,"[""thorium"", ""url"", ""bahan"", ""uranium""]"
1304__0,1304,0,kaskus,2015-10-30 13:20:19,jamaah,overlap,"[""jamaah"", ""chernobiliyah"", ""relawan""]"
1305__0,1305,0,kaskus,2015-10-29 22:48:32,cerita,rb,"[""cerita""]"
1305__1,1305,1,kaskus,2015-10-29 22:48:32,sdm,overlap,"[""sdm""]"
1306__0,1306,0,kaskus,2015-10-29 22:40:57,reaktor,overlap,"[""reaktor"", ""teknologi""]"
1307__0,1307,0,kaskus,2015-10-29 22:38:19,radiasi,overlap,"[""radiasi"", ""tanah""]"
1307__1,1307,1,kaskus,2015-10-29 22:38:19,kota mati,rb,"[""kota mati""]"
1308__0,1308,0,kaskus,2015-10-29 22:16:15,pltn,overlap,"[""pltn""]"
1309__0,1309,0,kaskus,2015-10-29 21:57:07,,empty,[]
1309__1,1309,1,kaskus,2015-10-29 21:57:07,pltn,overlap,"[""pltn""]"
1310__0,1310,0,kaskus,2015-10-29 21:26:25,energi,overlap,"[""energi"", ""nuklir""]"
1311__0,1311,0,kaskus,2015-10-29 21:21:14,pln,overlap,"[""pln"", ""subsidi""]"
1311__1,1311,1,kaskus,2015-10-29 21:21:14,rugi rugi,rb,"[""rugi rugi"", ""rugi"", ""uang talangan"", ""talangan"", ""pusat rakyatgajelastreaksalahdiampunsalah""]"
1312__0,1312,0,kaskus,2015-10-29 21:01:05,pltn,overlap,"[""pltn""]"
1313__0,1313,0,kaskus,2015-10-29 20:59:43,nuklir,overlap,"[""nuklir"", ""amerika"", ""bbm"", ""indonesia"", ""penduduk""]"
1313__1,1313,1,kaskus,2015-10-29 20:59:43,indonesia,overlap,"[""indonesia"", ""penduduk"", ""listrik""]"
1314__0,1314,0,kaskus,2015-10-29 20:57:46,indonesia,overlap,"[""indonesia"", ""solusi"", ""listrik"", ""pulau"", ""pltn""]"
1315__0,1315,0,kaskus,2015-10-29 20:55:02,syarat,overlap,"[""syarat""]"
1315__1,1315,1,kaskus,2015-10-29 20:55:02,pltn,overlap,"[""pltn"", ""pemerintah"", ""jepang""]"
1316__0,1316,0,kaskus,2015-10-29 20:48:32,standar,rb,"[""standar""]"
1316__1,1316,1,kaskus,2015-10-29 20:48:32,luh,overlap,"[""luh"", ""arem""]"
1316__2,1316,2,kaskus,2015-10-29 20:48:32,dana,overlap,"[""dana""]"
1316__3,1316,3,kaskus,2015-10-29 20:48:32,programer,rb,"[""programer""]"
1316__4,1316,4,kaskus,2015-10-29 20:48:32,tinggal,rb,"[""tinggal"", ""tinggal diroket""]"
1316__5,1316,5,kaskus,2015-10-29 20:48:32,,empty,[]
1316__6,1316,6,kaskus,2015-10-29 20:48:32,,empty,[]
1317__0,1317,0,kaskus,2015-10-29 20:48:17,pltn,overlap,"[""pltn"", ""indonesia""]"
1318__0,1318,0,kaskus,2015-10-29 20:45:48,nuklir,overlap,"[""nuklir""]"
1319__0,1319,0,kaskus,2015-10-29 20:45:16,pln,overlap,"[""pln""]"
1320__0,1320,0,kaskus,2015-10-29 20:44:40,nuklir,overlap,"[""nuklir""]"
1320__1,1320,1,kaskus,2015-10-29 20:44:40,daerah,overlap,"[""daerah""]"
1321__0,1321,0,kaskus,2015-10-29 20:43:55,programmer,rb,"[""programmer""]"
1322__0,1322,0,kaskus,2015-10-29 20:42:19,e-nuklir,rb,"[""e-nuklir""]"
1323__0,1323,0,kaskus,2015-10-29 20:42:11,chernobyl,overlap,"[""chernobyl"", ""fukushima"", ""nuklir""]"
1324__0,1324,0,kaskus,2015-10-29 20:40:51,,empty,[]
1324__1,1324,1,kaskus,2015-10-29 20:40:51,sahaja,rb,"[""sahaja""]"
1324__2,1324,2,kaskus,2015-10-29 20:40:51,asala,overlap,"[""asala"", ""kemauan""]"
1324__3,1324,3,kaskus,2015-10-29 20:40:51,duit,rb,"[""duit""]"
1324__4,1324,4,kaskus,2015-10-29 20:40:51,barang ber-sni,rb,"[""barang ber-sni"", ""barang""]"
1325__0,1325,0,kaskus,2014-11-06 01:18:42,energi,overlap,"[""energi"", ""indonesia"", ""nuklir""]"
1326__0,1326,0,kaskus,2014-11-05 12:35:31,nuklir gas,rb,"[""nuklir gas"", ""gas alam""]"
1326__1,1326,1,kaskus,2014-11-05 12:35:31,energi,overlap,"[""energi"", ""minyak""]"
1327__0,1327,0,kaskus,2014-11-05 12:06:30,listrik,overlap,"[""listrik""]"
1328__0,1328,0,kaskus,2014-11-05 11:42:58,listrik,overlap,"[""listrik"", ""kota""]"
1329__0,1329,0,kaskus,2014-11-05 10:41:26,sapa,rb,"[""sapa"", ""china"", ""onderdil kw"", ""kw"", ""enak barang murah""]"
1329__1,1329,1,kaskus,2014-11-05 10:41:26,,empty,[]
1329__2,1329,2,kaskus,2014-11-05 10:41:26,hulk,rb,"[""hulk"", ""penduduk"", ""pltn hulk versi"", ""versi"", ""kaskus""]"
1330__0,1330,0,kaskus,2014-11-05 10:37:25,wa,rb,"[""wa"", ""kritik"", ""posisi""]"
1330__1,1330,1,kaskus,2014-11-05 10:37:25,pln,overlap,"[""pln""]"
1331__0,1331,0,kaskus,2014-11-05 10:24:49,syundul uppp,rb,"[""syundul uppp"", ""uppp asuuuuu"", ""asuuuuu"", ""jeprat jepret"", ""jepret""]"
1332__0,1332,0,kaskus,2014-11-05 08:12:46,pltn,overlap,"[""pltn""]"
1333__0,1333,0,kaskus,2014-11-05 03:59:11,jokowi,overlap,"[""jokowi"", ""rumah""]"
1334__0,1334,0,kaskus,2014-11-05 03:42:40,adoekan,overlap,"[""adoekan"", ""longue"", ""bp"", ""forum""]"
1334__1,1334,1,kaskus,2014-11-05 03:42:40,,empty,[]
1335__0,1335,0,kaskus,2014-11-05 03:37:03,sdm,overlap,"[""sdm"", ""pltn""]"
1335__1,1335,1,kaskus,2014-11-05 03:37:03,indonesia,overlap,"[""indonesia"", ""pltn""]"
1335__2,1335,2,kaskus,2014-11-05 03:37:03,pltn,overlap,"[""pltn""]"
1336__0,1336,0,kaskus,2014-11-05 02:51:24,negara,overlap,"[""negara"", ""nuklir"", ""pulau"", ""indonesia"", ""reaktor""]"
1337__0,1337,0,kaskus,2014-11-05 02:19:25,pltn,overlap,"[""pltn"", ""listrik"", ""pulau"", ""indonesia""]"
1338__0,1338,0,kaskus,2014-11-05 02:00:43,kebocoran,overlap,"[""kebocoran"", ""pln""]"
1339__0,1339,0,kaskus,2014-11-05 01:55:24,nuklir,overlap,"[""nuklir"", ""kebocoran""]"
1340__0,1340,0,kaskus,2015-04-14 15:10:27,kalimantan,overlap,"[""kalimantan"", ""gempa""]"
1341__0,1341,0,kaskus,2015-04-14 08:03:31,reaktor,overlap,"[""reaktor""]"
1341__1,1341,1,kaskus,2015-04-14 08:03:31,letak,rb,"[""letak"", ""kadi"", ""aggaran""]"
1342__0,1342,0,kaskus,2015-04-14 08:00:50,pltn,overlap,"[""pltn""]"
1342__1,1342,1,kaskus,2015-04-14 08:00:50,dunia,overlap,"[""dunia""]"
1342__2,1342,2,kaskus,2015-04-14 08:00:50,vote,overlap,"[""vote""]"
1342__3,1342,3,kaskus,2015-04-14 08:00:50,,empty,[]
1342__4,1342,4,kaskus,2015-04-14 08:00:50,pltn,overlap,"[""pltn""]"
1342__5,1342,5,kaskus,2015-04-14 08:00:50,pltn,overlap,"[""pltn""]"
1342__6,1342,6,kaskus,2015-04-14 08:00:50,negarajuga,overlap,"[""negarajuga"", ""pemimpin"", ""masukim""]"
1342__7,1342,7,kaskus,2015-04-14 08:00:50,pltn,overlap,"[""pltn"", ""pltu"", ""pln"", ""plta""]"
1342__8,1342,8,kaskus,2015-04-14 08:00:50,inceran,overlap,"[""inceran"", ""jabatan""]"
1342__9,1342,9,kaskus,2015-04-14 08:00:50,jawa,overlap,"[""jawa"", ""kebocoran""]"
1342__10,1342,10,kaskus,2015-04-14 08:00:50,tuding,overlap,"[""tuding""]"
1343__0,1343,0,kaskus,2015-04-14 07:05:06,reaktor,overlap,"[""reaktor"", ""eropa"", ""radiasi""]"
1344__0,1344,0,kaskus,2015-04-14 05:42:07,tsunami,overlap,"[""tsunami""]"
1345__0,1345,0,kaskus,2015-04-13 12:40:29,reaktor,overlap,"[""reaktor"", ""fukushima""]"
1345__1,1345,1,kaskus,2015-04-13 12:40:29,power,overlap,"[""power""]"
1345__2,1345,2,kaskus,2015-04-13 12:40:29,nuklir,overlap,"[""nuklir"", ""jepang""]"
1345__3,1345,3,kaskus,2015-04-13 12:40:29,nuklir,overlap,"[""nuklir"", ""jepang""]"
1345__4,1345,4,kaskus,2015-04-13 12:40:29,nuklir,overlap,"[""nuklir""]"
1346__0,1346,0,kaskus,2015-04-12 21:16:05,surya,overlap,"[""surya"", ""laut"", ""indonesia"", ""panel""]"
1347__0,1347,0,kaskus,2015-04-12 21:13:42,fukushima,overlap,"[""fukushima"", ""resiko""]"
1348__0,1348,0,kaskus,2015-04-12 21:02:35,,empty,[]
1348__1,1348,1,kaskus,2015-04-12 21:02:35,nuklir,overlap,"[""nuklir""]"
1348__2,1348,2,kaskus,2015-04-12 21:02:35,kelalaian,rb,"[""kelalaian"", ""nuklir""]"
1348__3,1348,3,kaskus,2015-04-12 21:02:35,batubara,overlap,"[""batubara"", ""riset"", ""nuklir"", ""energi""]"
1349__0,1349,0,kaskus,2015-04-12 21:01:21,yogyakarta,overlap,"[""yogyakarta""]"
1349__1,1349,1,kaskus,2015-04-12 21:01:21,gempa,overlap,"[""gempa"", ""jepang""]"
1349__2,1349,2,kaskus,2015-04-12 21:01:21,air,overlap,"[""air"", ""tsunami""]"
1349__3,1349,3,kaskus,2015-04-12 21:01:21,meledak,rb,"[""meledak""]"
1349__4,1349,4,kaskus,2015-04-12 21:01:21,chernobyl,overlap,"[""chernobyl"", ""air""]"
1350__0,1350,0,kaskus,2015-04-12 20:58:32,plts,overlap,"[""plts"", ""batubara"", ""gas"", ""plta"", ""nuklir""]"
1351__0,1351,0,kaskus,2015-04-12 20:48:36,plts aman,rb,"[""plts aman""]"
1352__0,1352,0,kaskus,2015-04-12 20:40:49,batubara,overlap,"[""batubara"", ""nuklir"", ""resiko""]"
1353__0,1353,0,kaskus,2015-04-12 20:31:35,bumi,overlap,"[""bumi"", ""uranium"", ""skala""]"
1354__0,1354,0,kaskus,2015-04-12 20:29:12,batubara,overlap,"[""batubara"", ""pltn""]"
1354__1,1354,1,kaskus,2015-04-12 20:29:12,pltn,overlap,"[""pltn"", ""batubara"", ""masyarakat"", ""indonesia""]"
1354__2,1354,2,kaskus,2015-04-12 20:29:12,pltn,overlap,"[""pltn"", ""batan"", ""nuklir""]"
1354__3,1354,3,kaskus,2015-04-12 20:29:12,nuklir,overlap,"[""nuklir"", ""batan""]"
1354__4,1354,4,kaskus,2015-04-12 20:29:12,nuklir,overlap,"[""nuklir"", ""fukushima"", ""jepang""]"
1354__5,1354,5,kaskus,2015-04-12 20:29:12,reaktor,overlap,"[""reaktor""]"
1354__6,1354,6,kaskus,2015-04-12 20:29:12,alasan,overlap,"[""alasan"", ""indonesia"", ""nuklir""]"
1354__7,1354,7,kaskus,2015-04-12 20:29:12,ring,overlap,"[""ring"", ""fire""]"
1355__0,1355,0,kaskus,2015-04-12 20:23:54,kerja,overlap,"[""kerja""]"
1356__0,1356,0,kaskus,2015-04-12 20:18:26,kmajuan,overlap,"[""kmajuan""]"
1356__1,1356,1,kaskus,2015-04-12 20:18:26,ahli,overlap,"[""ahli""]"
1356__2,1356,2,kaskus,2015-04-12 20:18:26,bkin nuklir,rb,"[""bkin nuklir"", ""nuklir bom"", ""bom"", ""bkin""]"
1357__0,1357,0,kaskus,2015-04-12 20:13:30,jepang,overlap,"[""jepang""]"
1358__0,1358,0,kaskus,2015-04-12 19:49:36,sdm,overlap,"[""sdm""]"
1359__0,1359,0,kaskus,2015-04-12 19:47:20,pesimis,rb,"[""pesimis"", ""ngeri bocor"", ""ngeri-ngeri sedap"", ""radiasi"", ""ngeri""]"
1360__0,1360,0,kaskus,2015-04-12 19:45:31,bencana,overlap,"[""bencana"", ""indonesia"", ""jepang""]"
1360__1,1360,1,kaskus,2015-04-12 19:45:31,indonesia,overlap,"[""indonesia""]"
1360__2,1360,2,kaskus,2015-04-12 19:45:31,nuklir,unsup,"[""nuklir"", ""resiko""]"
1361__0,1361,0,kaskus,2015-04-12 19:44:51,kebocoran,overlap,"[""kebocoran"", ""jepang"", ""gempa""]"
1362__0,1362,0,kaskus,2015-04-12 19:40:17,kalimantan,overlap,"[""kalimantan"", ""url""]"
1363__0,1363,0,kaskus,2015-04-12 19:36:31,chernobyl,overlap,"[""chernobyl""]"
1364__0,1364,0,kaskus,2015-04-12 19:35:10,pltn,overlap,"[""pltn"", ""batubara"", ""nuklir"", ""indonesia"", ""uranium""]"
1365__0,1365,0,kaskus,2014-01-06 14:43:39,daerah,overlap,"[""daerah"", ""kalimantan"", ""energi"", ""pltn""]"
1365__1,1365,1,kaskus,2014-01-06 14:43:39,energi,overlap,"[""energi"", ""amerika"", ""kalimantan"", ""gempa"", ""listrik""]"
1365__2,1365,2,kaskus,2014-01-06 14:43:39,gempa,overlap,"[""gempa"", ""listrik"", ""pltn""]"
1365__3,1365,3,kaskus,2014-01-06 14:43:39,pltu,overlap,"[""pltu"", ""kalimantan""]"
1365__4,1365,4,kaskus,2014-01-06 14:43:39,pltn,overlap,"[""pltn"", ""kalimantan"", ""pltu""]"
1365__5,1365,5,kaskus,2014-01-06 14:43:39,kalimantan,overlap,"[""kalimantan""]"
1366__0,1366,0,kaskus,2014-01-06 11:29:03,nuklir,overlap,"[""nuklir"", ""listrik"", ""gunung"", ""batubara"", ""minyak""]"
1366__1,1366,1,kaskus,2014-01-06 11:29:03,nuklir,overlap,"[""nuklir"", ""solusi"", ""energi""]"
1366__2,1366,2,kaskus,2014-01-06 11:29:03,listrik,overlap,"[""listrik"", ""nuklir""]"
1367__0,1367,0,kaskus,2014-01-06 10:48:03,pltn,overlap,"[""pltn"", ""gempa"", ""warga"", ""pulau"", ""sumber""]"
1368__0,1368,0,kaskus,2014-01-06 10:29:48,indonesia,overlap,"[""indonesia"", ""energi"", ""alternatif""]"
1368__1,1368,1,kaskus,2014-01-06 10:29:48,penduduk,overlap,"[""penduduk""]"
1369__0,1369,0,kaskus,2014-01-06 10:04:10,nuklir,overlap,"[""nuklir"", ""listrik"", ""pltu""]"
1370__0,1370,0,kaskus,2014-01-06 09:57:08,sistem,overlap,"[""sistem""]"
1370__1,1370,1,kaskus,2014-01-06 09:57:08,sdm,overlap,"[""sdm""]"
1370__2,1370,2,kaskus,2014-01-06 09:57:08,gempa,overlap,"[""gempa"", ""tsunami"", ""indonesia"", ""jepang""]"
1370__3,1370,3,kaskus,2014-01-06 09:57:08,pltn,overlap,"[""pltn"", ""gempa"", ""fukushima"", ""indonesia""]"
1371__0,1371,0,kaskus,2014-01-06 09:31:39,energi,overlap,"[""energi"", ""krisis""]"
1372__0,1372,0,kaskus,2014-01-06 09:27:31,pltn.cuma,rb,"[""pltn.cuma""]"
1373__0,1373,0,kaskus,2014-01-06 09:22:21,pltn,overlap,"[""pltn"", ""kondisi""]"
1374__0,1374,0,kaskus,2014-01-06 07:51:50,ahli,overlap,"[""ahli"", ""batan""]"
1374__1,1374,1,kaskus,2014-01-06 07:51:50,ahli,overlap,"[""ahli"", ""indonesia"", ""pltn"", ""jepang""]"
1374__2,1374,2,kaskus,2014-01-06 07:51:50,pltn,overlap,"[""pltn""]"
1374__3,1374,3,kaskus,2014-01-06 07:51:50,gempa,overlap,"[""gempa"", ""listrik"", ""batubara"", ""lingkungan"", ""reaktor""]"
1374__4,1374,4,kaskus,2014-01-06 07:51:50,batubara,overlap,"[""batubara"", ""lingkungan""]"
1375__0,1375,0,kaskus,2014-01-06 07:00:14,listrik,overlap,"[""listrik""]"
1375__1,1375,1,kaskus,2014-01-06 07:00:14,listrik,overlap,"[""listrik"", ""pembangkit""]"
1376__0,1376,0,kaskus,2014-01-06 06:48:32,energi,overlap,"[""energi"", ""indonesia"", ""krisis""]"
1377__0,1377,0,kaskus,2014-01-06 06:38:10,project,overlap,"[""project"", ""s1"", ""ugm""]"
1377__1,1377,1,kaskus,2014-01-06 06:38:10,desain reactor,rb,"[""desain reactor"", ""reactor"", ""daya 100mwe"", ""100mwe"", ""desain""]"
1377__2,1377,2,kaskus,2014-01-06 06:38:10,reactor,overlap,"[""reactor"", ""pbmr""]"
1377__3,1377,3,kaskus,2014-01-06 06:38:10,modifikasi,overlap,"[""modifikasi"", ""reactor"", ""south"", ""africa""]"
1377__4,1377,4,kaskus,2014-01-06 06:38:10,teprpenting,overlap,"[""teprpenting"", ""wacana""]"
1377__5,1377,5,kaskus,2014-01-06 06:38:10,krisis,overlap,"[""krisis"", ""energi"", ""indonesia"", ""teknologi""]"
1377__6,1377,6,kaskus,2014-01-06 06:38:10,pemerintah,overlap,"[""pemerintah""]"
1377__7,1377,7,kaskus,2014-01-06 06:38:10,pekiwan,overlap,"[""pekiwan""]"
1378__0,1378,0,kaskus,2014-01-06 06:36:58,indonesia,overlap,"[""indonesia""]"
1379__0,1379,0,kaskus,2014-01-06 06:19:05,listrik,overlap,"[""listrik"", ""batubara""]"
1380__0,1380,0,kaskus,2014-01-06 06:14:48,sistem,overlap,"[""sistem"", ""fukushima""]"
1380__1,1380,1,kaskus,2014-01-06 06:14:48,indonesia,overlap,"[""indonesia"", ""jepang"", ""gempa"", ""tsunami"", ""fukushima""]"
1381__0,1381,0,kaskus,2014-01-06 04:22:59,listrik,overlap,"[""listrik""]"
1382__0,1382,0,kaskus,2014-01-06 04:18:50,mudah masyarakat kay,rb,"[""mudah masyarakat kay"", ""kay""]"
1383__0,1383,0,kaskus,2014-01-06 04:06:22,pltn,overlap,"[""pltn"", ""skala""]"
1383__1,1383,1,kaskus,2014-01-06 04:06:22,coy,rb,"[""coy"", ""reaktor""]"
1384__0,1384,0,kaskus,2014-01-06 00:25:22,listrik murah,rb,"[""listrik murah"", ""lpg 12kg"", ""12kg kelaut"", ""kelaut""]"
1385__0,1385,0,kaskus,2014-01-05 23:37:16,listrik,overlap,"[""listrik"", ""pltn"", ""rakyat""]"
1385__1,1385,1,kaskus,2014-01-05 23:37:16,plts,overlap,"[""plts""]"
1385__2,1385,2,kaskus,2014-01-05 23:37:16,pltn,overlap,"[""pltn"", ""rakyat"", ""listrik"", ""produksi""]"
1385__3,1385,3,kaskus,2014-01-05 23:37:16,,empty,[]
1386__0,1386,0,kaskus,2014-01-05 23:27:04,uranium,overlap,"[""uranium""]"
1387__0,1387,0,kaskus,2014-01-05 22:15:12,nuklir,overlap,"[""nuklir"", ""reaktor""]"
1388__0,1388,0,kaskus,2014-01-05 22:09:49,fukushima,overlap,"[""fukushima""]"
1388__1,1388,1,kaskus,2014-01-05 22:09:49,tsunami,overlap,"[""tsunami""]"
1388__2,1388,2,kaskus,2014-01-05 22:09:49,pltn,overlap,"[""pltn"", ""kalimantan"", ""tsunami""]"
1388__3,1388,3,kaskus,2014-01-05 22:09:49,indonesia,overlap,"[""indonesia"", ""pltn"", ""reaktor""]"
1388__4,1388,4,kaskus,2014-01-05 22:09:49,pltn,overlap,"[""pltn""]"
1389__0,1389,0,kaskus,2014-01-05 21:54:23,indonesia,overlap,"[""indonesia"", ""pltn""]"
1389__1,1389,1,kaskus,2014-01-05 21:54:23,perbatasan,overlap,"[""perbatasan"", ""australia""]"
1390__0,1390,0,kaskus,2014-01-05 21:23:42,jepang,overlap,"[""jepang"", ""indonesia"", ""resiko""]"
1390__1,1390,1,kaskus,2014-01-05 21:23:42,chernobyl,overlap,"[""chernobyl""]"
1391__0,1391,0,kaskus,2014-01-05 21:12:13,pltn,overlap,"[""pltn""]"
1392__0,1392,0,kaskus,2014-01-05 20:21:27,pltn,overlap,"[""pltn"", ""skala"", ""sdm"", ""indonesia"", ""pembangunan""]"
1392__1,1392,1,kaskus,2014-01-05 20:21:27,pengelolaan,overlap,"[""pengelolaan"", ""segi""]"
1392__2,1392,2,kaskus,2014-01-05 20:21:27,kecelakaan,overlap,"[""kecelakaan""]"
1392__3,1392,3,kaskus,2014-01-05 20:21:27,daya,overlap,"[""daya""]"
1392__4,1392,4,kaskus,2014-01-05 20:21:27,kebocoran,overlap,"[""kebocoran"", ""fukushima"", ""jepang"", ""sdm"", ""indonesia""]"
1392__5,1392,5,kaskus,2014-01-05 20:21:27,rumah,overlap,"[""rumah""]"
1392__6,1392,6,kaskus,2014-01-05 20:21:27,radiasi,rb,"[""radiasi"", ""kulit""]"
1393__0,1393,0,kaskus,2013-12-07 13:07:48,kalimantan,overlap,"[""kalimantan""]"
1394__0,1394,0,kaskus,2013-12-07 13:06:29,pltn,overlap,"[""pltn"", ""lokasi"", ""bencana""]"
1394__1,1394,1,kaskus,2013-12-07 13:06:29,,empty,[]
1395__0,1395,0,kaskus,2013-12-07 10:51:29,koment,overlap,"[""koment""]"
1396__0,1396,0,kaskus,2013-12-05 12:09:20,nuklir,overlap,"[""nuklir""]"
1397__0,1397,0,kaskus,2013-12-05 10:57:29,rumah,overlap,"[""rumah"", ""reaktor""]"
1398__0,1398,0,kaskus,2013-12-05 10:53:53,reaktor,overlap,"[""reaktor""]"
1399__0,1399,0,kaskus,2013-12-05 09:53:54,pltn,overlap,"[""pltn"", ""rumah""]"
1400__0,1400,0,kaskus,2013-12-05 09:43:56,usa,overlap,"[""usa"", ""sipp""]"
1401__0,1401,0,kaskus,2013-12-05 09:25:47,nuklir,overlap,"[""nuklir"", ""negara""]"
1401__1,1401,1,kaskus,2013-12-05 09:25:47,opinion,overlap,"[""opinion""]"
1401__2,1401,2,kaskus,2013-12-05 09:25:47,nuklir,overlap,"[""nuklir""]"
1402__0,1402,0,kaskus,2013-12-04 11:21:13,indonesia,overlap,"[""indonesia"", ""listrik"", ""produksi"", ""pembangunan""]"
1402__1,1402,1,kaskus,2013-12-04 11:21:13,perencanaan,rb,"[""perencanaan""]"
1402__2,1402,2,kaskus,2013-12-04 11:21:13,indonesia,overlap,"[""indonesia""]"
1403__0,1403,0,kaskus,2013-12-03 21:53:44,skala,overlap,"[""skala"", ""kalimantan"", ""pltn""]"
1404__0,1404,0,kaskus,2013-12-03 21:25:19,skala,overlap,"[""skala"", ""chernobyl""]"
1405__0,1405,0,kaskus,2013-12-03 19:56:40,30mw,rb,"[""30mw"", ""babel"", ""sumsel"", ""sumatera mis"", ""mis""]"
1406__0,1406,0,kaskus,2013-12-03 19:36:55,pltn,overlap,"[""pltn"", ""listrik"", ""krisis""]"
1407__0,1407,0,kaskus,2013-12-03 17:11:04,skala,overlap,"[""skala""]"
1408__0,1408,0,kaskus,2013-12-03 16:48:23,pltu,overlap,"[""pltu"", ""bahaya""]"
1408__1,1408,1,kaskus,2013-12-03 16:48:23,pltn,overlap,"[""pltn""]"
1408__2,1408,2,kaskus,2013-12-03 16:48:23,nyawa,overlap,"[""nyawa""]"
1408__3,1408,3,kaskus,2013-12-03 16:48:23,kehidupan,overlap,"[""kehidupan""]"
1409__0,1409,0,kaskus,2013-12-03 15:45:21,gempa,overlap,"[""gempa"", ""pltu""]"
1410__0,1410,0,kaskus,2013-12-03 14:56:53,nuklir,overlap,"[""nuklir"", ""reaktor""]"
1411__0,1411,0,kaskus,2013-12-03 14:46:45,listrik,overlap,"[""listrik"", ""krisis""]"
1412__0,1412,0,kaskus,2013-12-03 14:41:00,nuklir,overlap,"[""nuklir"", ""kota"", ""reaktor""]"
1413__0,1413,0,kaskus,2013-12-03 14:38:53,pltn,overlap,"[""pltn"", ""jepang"", ""url""]"
1414__0,1414,0,kaskus,2013-12-03 14:18:53,listrik,overlap,"[""listrik"", ""pemadaman""]"
1415__0,1415,0,kaskus,2013-12-03 14:17:57,kota,overlap,"[""kota"", ""nuklir"", ""reaktor""]"
1416__0,1416,0,kaskus,2013-12-03 14:06:38,nuklir,overlap,"[""nuklir"", ""reaktor""]"
1417__0,1417,0,kaskus,2013-12-03 13:00:26,nuklir,overlap,"[""nuklir""]"
1417__1,1417,1,kaskus,2013-12-03 13:00:26,nuklir,overlap,"[""nuklir"", ""bumi"", ""listrik"", ""senjata""]"
1417__2,1417,2,kaskus,2013-12-03 13:00:26,pltn,overlap,"[""pltn""]"
1418__0,1418,0,kaskus,2013-12-03 12:57:15,air,overlap,"[""air"", ""angin"", ""surya"", ""geothermal""]"
1418__1,1418,1,kaskus,2013-12-03 12:57:15,,empty,[]
1419__0,1419,0,kaskus,2013-12-03 12:53:53,uranium,overlap,"[""uranium"", ""proses"", ""sumber""]"
1419__1,1419,1,kaskus,2013-12-03 12:53:53,pengayaan,overlap,"[""pengayaan""]"
1419__2,1419,2,kaskus,2013-12-03 12:53:53,uranium,overlap,"[""uranium"", ""harga""]"
1419__3,1419,3,kaskus,2013-12-03 12:53:53,uranium,overlap,"[""uranium"", ""indonesia"", ""teknologi"", ""cadangan""]"
1419__4,1419,4,kaskus,2013-12-03 12:53:53,nuklir,overlap,"[""nuklir""]"
1420__0,1420,0,kaskus,2013-12-03 12:49:00,air,overlap,"[""air"", ""angin"", ""surya"", ""solusi"", ""listrik""]"
1421__0,1421,0,kaskus,2013-12-03 12:46:40,reaktor,rb,"[""reaktor"", ""prosedur"", ""takdir"", ""kambing hitam"", ""kambing""]"
1422__0,1422,0,kaskus,2013-12-03 12:45:30,ketinggalan,rb,"[""ketinggalan"", ""30-50th"", ""teknologi pemanfaatan"", ""pemanfaatan""]"
1422__1,1422,1,kaskus,2013-12-03 12:45:30,nuklir,overlap,"[""nuklir""]"
1423__0,1423,0,kaskus,2013-12-03 12:45:14,pltn,overlap,"[""pltn""]"
1424__0,1424,0,kaskus,2013-12-03 12:40:58,listrik,overlap,"[""listrik""]"
1424__1,1424,1,kaskus,2013-12-03 12:40:58,,empty,[]
1425__0,1425,0,kaskus,2013-12-03 12:40:39,,empty,[]
1425__1,1425,1,kaskus,2013-12-03 12:40:39,uranium,overlap,"[""uranium"", ""proses""]"
1425__2,1425,2,kaskus,2013-12-03 12:40:39,uranium,overlap,"[""uranium"", ""energi""]"
1425__3,1425,3,kaskus,2013-12-03 12:40:39,negara,overlap,"[""negara""]"
1425__4,1425,4,kaskus,2013-12-03 12:40:39,nuklir,overlap,"[""nuklir""]"
1426__0,1426,0,kaskus,2013-12-03 12:38:35,lsm,rb,"[""lsm"", ""haluan""]"
1426__1,1426,1,kaskus,2013-12-03 12:38:35,pln,overlap,"[""pln"", ""krisis""]"
1426__2,1426,2,kaskus,2013-12-03 12:38:35,negara,overlap,"[""negara""]"
1427__0,1427,0,kaskus,2013-12-03 12:35:15,daerah,overlap,"[""daerah"", ""listrik""]"
1428__0,1428,0,kaskus,2013-12-03 12:33:45,kontraktor ln,rb,"[""kontraktor ln"", ""ln"", ""operator"", ""kontraktor""]"
1429__0,1429,0,kaskus,2013-12-03 12:32:10,kejadian,overlap,"[""kejadian"", ""negeri""]"
1430__0,1430,0,kaskus,2013-12-03 12:30:42,warga,overlap,"[""warga""]"
1430__1,1430,1,kaskus,2013-12-03 12:30:42,,empty,[]
1431__0,1431,0,kaskus,2013-12-03 12:26:12,bangsa,overlap,"[""bangsa""]"
1431__1,1431,1,kaskus,2013-12-03 12:26:12,indonesia,overlap,"[""indonesia"", ""negeri""]"
1431__2,1431,2,kaskus,2013-12-03 12:26:12,kecolongan,unsup,"[""kecolongan"", ""karean""]"
1432__0,1432,0,kaskus,2013-12-03 12:25:40,kalimantan,overlap,"[""kalimantan"", ""reaktor""]"
1433__0,1433,0,kaskus,2013-12-03 12:24:22,bbm,overlap,"[""bbm"", ""listrik""]"
1434__0,1434,0,kaskus,2013-12-03 12:24:21,byar-pret,rb,"[""byar-pret"", ""batu""]"
1435__0,1435,0,kaskus,2013-12-03 12:23:00,listrik,overlap,"[""listrik""]"
1436__0,1436,0,kaskus,2013-12-03 12:21:57,listrik,overlap,"[""listrik""]"
1437__0,1437,0,kaskus,2013-12-03 12:21:05,polemik,overlap,"[""polemik""]"
1437__1,1437,1,kaskus,2013-12-03 12:21:05,pltn,overlap,"[""pltn""]"
1437__2,1437,2,kaskus,2013-12-03 12:21:05,lsm-lsm,rb,"[""lsm-lsm""]"
1438__0,1438,0,kaskus,2013-12-03 12:20:28,listrik,overlap,"[""listrik""]"
1439__0,1439,0,kaskus,2013-12-03 12:19:40,setuju,rb,"[""setuju""]"
1439__1,1439,1,kaskus,2013-12-03 12:19:40,rumah,overlap,"[""rumah"", ""nuklir"", ""pltn"", ""reaktor""]"
1439__2,1439,2,kaskus,2013-12-03 12:19:40,pltn,overlap,"[""pltn"", ""rumah"", ""pltu""]"
1439__3,1439,3,kaskus,2013-12-03 12:19:40,pltn,overlap,"[""pltn"", ""pltu""]"
1439__4,1439,4,kaskus,2013-12-03 12:19:40,bahaya,overlap,"[""bahaya"", ""pltu"", ""pltn""]"
1440__0,1440,0,kaskus,2013-12-03 12:15:20,pltu,overlap,"[""pltu"", ""reaktor""]"
1440__1,1440,1,kaskus,2013-12-03 12:15:20,wilayah lihat,rb,"[""wilayah lihat"", ""riau"", ""sumatera"", ""koment"", ""kontraktor""]"
1440__2,1440,2,kaskus,2013-12-03 12:15:20,pltn,overlap,"[""pltn""]"
1441__0,1441,0,kaskus,2013-12-03 12:14:32,lokasi,overlap,"[""lokasi""]"
1442__0,1442,0,kaskus,2013-12-03 12:12:40,perawatan,overlap,"[""perawatan""]"
1442__1,1442,1,kaskus,2013-12-03 12:12:40,daerah,overlap,"[""daerah""]"
1443__0,1443,0,kaskus,2013-12-03 12:10:54,wew mantap,rb,"[""wew mantap"", ""wew""]"
1443__1,1443,1,kaskus,2013-12-03 12:10:54,listrik murah,rb,"[""listrik murah"", ""pengaruh"", ""kesemuanya"", ""saingan"", ""china""]"
1443__2,1443,2,kaskus,2013-12-03 12:10:54,smuga,overlap,"[""smuga""]"
1443__3,1443,3,kaskus,2013-12-03 12:10:54,tikus-tikus,rb,"[""tikus-tikus"", ""ngubur"", ""ngubur limbah"", ""limbah""]"
1444__0,1444,0,kaskus,2013-12-03 12:10:28,pltn,overlap,"[""pltn""]"
1445__0,1445,0,kaskus,2013-12-03 12:10:28,nuklir,overlap,"[""nuklir""]"
1445__1,1445,1,kaskus,2013-12-03 12:10:28,pltn,overlap,"[""pltn""]"
1445__2,1445,2,kaskus,2013-12-03 12:10:28,listrik,overlap,"[""listrik"", ""pln"", ""krisis""]"
1445__3,1445,3,kaskus,2013-12-03 12:10:28,sumatera,rb,"[""sumatera"", ""1reaktor""]"
1446__0,1446,0,kaskus,2013-12-03 12:06:59,iaea,overlap,"[""iaea""]"
1447__0,1447,0,kaskus,2013-12-03 12:05:15,negara,overlap,"[""negara"", ""skala"", ""pltn""]"
1448__0,1448,0,kaskus,2013-12-03 11:51:10,nuklir,overlap,"[""nuklir"", ""energi"", ""senjata"", ""url""]"
1449__0,1449,0,kaskus,2013-12-03 11:49:36,pltn,overlap,"[""pltn"", ""jalan"", ""listrik""]"
1449__1,1449,1,kaskus,2013-12-03 11:49:36,listrik,overlap,"[""listrik"", ""daerah"", ""pltn""]"
1450__0,1450,0,kaskus,2013-12-03 11:46:15,listrik,overlap,"[""listrik"", ""wilayah""]"
1451__0,1451,0,kaskus,2013-12-03 11:45:48,menristek,overlap,"[""menristek""]"
1451__1,1451,1,kaskus,2013-12-03 11:45:48,indonesah,rb,"[""indonesah"", ""sd"", ""atap""]"
1451__2,1451,2,kaskus,2013-12-03 11:45:48,pltn,overlap,"[""pltn""]"
1451__3,1451,3,kaskus,2013-12-03 11:45:48,skala,overlap,"[""skala""]"
1452__0,1452,0,kaskus,2013-12-03 11:43:37,pltn,overlap,"[""pltn""]"
1453__0,1453,0,kaskus,2013-12-03 11:37:24,nuklir,overlap,"[""nuklir""]"
1453__1,1453,1,kaskus,2013-12-03 11:37:24,tetangga panas dingin,rb,"[""tetangga panas dingin""]"
1454__0,1454,0,kaskus,2013-12-03 11:10:16,reaktor,overlap,"[""reaktor"", ""skala""]"
1455__0,1455,0,kaskus,2013-12-03 11:08:52,toh.jamin,rb,"[""toh.jamin""]"
1455__1,1455,1,kaskus,2013-12-03 11:08:52,kasih,overlap,"[""kasih""]"
1456__0,1456,0,kaskus,2013-12-03 11:06:16,skala,overlap,"[""skala"", ""indonesia"", ""pltn""]"
1457__0,1457,0,kaskus,2013-12-03 11:04:19,pltn,overlap,"[""pltn"", ""bahan""]"
1457__1,1457,1,kaskus,2013-12-03 11:04:19,pltn,overlap,"[""pltn"", ""nuklir""]"
1457__2,1457,2,kaskus,2013-12-03 11:04:19,reaktor,overlap,"[""reaktor"", ""indonesia""]"
1457__3,1457,3,kaskus,2013-12-03 11:04:19,daerah aman,rb,"[""daerah aman""]"
1457__4,1457,4,kaskus,2013-12-03 11:04:19,harga,rb,"[""harga""]"
1458__0,1458,0,kaskus,2013-12-03 11:03:49,alasan,overlap,"[""alasan"", ""reaktor""]"
1459__0,1459,0,kaskus,2013-12-03 11:03:34,,empty,[]
1459__1,1459,1,kaskus,2013-12-03 11:03:34,pltn,overlap,"[""pltn""]"
1460__0,1460,0,kaskus,2013-12-03 11:02:57,daerah,overlap,"[""daerah"", ""krisis""]"
1461__0,1461,0,kaskus,2013-12-03 10:58:22,reaktor,overlap,"[""reaktor""]"
1461__1,1461,1,kaskus,2013-12-03 10:58:22,reaktor,overlap,"[""reaktor""]"
1462__0,1462,0,kaskus,2013-12-03 10:57:30,awas,overlap,"[""awas""]"
1463__0,1463,0,kaskus,2013-12-02 00:00:16,indonesia,overlap,"[""indonesia""]"
1464__0,1464,0,kaskus,2013-11-29 14:43:00,nuklir,overlap,"[""nuklir"", ""skala"", ""pltn""]"
1465__0,1465,0,kaskus,2013-11-29 14:23:41,indonesia,overlap,"[""indonesia""]"
1465__1,1465,1,kaskus,2013-11-29 14:23:41,,empty,[]
1466__0,1466,0,kaskus,2013-11-29 14:23:13,pltn,overlap,"[""pltn""]"
1467__0,1467,0,kaskus,2013-11-29 14:22:16,iloveindonesia,overlap,"[""iloveindonesia""]"
1468__0,1468,0,kaskus,2013-01-14 01:20:48,cucu,overlap,"[""cucu""]"
1469__0,1469,0,kaskus,2013-01-14 01:16:05,sukses pembangunan,rb,"[""sukses pembangunan"", ""pembangunan""]"
1470__0,1470,0,kaskus,2014-03-07 18:43:43,campur tangan,rb,"[""campur tangan"", ""tangan asing"", ""campur""]"
1471__0,1471,0,kaskus,2014-02-20 16:53:25,thorium,overlap,"[""thorium""]"
1472__0,1472,0,kaskus,2013-08-31 06:40:55,angin,overlap,"[""angin""]"
1472__1,1472,1,kaskus,2013-08-31 06:40:55,angin,overlap,"[""angin"", ""listrik""]"
1472__2,1472,2,kaskus,2013-08-31 06:40:55,panas bumi,rb,"[""panas bumi"", ""bumi"", ""jalur lahar"", ""lahar"", ""babel""]"
1472__3,1472,3,kaskus,2013-08-31 06:40:55,matahari,overlap,"[""matahari""]"
1472__4,1472,4,kaskus,2013-08-31 06:40:55,jalan,overlap,"[""jalan""]"
1472__5,1472,5,kaskus,2013-08-31 06:40:55,surya,overlap,"[""surya""]"
1472__6,1472,6,kaskus,2013-08-31 06:40:55,industri,overlap,"[""industri""]"
1472__7,1472,7,kaskus,2013-08-31 06:40:55,listrik,overlap,"[""listrik"", ""nuklir""]"
1472__8,1472,8,kaskus,2013-08-31 06:40:55,sda,rb,"[""sda""]"
1472__9,1472,9,kaskus,2013-08-31 06:40:55,lokasi,rb,"[""lokasi"", ""penduduk"", ""jawa""]"
1472__10,1472,10,kaskus,2013-08-31 06:40:55,lingkungan,rb,"[""lingkungan"", ""reaksi nuklir efisien"", ""nuklir""]"
1472__11,1472,11,kaskus,2013-08-31 06:40:55,tarif listrik murah,rb,"[""tarif listrik murah"", ""listrik""]"
1472__12,1472,12,kaskus,2013-08-31 06:40:55,listrik,rb,"[""listrik"", ""babel"", ""daya listrik"", ""reaktor"", ""kebutuhan daerah""]"
1472__13,1472,13,kaskus,2013-08-31 06:40:55,rugi,rb,"[""rugi""]"
1472__14,1472,14,kaskus,2013-08-31 06:40:55,babel,rb,"[""babel"", ""daerah"", ""kepulauan"", ""teroris""]"
1472__15,1472,15,kaskus,2013-08-31 06:40:55,kesadaran safety rendah,rb,"[""kesadaran safety rendah"", ""safety"", ""negara"", ""bahaya"", ""reaktor""]"
1472__16,1472,16,kaskus,2013-08-31 06:40:55,meletup,rb,"[""meletup""]"
1472__17,1472,17,kaskus,2013-08-31 06:40:55,sistem,rb,"[""sistem"", ""maintenance"", ""indonesia""]"
1472__18,1472,18,kaskus,2013-08-31 06:40:55,pltn,rb,"[""pltn"", ""babel""]"
1472__19,1472,19,kaskus,2013-08-31 06:40:55,sda,rb,"[""sda"", ""negeri""]"
1472__20,1472,20,kaskus,2013-08-31 06:40:55,babel,overlap,"[""babel""]"
1472__21,1472,21,kaskus,2013-08-31 06:40:55,bolong-bolong,rb,"[""bolong-bolong"", ""pulau akibat"", ""akibat pemda"", ""pemda"", ""timah""]"
1472__22,1472,22,kaskus,2013-08-31 06:40:55,masyarakat,rb,"[""masyarakat""]"
1472__23,1472,23,kaskus,2013-08-31 06:40:55,pendatang,rb,"[""pendatang"", ""jawa""]"
1472__24,1472,24,kaskus,2013-08-31 06:40:55,daerah,rb,"[""daerah"", ""sumsel""]"
1472__25,1472,25,kaskus,2013-08-31 06:40:55,timah,rb,"[""timah"", ""selundupin murah"", ""negeri"", ""selundupin""]"
1472__26,1472,26,kaskus,2013-08-31 06:40:55,perusahaan-perusahaan top duni,rb,"[""perusahaan-perusahaan top duni"", ""duni"", ""perusahaan-perusahaan""]"
1472__27,1472,27,kaskus,2013-08-31 06:40:55,alat elektronik mahal-mahal,rb,"[""alat elektronik mahal-mahal"", ""elektronik"", ""alat""]"
1472__28,1472,28,kaskus,2013-08-31 06:40:55,isi,rb,"[""isi"", ""timah babel"", ""babel"", ""timah""]"
1472__29,1472,29,kaskus,2013-08-31 06:40:55,babel,rb,"[""babel""]"
1472__30,1472,30,kaskus,2013-08-31 06:40:55,riwayat perusak,rb,"[""riwayat perusak"", ""perusak bangsa"", ""bangsa"", ""riwayat""]"
1472__31,1472,31,kaskus,2013-08-31 06:40:55,babel,unsup,"[""babel""]"
1472__32,1472,32,kaskus,2013-08-31 06:40:55,bangsa,unsup,"[""bangsa""]"
1473__0,1473,0,kaskus,2013-08-31 06:06:57,pltn,overlap,"[""pltn""]"
1473__1,1473,1,kaskus,2013-08-31 06:06:57,senjata,overlap,"[""senjata""]"
1473__2,1473,2,kaskus,2013-08-31 06:06:57,cepat terwujud,rb,"[""cepat terwujud""]"
1474__0,1474,0,kaskus,2013-08-31 06:03:06,tsunami,overlap,"[""tsunami""]"
1475__0,1475,0,kaskus,2013-08-30 22:46:43,harga,overlap,"[""harga"", ""listrik""]"
1476__0,1476,0,kaskus,2013-08-30 22:44:01,negara,overlap,"[""negara"", ""pltn""]"
1476__1,1476,1,kaskus,2013-08-30 22:44:01,jepang,overlap,"[""jepang"", ""nuklir"", ""bencana""]"
1476__2,1476,2,kaskus,2013-08-30 22:44:01,pltn,overlap,"[""pltn"", ""listrik"", ""kabel"", ""laut"", ""pulau""]"
1477__0,1477,0,kaskus,2013-08-30 22:40:32,pltn,overlap,"[""pltn""]"
1478__0,1478,0,kaskus,2013-08-30 22:31:57,nuklir,overlap,"[""nuklir""]"
1479__0,1479,0,kaskus,2013-08-30 22:26:08,pltn,overlap,"[""pltn"", ""gempa"", ""wilayah""]"
1479__1,1479,1,kaskus,2013-08-30 22:26:08,daerah,overlap,"[""daerah"", ""gempa"", ""tsunami"", ""pltn"", ""bencana""]"
1479__2,1479,2,kaskus,2013-08-30 22:26:08,angin,overlap,"[""angin""]"
1480__0,1480,0,kaskus,2013-08-30 14:49:18,murah,rb,"[""murah""]"
1481__0,1481,0,kaskus,2013-08-30 14:30:32,pltn,overlap,"[""pltn"", ""gempa""]"
1481__1,1481,1,kaskus,2013-08-30 14:30:32,kidding,overlap,"[""kidding""]"
1481__2,1481,2,kaskus,2013-08-30 14:30:32,negara,overlap,"[""negara"", ""nuklir"", ""resiko""]"
1481__3,1481,3,kaskus,2013-08-30 14:30:32,indonesia,overlap,"[""indonesia""]"
1481__4,1481,4,kaskus,2013-08-30 14:30:32,listrik,overlap,"[""listrik"", ""bbm""]"
1481__5,1481,5,kaskus,2013-08-30 14:30:32,minyak,overlap,"[""minyak""]"
1481__6,1481,6,kaskus,2013-08-30 14:30:32,minyak,overlap,"[""minyak"", ""bbm"", ""listrik"", ""krisis""]"
1482__0,1482,0,kaskus,2013-08-30 14:26:38,komentar,overlap,"[""komentar""]"
1482__1,1482,1,kaskus,2013-08-30 14:26:38,pembangkit,overlap,"[""pembangkit"", ""air"", ""surya""]"
1482__2,1482,2,kaskus,2013-08-30 14:26:38,surya,overlap,"[""surya""]"
1482__3,1482,3,kaskus,2013-08-30 14:26:38,gas,overlap,"[""gas"", ""kebutuhan"", ""surya""]"
1482__4,1482,4,kaskus,2013-08-30 14:26:38,pembangkit,overlap,"[""pembangkit"", ""air"", ""gas""]"
1482__5,1482,5,kaskus,2013-08-30 14:26:38,pltn,overlap,"[""pltn""]"
1482__6,1482,6,kaskus,2013-08-30 14:26:38,gempa,overlap,"[""gempa"", ""jepang"", ""pltn""]"
1482__7,1482,7,kaskus,2013-08-30 14:26:38,sdm,overlap,"[""sdm""]"
1482__8,1482,8,kaskus,2013-08-30 14:26:38,mata,overlap,"[""mata""]"
1482__9,1482,9,kaskus,2013-08-30 14:26:38,sdm,overlap,"[""sdm"", ""indonesia""]"
1483__0,1483,0,kaskus,2013-08-30 14:11:30,nuklir,overlap,"[""nuklir"", ""energi""]"
1484__0,1484,0,kaskus,2013-08-30 14:02:13,babel,overlap,"[""babel"", ""gempa""]"
1484__1,1484,1,kaskus,2013-08-30 14:02:13,berbahaya bocor,rb,"[""berbahaya bocor"", ""berbahaya""]"
1485__0,1485,0,kaskus,2013-08-30 13:56:28,pltn,overlap,"[""pltn"", ""indonesia"", ""reaktor""]"
1485__1,1485,1,kaskus,2013-08-30 13:56:28,reaktor,overlap,"[""reaktor""]"
1486__0,1486,0,kaskus,2013-08-30 13:27:17,kalimantan,overlap,"[""kalimantan"", ""jawa""]"
1487__0,1487,0,kaskus,2013-08-30 13:27:12,nuklir,overlap,"[""nuklir"", ""listrik"", ""potensi"", ""pembangkit""]"
1487__1,1487,1,kaskus,2013-08-30 13:27:12,font,overlap,"[""font""]"
1488__0,1488,0,kaskus,2013-08-30 13:21:50,uranium,overlap,"[""uranium""]"
1488__1,1488,1,kaskus,2013-08-30 13:21:50,thx,overlap,"[""thx""]"
1489__0,1489,0,kaskus,2013-07-30 18:50:08,nuklir,overlap,"[""nuklir""]"
1490__0,1490,0,kaskus,2013-07-30 18:41:11,nuklir,overlap,"[""nuklir""]"
1491__0,1491,0,kaskus,2013-07-30 16:40:58,indonesia,overlap,"[""indonesia""]"
1491__1,1491,1,kaskus,2013-07-30 16:40:58,resiko,overlap,"[""resiko""]"
1491__2,1491,2,kaskus,2013-07-30 16:40:58,nuklir,overlap,"[""nuklir"", ""energi""]"
1492__0,1492,0,kaskus,2013-07-30 16:30:09,resiko,overlap,"[""resiko""]"
1493__0,1493,0,kaskus,2013-07-30 15:09:52,manteppp,rb,"[""manteppp""]"
1493__1,1493,1,kaskus,2013-07-30 15:09:52,katro,unsup,"[""katro""]"
1493__2,1493,2,kaskus,2013-07-30 15:09:52,nuklir,overlap,"[""nuklir""]"
1493__3,1493,3,kaskus,2013-07-30 15:09:52,nuklir,overlap,"[""nuklir""]"
1494__0,1494,0,kaskus,2013-07-30 15:04:19,pltn,overlap,"[""pltn"", ""rumah"", ""geothermal"", ""pltu""]"
1494__1,1494,1,kaskus,2013-07-30 15:04:19,pltn,overlap,"[""pltn"", ""geothermal"", ""pltu""]"
1494__2,1494,2,kaskus,2013-07-30 15:04:19,sayang,overlap,"[""sayang""]"
1494__3,1494,3,kaskus,2013-07-30 15:04:19,bahaya,overlap,"[""bahaya""]"
1494__4,1494,4,kaskus,2013-07-30 15:04:19,operator,overlap,"[""operator"", ""keluarga"", ""dirumah"", ""karyawan"", ""nyawa""]"
1495__0,1495,0,kaskus,2013-07-30 15:02:28,wacana,overlap,"[""wacana""]"
1495__1,1495,1,kaskus,2013-07-30 15:02:28,nuklir,overlap,"[""nuklir"", ""gas""]"
1495__2,1495,2,kaskus,2013-07-30 15:02:28,kerjain,rb,"[""kerjain""]"
1495__3,1495,3,kaskus,2013-07-30 15:02:28,fokus,rb,"[""fokus""]"
1496__0,1496,0,kaskus,2013-07-30 15:01:59,babel,overlap,"[""babel""]"
1496__1,1496,1,kaskus,2013-07-30 15:01:59,timah,overlap,"[""timah""]"
1497__0,1497,0,kaskus,2013-07-30 14:59:53,nuklir,overlap,"[""nuklir"", ""listrik"", ""pembangkit""]"
1497__1,1497,1,kaskus,2013-07-30 14:59:53,,empty,[]
1498__0,1498,0,kaskus,2013-07-30 14:58:58,indonesia,overlap,"[""indonesia""]"
1498__1,1498,1,kaskus,2013-07-30 14:58:58,treak treak,rb,"[""treak treak"", ""treak"", ""bilang kekayaan"", ""kekayaan alam"", ""alam""]"
1498__2,1498,2,kaskus,2013-07-30 14:58:58,listrik,overlap,"[""listrik"", ""pembangkit""]"
1498__3,1498,3,kaskus,2013-07-30 14:58:58,sich,overlap,"[""sich""]"
1499__0,1499,0,kaskus,2013-07-30 14:56:11,ranjang,overlap,"[""ranjang""]"
1499__1,1499,1,kaskus,2013-07-30 14:56:11,b,rb,"[""b""]"
1500__0,1500,0,kaskus,2013-07-30 14:54:00,ranjang,overlap,"[""ranjang""]"
1500__1,1500,1,kaskus,2013-07-30 14:54:00,b,rb,"[""b""]"
1501__0,1501,0,kaskus,2013-07-30 14:51:30,negara,overlap,"[""negara"", ""indonesia"", ""pltn""]"
1501__1,1501,1,kaskus,2013-07-30 14:51:30,bahaya,overlap,"[""bahaya"", ""pltn"", ""teknologi""]"
1502__0,1502,0,kaskus,2013-07-30 14:49:43,rencana,rb,"[""rencana""]"
1502__1,1502,1,kaskus,2013-07-30 14:49:43,babel,overlap,"[""babel""]"
1502__2,1502,2,kaskus,2013-07-30 14:49:43,media,overlap,"[""media""]"
1502__3,1502,3,kaskus,2013-07-30 14:49:43,pltn,overlap,"[""pltn""]"
1502__4,1502,4,kaskus,2013-07-30 14:49:43,jepang,overlap,"[""jepang"", ""gempa""]"
1502__5,1502,5,kaskus,2013-07-30 14:49:43,babel,overlap,"[""babel""]"
1502__6,1502,6,kaskus,2013-07-30 14:49:43,wilayah,rb,"[""wilayah""]"
1502__7,1502,7,kaskus,2013-07-30 14:49:43,masyarakat,overlap,"[""masyarakat"", ""babel""]"
1502__8,1502,8,kaskus,2013-07-30 14:49:43,yusril,overlap,"[""yusril"", ""ahok"", ""pejabat""]"
1502__9,1502,9,kaskus,2013-07-30 14:49:43,dampak buruk mengerikan,rb,"[""dampak buruk mengerikan""]"
1502__10,1502,10,kaskus,2013-07-30 14:49:43,pltn,overlap,"[""pltn"", ""babel""]"
1502__11,1502,11,kaskus,2013-07-30 14:49:43,daerah,overlap,"[""daerah""]"
1502__12,1502,12,kaskus,2013-07-30 14:49:43,,empty,[]
1502__13,1502,13,kaskus,2013-07-30 14:49:43,size,rb,"[""size""]"
1503__0,1503,0,kaskus,2013-07-30 14:49:24,,empty,[]
1503__1,1503,1,kaskus,2013-07-30 14:49:24,setuju,rb,"[""setuju""]"
1503__2,1503,2,kaskus,2013-07-30 14:49:24,pltn,overlap,"[""pltn""]"
1503__3,1503,3,kaskus,2013-07-30 14:49:24,indonesia,overlap,"[""indonesia"", ""listrik""]"
1503__4,1503,4,kaskus,2013-07-30 14:49:24,solusi,overlap,"[""solusi"", ""pltn""]"
1503__5,1503,5,kaskus,2013-07-30 14:49:24,masyarakat,overlap,"[""masyarakat"", ""indonesia"", ""listrik""]"
1503__6,1503,6,kaskus,2013-07-30 14:49:24,pltn,overlap,"[""pltn"", ""solusi""]"
1503__7,1503,7,kaskus,2013-07-30 14:49:24,pln,overlap,"[""pln""]"
1503__8,1503,8,kaskus,2013-07-30 14:49:24,pln,overlap,"[""pln"", ""solusi""]"
1503__9,1503,9,kaskus,2013-07-30 14:49:24,listrik,overlap,"[""listrik"", ""pltn"", ""indonesia"", ""pembangkit""]"
1504__0,1504,0,kaskus,2013-07-30 14:48:41,lokasi,rb,"[""lokasi"", ""warga"", ""resiko"", ""dampak parah"", ""dampak""]"
1504__1,1504,1,kaskus,2013-07-30 14:48:41,bangunan,rb,"[""bangunan"", ""gempa skala"", ""skala"", ""richter"", ""gempa""]"
1504__2,1504,2,kaskus,2013-07-30 14:48:41,indonesia,rb,"[""indonesia"", ""pusat patahan"", ""patahan bumi"", ""bumi"", ""gempa hati-hati""]"
1504__3,1504,3,kaskus,2013-07-30 14:48:41,negara,rb,"[""negara"", ""patahan bumi"", ""bumi""]"
1504__4,1504,4,kaskus,2013-07-30 14:48:41,bumi,overlap,"[""bumi""]"
1504__5,1504,5,kaskus,2013-07-30 14:48:41,bumi,unsup,"[""bumi"", ""negara""]"
1504__6,1504,6,kaskus,2013-07-30 14:48:41,bumi,unsup,"[""bumi"", ""contoh"", ""skala"", ""jakarta""]"
1505__0,1505,0,kaskus,2013-07-30 14:40:20,pltn,overlap,"[""pltn"", ""indonesia"", ""energi""]"
1506__0,1506,0,kaskus,2013-07-30 14:32:45,uranium,overlap,"[""uranium""]"
1507__0,1507,0,kaskus,2013-07-30 14:23:24,alasan,overlap,"[""alasan""]"
1507__1,1507,1,kaskus,2013-07-30 14:23:24,uranium,overlap,"[""uranium"", ""daerah"", ""pltn""]"
1507__2,1507,2,kaskus,2013-07-30 14:23:24,lingkungan,overlap,"[""lingkungan"", ""pltn""]"
1507__3,1507,3,kaskus,2013-07-30 14:23:24,pltn,overlap,"[""pltn"", ""lingkungan""]"
1507__4,1507,4,kaskus,2013-07-30 14:23:24,daerah,overlap,"[""daerah""]"
1507__5,1507,5,kaskus,2013-07-30 14:23:24,uranium,overlap,"[""uranium"", ""energi"", ""sumber"", ""proses""]"
1507__6,1507,6,kaskus,2013-07-30 14:23:24,uranium,overlap,"[""uranium"", ""indonesia""]"
1507__7,1507,7,kaskus,2013-07-30 14:23:24,pltn,overlap,"[""pltn"", ""uranium"", ""jalan""]"
1507__8,1507,8,kaskus,2013-07-30 14:23:24,jangka,rb,"[""jangka"", ""pabrik fasiltas"", ""fasiltas pengayaan"", ""pengayaan uranium"", ""uranium plutonium""]"
1507__9,1507,9,kaskus,2013-07-30 14:23:24,iaea,overlap,"[""iaea"", ""iran"", ""pbb""]"
1508__0,1508,0,kaskus,2013-07-30 14:22:32,potensi,overlap,"[""potensi"", ""kebutuhan""]"
1508__1,1508,1,kaskus,2013-07-30 14:22:32,energi,overlap,"[""energi"", ""potensi"", ""kebutuhan"", ""jalan""]"
1508__2,1508,2,kaskus,2013-07-30 14:22:32,kt,overlap,"[""kt""]"
1508__3,1508,3,kaskus,2013-07-30 14:22:32,pltn,overlap,"[""pltn""]"
1508__4,1508,4,kaskus,2013-07-30 14:22:32,gempa,overlap,"[""gempa""]"
1508__5,1508,5,kaskus,2013-07-30 14:22:32,lokasi,overlap,"[""lokasi"", ""gempa"", ""korupsi""]"
1508__6,1508,6,kaskus,2013-07-30 14:22:32,amerika,overlap,"[""amerika"", ""reaktor""]"
1508__7,1508,7,kaskus,2013-07-30 14:22:32,ge biayai,rb,"[""ge biayai""]"
1508__8,1508,8,kaskus,2013-07-30 14:22:32,usaid,overlap,"[""usaid"", ""keamanan""]"
1508__9,1508,9,kaskus,2013-07-30 14:22:32,blackwater,overlap,"[""blackwater"", ""usmc""]"
1508__10,1508,10,kaskus,2013-07-30 14:22:32,listrik,overlap,"[""listrik"", ""pln"", ""energi"", ""hasil"", ""sektor""]"
1508__11,1508,11,kaskus,2013-07-30 14:22:32,gempa,overlap,"[""gempa"", ""korupsi""]"
1508__12,1508,12,kaskus,2013-07-30 14:22:32,gempa,overlap,"[""gempa"", ""korupsi""]"
1509__0,1509,0,kaskus,2013-07-30 14:11:03,alasan,overlap,"[""alasan""]"
1509__1,1509,1,kaskus,2013-07-30 14:11:03,uranium,overlap,"[""uranium"", ""pltn""]"
1509__2,1509,2,kaskus,2013-07-30 14:11:03,alasan,overlap,"[""alasan"", ""pltn"", ""daerah"", ""bencana"", ""bumi""]"
1510__0,1510,0,kaskus,2013-07-30 14:07:32,gempa,overlap,"[""gempa"", ""nuklir"", ""indonesia""]"
1511__0,1511,0,kaskus,2013-07-30 14:06:34,murah,rb,"[""murah""]"
1511__1,1511,1,kaskus,2013-07-30 14:06:34,nuklir,overlap,"[""nuklir"", ""reaktor""]"
1511__2,1511,2,kaskus,2013-07-30 14:06:34,listrik,overlap,"[""listrik""]"
1511__3,1511,3,kaskus,2013-07-30 14:06:34,nuklir,overlap,"[""nuklir"", ""energi"", ""pltn"", ""reaktor""]"
1512__0,1512,0,kaskus,2013-07-30 14:04:07,indonesia,overlap,"[""indonesia"", ""nuklir"", ""senjata""]"
1513__0,1513,0,kaskus,2012-12-24 16:00:02,url,overlap,"[""url"", ""pltn""]"
1514__0,1514,0,kaskus,2012-12-24 15:48:19,lanjoottt,overlap,"[""lanjoottt""]"
1514__1,1514,1,kaskus,2012-12-24 15:48:19,nuklir,overlap,"[""nuklir""]"
1515__0,1515,0,kaskus,2012-12-24 14:47:02,listrik,overlap,"[""listrik"", ""industri""]"
1516__0,1516,0,kaskus,2012-12-24 14:28:03,matahari,overlap,"[""matahari"", ""listrik"", ""angin"", ""rumah""]"
1516__1,1516,1,kaskus,2012-12-24 14:28:03,energi,overlap,"[""energi"", ""angin"", ""ombak""]"
1516__2,1516,2,kaskus,2012-12-24 14:28:03,laut,overlap,"[""laut"", ""investasi""]"
1516__3,1516,3,kaskus,2012-12-24 14:28:03,industri,overlap,"[""industri""]"
1516__4,1516,4,kaskus,2012-12-24 14:28:03,energi,overlap,"[""energi"", ""listrik"", ""sumber"", ""kebutuhan""]"
1516__5,1516,5,kaskus,2012-12-24 14:28:03,energi,overlap,"[""energi""]"
1516__6,1516,6,kaskus,2012-12-24 14:28:03,listrik,overlap,"[""listrik"", ""kwh""]"
1517__0,1517,0,kaskus,2012-12-24 13:03:24,,empty,[]
1517__1,1517,1,kaskus,2012-12-24 13:03:24,penduduk,overlap,"[""penduduk""]"
1517__2,1517,2,kaskus,2012-12-24 13:03:24,nuklir,overlap,"[""nuklir"", ""senjata""]"
1517__3,1517,3,kaskus,2012-12-24 13:03:24,tertawa,rb,"[""tertawa""]"
1518__0,1518,0,kaskus,2012-12-24 12:39:58,gempa,overlap,"[""gempa"", ""kebocoran"", ""jepang"", ""dunia""]"
1518__1,1518,1,kaskus,2012-12-24 12:39:58,jepang,overlap,"[""jepang"", ""gempa"", ""dunia""]"
1519__0,1519,0,kaskus,2012-12-24 08:33:08,kota,overlap,"[""kota""]"
1520__0,1520,0,kaskus,2012-12-24 08:24:11,listrik,overlap,"[""listrik"", ""pltn""]"
1520__1,1520,1,kaskus,2012-12-24 08:24:11,lahan,overlap,"[""lahan""]"
1520__2,1520,2,kaskus,2012-12-24 08:24:11,rakyat,overlap,"[""rakyat""]"
1521__0,1521,0,kaskus,2012-12-24 06:44:25,listrik,overlap,"[""listrik"", ""resiko"", ""kebutuhan""]"
1522__0,1522,0,kaskus,2012-12-24 01:55:56,bahaya,overlap,"[""bahaya"", ""nuklir""]"
1523__0,1523,0,kaskus,2012-12-23 15:40:07,gempa,overlap,"[""gempa""]"
1523__1,1523,1,kaskus,2012-12-23 15:40:07,kalimantan,overlap,"[""kalimantan"", ""gempa""]"
1524__0,1524,0,kaskus,2012-12-23 15:09:02,pulau,overlap,"[""pulau""]"
1525__0,1525,0,kaskus,2012-12-23 15:00:01,color,overlap,"[""color""]"
1526__0,1526,0,kaskus,2012-12-23 14:58:13,indonesia,overlap,"[""indonesia"", ""listrik"", ""nuklir"", ""resiko"", ""tenaga""]"
1527__0,1527,0,kaskus,2012-12-23 14:54:13,lhngkungan,overlap,"[""lhngkungan""]"
1528__0,1528,0,kaskus,2012-12-23 14:52:25,lokasi,overlap,"[""lokasi""]"
1528__1,1528,1,kaskus,2012-12-23 14:52:25,jawa,overlap,"[""jawa""]"
1529__0,1529,0,kaskus,2012-12-23 14:46:22,uranium,overlap,"[""uranium"", ""gas""]"
1529__1,1529,1,kaskus,2012-12-23 14:46:22,nuklir,overlap,"[""nuklir"", ""bahaya""]"
1529__2,1529,2,kaskus,2012-12-23 14:46:22,tabung,rb,"[""tabung""]"
1530__0,1530,0,kaskus,2012-12-23 14:43:24,gas,overlap,"[""gas"", ""rumah""]"
1530__1,1530,1,kaskus,2012-12-23 14:43:24,pltn,overlap,"[""pltn""]"
1531__0,1531,0,kaskus,2012-12-23 14:43:01,matahari,overlap,"[""matahari"", ""angin"", ""energi"", ""nuklir"", ""tenaga""]"
1531__1,1531,1,kaskus,2012-12-23 14:43:01,rumah,overlap,"[""rumah"", ""energi"", ""listrik"", ""wilayah"", ""pltn""]"
1532__0,1532,0,kaskus,2012-12-23 14:37:26,matahari,overlap,"[""matahari"", ""tenaga""]"
1533__0,1533,0,kaskus,2012-12-23 14:27:19,gempa,overlap,"[""gempa"", ""lokasi""]"
1533__1,1533,1,kaskus,2012-12-23 14:27:19,indonesia,overlap,"[""indonesia""]"
1534__0,1534,0,kaskus,2012-12-23 13:59:50,asala rumah,rb,"[""asala rumah"", ""rumah"", ""manajemen lokal"", ""asala"", ""manajemen""]"
1535__0,1535,0,kaskus,2012-12-23 13:41:03,nuklir,overlap,"[""nuklir""]"
1536__0,1536,0,kaskus,2012-12-23 13:34:02,nuklir,overlap,"[""nuklir"", ""negara"", ""indonesia""]"
1536__1,1536,1,kaskus,2012-12-23 13:34:02,koloni,overlap,"[""koloni"", ""inggris""]"
1536__2,1536,2,kaskus,2012-12-23 13:34:02,gas,overlap,"[""gas""]"
1537__0,1537,0,kaskus,2012-12-23 13:30:48,sdm pemerintah,rb,"[""sdm pemerintah"", ""pemerintah""]"
1537__1,1537,1,kaskus,2012-12-23 13:30:48,pltn,overlap,"[""pltn""]"
1537__2,1537,2,kaskus,2012-12-23 13:30:48,pemeliharaa,rb,"[""pemeliharaa""]"
1538__0,1538,0,kaskus,2012-12-23 13:10:56,jawa,overlap,"[""jawa""]"
1538__1,1538,1,kaskus,2012-12-23 13:10:56,jawa,overlap,"[""jawa"", ""wilayah""]"
1539__0,1539,0,kaskus,2012-12-23 10:15:25,syarat,rb,"[""syarat""]"
1539__1,1539,1,kaskus,2012-12-23 10:15:25,b,rb,"[""b"", ""back"", ""b back yard""]"
1540__0,1540,0,kaskus,2012-12-23 09:39:39,negara,overlap,"[""negara"", ""pltn"", ""indonesia""]"
1541__0,1541,0,kaskus,2012-12-23 09:37:28,pltn,overlap,"[""pltn""]"
1541__1,1541,1,kaskus,2012-12-23 09:37:28,pltn,overlap,"[""pltn"", ""jakarta""]"
1541__2,1541,2,kaskus,2012-12-23 09:37:28,jakarta,overlap,"[""jakarta""]"
1541__3,1541,3,kaskus,2012-12-23 09:37:28,penikmat,rb,"[""penikmat"", ""resiko""]"
1541__4,1541,4,kaskus,2012-12-23 09:37:28,indonesia,overlap,"[""indonesia"", ""jerman"", ""jepang"", ""proyek"", ""lapangan""]"
1541__5,1541,5,kaskus,2012-12-23 09:37:28,meter,rb,"[""meter"", ""pengaman"", ""laporan"", ""lapindo penjahat"", ""penjahat kakap""]"
1541__6,1541,6,kaskus,2012-12-23 09:37:28,kakap,overlap,"[""kakap"", ""senayan""]"
1542__0,1542,0,kaskus,2012-12-23 09:34:09,pltu,overlap,"[""pltu"", ""pltn""]"
1542__1,1542,1,kaskus,2012-12-23 09:34:09,jam,overlap,"[""jam""]"
1542__2,1542,2,kaskus,2012-12-23 09:34:09,negeri,overlap,"[""negeri""]"
1543__0,1543,0,kaskus,2012-12-22 10:06:06,nuklir,overlap,"[""nuklir"", ""indonesia""]"
1543__1,1543,1,kaskus,2012-12-22 10:06:06,surya,overlap,"[""surya"", ""laut""]"
1543__2,1543,2,kaskus,2012-12-22 10:06:06,indonesia,overlap,"[""indonesia"", ""alam"", ""tenaga""]"
1544__0,1544,0,kaskus,2012-12-22 10:00:57,bumn,overlap,"[""bumn""]"
1545__0,1545,0,kaskus,2012-12-22 08:42:35,indonesia,overlap,"[""indonesia"", ""nuklir"", ""pembangkit""]"
1545__1,1545,1,kaskus,2012-12-22 08:42:35,setujuuuuuuu,overlap,"[""setujuuuuuuu""]"
1545__2,1545,2,kaskus,2012-12-22 08:42:35,iloveindonesia,overlap,"[""iloveindonesia""]"
1546__0,1546,0,kaskus,2012-12-22 08:16:38,angin,overlap,"[""angin"", ""pembangkit""]"
1547__0,1547,0,kaskus,2012-12-22 07:37:46,pltn,overlap,"[""pltn""]"
1547__1,1547,1,kaskus,2012-12-22 07:37:46,kerusakan,overlap,"[""kerusakan""]"
1547__2,1547,2,kaskus,2012-12-22 07:37:46,indonesia,overlap,"[""indonesia"", ""nuklir"", ""tenaga"", ""kebutuhan""]"
1548__0,1548,0,kaskus,2012-12-22 00:10:27,penduduk,overlap,"[""penduduk"", ""jepang"", ""nuklir"", ""url""]"
1549__0,1549,0,kaskus,2012-12-21 23:56:36,sangatttt,rb,"[""sangatttt"", ""safety"", ""2thumbup""]"
1550__0,1550,0,kaskus,2012-12-21 23:46:35,uranium,overlap,"[""uranium""]"
1550__1,1550,1,kaskus,2012-12-21 23:46:35,riset,overlap,"[""riset"", ""listrik"", ""reaktor""]"
1550__2,1550,2,kaskus,2012-12-21 23:46:35,listrik,overlap,"[""listrik"", ""pltn"", ""limbah"", ""negara""]"
1550__3,1550,3,kaskus,2012-12-21 23:46:35,negara,overlap,"[""negara"", ""warga"", ""nuklir""]"
1550__4,1550,4,kaskus,2012-12-21 23:46:35,nuklir,overlap,"[""nuklir"", ""url""]"
1550__5,1550,5,kaskus,2012-12-21 23:46:35,url,overlap,"[""url"", ""pltn"", ""negara""]"
1550__6,1550,6,kaskus,2012-12-21 23:46:35,indonesia,overlap,"[""indonesia""]"
1550__7,1550,7,kaskus,2012-12-21 23:46:35,listrik,overlap,"[""listrik"", ""sumber"", ""energi""]"
1551__0,1551,0,kaskus,2012-12-21 16:29:49,dampak,rb,"[""dampak""]"
1551__1,1551,1,kaskus,2012-12-21 16:29:49,resiko terburuk,rb,"[""resiko terburuk""]"
1552__0,1552,0,kaskus,2012-12-21 16:27:33,nuklir,overlap,"[""nuklir""]"
1552__1,1552,1,kaskus,2012-12-21 16:27:33,gosip,rb,"[""gosip"", ""reaktor"", ""penelitian"", ""bekas kri"", ""kri irian""]"
1552__2,1552,2,kaskus,2012-12-21 16:27:33,nuklir,overlap,"[""nuklir"", ""air""]"
1552__3,1552,3,kaskus,2012-12-21 16:27:33,air,overlap,"[""air"", ""proses""]"
1552__4,1552,4,kaskus,2012-12-21 16:27:33,limbah,overlap,"[""limbah""]"
1552__5,1552,5,kaskus,2012-12-21 16:27:33,contoh,overlap,"[""contoh"", ""nuklir"", ""pulau"", ""limbah""]"
1552__6,1552,6,kaskus,2012-12-21 16:27:33,limbah,overlap,"[""limbah"", ""daerah""]"
1552__7,1552,7,kaskus,2012-12-21 16:27:33,jepang,overlap,"[""jepang"", ""nuklir"", ""pembangkit""]"
1552__8,1552,8,kaskus,2012-12-21 16:27:33,angin,overlap,"[""angin""]"
1552__9,1552,9,kaskus,2012-12-21 16:27:33,proyek,overlap,"[""proyek"", ""pltn""]"
1552__10,1552,10,kaskus,2012-12-21 16:27:33,nuklir,overlap,"[""nuklir"", ""pembangkit""]"
1552__11,1552,11,kaskus,2012-12-21 16:27:33,maintenance,overlap,"[""maintenance"", ""pulau""]"
1552__12,1552,12,kaskus,2012-12-21 16:27:33,laut,overlap,"[""laut""]"
1552__13,1552,13,kaskus,2012-12-21 16:27:33,nuklir,overlap,"[""nuklir""]"
1552__14,1552,14,kaskus,2012-12-21 16:27:33,nuklir,overlap,"[""nuklir"", ""pltn"", ""limbah""]"
1552__15,1552,15,kaskus,2012-12-21 16:27:33,pltn,overlap,"[""pltn""]"
1552__16,1552,16,kaskus,2012-12-21 16:27:33,pltn,overlap,"[""pltn""]"
1552__17,1552,17,kaskus,2012-12-21 16:27:33,koreksi,overlap,"[""koreksi""]"
1552__18,1552,18,kaskus,2012-12-21 16:27:33,opinion,overlap,"[""opinion""]"
1553__0,1553,0,kaskus,2012-12-21 16:27:09,keamanan,rb,"[""keamanan""]"
1554__0,1554,0,kaskus,2012-12-21 16:08:10,kalimantan,overlap,"[""kalimantan""]"
1555__0,1555,0,kaskus,2012-12-21 15:43:04,kebutuhan,overlap,"[""kebutuhan"", ""energi""]"
1555__1,1555,1,kaskus,2012-12-21 15:43:04,nuklir,overlap,"[""nuklir"", ""indonesia"", ""rencana"", ""pembangkit""]"
1555__2,1555,2,kaskus,2012-12-21 15:43:04,bahaya,overlap,"[""bahaya""]"
1556__0,1556,0,kaskus,2012-12-21 15:41:12,pltn,overlap,"[""pltn""]"
1557__0,1557,0,kaskus,2012-12-21 15:38:26,,empty,[]
1557__1,1557,1,kaskus,2012-12-21 15:38:26,lampu,overlap,"[""lampu""]"
1558__0,1558,0,kaskus,2012-12-21 15:36:13,pulau,overlap,"[""pulau"", ""radiasi""]"
1559__0,1559,0,kaskus,2012-12-21 15:27:44,nuklir,overlap,"[""nuklir"", ""tenaga""]"
1559__1,1559,1,kaskus,2012-12-21 15:27:44,indonesia,overlap,"[""indonesia""]"
1559__2,1559,2,kaskus,2012-12-21 15:27:44,,empty,[]
1559__3,1559,3,kaskus,2012-12-21 15:27:44,pola pikir,rb,"[""pola pikir"", ""pikir"", ""pola""]"
1559__4,1559,4,kaskus,2012-12-21 15:27:44,pembangkit listrik,rb,"[""pembangkit listrik"", ""listrik tenaga"", ""tenaga panas bumi"", ""bumi""]"
1560__0,1560,0,kaskus,2012-12-21 10:16:55,manfaat,overlap,"[""manfaat""]"
1560__1,1560,1,kaskus,2012-12-21 10:16:55,dampak,overlap,"[""dampak""]"
1561__0,1561,0,kaskus,2012-12-21 10:12:51,pendapat,overlap,"[""pendapat"", ""studi"", ""jajak""]"
1561__1,1561,1,kaskus,2012-12-21 10:12:51,penolakan,overlap,"[""penolakan""]"
1561__2,1561,2,kaskus,2012-12-21 10:12:51,pltn,overlap,"[""pltn""]"
1561__3,1561,3,kaskus,2012-12-21 10:12:51,resiko,overlap,"[""resiko""]"
1561__4,1561,4,kaskus,2012-12-21 10:12:51,enak resiko,rb,"[""enak resiko""]"
1561__5,1561,5,kaskus,2012-12-21 10:12:51,resiko,overlap,"[""resiko""]"
1562__0,1562,0,kaskus,2012-12-21 10:08:56,susah,rb,"[""susah"", ""jamaah chernobiliyah"", ""chernobiliyah fukusimaiyah"", ""fukusimaiyah"", ""jamaah""]"
1563__0,1563,0,kaskus,2012-12-21 10:05:56,,empty,[]
1563__1,1563,1,kaskus,2012-12-21 10:05:56,minyak,overlap,"[""minyak"", ""gas""]"
1563__2,1563,2,kaskus,2012-12-21 10:05:56,gas,overlap,"[""gas"", ""indonesia"", ""listrik""]"
1563__3,1563,3,kaskus,2012-12-21 10:05:56,,empty,[]
1563__4,1563,4,kaskus,2012-12-21 10:05:56,jalan,overlap,"[""jalan""]"
1563__5,1563,5,kaskus,2012-12-21 10:05:56,plta,overlap,"[""plta"", ""listrik"", ""tanah""]"
1563__6,1563,6,kaskus,2012-12-21 10:05:56,pltn,overlap,"[""pltn"", ""plta"", ""gas"", ""batubara""]"
1564__0,1564,0,kaskus,2012-12-21 10:00:54,pilihan,overlap,"[""pilihan""]"
1565__0,1565,0,kaskus,2012-12-21 09:58:30,listrik,overlap,"[""listrik""]"
1566__0,1566,0,kaskus,2012-12-21 09:55:16,limbah,rb,"[""limbah""]"
1566__1,1566,1,kaskus,2012-12-21 09:55:16,limbah,rb,"[""limbah"", ""daur ulang koreksi"", ""ulang"", ""koreksi"", ""daur""]"
1567__0,1567,0,kaskus,2012-12-21 09:34:54,lokasi,overlap,"[""lokasi""]"
1567__1,1567,1,kaskus,2012-12-21 09:34:54,pengelolaan,rb,"[""pengelolaan""]"
1567__2,1567,2,kaskus,2012-12-21 09:34:54,,empty,[]
1568__0,1568,0,kaskus,2012-12-21 09:25:54,minyak,overlap,"[""minyak""]"
1569__0,1569,0,kaskus,2012-12-21 09:21:53,korupsi,overlap,"[""korupsi"", ""proyek""]"
1570__0,1570,0,kaskus,2012-12-21 09:10:40,pltn,overlap,"[""pltn""]"
1570__1,1570,1,kaskus,2012-12-21 09:10:40,terpencil,rb,"[""terpencil"", ""istilah""]"
1570__2,1570,2,kaskus,2012-12-21 09:10:40,pltn,overlap,"[""pltn""]"
1571__0,1571,0,kaskus,2012-12-21 09:08:34,serpong,overlap,"[""serpong""]"
1571__1,1571,1,kaskus,2012-12-21 09:08:34,nuklir,overlap,"[""nuklir"", ""url""]"
1571__2,1571,2,kaskus,2012-12-21 09:08:34,tanah,overlap,"[""tanah""]"
1572__0,1572,0,kaskus,2012-12-21 09:04:21,listrik,overlap,"[""listrik"", ""senjata"", ""pembangkit""]"
1572__1,1572,1,kaskus,2012-12-21 09:04:21,negara tetangga,rb,"[""negara tetangga"", ""tetangga"", ""jiper""]"
1573__0,1573,0,kaskus,2012-12-21 08:59:44,pltn,overlap,"[""pltn"", ""daya"", ""rencana""]"
1573__1,1573,1,kaskus,2012-12-21 08:59:44,rencana,overlap,"[""rencana"", ""url""]"
1573__2,1573,2,kaskus,2012-12-21 08:59:44,reaktor,overlap,"[""reaktor""]"
1573__3,1573,3,kaskus,2012-12-21 08:59:44,pltn,overlap,"[""pltn""]"
1573__4,1573,4,kaskus,2012-12-21 08:59:44,2000 setidak,rb,"[""2000 setidak"", ""shutdown"", ""plt"", ""peran"", ""setidak""]"
1574__0,1574,0,kaskus,2012-12-21 08:57:21,pulau,overlap,"[""pulau"", ""laut""]"
1575__0,1575,0,kaskus,2012-12-21 08:57:02,setuju,rb,"[""setuju""]"
1575__1,1575,1,kaskus,2012-12-21 08:57:02,listrik,overlap,"[""listrik"", ""pembangkit""]"
1575__2,1575,2,kaskus,2012-12-21 08:57:02,nuklir murah,rb,"[""nuklir murah""]"
1576__0,1576,0,kaskus,2012-12-21 08:55:52,listrik,overlap,"[""listrik""]"
1576__1,1576,1,kaskus,2012-12-21 08:55:52,pltn,overlap,"[""pltn"", ""listrik"", ""air"", ""reaktor"", ""proses""]"
1576__2,1576,2,kaskus,2012-12-21 08:55:52,reaktor,overlap,"[""reaktor"", ""proses"", ""lingkungan"", ""daerah"", ""nuklir""]"
1576__3,1576,3,kaskus,2012-12-21 08:55:52,nuklir,overlap,"[""nuklir"", ""daerah""]"
1576__4,1576,4,kaskus,2012-12-21 08:55:52,pulau,overlap,"[""pulau""]"
1576__5,1576,5,kaskus,2012-12-21 08:55:52,reaktor,overlap,"[""reaktor""]"
1577__0,1577,0,kaskus,2012-12-21 08:54:09,riset,overlap,"[""riset""]"
1578__0,1578,0,kaskus,2012-12-21 08:47:49,ilovekaskuss,overlap,"[""ilovekaskuss""]"
1579__0,1579,0,kaskus,2012-12-21 08:44:34,manusia,overlap,"[""manusia"", ""bumi""]"
1580__0,1580,0,kaskus,2012-12-21 08:38:09,nuklir,overlap,"[""nuklir"", ""indonesia"", ""pembangkit""]"
1580__1,1580,1,kaskus,2012-12-21 08:38:09,indonesia,overlap,"[""indonesia"", ""jepang""]"
1580__2,1580,2,kaskus,2012-12-21 08:38:09,nuklir,overlap,"[""nuklir"", ""pembangkit""]"
1580__3,1580,3,kaskus,2012-12-21 08:38:09,notabene,overlap,"[""notabene"", ""jepang""]"
1580__4,1580,4,kaskus,2012-12-21 08:38:09,plta,overlap,"[""plta"", ""air"", ""negeri"", ""rumah""]"
1581__0,1581,0,kaskus,2012-12-21 08:29:00,plus minus,rb,"[""plus minus"", ""minus"", ""plus""]"
1582__0,1582,0,kaskus,2012-12-21 08:23:37,setuju,rb,"[""setuju""]"
1582__1,1582,1,kaskus,2012-12-21 08:23:37,kebocoran,overlap,"[""kebocoran""]"
1583__0,1583,0,kaskus,2012-12-21 08:21:33,jakarta,overlap,"[""jakarta""]"
1584__0,1584,0,kaskus,2012-12-21 08:17:05,,empty,[]
1585__0,1585,0,kaskus,2012-12-21 08:11:20,alasan,overlap,"[""alasan"", ""nuklir"", ""chernobyl"", ""warga""]"
1586__0,1586,0,kaskus,2012-12-21 08:05:27,pltn,overlap,"[""pltn""]"
1586__1,1586,1,kaskus,2012-12-21 08:05:27,penjahat,rb,"[""penjahat"", ""penjahat kakap"", ""kakap"", ""gentar""]"
1587__0,1587,0,kaskus,2012-12-21 07:55:46,pilihan,rb,"[""pilihan""]"
1587__1,1587,1,kaskus,2012-12-21 07:55:46,warga,overlap,"[""warga"", ""indonesia"", ""nuklir""]"
1587__2,1587,2,kaskus,2012-12-21 07:55:46,nuklir,overlap,"[""nuklir""]"
1587__3,1587,3,kaskus,2012-12-21 07:55:46,pilihan,rb,"[""pilihan""]"
1587__4,1587,4,kaskus,2012-12-21 07:55:46,,empty,[]
1588__0,1588,0,kaskus,2012-12-21 07:06:16,pltn,overlap,"[""pltn"", ""rakyat"", ""pembangunan"", ""bencana""]"
1588__1,1588,1,kaskus,2012-12-21 07:06:16,nuklir,overlap,"[""nuklir"", ""bencana""]"
1589__0,1589,0,kaskus,2012-12-21 07:02:40,energi,overlap,"[""energi""]"
1590__0,1590,0,kaskus,2012-12-21 07:02:06,setuju,rb,"[""setuju""]"
1590__1,1590,1,kaskus,2012-12-21 07:02:06,indonesia,overlap,"[""indonesia"", ""energi""]"
1590__2,1590,2,kaskus,2012-12-21 07:02:06,negara,overlap,"[""negara"", ""energi""]"
1590__3,1590,3,kaskus,2012-12-21 07:02:06,perhatian,rb,"[""perhatian""]"
1590__4,1590,4,kaskus,2012-12-21 07:02:06,kontra,rb,"[""kontra""]"
1590__5,1590,5,kaskus,2012-12-21 07:02:06,niat,rb,"[""niat"", ""wacana""]"
1590__6,1590,6,kaskus,2012-12-21 07:02:06,indonesia,overlap,"[""indonesia"", ""energi""]"
1590__7,1590,7,kaskus,2012-12-21 07:02:06,energi,overlap,"[""energi""]"
1590__8,1590,8,kaskus,2012-12-21 07:02:06,surya,overlap,"[""surya""]"
1590__9,1590,9,kaskus,2012-12-21 07:02:06,point,overlap,"[""point"", ""plan"", ""action""]"
1590__10,1590,10,kaskus,2012-12-21 07:02:06,,empty,[]
1590__11,1590,11,kaskus,2012-12-21 07:02:06,tenaga,overlap,"[""tenaga""]"
1591__0,1591,0,kaskus,2012-12-21 06:59:08,produksi,overlap,"[""produksi""]"
1591__1,1591,1,kaskus,2012-12-21 06:59:08,pulau,overlap,"[""pulau""]"
1591__2,1591,2,kaskus,2012-12-21 06:59:08,indonesia,overlap,"[""indonesia"", ""pulau""]"
1592__0,1592,0,kaskus,2012-12-21 06:54:18,angin,overlap,"[""angin"", ""url"", ""tenaga""]"
1592__1,1592,1,kaskus,2012-12-21 06:54:18,url url,rb,"[""url url"", ""url color"", ""color orange"", ""orange software"", ""software color""]"
1593__0,1593,0,kaskus,2012-12-21 06:39:05,listrik,overlap,"[""listrik""]"
1594__0,1594,0,kaskus,2012-12-21 04:19:45,maintenance,overlap,"[""maintenance"", ""sdm""]"
1594__1,1594,1,kaskus,2012-12-21 04:19:45,hambalang,overlap,"[""hambalang"", ""atlet""]"
1595__0,1595,0,kaskus,2012-12-21 03:12:52,nuklir,overlap,"[""nuklir"", ""limbah""]"
1595__1,1595,1,kaskus,2012-12-21 03:12:52,pltn,overlap,"[""pltn"", ""indonesia"", ""limbah""]"
1596__0,1596,0,kaskus,2012-12-21 00:51:40,sdm,overlap,"[""sdm""]"
1596__1,1596,1,kaskus,2012-12-21 00:51:40,pltn,overlap,"[""pltn"", ""proyek"", ""negeri""]"
1596__2,1596,2,kaskus,2012-12-21 00:51:40,birokrasi,overlap,"[""birokrasi"", ""tender""]"
1596__3,1596,3,kaskus,2012-12-21 00:51:40,ladang,rb,"[""ladang"", ""duit"", ""oknum"", ""instansi""]"
1596__4,1596,4,kaskus,2012-12-21 00:51:40,contoh,overlap,"[""contoh"", ""jalan""]"
1596__5,1596,5,kaskus,2012-12-21 00:51:40,maintenance,overlap,"[""maintenance"", ""nuklir"", ""indonesia""]"
1596__6,1596,6,kaskus,2012-12-21 00:51:40,indonesia,overlap,"[""indonesia""]"
1596__7,1596,7,kaskus,2012-12-21 00:51:40,energi,overlap,"[""energi"", ""nuklir"", ""krisis""]"
1596__8,1596,8,kaskus,2012-12-21 00:51:40,pembangunan,overlap,"[""pembangunan""]"
1597__0,1597,0,kaskus,2012-12-21 00:36:49,,empty,[]
1597__1,1597,1,kaskus,2012-12-21 00:36:49,energi,overlap,"[""energi"", ""sdm""]"
1597__2,1597,2,kaskus,2012-12-21 00:36:49,pemerintah,overlap,"[""pemerintah"", ""negara"", ""resiko""]"
1597__3,1597,3,kaskus,2012-12-21 00:36:49,listrik,overlap,"[""listrik"", ""jawa"", ""daerah"", ""kalimantan"", ""energi""]"
1598__0,1598,0,kaskus,2012-12-21 00:31:47,batubara,overlap,"[""batubara"", ""minyak"", ""gas""]"
1599__0,1599,0,kaskus,2012-12-21 00:28:50,,empty,[]
1599__1,1599,1,kaskus,2012-12-21 00:28:50,proses,overlap,"[""proses""]"
1600__0,1600,0,kaskus,2012-12-21 00:16:26,sdm,overlap,"[""sdm""]"
1601__0,1601,0,kaskus,2012-12-20 22:59:51,kimia,overlap,"[""kimia""]"
1601__1,1601,1,kaskus,2012-12-20 22:59:51,,empty,[]
1601__2,1601,2,kaskus,2012-12-20 22:59:51,jepang,overlap,"[""jepang"", ""negara"", ""reaktor""]"
1602__0,1602,0,kaskus,2012-12-20 22:49:35,uranium,overlap,"[""uranium"", ""listrik"", ""batubara"", ""energi""]"
1602__1,1602,1,kaskus,2012-12-20 22:49:35,batubara,overlap,"[""batubara""]"
1602__2,1602,2,kaskus,2012-12-20 22:49:35,url,overlap,"[""url""]"
1603__0,1603,0,kaskus,2012-11-18 20:52:19,listrik,overlap,"[""listrik"", ""industri""]"
1603__1,1603,1,kaskus,2012-11-18 20:52:19,listrik,overlap,"[""listrik"", ""energi"", ""sumber""]"
1603__2,1603,2,kaskus,2012-11-18 20:52:19,reaktor,overlap,"[""reaktor"", ""alasan""]"
1603__3,1603,3,kaskus,2012-11-18 20:52:19,matahari,overlap,"[""matahari"", ""angin"", ""laut"", ""tenaga""]"
1603__4,1603,4,kaskus,2012-11-18 20:52:19,proyek,overlap,"[""proyek""]"
1604__0,1604,0,kaskus,2012-11-18 20:40:15,pendapat teman,rb,"[""pendapat teman"", ""teman kaskus"", ""kaskus smua"", ""smua"", ""pendapat""]"
1605__0,1605,0,kaskus,2012-11-13 06:16:12,setuju,rb,"[""setuju""]"
1605__1,1605,1,kaskus,2012-11-13 06:16:12,daerah,overlap,"[""daerah""]"
1605__2,1605,2,kaskus,2012-11-13 06:16:12,gempa,overlap,"[""gempa""]"
1606__0,1606,0,kaskus,2012-11-13 06:14:41,resiko,rb,"[""resiko""]"
1607__0,1607,0,kaskus,2012-11-13 06:12:39,sdm,overlap,"[""sdm""]"
1608__0,1608,0,kaskus,2012-11-13 05:12:28,tenaga,overlap,"[""tenaga"", ""pengembangan""]"
1609__0,1609,0,kaskus,2012-11-13 05:02:13,gempa,overlap,"[""gempa""]"
1610__0,1610,0,kaskus,2012-11-13 04:46:37,,empty,[]
1610__1,1610,1,kaskus,2012-11-13 04:46:37,resiko,overlap,"[""resiko""]"
1610__2,1610,2,kaskus,2012-11-13 04:46:37,right,overlap,"[""right""]"
1611__0,1611,0,kaskus,2012-11-12 23:56:43,pembangkit,overlap,"[""pembangkit"", ""pltn"", ""industri""]"
1612__0,1612,0,kaskus,2012-11-12 23:28:06,setuju,rb,"[""setuju""]"
1612__1,1612,1,kaskus,2012-11-12 23:28:06,indonesia,overlap,"[""indonesia"", ""listrik"", ""energi""]"
1612__2,1612,2,kaskus,2012-11-12 23:28:06,nuklir,overlap,"[""nuklir""]"
1612__3,1612,3,kaskus,2012-11-12 23:28:06,indonesia,overlap,"[""indonesia"", ""negara""]"
1612__4,1612,4,kaskus,2012-11-12 23:28:06,negara,overlap,"[""negara""]"
1613__0,1613,0,kaskus,2012-11-12 22:07:06,gempa,overlap,"[""gempa"", ""tsunami""]"
1613__1,1613,1,kaskus,2012-11-12 22:07:06,,empty,[]
1614__0,1614,0,kaskus,2012-11-12 22:01:34,pltn,overlap,"[""pltn""]"
1614__1,1614,1,kaskus,2012-11-12 22:01:34,maklum negara,rb,"[""maklum negara"", ""negara sapa"", ""sapa""]"
1615__0,1615,0,kaskus,2012-11-12 21:25:19,negara,overlap,"[""negara"", ""bbm"", ""listrik"", ""subsidi""]"
1615__1,1615,1,kaskus,2012-11-12 21:25:19,pltn,overlap,"[""pltn"", ""nuklir"", ""harga"", ""senjata""]"
1616__0,1616,0,kaskus,2012-11-06 15:32:44,pltn,overlap,"[""pltn"", ""masyarakat"", ""indonesia""]"
1617__0,1617,0,kaskus,2012-11-06 14:04:25,nuklir,overlap,"[""nuklir"", ""pulau"", ""negara"", ""tenaga""]"
1618__0,1618,0,kaskus,2012-11-06 13:42:28,penyakit,rb,"[""penyakit""]"
1619__0,1619,0,kaskus,2012-11-06 13:41:08,,empty,[]
1619__1,1619,1,kaskus,2012-11-06 13:41:08,gempa,overlap,"[""gempa"", ""tsunami""]"
1619__2,1619,2,kaskus,2012-11-06 13:41:08,gempa,overlap,"[""gempa"", ""tsunami"", ""pltn""]"
1620__0,1620,0,kaskus,2012-11-06 12:26:56,sdm,overlap,"[""sdm""]"
1621__0,1621,0,kaskus,2012-11-06 12:23:54,,empty,[]
1621__1,1621,1,kaskus,2012-11-06 12:23:54,tar,rb,"[""tar""]"
1621__2,1621,2,kaskus,2012-11-06 12:23:54,indonesia,overlap,"[""indonesia"", ""nuklir""]"
1622__0,1622,0,kaskus,2012-11-06 12:18:56,indonesia,overlap,"[""indonesia"", ""energi""]"
1622__1,1622,1,kaskus,2012-11-06 12:18:56,pltn,overlap,"[""pltn"", ""energi""]"
1622__2,1622,2,kaskus,2012-11-06 12:18:56,pembangkit,overlap,"[""pembangkit""]"
1623__0,1623,0,kaskus,2012-11-06 12:13:42,listrik,overlap,"[""listrik"", ""industri"", ""energi"", ""sektor""]"
1623__1,1623,1,kaskus,2012-11-06 12:13:42,reaktor,overlap,"[""reaktor""]"
1623__2,1623,2,kaskus,2012-11-06 12:13:42,,empty,[]
1624__0,1624,0,kaskus,2012-11-06 09:43:39,fukushima,overlap,"[""fukushima""]"
1624__1,1624,1,kaskus,2012-11-06 09:43:39,tawuran pelajar,rb,"[""tawuran pelajar"", ""pelajar""]"
1625__0,1625,0,kaskus,2012-11-06 09:40:14,alasan,overlap,"[""alasan""]"
1626__0,1626,0,kaskus,2012-10-29 13:15:23,prosedur,overlap,"[""prosedur""]"
1627__0,1627,0,kaskus,2012-10-29 12:46:30,negara,overlap,"[""negara"", ""indonesia"", ""nuklir"", ""pembangkit""]"
1627__1,1627,1,kaskus,2012-10-29 12:46:30,pltn,overlap,"[""pltn"", ""indonesia"", ""energi""]"
1627__2,1627,2,kaskus,2012-10-29 12:46:30,matahari,overlap,"[""matahari"", ""gas"", ""air""]"
1628__0,1628,0,kaskus,2012-10-29 12:32:33,ilovekaskuss,overlap,"[""ilovekaskuss""]"
1629__0,1629,0,kaskus,2012-10-27 10:13:48,madura,overlap,"[""madura""]"
1630__0,1630,0,kaskus,2012-10-27 10:11:36,kalimantan,overlap,"[""kalimantan""]"
1630__1,1630,1,kaskus,2012-10-27 10:11:36,indonesia,overlap,"[""indonesia"", ""rakyat""]"
1631__0,1631,0,kaskus,2012-10-27 10:11:33,pulau,overlap,"[""pulau""]"
1632__0,1632,0,kaskus,2012-10-27 08:34:42,nuklir,overlap,"[""nuklir""]"
1633__0,1633,0,kaskus,2012-10-27 08:24:15,gempa,overlap,"[""gempa""]"
1634__0,1634,0,kaskus,2012-10-27 01:57:23,,empty,[]
1634__1,1634,1,kaskus,2012-10-27 01:57:23,pulau,overlap,"[""pulau""]"
1635__0,1635,0,kaskus,2012-10-27 01:52:38,,empty,[]
1636__0,1636,0,kaskus,2012-10-27 01:31:34,pulau,overlap,"[""pulau""]"
1637__0,1637,0,kaskus,2012-10-27 01:20:52,jepang,overlap,"[""jepang"", ""teknologi"", ""pltn"", ""indonesia""]"
1638__0,1638,0,kaskus,2012-10-26 07:46:06,,empty,[]
1638__1,1638,1,kaskus,2012-10-26 07:46:06,kalimantan,overlap,"[""kalimantan"", ""gempa""]"
1638__2,1638,2,kaskus,2012-10-26 07:46:06,perawatan,rb,"[""perawatan"", ""barang bagus"", ""barang""]"
1638__3,1638,3,kaskus,2012-10-26 07:46:06,,empty,[]
1638__4,1638,4,kaskus,2012-10-26 07:46:06,lah.indonesia,rb,"[""lah.indonesia""]"
1639__0,1639,0,kaskus,2012-10-26 07:38:57,uranium,overlap,"[""uranium"", ""cadangan""]"
1640__0,1640,0,kaskus,2012-10-26 07:10:28,jepang,overlap,"[""jepang"", ""pltn"", ""plta"", ""reaktor""]"
1641__0,1641,0,kaskus,2012-10-26 07:03:27,pltn,overlap,"[""pltn"", ""daerah""]"
1641__1,1641,1,kaskus,2012-10-26 07:03:27,indonesia,overlap,"[""indonesia"", ""pulau"", ""kalimantan""]"
1641__2,1641,2,kaskus,2012-10-26 07:03:27,nuklir,overlap,"[""nuklir"", ""bahan""]"
1641__3,1641,3,kaskus,2012-10-26 07:03:27,tubuh manusia,rb,"[""tubuh manusia"", ""manusia"", ""tubuh""]"
1641__4,1641,4,kaskus,2012-10-26 07:03:27,warga,overlap,"[""warga"", ""hasil""]"
1641__5,1641,5,kaskus,2012-10-26 07:03:27,warga,overlap,"[""warga"", ""negeri"", ""hasil"", ""gas"", ""pembangkit""]"
1641__6,1641,6,kaskus,2012-10-26 07:03:27,listrik,overlap,"[""listrik"", ""batubara"", ""gas"", ""bahan"", ""pembangkit""]"
1641__7,1641,7,kaskus,2012-10-26 07:03:27,bahan,overlap,"[""bahan""]"
1642__0,1642,0,kaskus,2012-10-26 06:53:25,aman,rb,"[""aman""]"
1642__1,1642,1,kaskus,2012-10-26 06:53:25,,empty,[]
1642__2,1642,2,kaskus,2012-10-26 06:53:25,bencana,overlap,"[""bencana"", ""daerah""]"
1642__3,1642,3,kaskus,2012-10-26 06:53:25,pltn,overlap,"[""pltn"", ""gempa""]"
1642__4,1642,4,kaskus,2012-10-26 06:53:25,jepang,overlap,"[""jepang""]"
1642__5,1642,5,kaskus,2012-10-26 06:53:25,listrik,overlap,"[""listrik"", ""pembangkit""]"
1642__6,1642,6,kaskus,2012-10-26 06:53:25,plta,overlap,"[""plta""]"
1643__0,1643,0,kaskus,2012-10-26 06:16:28,cabe,rb,"[""cabe"", ""mbok"", ""halaman""]"
1644__0,1644,0,kaskus,2012-10-26 05:47:14,nuklir,overlap,"[""nuklir""]"
1644__1,1644,1,kaskus,2012-10-26 05:47:14,risiko,rb,"[""risiko"", ""pembangkit""]"
1644__2,1644,2,kaskus,2012-10-26 05:47:14,indonesia,overlap,"[""indonesia"", ""bumi"", ""gempa""]"
1644__3,1644,3,kaskus,2012-10-26 05:47:14,angin,overlap,"[""angin"", ""potensi"", ""indonesia"", ""resiko"", ""nuklir""]"
1644__4,1644,4,kaskus,2012-10-26 05:47:14,nuklir,overlap,"[""nuklir"", ""indonesia"", ""solusi""]"
1645__0,1645,0,kaskus,2012-10-26 03:48:04,sdm,overlap,"[""sdm"", ""plta""]"
1645__1,1645,1,kaskus,2012-10-26 03:48:04,jiwa,overlap,"[""jiwa""]"
1645__2,1645,2,kaskus,2012-10-26 03:48:04,listrik,overlap,"[""listrik"", ""resiko""]"
1646__0,1646,0,kaskus,2012-10-26 01:13:27,masukan,overlap,"[""masukan""]"
1647__0,1647,0,kaskus,2012-10-25 13:50:35,pengelolaan,rb,"[""pengelolaan"", ""prioritas utama"", ""prioritas""]"
1648__0,1648,0,kaskus,2012-10-25 13:31:09,,empty,[]
1648__1,1648,1,kaskus,2012-10-25 13:31:09,chernobyl,overlap,"[""chernobyl""]"
1649__0,1649,0,kaskus,2012-10-25 13:01:13,nuklir,overlap,"[""nuklir"", ""reaktor""]"
1649__1,1649,1,kaskus,2012-10-25 13:01:13,pltn,overlap,"[""pltn"", ""indonesia"", ""jepang""]"
1649__2,1649,2,kaskus,2012-10-25 13:01:13,fukushima,overlap,"[""fukushima"", ""nuklir"", ""reaktor""]"
1649__3,1649,3,kaskus,2012-10-25 13:01:13,sorry,overlap,"[""sorry""]"
1650__0,1650,0,kaskus,2012-10-24 20:08:32,pulau,overlap,"[""pulau"", ""bencana""]"
1651__0,1651,0,kaskus,2012-10-24 20:04:57,nuklir,overlap,"[""nuklir""]"
1651__1,1651,1,kaskus,2012-10-24 20:04:57,bbm,overlap,"[""bbm"", ""batubara""]"
1651__2,1651,2,kaskus,2012-10-24 20:04:57,habis ketar-ketir,rb,"[""habis ketar-ketir""]"
1651__3,1651,3,kaskus,2012-10-24 20:04:57,pltn,overlap,"[""pltn"", ""url"", ""power"", ""ombak"", ""angin""]"
1651__4,1651,4,kaskus,2012-10-24 20:04:57,kapasitas,overlap,"[""kapasitas"", ""sumber""]"
1652__0,1652,0,kaskus,2012-10-24 20:01:30,sdm,overlap,"[""sdm"", ""nuklir"", ""indonesia"", ""rakyat""]"
1653__0,1653,0,kaskus,2012-10-24 19:56:52,pltn,overlap,"[""pltn"", ""lingkungan""]"
1654__0,1654,0,kaskus,2012-10-24 19:55:09,pltn,overlap,"[""pltn""]"
1654__1,1654,1,kaskus,2012-10-24 19:55:09,pembangunan,overlap,"[""pembangunan""]"
1654__2,1654,2,kaskus,2012-10-24 19:55:09,sdm,overlap,"[""sdm"", ""batan""]"
1655__0,1655,0,kaskus,2012-10-24 19:25:34,,empty,[]
1655__1,1655,1,kaskus,2012-10-24 19:25:34,purbaan,rb,"[""purbaan""]"
1656__0,1656,0,kaskus,2012-10-24 18:56:10,,empty,[]
1656__1,1656,1,kaskus,2012-10-24 18:56:10,alesan2 idem,rb,"[""alesan2 idem""]"
1656__2,1656,2,kaskus,2012-10-24 18:56:10,ahli,overlap,"[""ahli""]"
1656__3,1656,3,kaskus,2012-10-24 18:56:10,pembangkit,overlap,"[""pembangkit"", ""fuel""]"
1656__4,1656,4,kaskus,2012-10-24 18:56:10,pembangkit,overlap,"[""pembangkit"", ""batubara""]"
1656__5,1656,5,kaskus,2012-10-24 18:56:10,stok batubara,rb,"[""stok batubara"", ""batubara"", ""stok""]"
1656__6,1656,6,kaskus,2012-10-24 18:56:10,ombak,overlap,"[""ombak"", ""musim""]"
1656__7,1656,7,kaskus,2012-10-24 18:56:10,geothermal,overlap,"[""geothermal"", ""proyek""]"
1656__8,1656,8,kaskus,2012-10-24 18:56:10,investasi,overlap,"[""investasi""]"
1656__9,1656,9,kaskus,2012-10-24 18:56:10,geothermal,overlap,"[""geothermal"", ""pembangkit"", ""potensi""]"
1656__10,1656,10,kaskus,2012-10-24 18:56:10,jawa,overlap,"[""jawa""]"
1657__0,1657,0,kaskus,2012-10-24 16:36:48,size,overlap,"[""size""]"
1657__1,1657,1,kaskus,2012-10-24 16:36:48,jepang,overlap,"[""jepang"", ""sdm"", ""indonesia""]"
1658__0,1658,0,kaskus,2012-10-24 16:18:14,setuju,rb,"[""setuju""]"
1658__1,1658,1,kaskus,2012-10-24 16:18:14,pltn,overlap,"[""pltn""]"
1658__2,1658,2,kaskus,2012-10-24 16:18:14,indonesia,overlap,"[""indonesia"", ""nuklir"", ""limbah""]"
1658__3,1658,3,kaskus,2012-10-24 16:18:14,sdm,overlap,"[""sdm"", ""politik""]"
1659__0,1659,0,kaskus,2012-10-24 16:11:16,,empty,[]
1659__1,1659,1,kaskus,2012-10-24 16:11:16,bikin gampang,rb,"[""bikin gampang"", ""keamanan""]"
1660__0,1660,0,kaskus,2012-10-24 15:21:04,setuju.no offensif,rb,"[""setuju.no offensif"", ""setuju.no""]"
1660__1,1660,1,kaskus,2012-10-24 15:21:04,indonesia,overlap,"[""indonesia"", ""jalan"", ""nuklir""]"
1660__2,1660,2,kaskus,2012-10-24 15:21:04,indonesia,overlap,"[""indonesia"", ""nuklir""]"
1661__0,1661,0,kaskus,2012-10-24 13:55:53,pltn,overlap,"[""pltn""]"
1661__1,1661,1,kaskus,2012-10-24 13:55:53,negara,overlap,"[""negara"", ""pltn"", ""nuklir""]"
1661__2,1661,2,kaskus,2012-10-24 13:55:53,,empty,[]
1661__3,1661,3,kaskus,2012-10-24 13:55:53,ngomongnya,rb,"[""ngomongnya"", ""sengak""]"
1661__4,1661,4,kaskus,2012-10-24 13:55:53,bodoh,rb,"[""bodoh""]"
1662__0,1662,0,kaskus,2012-10-24 13:35:48,pltn,overlap,"[""pltn"", ""proyek""]"
1662__1,1662,1,kaskus,2012-10-24 13:35:48,negara,overlap,"[""negara"", ""indonesia"", ""korupsi""]"
1662__2,1662,2,kaskus,2012-10-24 13:35:48,kualitas,rb,"[""kualitas"", ""kompensasi duit"", ""duit kiri"", ""kiri kanan"", ""kanan""]"
1662__3,1662,3,kaskus,2012-10-24 13:35:48,negara,overlap,"[""negara"", ""jerman"", ""jepang""]"
1662__4,1662,4,kaskus,2012-10-24 13:35:48,url,overlap,"[""url""]"
1663__0,1663,0,kaskus,2012-10-24 13:33:55,,empty,[]
1663__1,1663,1,kaskus,2012-10-24 13:33:55,nuklir,overlap,"[""nuklir""]"
1663__2,1663,2,kaskus,2012-10-24 13:33:55,,empty,[]
1663__3,1663,3,kaskus,2012-10-24 13:33:55,korupsi,overlap,"[""korupsi"", ""pltn"", ""pembangunan""]"
1664__0,1664,0,kaskus,2012-10-24 12:55:38,pln,overlap,"[""pln""]"
1665__0,1665,0,kaskus,2012-10-24 12:34:51,jepang,overlap,"[""jepang"", ""indonesia"", ""reaktor"", ""nuklir"", ""ahli""]"
1665__1,1665,1,kaskus,2012-10-24 12:34:51,negara,overlap,"[""negara"", ""indonesia"", ""nuklir"", ""bencana"", ""pembangkit""]"
1665__2,1665,2,kaskus,2012-10-24 12:34:51,nuklir,overlap,"[""nuklir"", ""jepang"", ""teknologi"", ""indonesia"", ""ahli""]"
1665__3,1665,3,kaskus,2012-10-24 12:34:51,tsunami,overlap,"[""tsunami"", ""jepang"", ""nuklir"", ""pembangkit""]"
1665__4,1665,4,kaskus,2012-10-24 12:34:51,rencana,overlap,"[""rencana"", ""indonesia"", ""nuklir"", ""negeri""]"
1665__5,1665,5,kaskus,2012-10-24 12:34:51,indonesia,overlap,"[""indonesia"", ""bencana""]"
1665__6,1665,6,kaskus,2012-10-24 12:34:51,dampak,overlap,"[""dampak"", ""radiasi"", ""pemerintah"", ""indonesia"", ""nuklir""]"
1665__7,1665,7,kaskus,2012-10-24 12:34:51,indonesia,overlap,"[""indonesia"", ""biaya"", ""bencana""]"
1665__8,1665,8,kaskus,2012-10-24 12:34:51,nuklir,overlap,"[""nuklir"", ""biaya"", ""pembangunan""]"
1665__9,1665,9,kaskus,2012-10-24 12:34:51,pltn,overlap,"[""pltn"", ""eropa"", ""nuklir"", ""pembangkit""]"
1665__10,1665,10,kaskus,2012-10-24 12:34:51,nuklir,overlap,"[""nuklir"", ""fukushima"", ""jepang"", ""eropa"", ""bencana""]"
1665__11,1665,11,kaskus,2012-10-24 12:34:51,eropa,overlap,"[""eropa"", ""pembangkit""]"
1665__12,1665,12,kaskus,2012-10-24 12:34:51,kelompok anti-nuklir,rb,"[""kelompok anti-nuklir"", ""anti-nuklir"", ""peringatan"", ""laporan"", ""kelompok""]"
1665__13,1665,13,kaskus,2012-10-24 12:34:51,nuklir,overlap,"[""nuklir"", ""eropa""]"
1665__14,1665,14,kaskus,2012-10-24 12:34:51,perancis,overlap,"[""perancis"", ""laporan"", ""versi"", ""kegagalan""]"
1665__15,1665,15,kaskus,2012-10-24 12:34:51,eropa,overlap,"[""eropa"", ""pltn"", ""reaktor"", ""penduduk""]"
1665__16,1665,16,kaskus,2012-10-24 12:34:51,pltn,overlap,"[""pltn""]"
1665__17,1665,17,kaskus,2012-10-24 12:34:51,pulau,overlap,"[""pulau"", ""chernobyl"", ""pltn""]"
1665__18,1665,18,kaskus,2012-10-24 12:34:51,negara,overlap,"[""negara""]"
1665__19,1665,19,kaskus,2012-10-24 12:34:51,reaktor,overlap,"[""reaktor"", ""negara"", ""listrik""]"
1665__20,1665,20,kaskus,2012-10-24 12:34:51,nuklir,overlap,"[""nuklir"", ""eropa"", ""reaktor""]"
1665__21,1665,21,kaskus,2012-10-24 12:34:51,negara,overlap,"[""negara"", ""nuklir""]"
1665__22,1665,22,kaskus,2012-10-24 12:34:51,jerman,overlap,"[""jerman"", ""air"", ""gempa""]"
1665__23,1665,23,kaskus,2012-10-24 12:34:51,nuklir,overlap,"[""nuklir"", ""pembangkit""]"
1665__24,1665,24,kaskus,2012-10-24 12:34:51,pltn,overlap,"[""pltn"", ""radiasi""]"
1665__25,1665,25,kaskus,2012-10-24 12:34:51,energi,overlap,"[""energi""]"
1665__26,1665,26,kaskus,2012-10-24 12:34:51,pemerintah,overlap,"[""pemerintah""]"
1665__27,1665,27,kaskus,2012-10-24 12:34:51,nuklir,overlap,"[""nuklir"", ""pembangkit""]"
1665__28,1665,28,kaskus,2012-10-24 12:34:51,resiko,overlap,"[""resiko""]"
1665__29,1665,29,kaskus,2012-10-24 12:34:51,keselamatan,overlap,"[""keselamatan""]"
1665__30,1665,30,kaskus,2012-10-24 12:34:51,pltn,overlap,"[""pltn""]"
1665__31,1665,31,kaskus,2012-10-24 12:34:51,nuklir,overlap,"[""nuklir"", ""eropa"", ""resiko"", ""teknologi"", ""reaktor""]"
1665__32,1665,32,kaskus,2012-10-24 12:34:51,teknologi,overlap,"[""teknologi"", ""manusia""]"
1665__33,1665,33,kaskus,2012-10-24 12:34:51,reaktor,overlap,"[""reaktor"", ""eropa""]"
1665__34,1665,34,kaskus,2012-10-24 12:34:51,keselamatan,overlap,"[""keselamatan"", ""laporan"", ""komisi"", ""kekurangan""]"
1665__35,1665,35,kaskus,2012-10-24 12:34:51,pltn,overlap,"[""pltn"", ""eropa"", ""alam"", ""manusia"", ""bencana""]"
1665__36,1665,36,kaskus,2012-10-24 12:34:51,pemerintah,overlap,"[""pemerintah"", ""nuklir"", ""bencana"", ""fukushima"", ""jerman""]"
1665__37,1665,37,kaskus,2012-10-24 12:34:51,nuklir,overlap,"[""nuklir"", ""batubara""]"
1665__38,1665,38,kaskus,2012-10-24 12:34:51,investasi,overlap,"[""investasi"", ""nuklir"", ""pltn"", ""fukushima""]"
1665__39,1665,39,kaskus,2012-10-24 12:34:51,pltn,overlap,"[""pltn"", ""fukushima"", ""gempa"", ""tsunami"", ""jepang""]"
1665__40,1665,40,kaskus,2012-10-24 12:34:51,bencana,overlap,"[""bencana""]"
1665__41,1665,41,kaskus,2012-10-24 12:34:51,indonesia,overlap,"[""indonesia"", ""pemerintah"", ""pltn"", ""nuklir""]"
1665__42,1665,42,kaskus,2012-10-24 12:34:51,pemerintah,overlap,"[""pemerintah"", ""pltn"", ""jakarta"", ""nuklir"", ""rencana""]"
1665__43,1665,43,kaskus,2012-10-24 12:34:51,pemerintah,overlap,"[""pemerintah"", ""pltn"", ""rencana""]"
1665__44,1665,44,kaskus,2012-10-24 12:34:51,pltn,overlap,"[""pltn"", ""jepang"", ""kebocoran""]"
1665__45,1665,45,kaskus,2012-10-24 12:34:51,dampak luas,rb,"[""dampak luas""]"
1665__46,1665,46,kaskus,2012-10-24 12:34:51,pltn,overlap,"[""pltn""]"
1665__47,1665,47,kaskus,2012-10-24 12:34:51,ketakutan,unsup,"[""ketakutan""]"
1665__48,1665,48,kaskus,2012-10-24 12:34:51,ekonomi,overlap,"[""ekonomi""]"
1665__49,1665,49,kaskus,2012-10-24 12:34:51,nuklir,overlap,"[""nuklir"", ""pltn"", ""radiasi""]"
1665__50,1665,50,kaskus,2012-10-24 12:34:51,hidup,overlap,"[""hidup"", ""pltn"", ""nuklir"", ""jepang"", ""krisis""]"
1665__51,1665,51,kaskus,2012-10-24 12:34:51,warga,overlap,"[""warga"", ""pltn""]"
1665__52,1665,52,kaskus,2012-10-24 12:34:51,daerah,overlap,"[""daerah"", ""indonesia"", ""pltn""]"
1665__53,1665,53,kaskus,2012-10-24 12:34:51,daerah,overlap,"[""daerah"", ""jawa""]"
1665__54,1665,54,kaskus,2012-10-24 12:34:51,pltn,overlap,"[""pltn"", ""masyarakat""]"
1666__0,1666,0,kaskus,2012-10-24 12:18:47,fukushima,overlap,"[""fukushima""]"
1666__1,1666,1,kaskus,2012-10-24 12:18:47,maut,overlap,"[""maut""]"
1667__0,1667,0,kaskus,2012-10-24 12:18:45,pltn,overlap,"[""pltn"", ""pulau"", ""warga""]"
1668__0,1668,0,kaskus,2012-10-24 12:09:40,penduduk,overlap,"[""penduduk"", ""sistem""]"
1669__0,1669,0,kaskus,2012-10-24 11:57:06,pltn,overlap,"[""pltn""]"
1669__1,1669,1,kaskus,2012-10-24 11:57:06,urakan,overlap,"[""urakan"", ""bencana""]"
1669__2,1669,2,kaskus,2012-10-24 11:57:06,rumah,overlap,"[""rumah"", ""pltn"", ""uranium"", ""pltu""]"
1669__3,1669,3,kaskus,2012-10-24 11:57:06,uranium,overlap,"[""uranium"", ""nuklir""]"
1669__4,1669,4,kaskus,2012-10-24 11:57:06,tanah,overlap,"[""tanah"", ""nuklir""]"
1669__5,1669,5,kaskus,2012-10-24 11:57:06,tenang,rb,"[""tenang""]"
1669__6,1669,6,kaskus,2012-10-24 11:57:06,nuklir,overlap,"[""nuklir""]"
1670__0,1670,0,kaskus,2012-10-24 11:51:41,matahari,overlap,"[""matahari"", ""nuklir"", ""daya"", ""energi""]"
1670__1,1670,1,kaskus,2012-10-24 11:51:41,bahan,overlap,"[""bahan"", ""baterai"", ""energi""]"
1670__2,1670,2,kaskus,2012-10-24 11:51:41,teknologi,overlap,"[""teknologi"", ""energi"", ""pembangkit""]"
1670__3,1670,3,kaskus,2012-10-24 11:51:41,teknologi,overlap,"[""teknologi"", ""gempa"", ""jepang"", ""indonesia""]"
1670__4,1670,4,kaskus,2012-10-24 11:51:41,indonesia,overlap,"[""indonesia"", ""pulau"", ""jawa"", ""gunung""]"
1671__0,1671,0,kaskus,2012-10-24 11:50:22,korupsi,overlap,"[""korupsi""]"
1671__1,1671,1,kaskus,2012-10-24 11:50:22,pltn,overlap,"[""pltn"", ""nuklir"", ""reaktor""]"
1671__2,1671,2,kaskus,2012-10-24 11:50:22,nuklir,overlap,"[""nuklir"", ""lingkungan"", ""jakarta"", ""pembangkit""]"
1671__3,1671,3,kaskus,2012-10-24 11:50:22,pltn,overlap,"[""pltn"", ""emisi""]"
1671__4,1671,4,kaskus,2012-10-24 11:50:22,kebocoran,overlap,"[""kebocoran"", ""jakarta""]"
1671__5,1671,5,kaskus,2012-10-24 11:50:22,nuklir,overlap,"[""nuklir"", ""pembangunan""]"
1671__6,1671,6,kaskus,2012-10-24 11:50:22,negara,overlap,"[""negara"", ""pltn"", ""rumah""]"
1671__7,1671,7,kaskus,2012-10-24 11:50:22,pemerintah,overlap,"[""pemerintah"", ""rencana"", ""pltn"", ""jawa""]"
1671__8,1671,8,kaskus,2012-10-24 11:50:22,lingkungan,overlap,"[""lingkungan""]"
1671__9,1671,9,kaskus,2012-10-24 11:50:22,nuklir,overlap,"[""nuklir"", ""indonesia"", ""listrik"", ""krisis""]"
1671__10,1671,10,kaskus,2012-10-24 11:50:22,indonesia,overlap,"[""indonesia"", ""alam"", ""nuklir""]"
1671__11,1671,11,kaskus,2012-10-24 11:50:22,matahari,overlap,"[""matahari"", ""angin"", ""laut"", ""listrik"", ""pembangkit""]"
1671__12,1671,12,kaskus,2012-10-24 11:50:22,nuklir,overlap,"[""nuklir""]"
1671__13,1671,13,kaskus,2012-10-24 11:50:22,pltn,overlap,"[""pltn""]"
1671__14,1671,14,kaskus,2012-10-24 11:50:22,batan,overlap,"[""batan"", ""teknologi"", ""indonesia""]"
1671__15,1671,15,kaskus,2012-10-24 11:50:22,indonesia,overlap,"[""indonesia"", ""korupsi"", ""pltn""]"
1671__16,1671,16,kaskus,2012-10-24 11:50:22,nuklir,overlap,"[""nuklir"", ""reaktor""]"
1671__17,1671,17,kaskus,2012-10-24 11:50:22,nuklir,overlap,"[""nuklir"", ""pemerintah"", ""pltn"", ""listrik""]"
1671__18,1671,18,kaskus,2012-10-24 11:50:22,negara,overlap,"[""negara"", ""amerika"", ""jerman"", ""jepang"", ""indonesia""]"
1671__19,1671,19,kaskus,2012-10-24 11:50:22,batan,overlap,"[""batan"", ""teknologi"", ""resiko""]"
1671__20,1671,20,kaskus,2012-10-24 11:50:22,teknologi nuklir ekonomis,rb,"[""teknologi nuklir ekonomis"", ""tingkat keselamatan"", ""keselamatan""]"
1671__21,1671,21,kaskus,2012-10-24 11:50:22,pltn,overlap,"[""pltn"", ""listrik"", ""solusi""]"
1671__22,1671,22,kaskus,2012-10-24 11:50:22,wilayah,overlap,"[""wilayah"", ""indonesia"", ""sumber""]"
1671__23,1671,23,kaskus,2012-10-24 11:50:22,energi,overlap,"[""energi"", ""karbon"", ""alternatif""]"
1671__24,1671,24,kaskus,2012-10-24 11:50:22,ombak,overlap,"[""ombak"", ""angin"", ""negara"", ""matahari"", ""tenaga""]"
1671__25,1671,25,kaskus,2012-10-24 11:50:22,indonesia,overlap,"[""indonesia"", ""potensi"", ""energi"", ""alternatif""]"
1671__26,1671,26,kaskus,2012-10-24 11:50:22,tobing,overlap,"[""tobing"", ""sohirin"", ""korantempo"", ""jum""]"
1671__27,1671,27,kaskus,2012-10-24 11:50:22,url,overlap,"[""url""]"
1672__0,1672,0,kaskus,2012-10-24 11:34:16,tanah,overlap,"[""tanah""]"
1672__1,1672,1,kaskus,2012-10-24 11:34:16,malaysia,rb,"[""malaysia"", ""resiko hammer"", ""hammer"", ""resiko""]"
1673__0,1673,0,kaskus,2012-10-24 10:58:51,,empty,[]
1673__1,1673,1,kaskus,2012-10-24 10:58:51,matahari,overlap,"[""matahari"", ""jakarta"", ""pembangkit"", ""listrik""]"
1673__2,1673,2,kaskus,2012-10-24 10:58:51,hujan,overlap,"[""hujan"", ""notabene""]"
1673__3,1673,3,kaskus,2012-10-24 10:58:51,watt,overlap,"[""watt""]"
1673__4,1673,4,kaskus,2012-10-24 10:58:51,bulanan,overlap,"[""bulanan"", ""lipat""]"
1674__0,1674,0,kaskus,2012-10-24 10:50:35,rumah,overlap,"[""rumah""]"
1674__1,1674,1,kaskus,2012-10-24 10:50:35,,empty,[]
1674__2,1674,2,kaskus,2012-10-24 10:50:35,,empty,[]
1674__3,1674,3,kaskus,2012-10-24 10:50:35,bangsa,overlap,"[""bangsa""]"
1675__0,1675,0,kaskus,2012-10-24 10:40:23,nuklir,overlap,"[""nuklir"", ""jepang"", ""fukushima"", ""reaktor""]"
1675__1,1675,1,kaskus,2012-10-24 10:40:23,jepang,overlap,"[""jepang"", ""fukushima"", ""reaktor""]"
1676__0,1676,0,kaskus,2012-10-24 10:38:53,perawatan standar,rb,"[""perawatan standar"", ""perawatan"", ""rawat jalan"", ""jalan tambal"", ""tambal bolong""]"
1676__1,1676,1,kaskus,2012-10-24 10:38:53,nuklir,overlap,"[""nuklir""]"
1677__0,1677,0,kaskus,2012-10-24 10:26:16,pilihan,overlap,"[""pilihan"", ""alasan""]"
1678__0,1678,0,kaskus,2012-10-23 13:22:46,nuklir,overlap,"[""nuklir"", ""indonesia"", ""pembangkit""]"
1678__1,1678,1,kaskus,2012-10-23 13:22:46,uranium,overlap,"[""uranium"", ""batubara""]"
1678__2,1678,2,kaskus,2012-10-23 13:22:46,nuklir,overlap,"[""nuklir""]"
1678__3,1678,3,kaskus,2012-10-23 13:22:46,negara,overlap,"[""negara"", ""teknologi"", ""negeri""]"
1678__4,1678,4,kaskus,2012-10-23 13:22:46,sdm,overlap,"[""sdm"", ""negara""]"
1679__0,1679,0,kaskus,2012-10-22 19:50:03,,empty,[]
1679__1,1679,1,kaskus,2012-10-22 19:50:03,bahaya,rb,"[""bahaya"", ""mledug""]"
1679__2,1679,2,kaskus,2012-10-22 19:50:03,teknologi,overlap,"[""teknologi""]"
1679__3,1679,3,kaskus,2012-10-22 19:50:03,komporpun,rb,"[""komporpun"", ""mledug"", ""rw""]"
1680__0,1680,0,kaskus,2012-10-22 19:14:31,kalimantan,overlap,"[""kalimantan"", ""gempa""]"
1681__0,1681,0,kaskus,2012-10-22 19:13:42,fosil,overlap,"[""fosil"", ""uranium"", ""energi"", ""cadangan""]"
1682__0,1682,0,kaskus,2012-10-22 19:02:14,jepang,overlap,"[""jepang""]"
1683__0,1683,0,kaskus,2012-10-22 18:56:06,pltn,overlap,"[""pltn""]"
1684__0,1684,0,kaskus,2012-10-22 18:06:02,negara,overlap,"[""negara"", ""indonesia"", ""pltn""]"
1684__1,1684,1,kaskus,2012-10-22 18:06:02,fukushima,overlap,"[""fukushima""]"
1684__2,1684,2,kaskus,2012-10-22 18:06:02,indonesia,overlap,"[""indonesia"", ""bencana""]"
1685__0,1685,0,kaskus,2012-10-22 17:54:54,url,overlap,"[""url"", ""fukushima""]"
1685__1,1685,1,kaskus,2012-10-22 17:54:54,nuklir,overlap,"[""nuklir""]"
1685__2,1685,2,kaskus,2012-10-22 17:54:54,mleduk,overlap,"[""mleduk"", ""jamur"", ""nagasaki"", ""hiroshima""]"
1685__3,1685,3,kaskus,2012-10-22 17:54:54,,empty,[]
1685__4,1685,4,kaskus,2012-10-22 17:54:54,listrik,overlap,"[""listrik"", ""pembangkit""]"
1685__5,1685,5,kaskus,2012-10-22 17:54:54,bangunan,overlap,"[""bangunan"", ""gedung"", ""kuli""]"
1686__0,1686,0,kaskus,2012-10-22 15:50:25,pengadaan,rb,"[""pengadaan""]"
1687__0,1687,0,kaskus,2012-10-22 12:28:48,jawa,overlap,"[""jawa"", ""pltn"", ""listrik""]"
1687__1,1687,1,kaskus,2012-10-22 12:28:48,pltn,overlap,"[""pltn""]"
1687__2,1687,2,kaskus,2012-10-22 12:28:48,jawa,overlap,"[""jawa"", ""plta"", ""pltu""]"
1688__0,1688,0,kaskus,2012-10-22 12:21:10,masukan,rb,"[""masukan""]"
1689__0,1689,0,kaskus,2012-10-20 06:49:10,fukushima,overlap,"[""fukushima"", ""url"", ""tanah""]"
1689__1,1689,1,kaskus,2012-10-20 06:49:10,tanah,overlap,"[""tanah"", ""tsunami""]"
1689__2,1689,2,kaskus,2012-10-20 06:49:10,unit,overlap,"[""unit"", ""meltdown"", ""kebakaran""]"
1689__3,1689,3,kaskus,2012-10-20 06:49:10,manusia,overlap,"[""manusia"", ""bencana""]"
1689__4,1689,4,kaskus,2012-10-20 06:49:10,nuklir,overlap,"[""nuklir"", ""fukushima"", ""jepang"", ""dunia""]"
1689__5,1689,5,kaskus,2012-10-20 06:49:10,nuklir,overlap,"[""nuklir"", ""jepang""]"
1690__0,1690,0,kaskus,2012-10-20 06:37:29,pltn,overlap,"[""pltn""]"
1691__0,1691,0,kaskus,2012-10-20 06:37:28,eropa,overlap,"[""eropa""]"
1691__1,1691,1,kaskus,2012-10-20 06:37:28,cuman,rb,"[""cuman"", ""bahan tertawaan"", ""tertawaan"", ""suara"", ""bahan""]"
1691__2,1691,2,kaskus,2012-10-20 06:37:28,listrik,overlap,"[""listrik""]"
1691__3,1691,3,kaskus,2012-10-20 06:37:28,nuklir,overlap,"[""nuklir""]"
1692__0,1692,0,kaskus,2012-10-20 06:01:06,teman,overlap,"[""teman""]"
1693__0,1693,0,kaskus,2012-10-19 23:29:08,,empty,[]
1693__1,1693,1,kaskus,2012-10-19 23:29:08,,empty,[]
1693__2,1693,2,kaskus,2012-10-19 23:29:08,angin,overlap,"[""angin""]"
1693__3,1693,3,kaskus,2012-10-19 23:29:08,angin,overlap,"[""angin"", ""air""]"
1693__4,1693,4,kaskus,2012-10-19 23:29:08,geothermal,overlap,"[""geothermal""]"
1693__5,1693,5,kaskus,2012-10-19 23:29:08,gas,overlap,"[""gas""]"
1694__0,1694,0,kaskus,2012-10-19 18:28:02,energi,overlap,"[""energi""]"
1695__0,1695,0,kaskus,2012-10-19 13:54:51,tenaga,overlap,"[""tenaga"", ""sumber""]"
1695__1,1695,1,kaskus,2012-10-19 13:54:51,indonesia,overlap,"[""indonesia""]"
1695__2,1695,2,kaskus,2012-10-19 13:54:51,pembangkit,overlap,"[""pembangkit""]"
1695__3,1695,3,kaskus,2012-10-19 13:54:51,gunung,overlap,"[""gunung"", ""energi""]"
1695__4,1695,4,kaskus,2012-10-19 13:54:51,negara,overlap,"[""negara"", ""musim"", ""matahari"", ""energi""]"
1695__5,1695,5,kaskus,2012-10-19 13:54:51,nuklir,overlap,"[""nuklir""]"
1696__0,1696,0,kaskus,2012-10-19 13:50:03,jawa,overlap,"[""jawa""]"
1696__1,1696,1,kaskus,2012-10-19 13:50:03,pemerintah,overlap,"[""pemerintah""]"
1697__0,1697,0,kaskus,2012-10-19 13:37:04,listrik,overlap,"[""listrik""]"
1698__0,1698,0,kaskus,2012-10-19 13:28:36,indonesia luas,rb,"[""indonesia luas""]"
1698__1,1698,1,kaskus,2012-10-19 13:28:36,pulau,overlap,"[""pulau""]"
1699__0,1699,0,kaskus,2012-10-19 13:14:09,nuklir,overlap,"[""nuklir"", ""bahaya""]"
1699__1,1699,1,kaskus,2012-10-19 13:14:09,kewaspadaan,rb,"[""kewaspadaan"", ""penanggulangann""]"
1699__2,1699,2,kaskus,2012-10-19 13:14:09,indonesia,overlap,"[""indonesia"", ""jalan""]"
1699__3,1699,3,kaskus,2012-10-19 13:14:09,masyarakat,overlap,"[""masyarakat""]"
1699__4,1699,4,kaskus,2012-10-19 13:14:09,indonesia,overlap,"[""indonesia"", ""pltn""]"
1699__5,1699,5,kaskus,2012-10-19 13:14:09,bumi,overlap,"[""bumi"", ""indonesia"", ""pltn"", ""jepang""]"
1699__6,1699,6,kaskus,2012-10-19 13:14:09,pemadaman,overlap,"[""pemadaman"", ""listrik""]"
1699__7,1699,7,kaskus,2012-10-19 13:14:09,solusi,overlap,"[""solusi""]"
1699__8,1699,8,kaskus,2012-10-19 13:14:09,permasalahan,overlap,"[""permasalahan""]"
1699__9,1699,9,kaskus,2012-10-19 13:14:09,sdm,overlap,"[""sdm"", ""tenaga""]"
1699__10,1699,10,kaskus,2012-10-19 13:14:09,pembangunan pltn,rb,"[""pembangunan pltn"", ""pltn infrastruktur"", ""infrastruktur"", ""spek"", ""spesifikasi""]"
1699__11,1699,11,kaskus,2012-10-19 13:14:09,pltn,overlap,"[""pltn"", ""indonesia"", ""listrik""]"
1700__0,1700,0,kaskus,2012-10-19 11:24:27,kontra,rb,"[""kontra"", ""setuju setuju"", ""etika""]"
1701__0,1701,0,kaskus,2012-10-19 08:46:15,nuklir,overlap,"[""nuklir"", ""negara"", ""senjata""]"
1702__0,1702,0,kaskus,2012-10-18 15:54:42,nuklir,overlap,"[""nuklir"", ""energi"", ""sumber""]"
1702__1,1702,1,kaskus,2012-10-18 15:54:42,plta,overlap,"[""plta""]"
1702__2,1702,2,kaskus,2012-10-18 15:54:42,hasil,overlap,"[""hasil""]"
1702__3,1702,3,kaskus,2012-10-18 15:54:42,emisi,overlap,"[""emisi"", ""radiasi"", ""gas""]"
1702__4,1702,4,kaskus,2012-10-18 15:54:42,emisi,overlap,"[""emisi""]"
1702__5,1702,5,kaskus,2012-10-18 15:54:42,takut,rb,"[""takut""]"
1703__0,1703,0,kaskus,2012-10-18 12:41:07,kalimantan,overlap,"[""kalimantan"", ""lampu""]"
1703__1,1703,1,kaskus,2012-10-18 12:41:07,penduduk,overlap,"[""penduduk"", ""riset"", ""dampak""]"
1704__0,1704,0,kaskus,2012-10-18 12:34:46,pltn,overlap,"[""pltn""]"
1704__1,1704,1,kaskus,2012-10-18 12:34:46,rumah,overlap,"[""rumah"", ""kerja""]"
1704__2,1704,2,kaskus,2012-10-18 12:34:46,direktur,overlap,"[""direktur"", ""fasilitas""]"
1704__3,1704,3,kaskus,2012-10-18 12:34:46,jakarta,overlap,"[""jakarta"", ""panel"", ""kota"", ""surya""]"
1704__4,1704,4,kaskus,2012-10-18 12:34:46,listrik,overlap,"[""listrik""]"
1705__0,1705,0,kaskus,2012-10-18 12:33:50,bahaya,overlap,"[""bahaya""]"
1705__1,1705,1,kaskus,2012-10-18 12:33:50,pulau,overlap,"[""pulau""]"
1706__0,1706,0,kaskus,2012-10-18 12:30:07,,empty,[]
1706__1,1706,1,kaskus,2012-10-18 12:30:07,tekhnologi,rb,"[""tekhnologi"", ""lingkungan""]"
1706__2,1706,2,kaskus,2012-10-18 12:30:07,nuklir,overlap,"[""nuklir""]"
1707__0,1707,0,kaskus,2012-10-18 12:24:22,daya,overlap,"[""daya"", ""energi"", ""surya""]"
1707__1,1707,1,kaskus,2012-10-18 12:24:22,plts,overlap,"[""plts"", ""energi""]"
1707__2,1707,2,kaskus,2012-10-18 12:24:22,,empty,[]
1707__3,1707,3,kaskus,2012-10-18 12:24:22,biaya,overlap,"[""biaya"", ""energi"", ""geothermal"", ""pltn""]"
1707__4,1707,4,kaskus,2012-10-18 12:24:22,pltn,overlap,"[""pltn"", ""indonesia"", ""amerika""]"
1707__5,1707,5,kaskus,2012-10-18 12:24:22,bule,overlap,"[""bule""]"
1707__6,1707,6,kaskus,2012-10-18 12:24:22,penonton,overlap,"[""penonton"", ""insinyur"", ""kontraktor"", ""jari""]"
1707__7,1707,7,kaskus,2012-10-18 12:24:22,pemerintah,overlap,"[""pemerintah"", ""indonesia"", ""pln"", ""biaya"", ""harga""]"
1707__8,1707,8,kaskus,2012-10-18 12:24:22,penyelia,overlap,"[""penyelia"", ""alamos"", ""service"", ""operator"", ""chicago""]"
1707__9,1707,9,kaskus,2012-10-18 12:24:22,cleaning,overlap,"[""cleaning"", ""service"", ""operator"", ""chicago"", ""university""]"
1708__0,1708,0,kaskus,2012-10-18 12:08:33,indonesia,overlap,"[""indonesia""]"
1708__1,1708,1,kaskus,2012-10-18 12:08:33,sdm,overlap,"[""sdm""]"
1708__2,1708,2,kaskus,2012-10-18 12:08:33,nuklir,overlap,"[""nuklir"", ""jepang"", ""teknologi"", ""sdm"", ""kebocoran""]"
1708__3,1708,3,kaskus,2012-10-18 12:08:33,nuklir,overlap,"[""nuklir"", ""kebocoran""]"
1708__4,1708,4,kaskus,2012-10-18 12:08:33,indonesia,overlap,"[""indonesia""]"
1708__5,1708,5,kaskus,2012-10-18 12:08:33,rakyat,overlap,"[""rakyat"", ""negara""]"
1709__0,1709,0,kaskus,2012-10-18 11:53:44,aki,rb,"[""aki""]"
1709__1,1709,1,kaskus,2012-10-18 11:53:44,listrik,overlap,"[""listrik"", ""panel""]"
1709__2,1709,2,kaskus,2012-10-18 11:53:44,rumahan,overlap,"[""rumahan""]"
1709__3,1709,3,kaskus,2012-10-18 11:53:44,jalan,overlap,"[""jalan"", ""panel"", ""surya""]"
1709__4,1709,4,kaskus,2012-10-18 11:53:44,aki,overlap,"[""aki""]"
1709__5,1709,5,kaskus,2012-10-18 11:53:44,panel,overlap,"[""panel"", ""energi"", ""rumah"", ""surya""]"
1709__6,1709,6,kaskus,2012-10-18 11:53:44,awan,overlap,"[""awan""]"
1709__7,1709,7,kaskus,2012-10-18 11:53:44,matahari,overlap,"[""matahari""]"
1709__8,1709,8,kaskus,2012-10-18 11:53:44,kebutuhan,overlap,"[""kebutuhan""]"
1709__9,1709,9,kaskus,2012-10-18 11:53:44,panel,overlap,"[""panel"", ""biaya""]"
1709__10,1709,10,kaskus,2012-10-18 11:53:44,genteng ajaib,rb,"[""genteng ajaib"", ""genteng""]"
1710__0,1710,0,kaskus,2012-10-18 08:12:21,pembangunan,rb,"[""pembangunan"", ""repot""]"
1711__0,1711,0,kaskus,2012-10-18 07:27:24,nuklir,overlap,"[""nuklir"", ""energi""]"
1712__0,1712,0,kaskus,2012-10-18 07:19:35,pltn,overlap,"[""pltn"", ""indonesia""]"
1712__1,1712,1,kaskus,2012-10-18 07:19:35,nuklir,overlap,"[""nuklir"", ""kalimantan""]"
1712__2,1712,2,kaskus,2012-10-18 07:19:35,pulau,overlap,"[""pulau"", ""jawa""]"
1712__3,1712,3,kaskus,2012-10-18 07:19:35,pltn,overlap,"[""pltn"", ""wilayah""]"
1713__0,1713,0,kaskus,2012-10-18 04:09:15,reaktor,overlap,"[""reaktor"", ""korupsi"", ""negeri""]"
1713__1,1713,1,kaskus,2012-10-18 04:09:15,korupsi,overlap,"[""korupsi""]"
1714__0,1714,0,kaskus,2012-10-18 04:06:12,tenaga matahri,rb,"[""tenaga matahri"", ""matahri""]"
1714__1,1714,1,kaskus,2012-10-18 04:06:12,efisiensi,overlap,"[""efisiensi"", ""surya"", ""matahari"", ""bumi"", ""listrik""]"
1714__2,1714,2,kaskus,2012-10-18 04:06:12,matahari,overlap,"[""matahari"", ""bumi""]"
1714__3,1714,3,kaskus,2012-10-18 04:06:12,matahari,overlap,"[""matahari"", ""bumi"", ""angin"", ""listrik"", ""teknologi""]"
1714__4,1714,4,kaskus,2012-10-18 04:06:12,panel,overlap,"[""panel""]"
1714__5,1714,5,kaskus,2012-10-18 04:06:12,matahari,overlap,"[""matahari"", ""bumi""]"
1714__6,1714,6,kaskus,2012-10-18 04:06:12,laut,overlap,"[""laut""]"
1714__7,1714,7,kaskus,2012-10-18 04:06:12,kejadian,overlap,"[""kejadian""]"
1714__8,1714,8,kaskus,2012-10-18 04:06:12,kebocoran,overlap,"[""kebocoran""]"
1715__0,1715,0,kaskus,2012-10-18 04:00:51,thorium,overlap,"[""thorium"", ""cuman"", ""reaktor"", ""nuklir""]"
1715__1,1715,1,kaskus,2012-10-18 04:00:51,uranium,overlap,"[""uranium"", ""efisiensi""]"
1715__2,1715,2,kaskus,2012-10-18 04:00:51,pakar kaya,rb,"[""pakar kaya"", ""awam""]"
1715__3,1715,3,kaskus,2012-10-18 04:00:51,thorium,overlap,"[""thorium"", ""nuklir"", ""green""]"
1715__4,1715,4,kaskus,2012-10-18 04:00:51,nama pembangkit,rb,"[""nama pembangkit"", ""pembangkit listrik"", ""listrik sistem"", ""sistem kerja"", ""kerja""]"
1715__5,1715,5,kaskus,2012-10-18 04:00:51,hubungan,overlap,"[""hubungan"", ""input""]"
1715__6,1715,6,kaskus,2012-10-18 04:00:51,listrik,overlap,"[""listrik""]"
1715__7,1715,7,kaskus,2012-10-18 04:00:51,listrik,overlap,"[""listrik""]"
1716__0,1716,0,kaskus,2012-10-18 03:23:02,reaktor,rb,"[""reaktor""]"
1716__1,1716,1,kaskus,2012-10-18 03:23:02,jenis,rb,"[""jenis""]"
1716__2,1716,2,kaskus,2012-10-18 03:23:02,nuklir,overlap,"[""nuklir""]"
1716__3,1716,3,kaskus,2012-10-18 03:23:02,jenis pressurized,rb,"[""jenis pressurized"", ""pressurized water"", ""water reactor"", ""reactor"", ""reaktor jalan""]"
1716__4,1716,4,kaskus,2012-10-18 03:23:02,reaktor,overlap,"[""reaktor""]"
1716__5,1716,5,kaskus,2012-10-18 03:23:02,elemen,overlap,"[""elemen""]"
1716__6,1716,6,kaskus,2012-10-18 03:23:02,reaktor,overlap,"[""reaktor"", ""produksi""]"
1716__7,1716,7,kaskus,2012-10-18 03:23:02,senjata,overlap,"[""senjata""]"
1716__8,1716,8,kaskus,2012-10-18 03:23:02,reaktor,overlap,"[""reaktor""]"
1716__9,1716,9,kaskus,2012-10-18 03:23:02,chernobyl,overlap,"[""chernobyl""]"
1716__10,1716,10,kaskus,2012-10-18 03:23:02,nuklir,overlap,"[""nuklir"", ""limbah"", ""bahan""]"
1716__11,1716,11,kaskus,2012-10-18 03:23:02,perancis,rb,"[""perancis"", ""rusia""]"
1716__12,1716,12,kaskus,2012-10-18 03:23:02,breeding,rb,"[""breeding"", ""breeding reactor"", ""reactor"", ""batang bahan"", ""bahan bakar""]"
1716__13,1716,13,kaskus,2012-10-18 03:23:02,limbah,overlap,"[""limbah""]"
1716__14,1716,14,kaskus,2012-10-18 03:23:02,perancis,overlap,"[""perancis""]"
1716__15,1716,15,kaskus,2012-10-18 03:23:02,batang bahan,rb,"[""batang bahan"", ""bahan bakar"", ""bakar"", ""asam"", ""batang""]"
1716__16,1716,16,kaskus,2012-10-18 03:23:02,padatan,rb,"[""padatan"", ""kristal""]"
1716__17,1716,17,kaskus,2012-10-18 03:23:02,nuklir,overlap,"[""nuklir"", ""senjata""]"
1716__18,1716,18,kaskus,2012-10-18 03:23:02,reaktor,overlap,"[""reaktor""]"
1716__19,1716,19,kaskus,2012-10-18 03:23:02,uranium,overlap,"[""uranium""]"
1717__0,1717,0,kaskus,2012-10-18 03:08:09,pltn,overlap,"[""pltn"", ""tulisan""]"
1717__1,1717,1,kaskus,2012-10-18 03:08:09,reaktor,rb,"[""reaktor"", ""ganti rugi"", ""rugi"", ""ganti""]"
1718__0,1718,0,kaskus,2012-10-18 02:45:05,indonesia,overlap,"[""indonesia"", ""matahari"", ""plts"", ""energi""]"
1718__1,1718,1,kaskus,2012-10-18 02:45:05,warga,overlap,"[""warga"", ""surya"", ""panel""]"
1718__2,1718,2,kaskus,2012-10-18 02:45:05,listrik,overlap,"[""listrik""]"
1718__3,1718,3,kaskus,2012-10-18 02:45:05,listrik,overlap,"[""listrik"", ""pln"", ""kwh""]"
1718__4,1718,4,kaskus,2012-10-18 02:45:05,kwh,overlap,"[""kwh"", ""listrik"", ""pln""]"
1718__5,1718,5,kaskus,2012-10-18 02:45:05,listrik,overlap,"[""listrik""]"
1718__6,1718,6,kaskus,2012-10-18 02:45:05,listrik,overlap,"[""listrik"", ""minyak""]"
1718__7,1718,7,kaskus,2012-10-18 02:45:05,batubara,overlap,"[""batubara"", ""pltn"", ""bahan""]"
1718__8,1718,8,kaskus,2012-10-18 02:45:05,energi,overlap,"[""energi"", ""sumber""]"
1718__9,1718,9,kaskus,2012-10-18 02:45:05,,empty,[]
1718__10,1718,10,kaskus,2012-10-18 02:45:05,sapa,overlap,"[""sapa"", ""tanggung""]"
1718__11,1718,11,kaskus,2012-10-18 02:45:05,resiko,overlap,"[""resiko""]"
1718__12,1718,12,kaskus,2012-10-18 02:45:05,tanah,overlap,"[""tanah"", ""pln""]"
1718__13,1718,13,kaskus,2012-10-18 02:45:05,chernobyl,overlap,"[""chernobyl""]"
1718__14,1718,14,kaskus,2012-10-18 02:45:05,sekian,rb,"[""sekian""]"
1719__0,1719,0,kaskus,2012-10-18 02:10:02,kerja,overlap,"[""kerja""]"
1720__0,1720,0,kaskus,2012-10-18 00:05:02,pltn,overlap,"[""pltn""]"
1720__1,1720,1,kaskus,2012-10-18 00:05:02,fukushima,overlap,"[""fukushima""]"
1720__2,1720,2,kaskus,2012-10-18 00:05:02,resiko kematian,rb,"[""resiko kematian"", ""kematian"", ""radiasi bocor""]"
1720__3,1720,3,kaskus,2012-10-18 00:05:02,negeri,overlap,"[""negeri"", ""politik""]"
1721__0,1721,0,kaskus,2012-10-17 23:57:49,pltn,overlap,"[""pltn""]"
1721__1,1721,1,kaskus,2012-10-17 23:57:49,pltn,overlap,"[""pltn""]"
1721__2,1721,2,kaskus,2012-10-17 23:57:49,gersang,rb,"[""gersang""]"
1721__3,1721,3,kaskus,2012-10-17 23:57:49,listrik,overlap,"[""listrik"", ""pltn""]"
1721__4,1721,4,kaskus,2012-10-17 23:57:49,energi,overlap,"[""energi""]"
1721__5,1721,5,kaskus,2012-10-17 23:57:49,pemerintah,overlap,"[""pemerintah"", ""energi""]"
1721__6,1721,6,kaskus,2012-10-17 23:57:49,pltn,overlap,"[""pltn""]"
1721__7,1721,7,kaskus,2012-10-17 23:57:49,contoh,overlap,"[""contoh"", ""tsunami""]"
1721__8,1721,8,kaskus,2012-10-17 23:57:49,pltn,overlap,"[""pltn""]"
1721__9,1721,9,kaskus,2012-10-17 23:57:49,indonesia,overlap,"[""indonesia"", ""reaktor"", ""skala""]"
1721__10,1721,10,kaskus,2012-10-17 23:57:49,ud,overlap,"[""ud"", ""usa"", ""pejabat"", ""data"", ""forum""]"
1721__11,1721,11,kaskus,2012-10-17 23:57:49,resiko,overlap,"[""resiko""]"
1721__12,1721,12,kaskus,2012-10-17 23:57:49,pltn,overlap,"[""pltn""]"
1721__13,1721,13,kaskus,2012-10-17 23:57:49,lahan,overlap,"[""lahan""]"
1721__14,1721,14,kaskus,2012-10-17 23:57:49,energi,rb,"[""energi"", ""tahun.sisa limbah"", ""limbah"", ""milenium"", ""tahun.sisa""]"
1721__15,1721,15,kaskus,2012-10-17 23:57:49,teknologi,rb,"[""teknologi""]"
1721__16,1721,16,kaskus,2012-10-17 23:57:49,chiki,rb,"[""chiki""]"
1721__17,1721,17,kaskus,2012-10-17 23:57:49,penutup,rb,"[""penutup""]"
1721__18,1721,18,kaskus,2012-10-17 23:57:49,ajang bacod,rb,"[""ajang bacod"", ""bacod"", ""jari"", ""ilmuwan"", ""pltn""]"
1721__19,1721,19,kaskus,2012-10-17 23:57:49,pltn,overlap,"[""pltn""]"
1721__20,1721,20,kaskus,2012-10-17 23:57:49,solusi,overlap,"[""solusi"", ""pltn""]"
1721__21,1721,21,kaskus,2012-10-17 23:57:49,milyar,rb,"[""milyar"", ""milyar manusia"", ""lingkungan"", ""manusia""]"
1721__22,1721,22,kaskus,2012-10-17 23:57:49,kecelakaan,rb,"[""kecelakaan"", ""hitungan"", ""jari"", ""tangan"", ""pltn senjata""]"
1721__23,1721,23,kaskus,2012-10-17 23:57:49,aperang,rb,"[""aperang""]"
1721__24,1721,24,kaskus,2012-10-17 23:57:49,bodoh,rb,"[""bodoh"", ""kecelakaan nuklir"", ""nuklir""]"
1721__25,1721,25,kaskus,2012-10-17 23:57:49,nuklir,overlap,"[""nuklir""]"
1721__26,1721,26,kaskus,2012-10-17 23:57:49,nuklir,unsup,"[""nuklir"", ""solusi""]"
1722__0,1722,0,kaskus,2012-10-17 23:35:29,penelitian,overlap,"[""penelitian"", ""fussion""]"
1722__1,1722,1,kaskus,2012-10-17 23:35:29,lab,overlap,"[""lab"", ""milyar""]"
1722__2,1722,2,kaskus,2012-10-17 23:35:29,another euro,rb,"[""another euro"", ""milyar"", ""milyar euro semnetara"", ""semnetara"", ""approach laser""]"
1722__3,1722,3,kaskus,2012-10-17 23:35:29,pltn,overlap,"[""pltn""]"
1722__4,1722,4,kaskus,2012-10-17 23:35:29,energi,overlap,"[""energi""]"
1722__5,1722,5,kaskus,2012-10-17 23:35:29,pltn,overlap,"[""pltn""]"
1722__6,1722,6,kaskus,2012-10-17 23:35:29,daerah,overlap,"[""daerah"", ""gempa"", ""tsunami"", ""limbah""]"
1722__7,1722,7,kaskus,2012-10-17 23:35:29,bahan,overlap,"[""bahan""]"
1722__8,1722,8,kaskus,2012-10-17 23:35:29,senjata,overlap,"[""senjata"", ""politik"", ""limbah""]"
1722__9,1722,9,kaskus,2012-10-17 23:35:29,energi,overlap,"[""energi"", ""pltn"", ""indonesia"", ""matahari""]"
1722__10,1722,10,kaskus,2012-10-17 23:35:29,,empty,[]
1723__0,1723,0,kaskus,2012-10-17 20:27:07,arial,overlap,"[""arial"", ""narrow"", ""infrastruktur"", ""perawatan"", ""font""]"
1723__1,1723,1,kaskus,2012-10-17 20:27:07,payung,overlap,"[""payung"", ""hujan""]"
1723__2,1723,2,kaskus,2012-10-17 20:27:07,font,overlap,"[""font"", ""nuklir""]"
1724__0,1724,0,kaskus,2012-10-17 19:59:02,sdm,overlap,"[""sdm""]"
1724__1,1724,1,kaskus,2012-10-17 19:59:02,chernobyl,overlap,"[""chernobyl""]"
1724__2,1724,2,kaskus,2012-10-17 19:59:02,jalanan,rb,"[""jalanan"", ""jalanan macet"", ""macet sepeda"", ""sepeda motor"", ""motor""]"
1724__3,1724,3,kaskus,2012-10-17 19:59:02,contoh,overlap,"[""contoh"", ""masyarakat"", ""indonesia""]"
1724__4,1724,4,kaskus,2012-10-17 19:59:02,masyarakat,overlap,"[""masyarakat"", ""indonesia""]"
1724__5,1724,5,kaskus,2012-10-17 19:59:02,nuklir,overlap,"[""nuklir""]"
1724__6,1724,6,kaskus,2012-10-17 19:59:02,pulau,overlap,"[""pulau"", ""jawa""]"
1724__7,1724,7,kaskus,2012-10-17 19:59:02,ujung,overlap,"[""ujung""]"
1724__8,1724,8,kaskus,2012-10-17 19:59:02,url,overlap,"[""url""]"
1725__0,1725,0,kaskus,2012-10-17 19:44:12,thorium,overlap,"[""thorium"", ""riset""]"
1725__1,1725,1,kaskus,2012-10-17 19:44:12,politik,overlap,"[""politik"", ""negara""]"
1725__2,1725,2,kaskus,2012-10-17 19:44:12,indonesia,overlap,"[""indonesia"", ""pltn"", ""negara""]"
1725__3,1725,3,kaskus,2012-10-17 19:44:12,pltn,overlap,"[""pltn"", ""energi"", ""indonesia"", ""krisis""]"
1725__4,1725,4,kaskus,2012-10-17 19:44:12,pltn,overlap,"[""pltn"", ""indonesia"", ""laut"", ""ombak"", ""angin""]"
1725__5,1725,5,kaskus,2012-10-17 19:44:12,pembangkit,overlap,"[""pembangkit""]"
1725__6,1725,6,kaskus,2012-10-17 19:44:12,pembangkit,overlap,"[""pembangkit""]"
1726__0,1726,0,kaskus,2012-10-17 18:39:49,listrik,overlap,"[""listrik"", ""indonesia"", ""pembangkit""]"
1726__1,1726,1,kaskus,2012-10-17 18:39:49,kelebihan,overlap,"[""kelebihan""]"
1727__0,1727,0,kaskus,2012-10-17 18:18:10,efek,overlap,"[""efek""]"
1727__1,1727,1,kaskus,2012-10-17 18:18:10,radiasi,overlap,"[""radiasi""]"
1728__0,1728,0,kaskus,2012-10-17 17:10:21,pltn,overlap,"[""pltn"", ""radiasi""]"
1729__0,1729,0,kaskus,2012-10-17 17:03:07,reaktor,overlap,"[""reaktor"", ""fukushima"", ""jepang"", ""pemerintah""]"
1729__1,1729,1,kaskus,2012-10-17 17:03:07,jepang,overlap,"[""jepang"", ""pemerintah"", ""radiasi""]"
1729__2,1729,2,kaskus,2012-10-17 17:03:07,contoh,overlap,"[""contoh"", ""jepang"", ""tanah"", ""reaktor"", ""fukushima""]"
1729__3,1729,3,kaskus,2012-10-17 17:03:07,berita,overlap,"[""berita"", ""media"", ""amerika""]"
1729__4,1729,4,kaskus,2012-10-17 17:03:07,proyek,overlap,"[""proyek"", ""nuklir""]"
1729__5,1729,5,kaskus,2012-10-17 17:03:07,reaktor,overlap,"[""reaktor""]"
1729__6,1729,6,kaskus,2012-10-17 17:03:07,thorium,overlap,"[""thorium""]"
1729__7,1729,7,kaskus,2012-10-17 17:03:07,thorium,overlap,"[""thorium"", ""riset""]"
1729__8,1729,8,kaskus,2012-10-17 17:03:07,nuklir,overlap,"[""nuklir""]"
1729__9,1729,9,kaskus,2012-10-17 17:03:07,nuklir,overlap,"[""nuklir"", ""reaktor""]"
1729__10,1729,10,kaskus,2012-10-17 17:03:07,nuklir,overlap,"[""nuklir"", ""amerika""]"
1729__11,1729,11,kaskus,2012-10-17 17:03:07,nuklir,overlap,"[""nuklir"", ""reaktor"", ""harga""]"
1729__12,1729,12,kaskus,2012-10-17 17:03:07,nuklir,overlap,"[""nuklir"", ""limbah"", ""bahan""]"
1729__13,1729,13,kaskus,2012-10-17 17:03:07,negara,overlap,"[""negara"", ""nuklir"", ""reaktor"", ""senjata""]"
1729__14,1729,14,kaskus,2012-10-17 17:03:07,jepang,overlap,"[""jepang"", ""nuklir"", ""amerika"", ""senjata""]"
1729__15,1729,15,kaskus,2012-10-17 17:03:07,indonesia,overlap,"[""indonesia"", ""reaktor"", ""negara""]"
1729__16,1729,16,kaskus,2012-10-17 17:03:07,pemerintah,overlap,"[""pemerintah""]"
1729__17,1729,17,kaskus,2012-10-17 17:03:07,sponsor,rb,"[""sponsor""]"
1729__18,1729,18,kaskus,2012-10-17 17:03:07,reaktor,overlap,"[""reaktor""]"
1730__0,1730,0,kaskus,2012-10-17 15:33:57,rakyat,overlap,"[""rakyat"", ""listrik""]"
1731__0,1731,0,kaskus,2012-10-17 13:05:58,berita,rb,"[""berita""]"
1731__1,1731,1,kaskus,2012-10-17 13:05:58,website batan,rb,"[""website batan"", ""batan infonuklir"", ""infonuklir"", ""teknis"", ""gregory.house""]"
1731__2,1731,2,kaskus,2012-10-17 13:05:58,indonesia,overlap,"[""indonesia"", ""sdm""]"
1731__3,1731,3,kaskus,2012-10-17 13:05:58,pltn,overlap,"[""pltn"", ""indonesia"", ""batan""]"
1731__4,1731,4,kaskus,2012-10-17 13:05:58,tenaga,overlap,"[""tenaga"", ""surya""]"
1731__5,1731,5,kaskus,2012-10-17 13:05:58,listrik,overlap,"[""listrik""]"
1731__6,1731,6,kaskus,2012-10-17 13:05:58,listrik,overlap,"[""listrik"", ""indonesia"", ""biaya"", ""panel"", ""surya""]"
1731__7,1731,7,kaskus,2012-10-17 13:05:58,sepulau,overlap,"[""sepulau""]"
1732__0,1732,0,kaskus,2012-10-17 12:47:59,komentar,overlap,"[""komentar""]"
1733__0,1733,0,kaskus,2012-10-17 09:32:41,mode,overlap,"[""mode"", ""jleeeb""]"
1733__1,1733,1,kaskus,2012-10-17 09:32:41,indonesia,overlap,"[""indonesia"", ""pltn""]"
1734__0,1734,0,kaskus,2012-10-17 09:12:37,,empty,[]
1734__1,1734,1,kaskus,2012-10-17 09:12:37,indonesia,overlap,"[""indonesia"", ""sdm""]"
1734__2,1734,2,kaskus,2012-10-17 09:12:37,matahari,overlap,"[""matahari"", ""pembangkit""]"
1734__3,1734,3,kaskus,2012-10-17 09:12:37,pulau,overlap,"[""pulau"", ""sdm"", ""indonesia"", ""surya"", ""negara""]"
1734__4,1734,4,kaskus,2012-10-17 09:12:37,sdm,overlap,"[""sdm"", ""indonesia"", ""perusahaan""]"
1735__0,1735,0,kaskus,2012-10-17 09:09:24,listrik,overlap,"[""listrik"", ""pembangkit""]"
1735__1,1735,1,kaskus,2012-10-17 09:09:24,tukang bahan,rb,"[""tukang bahan"", ""bahan"", ""aceh""]"
1735__2,1735,2,kaskus,2012-10-17 09:09:24,gampang,rb,"[""gampang""]"
1736__0,1736,0,kaskus,2012-10-17 08:47:31,energi,overlap,"[""energi"", ""nuklir"", ""negara""]"
1736__1,1736,1,kaskus,2012-10-17 08:47:31,energi,overlap,"[""energi"", ""nuklir""]"
1736__2,1736,2,kaskus,2012-10-17 08:47:31,reaktor,overlap,"[""reaktor"", ""air""]"
1736__3,1736,3,kaskus,2012-10-17 08:47:31,angin,overlap,"[""angin"", ""matahari""]"
1736__4,1736,4,kaskus,2012-10-17 08:47:31,area,overlap,"[""area""]"
1736__5,1736,5,kaskus,2012-10-17 08:47:31,angin,overlap,"[""angin""]"
1736__6,1736,6,kaskus,2012-10-17 08:47:31,angin,overlap,"[""angin"", ""matahari""]"
1736__7,1736,7,kaskus,2012-10-17 08:47:31,angin,overlap,"[""angin""]"
1736__8,1736,8,kaskus,2012-10-17 08:47:31,panel,overlap,"[""panel""]"
1736__9,1736,9,kaskus,2012-10-17 08:47:31,mendung,overlap,"[""mendung"", ""awan"", ""musuh""]"
1736__10,1736,10,kaskus,2012-10-17 08:47:31,panel,overlap,"[""panel"", ""listrik"", ""air""]"
1736__11,1736,11,kaskus,2012-10-17 08:47:31,listrik,overlap,"[""listrik"", ""batubara""]"
1736__12,1736,12,kaskus,2012-10-17 08:47:31,nuklir,overlap,"[""nuklir"", ""teknologi""]"
1736__13,1736,13,kaskus,2012-10-17 08:47:31,nuklir,overlap,"[""nuklir"", ""jepang""]"
1736__14,1736,14,kaskus,2012-10-17 08:47:31,nuklir,overlap,"[""nuklir""]"
1736__15,1736,15,kaskus,2012-10-17 08:47:31,jepang,overlap,"[""jepang"", ""pltn"", ""amerika"", ""jerman""]"
1736__16,1736,16,kaskus,2012-10-17 08:47:31,eropa,overlap,"[""eropa"", ""nuklir""]"
1737__0,1737,0,kaskus,2012-10-17 07:17:51,jepang,overlap,"[""jepang"", ""gempa""]"
1737__1,1737,1,kaskus,2012-10-17 07:17:51,gempa,overlap,"[""gempa"", ""pulau"", ""rawan""]"
1737__2,1737,2,kaskus,2012-10-17 07:17:51,pltn,overlap,"[""pltn"", ""jepang"", ""fukushima""]"
1737__3,1737,3,kaskus,2012-10-17 07:17:51,gempa,overlap,"[""gempa"", ""tsunami""]"
1737__4,1737,4,kaskus,2012-10-17 07:17:51,pltn,overlap,"[""pltn"", ""koreksi""]"
1738__0,1738,0,kaskus,2012-10-17 07:07:00,aman,rb,"[""aman""]"
1738__1,1738,1,kaskus,2012-10-17 07:07:00,reaktor,overlap,"[""reaktor"", ""nuklir""]"
1739__0,1739,0,kaskus,2012-10-17 06:58:29,jerman,overlap,"[""jerman"", ""negara"", ""pembangunan""]"
1739__1,1739,1,kaskus,2012-10-17 06:58:29,fukushima,overlap,"[""fukushima"", ""jepang""]"
1739__2,1739,2,kaskus,2012-10-17 06:58:29,fukushima,overlap,"[""fukushima"", ""pemerintah""]"
1739__3,1739,3,kaskus,2012-10-17 06:58:29,laut,overlap,"[""laut"", ""dunia"", ""air""]"
1739__4,1739,4,kaskus,2012-10-17 06:58:29,rakyat,overlap,"[""rakyat"", ""indonesia""]"
1739__5,1739,5,kaskus,2012-10-17 06:58:29,dunia,overlap,"[""dunia"", ""jepang""]"
1739__6,1739,6,kaskus,2012-10-17 06:58:29,thorium,overlap,"[""thorium"", ""reaktor"", ""pengembangan""]"
1739__7,1739,7,kaskus,2012-10-17 06:58:29,pengembangan,overlap,"[""pengembangan"", ""negara""]"
1739__8,1739,8,kaskus,2012-10-17 06:58:29,indonesia,overlap,"[""indonesia"", ""plta""]"
1739__9,1739,9,kaskus,2012-10-17 06:58:29,perusahaan,overlap,"[""perusahaan"", ""amerika""]"
1739__10,1739,10,kaskus,2012-10-17 06:58:29,uranium,overlap,"[""uranium""]"
1739__11,1739,11,kaskus,2012-10-17 06:58:29,pemasukan,rb,"[""pemasukan"", ""alasan limbah"", ""limbah""]"
1739__12,1739,12,kaskus,2012-10-17 06:58:29,senjata,overlap,"[""senjata""]"
1739__13,1739,13,kaskus,2012-10-17 06:58:29,thorium,overlap,"[""thorium""]"
1740__0,1740,0,kaskus,2012-10-17 05:31:11,negara,overlap,"[""negara""]"
1740__1,1740,1,kaskus,2012-10-17 05:31:11,jepang,overlap,"[""jepang"", ""bencana"", ""nuklir"", ""chernobyl""]"
1740__2,1740,2,kaskus,2012-10-17 05:31:11,fukushima,overlap,"[""fukushima"", ""pltn""]"
1740__3,1740,3,kaskus,2012-10-17 05:31:11,tsunami,overlap,"[""tsunami"", ""indonesia"", ""batan"", ""pltn""]"
1740__4,1740,4,kaskus,2012-10-17 05:31:11,pltn,overlap,"[""pltn"", ""indonesia""]"
1741__0,1741,0,kaskus,2012-10-16 22:45:49,perkara,rb,"[""perkara"", ""stop reaktor"", ""reaktor nuklir"", ""nuklir"", ""stop""]"
1741__1,1741,1,kaskus,2012-10-16 22:45:49,jepang,overlap,"[""jepang"", ""dunia""]"
1741__2,1741,2,kaskus,2012-10-16 22:45:49,kebiasaan manajemen,rb,"[""kebiasaan manajemen"", ""manajemen"", ""perawatan"", ""kebiasaan""]"
1741__3,1741,3,kaskus,2012-10-16 22:45:49,indonesia,overlap,"[""indonesia"", ""plta"", ""uap""]"
1741__4,1741,4,kaskus,2012-10-16 22:45:49,reaktor,overlap,"[""reaktor"", ""riset"", ""nuklir""]"
1741__5,1741,5,kaskus,2012-10-16 22:45:49,pembangunan,overlap,"[""pembangunan"", ""reaktor""]"
1742__0,1742,0,kaskus,2012-10-16 22:31:38,listrik,overlap,"[""listrik""]"
1742__1,1742,1,kaskus,2012-10-16 22:31:38,subsidi,overlap,"[""subsidi"", ""nuklir""]"
1742__2,1742,2,kaskus,2012-10-16 22:31:38,barang,rb,"[""barang"", ""inflasi""]"
1742__3,1742,3,kaskus,2012-10-16 22:31:38,turun menolak,rb,"[""turun menolak"", ""menolak""]"
1742__4,1742,4,kaskus,2012-10-16 22:31:38,korupsi,overlap,"[""korupsi""]"
1742__5,1742,5,kaskus,2012-10-16 22:31:38,nuklir,overlap,"[""nuklir""]"
1742__6,1742,6,kaskus,2012-10-16 22:31:38,promiseland,rb,"[""promiseland"", ""dumb"", ""dumber"", ""shameless"", ""bastard""]"
1742__7,1742,7,kaskus,2012-10-16 22:31:38,hati,overlap,"[""hati""]"
1743__0,1743,0,kaskus,2012-10-16 22:22:10,reaktor,overlap,"[""reaktor""]"
1744__0,1744,0,kaskus,2012-10-16 22:20:34,pandangan,overlap,"[""pandangan"", ""nkri""]"
1745__0,1745,0,kaskus,2012-10-16 22:14:32,reaktor,rb,"[""reaktor"", ""pulau terluar""]"
1745__1,1745,1,kaskus,2012-10-16 22:14:32,perbatasan,overlap,"[""perbatasan"", ""malingsia"", ""australia""]"
1746__0,1746,0,kaskus,2012-10-16 21:51:57,,empty,[]
1746__1,1746,1,kaskus,2012-10-16 21:51:57,,empty,[]
1746__2,1746,2,kaskus,2012-10-16 21:51:57,energi,overlap,"[""energi"", ""indonesia""]"
1746__3,1746,3,kaskus,2012-10-16 21:51:57,pltn,overlap,"[""pltn""]"
1746__4,1746,4,kaskus,2012-10-16 21:51:57,,empty,[]
1746__5,1746,5,kaskus,2012-10-16 21:51:57,isu,rb,"[""isu""]"
1746__6,1746,6,kaskus,2012-10-16 21:51:57,mengerti paham,rb,"[""mengerti paham"", ""mengerti"", ""paham""]"
1746__7,1746,7,kaskus,2012-10-16 21:51:57,pltn,overlap,"[""pltn"", ""rumah""]"
1746__8,1746,8,kaskus,2012-10-16 21:51:57,lahan,overlap,"[""lahan"", ""rumah""]"
1746__9,1746,9,kaskus,2012-10-16 21:51:57,pltn,overlap,"[""pltn"", ""indonesia"", ""dampak""]"
1746__10,1746,10,kaskus,2012-10-16 21:51:57,pltn,overlap,"[""pltn"", ""penduduk"", ""indonesia"", ""dampak""]"
1746__11,1746,11,kaskus,2012-10-16 21:51:57,kritik,overlap,"[""kritik""]"
1747__0,1747,0,kaskus,2012-10-16 21:43:04,chiki,rb,"[""chiki"", ""bocah""]"
1747__1,1747,1,kaskus,2012-10-16 21:43:04,bodoh,rb,"[""bodoh""]"
1747__2,1747,2,kaskus,2012-10-16 21:43:04,pltn,overlap,"[""pltn""]"
1748__0,1748,0,kaskus,2012-10-16 21:20:27,lokasi,overlap,"[""lokasi""]"
1748__1,1748,1,kaskus,2012-10-16 21:20:27,batam cocok,rb,"[""batam cocok""]"
1748__2,1748,2,kaskus,2012-10-16 21:20:27,kalimantan,overlap,"[""kalimantan""]"
1749__0,1749,0,kaskus,2012-10-16 21:17:44,,empty,[]
1749__1,1749,1,kaskus,2012-10-16 21:17:44,bencana,overlap,"[""bencana"", ""reaktor""]"
1749__2,1749,2,kaskus,2012-10-16 21:17:44,reaktor,overlap,"[""reaktor""]"
1749__3,1749,3,kaskus,2012-10-16 21:17:44,lead,overlap,"[""lead"", ""bismuth"", ""euthetics"", ""lbe""]"
1750__0,1750,0,kaskus,2012-10-16 21:11:43,jepang,overlap,"[""jepang"", ""gempa"", ""kalimantan""]"
1751__0,1751,0,kaskus,2012-10-16 21:06:37,negara,overlap,"[""negara"", ""pltn""]"
1751__1,1751,1,kaskus,2012-10-16 21:06:37,nuklir,overlap,"[""nuklir"", ""reaktor"", ""sumber""]"
1751__2,1751,2,kaskus,2012-10-16 21:06:37,jerman,overlap,"[""jerman"", ""fukushima"", ""energi""]"
1751__3,1751,3,kaskus,2012-10-16 21:06:37,bencana,overlap,"[""bencana"", ""fukushima""]"
1751__4,1751,4,kaskus,2012-10-16 21:06:37,nuklir,overlap,"[""nuklir"", ""kapasitas"", ""rencana"", ""energi""]"
1751__5,1751,5,kaskus,2012-10-16 21:06:37,nuklir,overlap,"[""nuklir"", ""jerman"", ""listrik"", ""reaktor"", ""tenaga""]"
1751__6,1751,6,kaskus,2012-10-16 21:06:37,angka,overlap,"[""angka""]"
1751__7,1751,7,kaskus,2012-10-16 21:06:37,nuklir,overlap,"[""nuklir"", ""jerman"", ""politik"", ""energi"", ""fukushima""]"
1751__8,1751,8,kaskus,2012-10-16 21:06:37,jerman,overlap,"[""jerman"", ""rencana"", ""pemerintah"", ""energi""]"
1751__9,1751,9,kaskus,2012-10-16 21:06:37,pengumuman,overlap,"[""pengumuman"", ""publik""]"
1751__10,1751,10,kaskus,2012-10-16 21:06:37,nuklir,overlap,"[""nuklir"", ""negara"", ""dunia"", ""reaktor""]"
1751__11,1751,11,kaskus,2012-10-16 21:06:37,nuklir,overlap,"[""nuklir"", ""batubara"", ""pembangkit"", ""energi""]"
1751__12,1751,12,kaskus,2012-10-16 21:06:37,listrik,overlap,"[""listrik"", ""nuklir"", ""laut"", ""perusahaan""]"
1751__13,1751,13,kaskus,2012-10-16 21:06:37,nuklir,overlap,"[""nuklir"", ""negara"", ""reaktor""]"
1751__14,1751,14,kaskus,2012-10-16 21:06:37,nuklir,overlap,"[""nuklir"", ""negara"", ""indonesia"", ""energi"", ""teknologi""]"
1751__15,1751,15,kaskus,2012-10-16 21:06:37,wilayah,overlap,"[""wilayah"", ""pembangkit""]"
1751__16,1751,16,kaskus,2012-10-16 21:06:37,nuklir,overlap,"[""nuklir"", ""listrik"", ""reaktor"", ""tenaga""]"
1751__17,1751,17,kaskus,2012-10-16 21:06:37,pemerintah,overlap,"[""pemerintah"", ""nuklir""]"
1751__18,1751,18,kaskus,2012-10-16 21:06:37,rencana,overlap,"[""rencana"", ""pembahasan""]"
1751__19,1751,19,kaskus,2012-10-16 21:06:37,bencana,overlap,"[""bencana"", ""fukushima"", ""pemerintah"", ""nuklir""]"
1751__20,1751,20,kaskus,2012-10-16 21:06:37,nuklir,overlap,"[""nuklir"", ""reaktor"", ""tenaga""]"
1751__21,1751,21,kaskus,2012-10-16 21:06:37,nuklir,overlap,"[""nuklir""]"
1751__22,1751,22,kaskus,2012-10-16 21:06:37,plutonium,overlap,"[""plutonium"", ""oktober"", ""sellafield""]"
1751__23,1751,23,kaskus,2012-10-16 21:06:37,uranium,overlap,"[""uranium"", ""kebocoran""]"
1751__24,1751,24,kaskus,2012-10-16 21:06:37,pipa,overlap,"[""pipa""]"
1751__25,1751,25,kaskus,2012-10-16 21:06:37,nuklir,overlap,"[""nuklir"", ""reaktor""]"
1751__26,1751,26,kaskus,2012-10-16 21:06:37,nuklir,overlap,"[""nuklir"", ""power""]"
1751__27,1751,27,kaskus,2012-10-16 21:06:37,pemerintah,overlap,"[""pemerintah"", ""reaktor""]"
1751__28,1751,28,kaskus,2012-10-16 21:06:37,nuklir,overlap,"[""nuklir"", ""pembangkit""]"
1751__29,1751,29,kaskus,2012-10-16 21:06:37,pemerintah,overlap,"[""pemerintah"", ""reaktor""]"
1751__30,1751,30,kaskus,2012-10-16 21:06:37,nuklir,overlap,"[""nuklir"", ""jepang"", ""reaktor""]"
1751__31,1751,31,kaskus,2012-10-16 21:06:37,nuklir,overlap,"[""nuklir"", ""energi""]"
1751__32,1751,32,kaskus,2012-10-16 21:06:37,negara,overlap,"[""negara"", ""gempa"", ""nuklir"", ""rakyat"", ""jepang""]"
1751__33,1751,33,kaskus,2012-10-16 21:06:37,nuklir,overlap,"[""nuklir"", ""fukushima"", ""tsunami"", ""sistem""]"
1751__34,1751,34,kaskus,2012-10-16 21:06:37,reaktor,overlap,"[""reaktor""]"
1751__35,1751,35,kaskus,2012-10-16 21:06:37,nuklir,overlap,"[""nuklir"", ""negara"", ""reaktor""]"
1751__36,1751,36,kaskus,2012-10-16 21:06:37,nuklir,overlap,"[""nuklir"", ""negara"", ""energi"", ""minyak"", ""reaktor""]"
1751__37,1751,37,kaskus,2012-10-16 21:06:37,nuklir,overlap,"[""nuklir"", ""listrik"", ""dunia"", ""pembangkit"", ""energi""]"
1751__38,1751,38,kaskus,2012-10-16 21:06:37,eropa,overlap,"[""eropa""]"
1751__39,1751,39,kaskus,2012-10-16 21:06:37,amerika,overlap,"[""amerika"", ""nuklir"", ""negara"", ""reaktor""]"
1751__40,1751,40,kaskus,2012-10-16 21:06:37,air,overlap,"[""air"", ""reaktor""]"
1751__41,1751,41,kaskus,2012-10-16 21:06:37,nuklir,overlap,"[""nuklir"", ""pembangkit""]"
1751__42,1751,42,kaskus,2012-10-16 21:06:37,pembangkit,overlap,"[""pembangkit"", ""listrik"", ""energi"", ""kebutuhan""]"
1751__43,1751,43,kaskus,2012-10-16 21:06:37,amerika,overlap,"[""amerika"", ""nuklir"", ""reaktor"", ""alasan"", ""pembangunan""]"
1751__44,1751,44,kaskus,2012-10-16 21:06:37,tsunami,overlap,"[""tsunami"", ""jepang"", ""nuklir"", ""fukushima"", ""reaktor""]"
1751__45,1751,45,kaskus,2012-10-16 21:06:37,pembangunan,overlap,"[""pembangunan"", ""lingkungan"", ""rencana""]"
1751__46,1751,46,kaskus,2012-10-16 21:06:37,lingkungan,overlap,"[""lingkungan"", ""bencana"", ""fukushima"", ""alasan""]"
1751__47,1751,47,kaskus,2012-10-16 21:06:37,negara,overlap,"[""negara"", ""energi""]"
1752__0,1752,0,kaskus,2012-10-16 18:43:51,ahli,overlap,"[""ahli"", ""sdm""]"
1752__1,1752,1,kaskus,2012-10-16 18:43:51,ahli,overlap,"[""ahli"", ""tenaga""]"
1752__2,1752,2,kaskus,2012-10-16 18:43:51,ahli,overlap,"[""ahli""]"
1752__3,1752,3,kaskus,2012-10-16 18:43:51,pltn,overlap,"[""pltn""]"
1753__0,1753,0,kaskus,2012-10-16 18:23:35,indonesia,overlap,"[""indonesia"", ""tenaga""]"
1754__0,1754,0,kaskus,2012-10-16 18:15:13,,empty,[]
1754__1,1754,1,kaskus,2012-10-16 18:15:13,berputar,rb,"[""berputar""]"
1754__2,1754,2,kaskus,2012-10-16 18:15:13,,empty,[]
1754__3,1754,3,kaskus,2012-10-16 18:15:13,proyeknya,overlap,"[""proyeknya"", ""iaea"", ""perencanaan""]"
1754__4,1754,4,kaskus,2012-10-16 18:15:13,belajar,rb,"[""belajar""]"
1754__5,1754,5,kaskus,2012-10-16 18:15:13,nuklir,overlap,"[""nuklir"", ""reaktor""]"
1754__6,1754,6,kaskus,2012-10-16 18:15:13,ribut,overlap,"[""ribut"", ""pembenahan"", ""upaya""]"
1754__7,1754,7,kaskus,2012-10-16 18:15:13,pltn,overlap,"[""pltn"", ""iaea""]"
1754__8,1754,8,kaskus,2012-10-16 18:15:13,,empty,[]
1754__9,1754,9,kaskus,2012-10-16 18:15:13,bangsa,overlap,"[""bangsa""]"
1754__10,1754,10,kaskus,2012-10-16 18:15:13,inferiority,overlap,"[""inferiority"", ""complex""]"
1755__0,1755,0,kaskus,2012-10-16 17:54:53,sda,overlap,"[""sda""]"
1755__1,1755,1,kaskus,2012-10-16 17:54:53,buku ipa jaman,rb,"[""buku ipa jaman"", ""ipa"", ""jaman jebot"", ""jebot""]"
1755__2,1755,2,kaskus,2012-10-16 17:54:53,kalimantan,overlap,"[""kalimantan""]"
1755__3,1755,3,kaskus,2012-10-16 17:54:53,dekade,overlap,"[""dekade""]"
1755__4,1755,4,kaskus,2012-10-16 17:54:53,sawit,overlap,"[""sawit""]"
1755__5,1755,5,kaskus,2012-10-16 17:54:53,karawang,rb,"[""karawang"", ""lumbung beras"", ""beras dekade"", ""dekade"", ""luas lahan tanam""]"
1755__6,1755,6,kaskus,2012-10-16 17:54:53,industri,overlap,"[""industri""]"
1755__7,1755,7,kaskus,2012-10-16 17:54:53,laut,overlap,"[""laut""]"
1755__8,1755,8,kaskus,2012-10-16 17:54:53,masyarakat,overlap,"[""masyarakat""]"
1755__9,1755,9,kaskus,2012-10-16 17:54:53,jati,overlap,"[""jati"", ""ukir"", ""sentra""]"
1755__10,1755,10,kaskus,2012-10-16 17:54:53,lahan tanam,rb,"[""lahan tanam"", ""tanam palawija"", ""palawija""]"
1755__11,1755,11,kaskus,2012-10-16 17:54:53,manusia,overlap,"[""manusia"", ""alam""]"
1755__12,1755,12,kaskus,2012-10-16 17:54:53,tiwul,rb,"[""tiwul"", ""papeda"", ""papua""]"
1755__13,1755,13,kaskus,2012-10-16 17:54:53,kota,overlap,"[""kota""]"
1755__14,1755,14,kaskus,2012-10-16 17:54:53,lapangan,overlap,"[""lapangan"", ""bbm""]"
1756__0,1756,0,kaskus,2012-10-16 17:32:28,bocah jawir dekil,rb,"[""bocah jawir dekil"", ""jawir"", ""pojokan"", ""vote"", ""bocah""]"
1756__1,1756,1,kaskus,2012-10-16 17:32:28,jawa,overlap,"[""jawa""]"
1756__2,1756,2,kaskus,2012-10-16 17:32:28,konsekuensi berat,rb,"[""konsekuensi berat""]"
1756__3,1756,3,kaskus,2012-10-16 17:32:28,angin,overlap,"[""angin"", ""hydro"", ""tenaga""]"
1756__4,1756,4,kaskus,2012-10-16 17:32:28,ombak,overlap,"[""ombak""]"
1756__5,1756,5,kaskus,2012-10-16 17:32:28,biaya,overlap,"[""biaya"", ""hasil"", ""lokasi"", ""ombak"", ""tenaga""]"
1756__6,1756,6,kaskus,2012-10-16 17:32:28,cc,overlap,"[""cc"", ""otak""]"
1756__7,1756,7,kaskus,2012-10-16 17:32:28,bajaj,rb,"[""bajaj""]"
1757__0,1757,0,kaskus,2012-10-16 17:14:11,indonesia,overlap,"[""indonesia"", ""url"", ""nuklir""]"
1757__1,1757,1,kaskus,2012-10-16 17:14:11,artikel,overlap,"[""artikel""]"
1757__2,1757,2,kaskus,2012-10-16 17:14:11,reaktor,overlap,"[""reaktor"", ""nuklir""]"
1757__3,1757,3,kaskus,2012-10-16 17:14:11,pengawasan,rb,"[""pengawasan""]"
1757__4,1757,4,kaskus,2012-10-16 17:14:11,negara,overlap,"[""negara"", ""kebocoran""]"
1757__5,1757,5,kaskus,2012-10-16 17:14:11,negara,overlap,"[""negara"", ""teknologi"", ""ahli""]"
1757__6,1757,6,kaskus,2012-10-16 17:14:11,masyarakat,overlap,"[""masyarakat""]"
1757__7,1757,7,kaskus,2012-10-16 17:14:11,jepang,overlap,"[""jepang"", ""dunia""]"
1757__8,1757,8,kaskus,2012-10-16 17:14:11,kaya negara,rb,"[""kaya negara"", ""sumber daya"", ""daya alam"", ""alam""]"
1757__9,1757,9,kaskus,2012-10-16 17:14:11,pemerintah,overlap,"[""pemerintah""]"
1757__10,1757,10,kaskus,2012-10-16 17:14:11,nuklir,overlap,"[""nuklir""]"
1758__0,1758,0,kaskus,2012-10-16 17:03:15,alasan,overlap,"[""alasan""]"
1759__0,1759,0,kaskus,2012-10-16 16:59:14,nuklir,overlap,"[""nuklir""]"
1759__1,1759,1,kaskus,2012-10-16 16:59:14,serpong,overlap,"[""serpong"", ""bandung"", ""yogyakarta""]"
1759__2,1759,2,kaskus,2012-10-16 16:59:14,reaktor penelitian,rb,"[""reaktor penelitian"", ""penelitian"", ""kapasitas"", ""serpong""]"
1759__3,1759,3,kaskus,2012-10-16 16:59:14,penduduk,overlap,"[""penduduk""]"
1759__4,1759,4,kaskus,2012-10-16 16:59:14,jepang,overlap,"[""jepang"", ""pltn""]"
1759__5,1759,5,kaskus,2012-10-16 16:59:14,fukushima,overlap,"[""fukushima"", ""pltn"", ""listrik""]"
1759__6,1759,6,kaskus,2012-10-16 16:59:14,jepang,overlap,"[""jepang"", ""nuklir"", ""pltn""]"
1760__0,1760,0,kaskus,2012-10-16 16:52:59,nuklir,overlap,"[""nuklir"", ""indonesia"", ""pembangkit""]"
1760__1,1760,1,kaskus,2012-10-16 16:52:59,pemerintah,overlap,"[""pemerintah""]"
1760__2,1760,2,kaskus,2012-10-16 16:52:59,mainan,overlap,"[""mainan"", ""pistol"", ""celaka""]"
1760__3,1760,3,kaskus,2012-10-16 16:52:59,bencana,overlap,"[""bencana"", ""negara"", ""pemerintah"", ""indonesia""]"
1760__4,1760,4,kaskus,2012-10-16 16:52:59,indonesia,overlap,"[""indonesia""]"
1761__0,1761,0,kaskus,2012-10-16 16:47:08,nuklir,overlap,"[""nuklir""]"
1761__1,1761,1,kaskus,2012-10-16 16:47:08,negara,overlap,"[""negara""]"
1761__2,1761,2,kaskus,2012-10-16 16:47:08,nuklir,overlap,"[""nuklir"", ""kebocoran""]"
1761__3,1761,3,kaskus,2012-10-16 16:47:08,jepang,overlap,"[""jepang"", ""energi"", ""pembangkit""]"
1762__0,1762,0,kaskus,2012-10-16 16:23:40,,empty,[]
1762__1,1762,1,kaskus,2012-10-16 16:23:40,pltn,overlap,"[""pltn"", ""indonesia""]"
1763__0,1763,0,kaskus,2012-10-16 16:07:31,kalimantan,overlap,"[""kalimantan""]"
1763__1,1763,1,kaskus,2012-10-16 16:07:31,kapasitas,overlap,"[""kapasitas""]"
1763__2,1763,2,kaskus,2012-10-16 16:07:31,maintenance,overlap,"[""maintenance"", ""nuklir"", ""negara""]"
1763__3,1763,3,kaskus,2012-10-16 16:07:31,solusi cepat,rb,"[""solusi cepat""]"
1764__0,1764,0,kaskus,2012-10-16 15:59:14,lokasi,overlap,"[""lokasi""]"
1764__1,1764,1,kaskus,2012-10-16 15:59:14,gudang pabrik,rb,"[""gudang pabrik"", ""pabrik"", ""gudang""]"
1764__2,1764,2,kaskus,2012-10-16 15:59:14,reaktor,overlap,"[""reaktor""]"
1764__3,1764,3,kaskus,2012-10-16 15:59:14,batan,overlap,"[""batan"", ""iaea""]"
1764__4,1764,4,kaskus,2012-10-16 15:59:14,pltn,overlap,"[""pltn""]"
1764__5,1764,5,kaskus,2012-10-16 15:59:14,kontraktor iaea,rb,"[""kontraktor iaea"", ""iaea"", ""kontraktor""]"
1764__6,1764,6,kaskus,2012-10-16 15:59:14,diawasi ketat,rb,"[""diawasi ketat"", ""ketat""]"
1764__7,1764,7,kaskus,2012-10-16 15:59:14,negeri,overlap,"[""negeri""]"
1765__0,1765,0,kaskus,2012-10-16 15:58:29,like,overlap,"[""like""]"
1765__1,1765,1,kaskus,2012-10-16 15:58:29,negara,overlap,"[""negara"", ""nuklir"", ""energi"", ""sumber""]"
1765__2,1765,2,kaskus,2012-10-16 15:58:29,,empty,[]
1765__3,1765,3,kaskus,2012-10-16 15:58:29,energi,overlap,"[""energi"", ""nuklir""]"
1766__0,1766,0,kaskus,2012-10-16 15:55:14,pltn,overlap,"[""pltn"", ""indonesia""]"
1766__1,1766,1,kaskus,2012-10-16 15:55:14,indonesia,overlap,"[""indonesia"", ""pltn""]"
1766__2,1766,2,kaskus,2012-10-16 15:55:14,1.masalah,rb,"[""1.masalah"", ""setau"", ""pendirian pltn"", ""pltn didaerah"", ""didaerah""]"
1766__3,1766,3,kaskus,2012-10-16 15:55:14,kalimantan,overlap,"[""kalimantan"", ""gempa""]"
1766__4,1766,4,kaskus,2012-10-16 15:55:14,kebocoran,overlap,"[""kebocoran"", ""reaktor""]"
1766__5,1766,5,kaskus,2012-10-16 15:55:14,sdm,rb,"[""sdm"", ""sdm sumber"", ""sumber daya"", ""daya manusia"", ""manusia""]"
1766__6,1766,6,kaskus,2012-10-16 15:55:14,kesalahn,rb,"[""kesalahn""]"
1766__7,1766,7,kaskus,2012-10-16 15:55:14,korupsi,rb,"[""korupsi"", ""indonesia"", ""tingkat korupsi"", ""pembuatan pltn"", ""pltn""]"
1766__8,1766,8,kaskus,2012-10-16 15:55:14,pltn,overlap,"[""pltn""]"
1766__9,1766,9,kaskus,2012-10-16 15:55:14,uang,rb,"[""uang"", ""perut""]"
1766__10,1766,10,kaskus,2012-10-16 15:55:14,perut,unsup,"[""perut""]"
1767__0,1767,0,kaskus,2012-10-16 15:51:25,pltn,overlap,"[""pltn"", ""manusia"", ""pulau""]"
1768__0,1768,0,kaskus,2012-10-16 15:48:03,bicara,rb,"[""bicara"", ""bicara bicara""]"
1768__1,1768,1,kaskus,2012-10-16 15:48:03,informasi,overlap,"[""informasi""]"
1768__2,1768,2,kaskus,2012-10-16 15:48:03,nuklir,overlap,"[""nuklir""]"
1768__3,1768,3,kaskus,2012-10-16 15:48:03,nama,rb,"[""nama"", ""reaktor nuklir"", ""nuklir bara"", ""bara""]"
1768__4,1768,4,kaskus,2012-10-16 15:48:03,peletakan beton,rb,"[""peletakan beton"", ""beton hehehee"", ""hehehee"", ""agustus kemarin"", ""kemarin""]"
1768__5,1768,5,kaskus,2012-10-16 15:48:03,komponen,overlap,"[""komponen"", ""spesifikasi""]"
1768__6,1768,6,kaskus,2012-10-16 15:48:03,pasir,overlap,"[""pasir"", ""badai""]"
1768__7,1768,7,kaskus,2012-10-16 15:48:03,indonesia,overlap,"[""indonesia""]"
1769__0,1769,0,kaskus,2012-10-16 15:43:55,nuklir,overlap,"[""nuklir""]"
1769__1,1769,1,kaskus,2012-10-16 15:43:55,negara,overlap,"[""negara""]"
1770__0,1770,0,kaskus,2012-10-16 15:32:37,listrik,overlap,"[""listrik""]"
1770__1,1770,1,kaskus,2012-10-16 15:32:37,pltn,overlap,"[""pltn"", ""reaktor""]"
1771__0,1771,0,kaskus,2012-10-16 15:26:44,kalimantan,overlap,"[""kalimantan""]"
1772__0,1772,0,kaskus,2012-10-16 15:24:10,gempa,overlap,"[""gempa""]"
1772__1,1772,1,kaskus,2012-10-16 15:24:10,data,overlap,"[""data"", ""mata""]"
1772__2,1772,2,kaskus,2012-10-16 15:24:10,diskusi,overlap,"[""diskusi"", ""trolling""]"
1773__0,1773,0,kaskus,2012-10-16 15:20:27,komentar,overlap,"[""komentar""]"
1773__1,1773,1,kaskus,2012-10-16 15:20:27,tabel,rb,"[""tabel"", ""tabel perbandingan"", ""perbandingan""]"
1773__2,1773,2,kaskus,2012-10-16 15:20:27,tebak2an,overlap,"[""tebak2an""]"
1773__3,1773,3,kaskus,2012-10-16 15:20:27,listrik,overlap,"[""listrik""]"
1773__4,1773,4,kaskus,2012-10-16 15:20:27,industri,overlap,"[""industri"", ""listrik"", ""energi""]"
1773__5,1773,5,kaskus,2012-10-16 15:20:27,contoh,overlap,"[""contoh"", ""tsunami""]"
1773__6,1773,6,kaskus,2012-10-16 15:20:27,pltn,overlap,"[""pltn"", ""tsunami""]"
1774__0,1774,0,kaskus,2012-10-16 15:18:14,gunung,overlap,"[""gunung"", ""ombak"", ""contoh""]"
1774__1,1774,1,kaskus,2012-10-16 15:18:14,ombak,overlap,"[""ombak""]"
1774__2,1774,2,kaskus,2012-10-16 15:18:14,rumah,overlap,"[""rumah"", ""daya""]"
1774__3,1774,3,kaskus,2012-10-16 15:18:14,ombak,overlap,"[""ombak"", ""plt""]"
1774__4,1774,4,kaskus,2012-10-16 15:18:14,laut,overlap,"[""laut"", ""listrik"", ""rumah""]"
1774__5,1774,5,kaskus,2012-10-16 15:18:14,listrik,overlap,"[""listrik"", ""kabel""]"
1774__6,1774,6,kaskus,2012-10-16 15:18:14,manusia,overlap,"[""manusia"", ""indonesia""]"
1774__7,1774,7,kaskus,2012-10-16 15:18:14,angin,overlap,"[""angin""]"
1774__8,1774,8,kaskus,2012-10-16 15:18:14,foto pribadi,rb,"[""foto pribadi"", ""foto""]"
1774__9,1774,9,kaskus,2012-10-16 15:18:14,url,overlap,"[""url""]"
1775__0,1775,0,kaskus,2012-10-16 15:15:23,,empty,[]
1775__1,1775,1,kaskus,2012-10-16 15:15:23,kemampuan,rb,"[""kemampuan""]"
1775__2,1775,2,kaskus,2012-10-16 15:15:23,inti,rb,"[""inti""]"
1776__0,1776,0,kaskus,2012-10-16 15:10:32,nuklir,overlap,"[""nuklir""]"
1776__1,1776,1,kaskus,2012-10-16 15:10:32,size,rb,"[""size""]"
1777__0,1777,0,kaskus,2012-10-16 14:54:27,kalimantan,overlap,"[""kalimantan"", ""gempa""]"
1777__1,1777,1,kaskus,2012-10-16 14:54:27,font,rb,"[""font"", ""ms""]"
1778__0,1778,0,kaskus,2012-10-16 14:52:24,parameter becus,rb,"[""parameter becus""]"
1778__1,1778,1,kaskus,2012-10-16 14:52:24,kabur,rb,"[""kabur""]"
1779__0,1779,0,kaskus,2012-10-16 14:48:26,nuklir,overlap,"[""nuklir""]"
1780__0,1780,0,kaskus,2012-10-16 14:46:48,nuklir,overlap,"[""nuklir"", ""indonesia""]"
1780__1,1780,1,kaskus,2012-10-16 14:46:48,indonesia,overlap,"[""indonesia"", ""nuklir"", ""reaktor""]"
1780__2,1780,2,kaskus,2012-10-16 14:46:48,nuklir,overlap,"[""nuklir"", ""indonesia"", ""negara"", ""ahli""]"
1781__0,1781,0,kaskus,2012-10-16 14:13:30,,empty,[]
1781__1,1781,1,kaskus,2012-10-16 14:13:30,kejadian,overlap,"[""kejadian""]"
1781__2,1781,2,kaskus,2012-10-16 14:13:30,personil,rb,"[""personil""]"
1781__3,1781,3,kaskus,2012-10-16 14:13:30,,empty,[]
1781__4,1781,4,kaskus,2012-10-16 14:13:30,nuklir,overlap,"[""nuklir"", ""indonesia"", ""pltn""]"
1781__5,1781,5,kaskus,2012-10-16 14:13:30,bolot,overlap,"[""bolot""]"
1781__6,1781,6,kaskus,2012-10-16 14:13:30,resiko,overlap,"[""resiko""]"
1781__7,1781,7,kaskus,2012-10-16 14:13:30,lw,overlap,"[""lw""]"
1781__8,1781,8,kaskus,2012-10-16 14:13:30,limbah,overlap,"[""limbah""]"
1781__9,1781,9,kaskus,2012-10-16 14:13:30,energi,overlap,"[""energi"", ""kasih""]"
1781__10,1781,10,kaskus,2012-10-16 14:13:30,listrik,overlap,"[""listrik""]"
1781__11,1781,11,kaskus,2012-10-16 14:13:30,,empty,[]
1781__12,1781,12,kaskus,2012-10-16 14:13:30,lw,overlap,"[""lw""]"
1781__13,1781,13,kaskus,2012-10-16 14:13:30,teknologi,overlap,"[""teknologi""]"
1781__14,1781,14,kaskus,2012-10-16 14:13:30,efisiensi,rb,"[""efisiensi""]"
1781__15,1781,15,kaskus,2012-10-16 14:13:30,ombak,overlap,"[""ombak"", ""angin""]"
1782__0,1782,0,kaskus,2012-10-16 13:54:37,indonesia,overlap,"[""indonesia"", ""nuklir"", ""gempa"", ""reaktor""]"
1783__0,1783,0,kaskus,2012-10-16 13:52:11,baca,rb,"[""baca""]"
1783__1,1783,1,kaskus,2012-10-16 13:52:11,angin,overlap,"[""angin"", ""indonesia"", ""ombak""]"
1783__2,1783,2,kaskus,2012-10-16 13:52:11,ombak,overlap,"[""ombak"", ""riset"", ""angin""]"
1783__3,1783,3,kaskus,2012-10-16 13:52:11,,empty,[]
1784__0,1784,0,kaskus,2012-10-16 13:47:03,keluhan,overlap,"[""keluhan"", ""post"", ""otak"", ""alah"", ""kapasistas""]"
1785__0,1785,0,kaskus,2012-10-16 13:19:34,sdm,overlap,"[""sdm"", ""url""]"
1786__0,1786,0,kaskus,2012-10-16 13:09:06,,empty,[]
1786__1,1786,1,kaskus,2012-10-16 13:09:06,geothermal,overlap,"[""geothermal""]"
1786__2,1786,2,kaskus,2012-10-16 13:09:06,sdm,overlap,"[""sdm"", ""pltn""]"
1786__3,1786,3,kaskus,2012-10-16 13:09:06,indonesia-kan teknologi,rb,"[""indonesia-kan teknologi"", ""teknologi"", ""sdm"", ""indonesia-kan""]"
1786__4,1786,4,kaskus,2012-10-16 13:09:06,maintenance,overlap,"[""maintenance""]"
1787__0,1787,0,kaskus,2012-10-16 13:08:53,nuklir,overlap,"[""nuklir""]"
1787__1,1787,1,kaskus,2012-10-16 13:08:53,malu,overlap,"[""malu"", ""pengetahuan""]"
1787__2,1787,2,kaskus,2012-10-16 13:08:53,fukushima,overlap,"[""fukushima"", ""reaktor""]"
1787__3,1787,3,kaskus,2012-10-16 13:08:53,indonesia,overlap,"[""indonesia"", ""reaktor""]"
1787__4,1787,4,kaskus,2012-10-16 13:08:53,url,overlap,"[""url""]"
1788__0,1788,0,kaskus,2012-10-16 13:07:44,indonesia,overlap,"[""indonesia"", ""pltn"", ""chernobyl""]"
1788__1,1788,1,kaskus,2012-10-16 13:07:44,chernobyl,overlap,"[""chernobyl"", ""nuklir"", ""fosil""]"
1788__2,1788,2,kaskus,2012-10-16 13:07:44,fosil,overlap,"[""fosil"", ""batubara""]"
1788__3,1788,3,kaskus,2012-10-16 13:07:44,air,overlap,"[""air"", ""angin"", ""surya"", ""energi""]"
1788__4,1788,4,kaskus,2012-10-16 13:07:44,indonesia,overlap,"[""indonesia"", ""pltn"", ""negara"", ""kebutuhan""]"
1788__5,1788,5,kaskus,2012-10-16 13:07:44,negara,overlap,"[""negara"", ""kalimantan"", ""gempa"", ""gunung"", ""indonesia""]"
1788__6,1788,6,kaskus,2012-10-16 13:07:44,kalimantan,overlap,"[""kalimantan"", ""indonesia"", ""listrik""]"
1789__0,1789,0,kaskus,2012-10-16 13:03:03,,empty,[]
1790__0,1790,0,kaskus,2012-10-16 12:58:15,,empty,[]
1790__1,1790,1,kaskus,2012-10-16 12:58:15,pemadaman,overlap,"[""pemadaman""]"
1790__2,1790,2,kaskus,2012-10-16 12:58:15,air,overlap,"[""air""]"
1790__3,1790,3,kaskus,2012-10-16 12:58:15,pemadaman 7jam sehari,rb,"[""pemadaman 7jam sehari"", ""7jam"", ""sehari"", ""seminggu"", ""pemadaman""]"
1790__4,1790,4,kaskus,2012-10-16 12:58:15,genset,rb,"[""genset"", ""bensin 6rb"", ""6rb"", ""liter""]"
1790__5,1790,5,kaskus,2012-10-16 12:58:15,gembel,rb,"[""gembel""]"
1790__6,1790,6,kaskus,2012-10-16 12:58:15,pltn,rb,"[""pltn"", ""iq""]"
1790__7,1790,7,kaskus,2012-10-16 12:58:15,jepang,rb,"[""jepang"", ""amerika"", ""perancis""]"
1790__8,1790,8,kaskus,2012-10-16 12:58:15,pltn,overlap,"[""pltn""]"
1790__9,1790,9,kaskus,2012-10-16 12:58:15,hydro,rb,"[""hydro"", ""surya panel"", ""panel"", ""another omong lurus"", ""omong kosong""]"
1790__10,1790,10,kaskus,2012-10-16 12:58:15,tong,rb,"[""tong"", ""pltn"", ""indonesia"", ""action"", ""sekedar wacana""]"
1790__11,1790,11,kaskus,2012-10-16 12:58:15,cuman,rb,"[""cuman"", ""jawa""]"
1790__12,1790,12,kaskus,2012-10-16 12:58:15,indonesia,unsup,"[""indonesia"", ""surya"", ""hydro"", ""panel"", ""pltn""]"
1790__13,1790,13,kaskus,2012-10-16 12:58:15,indonesia,unsup,"[""indonesia"", ""listrik"", ""negara"", ""warga"", ""pltn""]"
1790__14,1790,14,kaskus,2012-10-16 12:58:15,jawa,unsup,"[""jawa""]"
1791__0,1791,0,kaskus,2012-10-16 12:40:43,nuklir,overlap,"[""nuklir"", ""pltn"", ""bencana"", ""radiasi"", ""reaktor""]"
1791__1,1791,1,kaskus,2012-10-16 12:40:43,resiko,overlap,"[""resiko"", ""kejadian""]"
1791__2,1791,2,kaskus,2012-10-16 12:40:43,berulang mengerti,rb,"[""berulang mengerti"", ""berulang"", ""mengerti""]"
1791__3,1791,3,kaskus,2012-10-16 12:40:43,nuklir,overlap,"[""nuklir""]"
1791__4,1791,4,kaskus,2012-10-16 12:40:43,enegri,rb,"[""enegri"", ""enegri alternatif"", ""milenium"", ""tolol""]"
1791__5,1791,5,kaskus,2012-10-16 12:40:43,data,overlap,"[""data""]"
1792__0,1792,0,kaskus,2012-10-16 12:39:32,jepang,overlap,"[""jepang""]"
1792__1,1792,1,kaskus,2012-10-16 12:39:32,url,overlap,"[""url""]"
1793__0,1793,0,kaskus,2012-10-16 12:37:12,matahari,overlap,"[""matahari"", ""surya"", ""tenaga""]"
1793__1,1793,1,kaskus,2012-10-16 12:37:12,jakarta,overlap,"[""jakarta""]"
1793__2,1793,2,kaskus,2012-10-16 12:37:12,teknologi,overlap,"[""teknologi""]"
1794__0,1794,0,kaskus,2012-10-16 12:36:50,nuklir,overlap,"[""nuklir"", ""korupsi""]"
1795__0,1795,0,kaskus,2012-10-16 12:31:38,nuklir,overlap,"[""nuklir""]"
1795__1,1795,1,kaskus,2012-10-16 12:31:38,mentally,overlap,"[""mentally""]"
1796__0,1796,0,kaskus,2012-10-16 12:28:49,pltn,overlap,"[""pltn"", ""listrik"", ""pembangunan""]"
1796__1,1796,1,kaskus,2012-10-16 12:28:49,alasan,overlap,"[""alasan""]"
1797__0,1797,0,kaskus,2012-10-16 12:20:32,nuklir,overlap,"[""nuklir"", ""dampak""]"
1797__1,1797,1,kaskus,2012-10-16 12:20:32,font courier,rb,"[""font courier"", ""courier""]"
1797__2,1797,2,kaskus,2012-10-16 12:20:32,right,overlap,"[""right"", ""font""]"
1798__0,1798,0,kaskus,2012-10-16 12:20:31,masyarakat,overlap,"[""masyarakat""]"
1799__0,1799,0,kaskus,2012-10-16 12:14:23,negara,overlap,"[""negara""]"
1799__1,1799,1,kaskus,2012-10-16 12:14:23,indonesia,overlap,"[""indonesia"", ""alam"", ""matahari"", ""angin"", ""sumber""]"
1800__0,1800,0,kaskus,2012-10-16 12:14:20,indonesia,overlap,"[""indonesia""]"
1800__1,1800,1,kaskus,2012-10-16 12:14:20,indonesia,overlap,"[""indonesia"", ""pembangkit""]"
1800__2,1800,2,kaskus,2012-10-16 12:14:20,pembangkit,overlap,"[""pembangkit""]"
1801__0,1801,0,kaskus,2012-10-16 12:13:04,gas,overlap,"[""gas""]"
1801__1,1801,1,kaskus,2012-10-16 12:13:04,gas,overlap,"[""gas""]"
1801__2,1801,2,kaskus,2012-10-16 12:13:04,udara,rb,"[""udara"", ""blades""]"
1801__3,1801,3,kaskus,2012-10-16 12:13:04,gas,overlap,"[""gas""]"
1801__4,1801,4,kaskus,2012-10-16 12:13:04,kapasitas,overlap,"[""kapasitas""]"
1801__5,1801,5,kaskus,2012-10-16 12:13:04,multistage gas,rb,"[""multistage gas"", ""gas turbine"", ""turbine"", ""variant type"", ""type""]"
1801__6,1801,6,kaskus,2012-10-16 12:13:04,energi,overlap,"[""energi""]"
1801__7,1801,7,kaskus,2012-10-16 12:13:04,masyarakat,overlap,"[""masyarakat""]"
1801__8,1801,8,kaskus,2012-10-16 12:13:04,simpulan,rb,"[""simpulan""]"
1801__9,1801,9,kaskus,2012-10-16 12:13:04,konstruksi,overlap,"[""konstruksi""]"
1802__0,1802,0,kaskus,2012-10-16 11:50:45,url,overlap,"[""url""]"
1802__1,1802,1,kaskus,2012-10-16 11:50:45,internet,overlap,"[""internet""]"
1802__2,1802,2,kaskus,2012-10-16 11:50:45,pernyataan,rb,"[""pernyataan"", ""keberantan""]"
1802__3,1802,3,kaskus,2012-10-16 11:50:45,simple,rb,"[""simple""]"
1802__4,1802,4,kaskus,2012-10-16 11:50:45,pltn,overlap,"[""pltn"", ""url""]"
1803__0,1803,0,kaskus,2012-10-16 11:44:58,pltn,overlap,"[""pltn"", ""link""]"
1803__1,1803,1,kaskus,2012-10-16 11:44:58,diskusi,rb,"[""diskusi""]"
1803__2,1803,2,kaskus,2012-10-16 11:44:58,skip,overlap,"[""skip""]"
1804__0,1804,0,kaskus,2012-10-16 11:43:23,internet,rb,"[""internet"", ""post""]"
1804__1,1804,1,kaskus,2012-10-16 11:43:23,artikel terbaru,rb,"[""artikel terbaru""]"
1804__2,1804,2,kaskus,2012-10-16 11:43:23,resiko,overlap,"[""resiko"", ""pltn"", ""dampak""]"
1804__3,1804,3,kaskus,2012-10-16 11:43:23,pltn,overlap,"[""pltn"", ""cost""]"
1805__0,1805,0,kaskus,2012-10-16 11:36:01,itung2an,rb,"[""itung2an""]"
1805__1,1805,1,kaskus,2012-10-16 11:36:01,biaya pembangkitan,rb,"[""biaya pembangkitan"", ""pembangkitan""]"
1805__2,1805,2,kaskus,2012-10-16 11:36:01,pembangkit,overlap,"[""pembangkit""]"
1805__3,1805,3,kaskus,2012-10-16 11:36:01,,empty,[]
1805__4,1805,4,kaskus,2012-10-16 11:36:01,postingan,rb,"[""postingan""]"
1805__5,1805,5,kaskus,2012-10-16 11:36:01,aman,rb,"[""aman""]"
1805__6,1805,6,kaskus,2012-10-16 11:36:01,dibangun,rb,"[""dibangun""]"
1805__7,1805,7,kaskus,2012-10-16 11:36:01,,empty,[]
1806__0,1806,0,kaskus,2012-10-16 11:30:59,limbah,overlap,"[""limbah""]"
1806__1,1806,1,kaskus,2012-10-16 11:30:59,pltn,overlap,"[""pltn""]"
1806__2,1806,2,kaskus,2012-10-16 11:30:59,gas,overlap,"[""gas""]"
1806__3,1806,3,kaskus,2012-10-16 11:30:59,leak,rb,"[""leak"", ""radioactive"", ""failure"", ""leak radioactiv resiko"", ""radioactiv""]"
1806__4,1806,4,kaskus,2012-10-16 11:30:59,,empty,[]
1806__5,1806,5,kaskus,2012-10-16 11:30:59,,empty,[]
1806__6,1806,6,kaskus,2012-10-16 11:30:59,investasi,overlap,"[""investasi""]"
1806__7,1806,7,kaskus,2012-10-16 11:30:59,pltn,overlap,"[""pltn""]"
1806__8,1806,8,kaskus,2012-10-16 11:30:59,pltn,overlap,"[""pltn""]"
1806__9,1806,9,kaskus,2012-10-16 11:30:59,leak,rb,"[""leak"", ""radioactive"", ""akibat"", ""segi human"", ""human error""]"
1806__10,1806,10,kaskus,2012-10-16 11:30:59,patokan,overlap,"[""patokan"", ""fukusima""]"
1806__11,1806,11,kaskus,2012-10-16 11:30:59,nuklir,overlap,"[""nuklir""]"
1806__12,1806,12,kaskus,2012-10-16 11:30:59,mata,overlap,"[""mata""]"
1806__13,1806,13,kaskus,2012-10-16 11:30:59,url,overlap,"[""url"", ""contoh""]"
1806__14,1806,14,kaskus,2012-10-16 11:30:59,leak,rb,"[""leak"", ""thirty-five""]"
1806__15,1806,15,kaskus,2012-10-16 11:30:59,incident,overlap,"[""incident"", ""caused"", ""shutdown""]"
1806__16,1806,16,kaskus,2012-10-16 11:30:59,pltn,overlap,"[""pltn""]"
1806__17,1806,17,kaskus,2012-10-16 11:30:59,pltn,overlap,"[""pltn""]"
1806__18,1806,18,kaskus,2012-10-16 11:30:59,dampak,rb,"[""dampak""]"
1807__0,1807,0,kaskus,2012-10-16 11:17:59,lucu,rb,"[""lucu""]"
1807__1,1807,1,kaskus,2012-10-16 11:17:59,limbah,rb,"[""limbah""]"
1807__2,1807,2,kaskus,2012-10-16 11:17:59,plta,overlap,"[""plta""]"
1807__3,1807,3,kaskus,2012-10-16 11:17:59,nenggelamin rumah,rb,"[""nenggelamin rumah"", ""rumah sawah"", ""sawah"", ""bendungan"", ""infrastruktur""]"
1807__4,1807,4,kaskus,2012-10-16 11:17:59,biaya,overlap,"[""biaya""]"
1807__5,1807,5,kaskus,2012-10-16 11:17:59,listrik,overlap,"[""listrik"", ""negeri""]"
1807__6,1807,6,kaskus,2012-10-16 11:17:59,listrik,overlap,"[""listrik"", ""pembangkit"", ""subsidi""]"
1807__7,1807,7,kaskus,2012-10-16 11:17:59,pltn,overlap,"[""pltn""]"
1807__8,1807,8,kaskus,2012-10-16 11:17:59,limbah,overlap,"[""limbah""]"
1807__9,1807,9,kaskus,2012-10-16 11:17:59,kebakaran,overlap,"[""kebakaran"", ""pabrik""]"
1808__0,1808,0,kaskus,2012-10-16 11:15:26,subsidi,rb,"[""subsidi""]"
1809__0,1809,0,kaskus,2012-10-16 11:14:23,lucu,rb,"[""lucu""]"
1809__1,1809,1,kaskus,2012-10-16 11:14:23,surya,overlap,"[""surya"", ""listrik""]"
1809__2,1809,2,kaskus,2012-10-16 11:14:23,plts,overlap,"[""plts""]"
1809__3,1809,3,kaskus,2012-10-16 11:14:23,plts,overlap,"[""plts""]"
1809__4,1809,4,kaskus,2012-10-16 11:14:23,daerah,overlap,"[""daerah"", ""plts""]"
1810__0,1810,0,kaskus,2012-10-16 11:13:09,pltn,overlap,"[""pltn""]"
1810__1,1810,1,kaskus,2012-10-16 11:13:09,gas,overlap,"[""gas""]"
1810__2,1810,2,kaskus,2012-10-16 11:13:09,daya,overlap,"[""daya""]"
1811__0,1811,0,kaskus,2012-10-16 11:08:26,bencana,overlap,"[""bencana""]"
1811__1,1811,1,kaskus,2012-10-16 11:08:26,patokan,overlap,"[""patokan"", ""fukusima""]"
1811__2,1811,2,kaskus,2012-10-16 11:08:26,nuklir,overlap,"[""nuklir""]"
1811__3,1811,3,kaskus,2012-10-16 11:08:26,mata,overlap,"[""mata""]"
1811__4,1811,4,kaskus,2012-10-16 11:08:26,url,overlap,"[""url"", ""pltn"", ""cost"", ""reaktor""]"
1811__5,1811,5,kaskus,2012-10-16 11:08:26,maintenance,overlap,"[""maintenance""]"
1811__6,1811,6,kaskus,2012-10-16 11:08:26,daya,rb,"[""daya"", ""hidro elektrik"", ""elektrik"", ""hidro""]"
1811__7,1811,7,kaskus,2012-10-16 11:08:26,pltn,overlap,"[""pltn""]"
1811__8,1811,8,kaskus,2012-10-16 11:08:26,eropa,overlap,"[""eropa"", ""cost"", ""pltn"", ""gas"", ""resiko""]"
1811__9,1811,9,kaskus,2012-10-16 11:08:26,minim resiko,rb,"[""minim resiko"", ""maintenance"", ""investasi cepat""]"
1811__10,1811,10,kaskus,2012-10-16 11:08:26,,empty,[]
1812__0,1812,0,kaskus,2012-10-16 11:01:05,rod,rb,"[""rod"", ""pancing""]"
1812__1,1812,1,kaskus,2012-10-16 11:01:05,manual pancing,rb,"[""manual pancing"", ""pancing"", ""bon bin"", ""bin"", ""manual""]"
1812__2,1812,2,kaskus,2012-10-16 11:01:05,ular,rb,"[""ular"", ""kolong"", ""ujung kepala"", ""kepala""]"
1812__3,1812,3,kaskus,2012-10-16 11:01:05,tulisan,overlap,"[""tulisan""]"
1812__4,1812,4,kaskus,2012-10-16 11:01:05,bangunnya,rb,"[""bangunnya""]"
1812__5,1812,5,kaskus,2012-10-16 11:01:05,ayo,rb,"[""ayo""]"
1813__0,1813,0,kaskus,2012-10-16 10:34:26,,empty,[]
1813__1,1813,1,kaskus,2012-10-16 10:34:26,jepang,rb,"[""jepang""]"
1813__2,1813,2,kaskus,2012-10-16 10:34:26,efek cenobil,rb,"[""efek cenobil"", ""cenobil"", ""efek""]"
1814__0,1814,0,kaskus,2012-10-16 10:21:21,negara,overlap,"[""negara""]"
1814__1,1814,1,kaskus,2012-10-16 10:21:21,pemerintah,overlap,"[""pemerintah"", ""indonesia"", ""negara""]"
1814__2,1814,2,kaskus,2012-10-16 10:21:21,dpr,overlap,"[""dpr""]"
1815__0,1815,0,kaskus,2012-10-16 09:50:26,alasan,overlap,"[""alasan"", ""pemerintah"", ""nuklir"", ""listrik""]"
1815__1,1815,1,kaskus,2012-10-16 09:50:26,korupsi,overlap,"[""korupsi""]"
1815__2,1815,2,kaskus,2012-10-16 09:50:26,surya,overlap,"[""surya""]"
1815__3,1815,3,kaskus,2012-10-16 09:50:26,alasan,overlap,"[""alasan""]"
1815__4,1815,4,kaskus,2012-10-16 09:50:26,indonesia,overlap,"[""indonesia"", ""negeri"", ""rakyat""]"
1815__5,1815,5,kaskus,2012-10-16 09:50:26,rakyat,overlap,"[""rakyat"", ""size""]"
1816__0,1816,0,kaskus,2012-10-16 09:39:40,pltn,overlap,"[""pltn""]"
1816__1,1816,1,kaskus,2012-10-16 09:39:40,kalimantan,overlap,"[""kalimantan""]"
1816__2,1816,2,kaskus,2012-10-16 09:39:40,batubara,overlap,"[""batubara""]"
1816__3,1816,3,kaskus,2012-10-16 09:39:40,plta,overlap,"[""plta""]"
1816__4,1816,4,kaskus,2012-10-16 09:39:40,resiko,overlap,"[""resiko""]"
1816__5,1816,5,kaskus,2012-10-16 09:39:40,mati,overlap,"[""mati""]"
1817__0,1817,0,kaskus,2012-10-16 09:38:35,fakta,overlap,"[""fakta""]"
1817__1,1817,1,kaskus,2012-10-16 09:38:35,lw,rb,"[""lw"", ""force"", ""majeur""]"
1817__2,1817,2,kaskus,2012-10-16 09:38:35,lw,rb,"[""lw""]"
1817__3,1817,3,kaskus,2012-10-16 09:38:35,jalan,unsup,"[""jalan""]"
1817__4,1817,4,kaskus,2012-10-16 09:38:35,pltn,overlap,"[""pltn""]"
1817__5,1817,5,kaskus,2012-10-16 09:38:35,kejadian,overlap,"[""kejadian""]"
1818__0,1818,0,kaskus,2012-10-16 09:38:08,pt.kai,rb,"[""pt.kai"", ""kereta peluru shinkansen"", ""peluru"", ""shinkansen"", ""tgv""]"
1819__0,1819,0,kaskus,2012-10-16 09:36:44,bencana,overlap,"[""bencana""]"
1820__0,1820,0,kaskus,2012-10-16 09:28:47,keamanan,rb,"[""keamanan""]"
1821__0,1821,0,kaskus,2012-10-16 09:26:48,indonesia,overlap,"[""indonesia""]"
1821__1,1821,1,kaskus,2012-10-16 09:26:48,bencana,overlap,"[""bencana"", ""pltn"", ""rakyat"", ""indonesia""]"
1821__2,1821,2,kaskus,2012-10-16 09:26:48,pilihan,overlap,"[""pilihan""]"
1821__3,1821,3,kaskus,2012-10-16 09:26:48,silahkan cek,rb,"[""silahkan cek""]"
1821__4,1821,4,kaskus,2012-10-16 09:26:48,batubara,overlap,"[""batubara""]"
1821__5,1821,5,kaskus,2012-10-16 09:26:48,jawa,overlap,"[""jawa"", ""plta"", ""listrik""]"
1821__6,1821,6,kaskus,2012-10-16 09:26:48,color,overlap,"[""color""]"
1822__0,1822,0,kaskus,2012-10-16 09:24:20,pln,overlap,"[""pln"", ""pltn""]"
1822__1,1822,1,kaskus,2012-10-16 09:24:20,duit,overlap,"[""duit""]"
1822__2,1822,2,kaskus,2012-10-16 09:24:20,sdm,overlap,"[""sdm""]"
1822__3,1822,3,kaskus,2012-10-16 09:24:20,nuklir,overlap,"[""nuklir"", ""riset"", ""reaktor""]"
1822__4,1822,4,kaskus,2012-10-16 09:24:20,pola pikir,rb,"[""pola pikir"", ""pikir safety"", ""safety"", ""first"", ""reaktor nuklir""]"
1822__5,1822,5,kaskus,2012-10-16 09:24:20,batan,overlap,"[""batan"", ""iaea""]"
1822__6,1822,6,kaskus,2012-10-16 09:24:20,bangsa,overlap,"[""bangsa""]"
1822__7,1822,7,kaskus,2012-10-16 09:24:20,gempa,overlap,"[""gempa"", ""sdm""]"
1822__8,1822,8,kaskus,2012-10-16 09:24:20,singapore,overlap,"[""singapore"", ""inferioritas""]"
1822__9,1822,9,kaskus,2012-10-16 09:24:20,pltn,overlap,"[""pltn"", ""plts"", ""energi""]"
1822__10,1822,10,kaskus,2012-10-16 09:24:20,listrik,overlap,"[""listrik"", ""subsidi"", ""biaya""]"
1823__0,1823,0,kaskus,2012-10-16 09:15:21,pln,overlap,"[""pln"", ""informasi"", ""hasil""]"
1824__0,1824,0,kaskus,2012-10-16 07:46:47,,empty,[]
1824__1,1824,1,kaskus,2012-10-16 07:46:47,pesen kapal,rb,"[""pesen kapal"", ""kapal selam nuklir"", ""nuklir biji"", ""biji"", ""pesen""]"
1824__2,1824,2,kaskus,2012-10-16 07:46:47,nuklir,overlap,"[""nuklir"", ""tenaga""]"
1824__3,1824,3,kaskus,2012-10-16 07:46:47,energi,overlap,"[""energi"", ""sumber""]"
1824__4,1824,4,kaskus,2012-10-16 07:46:47,proyeknya,overlap,"[""proyeknya"", ""design""]"
1824__5,1824,5,kaskus,2012-10-16 07:46:47,kalimantan,overlap,"[""kalimantan""]"
1824__6,1824,6,kaskus,2012-10-16 07:46:47,negara,overlap,"[""negara""]"
1825__0,1825,0,kaskus,2012-10-16 07:38:19,batan,overlap,"[""batan"", ""iaea""]"
1826__0,1826,0,kaskus,2012-10-16 07:37:19,standart pengelolaan,rb,"[""standart pengelolaan"", ""pengelolaan"", ""standart""]"
1826__1,1826,1,kaskus,2012-10-16 07:37:19,negeri,overlap,"[""negeri""]"
1826__2,1826,2,kaskus,2012-10-16 07:37:19,sekilo,overlap,"[""sekilo"", ""jatah""]"
1826__3,1826,3,kaskus,2012-10-16 07:37:19,bahaya,overlap,"[""bahaya"", ""indonesia"", ""pulau""]"
1827__0,1827,0,kaskus,2012-10-16 07:36:58,laut,overlap,"[""laut"", ""matahari"", ""uranium"", ""ombak"", ""energi""]"
1827__1,1827,1,kaskus,2012-10-16 07:36:58,pembangkit rada,rb,"[""pembangkit rada"", ""rada repot"", ""pembangkit""]"
1827__2,1827,2,kaskus,2012-10-16 07:36:58,indonesia,overlap,"[""indonesia"", ""nuklir""]"
1827__3,1827,3,kaskus,2012-10-16 07:36:58,kalimantan,overlap,"[""kalimantan""]"
1827__4,1827,4,kaskus,2012-10-16 07:36:58,kalimantan,overlap,"[""kalimantan"", ""gempa""]"
1827__5,1827,5,kaskus,2012-10-16 07:36:58,wilayah,overlap,"[""wilayah"", ""ring"", ""fire""]"
1827__6,1827,6,kaskus,2012-10-16 07:36:58,kalimantan,overlap,"[""kalimantan"", ""pulau"", ""minyak"", ""batubara""]"
1827__7,1827,7,kaskus,2012-10-16 07:36:58,lampu,overlap,"[""lampu""]"
1828__0,1828,0,kaskus,2012-10-16 07:35:55,pemerintahan,overlap,"[""pemerintahan""]"
1828__1,1828,1,kaskus,2012-10-16 07:35:55,cacad,overlap,"[""cacad""]"
1828__2,1828,2,kaskus,2012-10-16 07:35:55,resiko,overlap,"[""resiko"", ""listrik"", ""tenaga""]"
1829__0,1829,0,kaskus,2012-10-16 07:32:25,korupsi,overlap,"[""korupsi"", ""negara"", ""pltn""]"
1830__0,1830,0,kaskus,2012-10-16 07:29:02,resiko,overlap,"[""resiko""]"
1831__0,1831,0,kaskus,2012-10-16 07:26:56,alam,overlap,"[""alam"", ""manusia""]"
1831__1,1831,1,kaskus,2012-10-16 07:26:56,benua,overlap,"[""benua"", ""lempeng""]"
1831__2,1831,2,kaskus,2012-10-16 07:26:56,jepang,overlap,"[""jepang"", ""nuklir"", ""fukushima"", ""reaktor""]"
1831__3,1831,3,kaskus,2012-10-16 07:26:56,tsunami,overlap,"[""tsunami""]"
1831__4,1831,4,kaskus,2012-10-16 07:26:56,manusia,rb,"[""manusia"", ""alam""]"
1831__5,1831,5,kaskus,2012-10-16 07:26:56,alam,overlap,"[""alam""]"
1832__0,1832,0,kaskus,2012-10-16 07:18:34,pltn,overlap,"[""pltn"", ""lingkungan""]"
1833__0,1833,0,kaskus,2012-10-16 04:03:51,indonesia,overlap,"[""indonesia""]"
1833__1,1833,1,kaskus,2012-10-16 04:03:51,negara,overlap,"[""negara"", ""jepang"", ""indonesia"", ""ahli"", ""sumber""]"
1833__2,1833,2,kaskus,2012-10-16 04:03:51,listrik,overlap,"[""listrik"", ""air"", ""angin"", ""lingkungan"", ""tenaga""]"
1834__0,1834,0,kaskus,2012-10-16 02:20:42,teknologi,overlap,"[""teknologi""]"
1834__1,1834,1,kaskus,2012-10-16 02:20:42,indonesia,overlap,"[""indonesia""]"
1834__2,1834,2,kaskus,2012-10-16 02:20:42,maintenance,overlap,"[""maintenance""]"
1834__3,1834,3,kaskus,2012-10-16 02:20:42,maintenance,overlap,"[""maintenance""]"
1834__4,1834,4,kaskus,2012-10-16 02:20:42,teknologi,overlap,"[""teknologi""]"
1834__5,1834,5,kaskus,2012-10-16 02:20:42,listrik,overlap,"[""listrik"", ""hydro"", ""ombak"", ""tenaga""]"
1834__6,1834,6,kaskus,2012-10-16 02:20:42,inti aman aman,rb,"[""inti aman aman""]"
1835__0,1835,0,kaskus,2012-10-16 02:09:15,indonesia,overlap,"[""indonesia""]"
1835__1,1835,1,kaskus,2012-10-16 02:09:15,energi,overlap,"[""energi"", ""fukushima"", ""jalan"", ""sumber"", ""pltn""]"
1835__2,1835,2,kaskus,2012-10-16 02:09:15,jalan,overlap,"[""jalan"", ""energi"", ""sumber""]"
1835__3,1835,3,kaskus,2012-10-16 02:09:15,nuklir,overlap,"[""nuklir"", ""bahaya""]"
1835__4,1835,4,kaskus,2012-10-16 02:09:15,,empty,[]
1835__5,1835,5,kaskus,2012-10-16 02:09:15,tanah,overlap,"[""tanah""]"
1835__6,1835,6,kaskus,2012-10-16 02:09:15,,empty,[]
1835__7,1835,7,kaskus,2012-10-16 02:09:15,indonesia,overlap,"[""indonesia""]"
1835__8,1835,8,kaskus,2012-10-16 02:09:15,nuklir,overlap,"[""nuklir"", ""pltn""]"
1835__9,1835,9,kaskus,2012-10-16 02:09:15,korupsi,overlap,"[""korupsi"", ""bahan""]"
1835__10,1835,10,kaskus,2012-10-16 02:09:15,kaya gedung olahraga,rb,"[""kaya gedung olahraga"", ""olahraga""]"
1835__11,1835,11,kaskus,2012-10-16 02:09:15,pltn,overlap,"[""pltn"", ""fukushima""]"
1835__12,1835,12,kaskus,2012-10-16 02:09:15,coba,rb,"[""coba""]"
1835__13,1835,13,kaskus,2012-10-16 02:09:15,kota mati,rb,"[""kota mati""]"
1835__14,1835,14,kaskus,2012-10-16 02:09:15,indonesia,overlap,"[""indonesia"", ""gempa""]"
1835__15,1835,15,kaskus,2012-10-16 02:09:15,gempa,overlap,"[""gempa"", ""pltn""]"
1835__16,1835,16,kaskus,2012-10-16 02:09:15,penduduk,overlap,"[""penduduk""]"
1835__17,1835,17,kaskus,2012-10-16 02:09:15,indonesia,overlap,"[""indonesia"", ""matahari"", ""tenaga""]"
1835__18,1835,18,kaskus,2012-10-16 02:09:15,surya,overlap,"[""surya""]"
1835__19,1835,19,kaskus,2012-10-16 02:09:15,harga,overlap,"[""harga""]"
1835__20,1835,20,kaskus,2012-10-16 02:09:15,indonesia,overlap,"[""indonesia"", ""surya""]"
1835__21,1835,21,kaskus,2012-10-16 02:09:15,angin,overlap,"[""angin"", ""tenaga""]"
1835__22,1835,22,kaskus,2012-10-16 02:09:15,,empty,[]
1836__0,1836,0,kaskus,2012-10-16 01:45:57,lingkungan,overlap,"[""lingkungan""]"
1836__1,1836,1,kaskus,2012-10-16 01:45:57,lingkungan,overlap,"[""lingkungan"", ""radiasi""]"
1836__2,1836,2,kaskus,2012-10-16 01:45:57,cs-137,rb,"[""cs-137"", ""limbah""]"
1836__3,1836,3,kaskus,2012-10-16 01:45:57,nuklir,overlap,"[""nuklir""]"
1836__4,1836,4,kaskus,2012-10-16 01:45:57,energi,overlap,"[""energi""]"
1836__5,1836,5,kaskus,2012-10-16 01:45:57,energi,overlap,"[""energi"", ""pltn"", ""nuklir"", ""bencana""]"
1836__6,1836,6,kaskus,2012-10-16 01:45:57,,empty,[]
1836__7,1836,7,kaskus,2012-10-16 01:45:57,bocor,rb,"[""bocor""]"
1837__0,1837,0,kaskus,2012-10-16 01:30:29,hidroelektrik,rb,"[""hidroelektrik"", ""url url"", ""url hidroelectric"", ""hidroelectric"", ""cost""]"
1837__1,1837,1,kaskus,2012-10-16 01:30:29,biaya,overlap,"[""biaya""]"
1837__2,1837,2,kaskus,2012-10-16 01:30:29,gas,overlap,"[""gas"", ""daya""]"
1837__3,1837,3,kaskus,2012-10-16 01:30:29,pemerintah,overlap,"[""pemerintah""]"
1837__4,1837,4,kaskus,2012-10-16 01:30:29,batubara,overlap,"[""batubara""]"
1837__5,1837,5,kaskus,2012-10-16 01:30:29,pltn,overlap,"[""pltn""]"
1838__0,1838,0,kaskus,2012-10-16 01:14:39,serem,overlap,"[""serem""]"
1838__1,1838,1,kaskus,2012-10-16 01:14:39,efesien,overlap,"[""efesien""]"
1838__2,1838,2,kaskus,2012-10-16 01:14:39,daerah,overlap,"[""daerah""]"
1839__0,1839,0,kaskus,2012-10-16 01:10:56,energi,overlap,"[""energi""]"
1839__1,1839,1,kaskus,2012-10-16 01:10:56,plta,overlap,"[""plta""]"
1839__2,1839,2,kaskus,2012-10-16 01:10:56,plta,overlap,"[""plta"", ""dampak""]"
1839__3,1839,3,kaskus,2012-10-16 01:10:56,plta,overlap,"[""plta"", ""proyek""]"
1839__4,1839,4,kaskus,2012-10-16 01:10:56,negeri,overlap,"[""negeri""]"
1839__5,1839,5,kaskus,2012-10-16 01:10:56,plta,overlap,"[""plta""]"
1839__6,1839,6,kaskus,2012-10-16 01:10:56,plta,overlap,"[""plta"", ""air"", ""indonesia""]"
1839__7,1839,7,kaskus,2012-10-16 01:10:56,saguling,overlap,"[""saguling"", ""jatiluhur"", ""dam""]"
1839__8,1839,8,kaskus,2012-10-16 01:10:56,radiasi,overlap,"[""radiasi"", ""batubara""]"
1839__9,1839,9,kaskus,2012-10-16 01:10:56,radiasi,overlap,"[""radiasi"", ""batubara"", ""nuklir""]"
1839__10,1839,10,kaskus,2012-10-16 01:10:56,pltn,overlap,"[""pltn""]"
1840__0,1840,0,kaskus,2012-10-16 01:03:46,investasi,overlap,"[""investasi"", ""pltn""]"
1840__1,1840,1,kaskus,2012-10-16 01:03:46,negara,overlap,"[""negara"", ""eropa"", ""pltn"", ""biaya""]"
1840__2,1840,2,kaskus,2012-10-16 01:03:46,alternatif,overlap,"[""alternatif"", ""power"", ""gas""]"
1840__3,1840,3,kaskus,2012-10-16 01:03:46,nuklir,overlap,"[""nuklir"", ""power""]"
1840__4,1840,4,kaskus,2012-10-16 01:03:46,money,overlap,"[""money"", ""researching""]"
1840__5,1840,5,kaskus,2012-10-16 01:03:46,overall,overlap,"[""overall"", ""renewables"", ""insignificance""]"
1840__6,1840,6,kaskus,2012-10-16 01:03:46,compare,rb,"[""compare"", ""nuklir""]"
1840__7,1840,7,kaskus,2012-10-16 01:03:46,fact,rb,"[""fact""]"
1840__8,1840,8,kaskus,2012-10-16 01:03:46,uk,rb,"[""uk""]"
1840__9,1840,9,kaskus,2012-10-16 01:03:46,look,overlap,"[""look"", ""fusion"", ""fission"", ""achieved"", ""pound""]"
1840__10,1840,10,kaskus,2012-10-16 01:03:46,furthermore,rb,"[""furthermore"", ""technologies"", ""newer"", ""still"", ""stones""]"
1840__11,1840,11,kaskus,2012-10-16 01:03:46,nuklir,overlap,"[""nuklir""]"
1840__12,1840,12,kaskus,2012-10-16 01:03:46,power,overlap,"[""power""]"
1840__13,1840,13,kaskus,2012-10-16 01:03:46,reactors,overlap,"[""reactors"", ""extremely"", ""expensive"", ""build""]"
1840__14,1840,14,kaskus,2012-10-16 01:03:46,returns,overlap,"[""returns"", ""may"", ""great"", ""also"", ""slow""]"
1840__15,1840,15,kaskus,2012-10-16 01:03:46,take,overlap,"[""take"", ""decades"", ""recoup"", ""initial"", ""costs""]"
1840__16,1840,16,kaskus,2012-10-16 01:03:46,many investors,rb,"[""many investors"", ""short attention"", ""investment"", ""pay"", ""long investment pay b""]"
1841__0,1841,0,kaskus,2012-10-16 00:50:36,energi,overlap,"[""energi"", ""bahaya"", ""pltn"", ""sumber""]"
1842__0,1842,0,kaskus,2012-10-16 00:46:46,nuklir,overlap,"[""nuklir"", ""pembangunan""]"
1842__1,1842,1,kaskus,2012-10-16 00:46:46,energi,overlap,"[""energi"", ""url""]"
1842__2,1842,2,kaskus,2012-10-16 00:46:46,url,overlap,"[""url"", ""energi""]"
1842__3,1842,3,kaskus,2012-10-16 00:46:46,air,overlap,"[""air"", ""url""]"
1843__0,1843,0,kaskus,2012-10-16 00:41:53,,empty,[]
1843__1,1843,1,kaskus,2012-10-16 00:41:53,indonesia,overlap,"[""indonesia"", ""perusahaan""]"
1843__2,1843,2,kaskus,2012-10-16 00:41:53,diawasi dikorupsi,rb,"[""diawasi dikorupsi""]"
1843__3,1843,3,kaskus,2012-10-16 00:41:53,,empty,[]
1844__0,1844,0,kaskus,2012-10-16 00:39:37,kota,overlap,"[""kota""]"
1845__0,1845,0,kaskus,2012-10-16 00:38:01,nuklir,overlap,"[""nuklir"", ""url""]"
1845__1,1845,1,kaskus,2012-10-16 00:38:01,nuklir,overlap,"[""nuklir"", ""bencana"", ""limbah"", ""potensi""]"
1846__0,1846,0,kaskus,2012-10-16 00:32:06,keren2an,overlap,"[""keren2an""]"
1846__1,1846,1,kaskus,2012-10-16 00:32:06,resiko,overlap,"[""resiko""]"
1846__2,1846,2,kaskus,2012-10-16 00:32:06,reliable,overlap,"[""reliable""]"
1846__3,1846,3,kaskus,2012-10-16 00:32:06,,empty,[]
1846__4,1846,4,kaskus,2012-10-16 00:32:06,hidroelektrik,rb,"[""hidroelektrik"", ""energi alternatif""]"
1846__5,1846,5,kaskus,2012-10-16 00:32:06,daya,overlap,"[""daya""]"
1846__6,1846,6,kaskus,2012-10-16 00:32:06,gas,overlap,"[""gas""]"
1846__7,1846,7,kaskus,2012-10-16 00:32:06,,empty,[]
1846__8,1846,8,kaskus,2012-10-16 00:32:06,negara,overlap,"[""negara"", ""nuklir"", ""url"", ""bencana""]"
1846__9,1846,9,kaskus,2012-10-16 00:32:06,nuklir,overlap,"[""nuklir""]"
1846__10,1846,10,kaskus,2012-10-16 00:32:06,maintenance murah,rb,"[""maintenance murah""]"
1847__0,1847,0,kaskus,2012-10-16 00:18:09,energi,overlap,"[""energi""]"
1847__1,1847,1,kaskus,2012-10-16 00:18:09,indonesia,overlap,"[""indonesia"", ""harga"", ""rakyat""]"
1847__2,1847,2,kaskus,2012-10-16 00:18:09,rakyat,overlap,"[""rakyat"", ""indonesia"", ""dunia"", ""lingkungan""]"
1848__0,1848,0,kaskus,2012-10-16 00:10:37,energi,overlap,"[""energi"", ""air"", ""angin"", ""batubara"", ""sumber""]"
1848__1,1848,1,kaskus,2012-10-16 00:10:37,resiko,overlap,"[""resiko""]"
1848__2,1848,2,kaskus,2012-10-16 00:10:37,chernobyl,overlap,"[""chernobyl"", ""fukushima"", ""gempa"", ""tsunami""]"
1848__3,1848,3,kaskus,2012-10-16 00:10:37,negara,overlap,"[""negara"", ""jerman"", ""reaktor""]"
1848__4,1848,4,kaskus,2012-10-16 00:10:37,jepang,overlap,"[""jepang"", ""nuklir"", ""indonesia""]"
1848__5,1848,5,kaskus,2012-10-16 00:10:37,energi,overlap,"[""energi"", ""negara"", ""potensi""]"
1849__0,1849,0,kaskus,2012-10-16 00:10:07,pln,overlap,"[""pln"", ""pemerintah""]"
1849__1,1849,1,kaskus,2012-10-16 00:10:07,alternatif,overlap,"[""alternatif"", ""pln"", ""proyek""]"
1849__2,1849,2,kaskus,2012-10-16 00:10:07,pltn,overlap,"[""pltn"", ""maintenance"", ""pembangkit""]"
1849__3,1849,3,kaskus,2012-10-16 00:10:07,maintenance,overlap,"[""maintenance"", ""pembangkit""]"
1849__4,1849,4,kaskus,2012-10-16 00:10:07,biaya,overlap,"[""biaya""]"
1849__5,1849,5,kaskus,2012-10-16 00:10:07,nuklir,overlap,"[""nuklir"", ""potensi""]"
1849__6,1849,6,kaskus,2012-10-16 00:10:07,resiko,overlap,"[""resiko""]"
1849__7,1849,7,kaskus,2012-10-16 00:10:07,nuklir,overlap,"[""nuklir"", ""industri"", ""limbah""]"
1849__8,1849,8,kaskus,2012-10-16 00:10:07,nuklir,overlap,"[""nuklir""]"
1849__9,1849,9,kaskus,2012-10-16 00:10:07,listrik,overlap,"[""listrik"", ""negara"", ""eropa"", ""amerika"", ""bencana""]"
1849__10,1849,10,kaskus,2012-10-16 00:10:07,pltn,overlap,"[""pltn""]"
1849__11,1849,11,kaskus,2012-10-16 00:10:07,indonesia,overlap,"[""indonesia"", ""pltn""]"
1849__12,1849,12,kaskus,2012-10-16 00:10:07,alternatif,overlap,"[""alternatif"", ""maintenance""]"
1850__0,1850,0,kaskus,2012-10-16 00:06:08,,empty,[]
1851__0,1851,0,kaskus,2012-10-16 00:04:52,indonesia,overlap,"[""indonesia""]"
1852__0,1852,0,kaskus,2012-10-16 00:01:30,nuklir,overlap,"[""nuklir""]"
1852__1,1852,1,kaskus,2012-10-16 00:01:30,pageone,rb,"[""pageone""]"
1852__2,1852,2,kaskus,2012-10-16 00:01:30,nuklir,overlap,"[""nuklir""]"
1852__3,1852,3,kaskus,2012-10-16 00:01:30,komentar,overlap,"[""komentar"", ""total""]"
1852__4,1852,4,kaskus,2012-10-16 00:01:30,cekpms,rb,"[""cekpms"", ""bata"", ""mentang"", ""koleksi bata"", ""bata batas""]"
1852__5,1852,5,kaskus,2012-10-16 00:01:30,bodoh,rb,"[""bodoh""]"
1852__6,1852,6,kaskus,2012-10-16 00:01:30,kalimat anti,rb,"[""kalimat anti"", ""kalimat""]"
1852__7,1852,7,kaskus,2012-10-16 00:01:30,,empty,[]
1852__8,1852,8,kaskus,2012-10-16 00:01:30,opini publik,rb,"[""opini publik"", ""publik"", ""opini""]"
1852__9,1852,9,kaskus,2012-10-16 00:01:30,mendukung,rb,"[""mendukung""]"
1852__10,1852,10,kaskus,2012-10-16 00:01:30,mendukung,unsup,"[""mendukung""]"
1852__11,1852,11,kaskus,2012-10-16 00:01:30,nuklir,rb,"[""nuklir""]"
1852__12,1852,12,kaskus,2012-10-16 00:01:30,nuklir,overlap,"[""nuklir""]"
1852__13,1852,13,kaskus,2012-10-16 00:01:30,nuklir,overlap,"[""nuklir""]"
1852__14,1852,14,kaskus,2012-10-16 00:01:30,nuklir,unsup,"[""nuklir""]"
1852__15,1852,15,kaskus,2012-10-16 00:01:30,,empty,[]
1852__16,1852,16,kaskus,2012-10-16 00:01:30,nuklir,rb,"[""nuklir"", ""energi""]"
1852__17,1852,17,kaskus,2012-10-16 00:01:30,energi,rb,"[""energi"", ""anugerah"", ""tuhan""]"
1852__18,1852,18,kaskus,2012-10-16 00:01:30,tuhan,rb,"[""tuhan""]"
1852__19,1852,19,kaskus,2012-10-16 00:01:30,kaskuser,rb,"[""kaskuser"", ""untung"", ""resiko""]"
1852__20,1852,20,kaskus,2012-10-16 00:01:30,pengusaha,rb,"[""pengusaha""]"
1852__21,1852,21,kaskus,2012-10-16 00:01:30,resiko,rb,"[""resiko""]"
1852__22,1852,22,kaskus,2012-10-16 00:01:30,nuklir,rb,"[""nuklir""]"
1852__23,1852,23,kaskus,2012-10-16 00:01:30,nuklir,rb,"[""nuklir"", ""energi"", ""penanganan ekstra"", ""ekstra""]"
1852__24,1852,24,kaskus,2012-10-16 00:01:30,pesan,rb,"[""pesan"", ""baik-baik nuklir"", ""nuklir""]"
1852__25,1852,25,kaskus,2012-10-16 00:01:30,sumber referensi,rb,"[""sumber referensi"", ""referensi"", ""kebenaran ilmiah"", ""sumber"", ""kebenaran""]"
1852__26,1852,26,kaskus,2012-10-16 00:01:30,komentar,rb,"[""komentar""]"
1852__27,1852,27,kaskus,2012-10-16 00:01:30,argument informasi,rb,"[""argument informasi"", ""informasi"", ""argument""]"
1852__28,1852,28,kaskus,2012-10-16 00:01:30,batan tek,rb,"[""batan tek"", ""tek"", ""produsen nuklir link"", ""nuklir terbesar"", ""link url""]"
1852__29,1852,29,kaskus,2012-10-16 00:01:30,dahlan,rb,"[""dahlan"", ""iskan"", ""garuda"", ""batantek"", ""link url""]"
1852__30,1852,30,kaskus,2012-10-16 00:01:30,informasi,unsup,"[""informasi""]"
1852__31,1852,31,kaskus,2012-10-16 00:01:30,nuklir,unsup,"[""nuklir"", ""url"", ""batan""]"
1852__32,1852,32,kaskus,2012-10-16 00:01:30,link,unsup,"[""link"", ""url""]"
1853__0,1853,0,kaskus,2012-10-15 23:56:33,setuju,rb,"[""setuju""]"
1853__1,1853,1,kaskus,2012-10-15 23:56:33,informasi,overlap,"[""informasi""]"
1853__2,1853,2,kaskus,2012-10-15 23:56:33,hrga mhal,rb,"[""hrga mhal"", ""hrga""]"
1853__3,1853,3,kaskus,2012-10-15 23:56:33,pltu,overlap,"[""pltu""]"
1853__4,1853,4,kaskus,2012-10-15 23:56:33,surya,overlap,"[""surya""]"
1854__0,1854,0,kaskus,2012-10-15 23:51:19,,empty,[]
1854__1,1854,1,kaskus,2012-10-15 23:51:19,dampak,overlap,"[""dampak""]"
1855__0,1855,0,kaskus,2012-10-15 23:51:13,amerika,unsup,"[""amerika""]"
1855__1,1855,1,kaskus,2012-10-15 23:51:13,pltu,overlap,"[""pltu""]"
1855__2,1855,2,kaskus,2012-10-15 23:51:13,kmajuan negara,rb,"[""kmajuan negara"", ""negara kite"", ""kite"", ""kmajuan""]"
1855__3,1855,3,kaskus,2012-10-15 23:51:13,cmiw,overlap,"[""cmiw""]"
1856__0,1856,0,kaskus,2012-10-15 23:49:37,listrik,overlap,"[""listrik""]"
1856__1,1856,1,kaskus,2012-10-15 23:49:37,laut,overlap,"[""laut"", ""air"", ""surya""]"
1856__2,1856,2,kaskus,2012-10-15 23:49:37,khayalan,rb,"[""khayalan""]"
1857__0,1857,0,kaskus,2012-10-15 23:44:00,indonesia,overlap,"[""indonesia"", ""ahli"", ""reaktor"", ""tenaga""]"
1857__1,1857,1,kaskus,2012-10-15 23:44:00,masyarakat,overlap,"[""masyarakat"", ""nuklir""]"
1857__2,1857,2,kaskus,2012-10-15 23:44:00,bahaya buruk,rb,"[""bahaya buruk""]"
1858__0,1858,0,kaskus,2012-10-15 23:40:43,power,overlap,"[""power"", ""amerika"", ""negara""]"
1858__1,1858,1,kaskus,2012-10-15 23:40:43,utang,overlap,"[""utang"", ""pengurangan""]"
1859__0,1859,0,kaskus,2012-10-15 23:38:03,pltn,overlap,"[""pltn"", ""indonesia""]"
1859__1,1859,1,kaskus,2012-10-15 23:38:03,fosil,overlap,"[""fosil"", ""minyak""]"
1859__2,1859,2,kaskus,2012-10-15 23:38:03,,empty,[]
1860__0,1860,0,kaskus,2012-10-15 23:34:52,nuklir,overlap,"[""nuklir"", ""pengembangan""]"
1861__0,1861,0,kaskus,2012-10-15 23:32:53,setuju siihh,rb,"[""setuju siihh""]"
1861__1,1861,1,kaskus,2012-10-15 23:32:53,ahli,overlap,"[""ahli"", ""tenaga""]"
1862__0,1862,0,kaskus,2012-10-15 23:31:08,indonesia,overlap,"[""indonesia"", ""sistem""]"
1862__1,1862,1,kaskus,2012-10-15 23:31:08,safety,rb,"[""safety""]"
1862__2,1862,2,kaskus,2012-10-15 23:31:08,sdm,overlap,"[""sdm""]"
1862__3,1862,3,kaskus,2012-10-15 23:31:08,pltn,overlap,"[""pltn""]"
1862__4,1862,4,kaskus,2012-10-15 23:31:08,,empty,[]
1862__5,1862,5,kaskus,2012-10-15 23:31:08,indonesia,overlap,"[""indonesia"", ""negara""]"
1862__6,1862,6,kaskus,2012-10-15 23:31:08,inginnya,rb,"[""inginnya""]"
1862__7,1862,7,kaskus,2012-10-15 23:31:08,indonesia,overlap,"[""indonesia"", ""energi""]"
1862__8,1862,8,kaskus,2012-10-15 23:31:08,sdm,rb,"[""sdm"", ""engineer"", ""pltn"", ""indonesia""]"
1862__9,1862,9,kaskus,2012-10-15 23:31:08,indonesia,overlap,"[""indonesia""]"
1862__10,1862,10,kaskus,2012-10-15 23:31:08,ribet,rb,"[""ribet"", ""politik""]"
1862__11,1862,11,kaskus,2012-10-15 23:31:08,pltn isu,rb,"[""pltn isu"", ""isu"", ""indonesia"", ""senjata pemusnah"", ""pemusnah massal""]"
1862__12,1862,12,kaskus,2012-10-15 23:31:08,isu,rb,"[""isu"", ""negara"", ""kedamaian dunia"", ""dunia"", ""kedamaian""]"
1862__13,1862,13,kaskus,2012-10-15 23:31:08,alot,rb,"[""alot"", ""koruptor kelas"", ""kelas kakap"", ""kakap"", ""pemerintahan""]"
1862__14,1862,14,kaskus,2012-10-15 23:31:08,korupsi,rb,"[""korupsi"", ""kebutuhan energi"", ""energi"", ""nuklir"", ""kebutuhan""]"
1862__15,1862,15,kaskus,2012-10-15 23:31:08,koruptor,overlap,"[""koruptor""]"
1862__16,1862,16,kaskus,2012-10-15 23:31:08,nuklir,unsup,"[""nuklir"", ""korupsi"", ""energi"", ""kebutuhan""]"
1862__17,1862,17,kaskus,2012-10-15 23:31:08,,empty,[]
1863__0,1863,0,kaskus,2012-10-15 23:29:16,energi,overlap,"[""energi""]"
1863__1,1863,1,kaskus,2012-10-15 23:29:16,energi,overlap,"[""energi"", ""nuklir"", ""pembangkit""]"
1864__0,1864,0,kaskus,2012-10-15 23:24:55,pltn,overlap,"[""pltn"", ""energi"", ""kebutuhan""]"
1864__1,1864,1,kaskus,2012-10-15 23:24:55,rakyat,overlap,"[""rakyat"", ""pltn"", ""masyarakat""]"
1864__2,1864,2,kaskus,2012-10-15 23:24:55,pltn,overlap,"[""pltn"", ""nuklir"", ""bahan"", ""masyarakat""]"
1864__3,1864,3,kaskus,2012-10-15 23:24:55,pltn,overlap,"[""pltn"", ""chernobyl"", ""jepang"", ""teknologi"", ""nuklir""]"
1864__4,1864,4,kaskus,2012-10-15 23:24:55,pltn,overlap,"[""pltn"", ""indonesia"", ""proyek""]"
1865__0,1865,0,kaskus,2012-10-15 23:12:48,rakyat,overlap,"[""rakyat"", ""kebutuhan""]"
1866__0,1866,0,kaskus,2012-10-15 16:19:05,pltn,overlap,"[""pltn"", ""gas"", ""surya"", ""minyak""]"
1866__1,1866,1,kaskus,2012-10-15 16:19:05,gas,overlap,"[""gas"", ""uranium"", ""jepang"", ""pltn""]"
1866__2,1866,2,kaskus,2012-10-15 16:19:05,gempa,overlap,"[""gempa""]"
1866__3,1866,3,kaskus,2012-10-15 16:19:05,surya,overlap,"[""surya""]"
1867__0,1867,0,kaskus,2012-10-15 14:57:15,tumben,overlap,"[""tumben"", ""kumpul-kumpul""]"
1867__1,1867,1,kaskus,2012-10-15 14:57:15,nuklir,overlap,"[""nuklir"", ""lingkungan""]"
1867__2,1867,2,kaskus,2012-10-15 14:57:15,lingkungan,rb,"[""lingkungan""]"
1867__3,1867,3,kaskus,2012-10-15 14:57:15,beres,rb,"[""beres""]"
1867__4,1867,4,kaskus,2012-10-15 14:57:15,pltn,overlap,"[""pltn""]"
1867__5,1867,5,kaskus,2012-10-15 14:57:15,limbah,rb,"[""limbah""]"
1867__6,1867,6,kaskus,2012-10-15 14:57:15,,empty,[]
1867__7,1867,7,kaskus,2012-10-15 14:57:15,makanan,overlap,"[""makanan""]"
1867__8,1867,8,kaskus,2012-10-15 14:57:15,energi alternatif,rb,"[""energi alternatif""]"
1867__9,1867,9,kaskus,2012-10-15 14:57:15,ombak susah capturing,rb,"[""ombak susah capturing"", ""capturing"", ""ombak""]"
1867__10,1867,10,kaskus,2012-10-15 14:57:15,angin,overlap,"[""angin""]"
1867__11,1867,11,kaskus,2012-10-15 14:57:15,maintenance,rb,"[""maintenance"", ""musim hujan"", ""hujan""]"
1867__12,1867,12,kaskus,2012-10-15 14:57:15,matahari,overlap,"[""matahari"", ""surya""]"
1867__13,1867,13,kaskus,2012-10-15 14:57:15,geothermal,overlap,"[""geothermal""]"
1867__14,1867,14,kaskus,2012-10-15 14:57:15,,empty,[]
1868__0,1868,0,kaskus,2012-10-15 14:32:19,gempa,overlap,"[""gempa"", ""jepang"", ""pltn"", ""fukushima""]"
1868__1,1868,1,kaskus,2012-10-15 14:32:19,argumentasi,overlap,"[""argumentasi""]"
1869__0,1869,0,kaskus,2012-10-15 14:29:45,nuklir,overlap,"[""nuklir"", ""media""]"
1869__1,1869,1,kaskus,2012-10-15 14:29:45,nuklir,overlap,"[""nuklir"", ""manusia"", ""alam"", ""indonesia"", ""gempa""]"
1869__2,1869,2,kaskus,2012-10-15 14:29:45,tod,overlap,"[""tod""]"
1869__3,1869,3,kaskus,2012-10-15 14:29:45,problem,overlap,"[""problem""]"
1869__4,1869,4,kaskus,2012-10-15 14:29:45,pltn,overlap,"[""pltn"", ""radiasi"", ""cost"", ""energi""]"
1869__5,1869,5,kaskus,2012-10-15 14:29:45,cost,overlap,"[""cost"", ""energi"", ""pltn""]"
1869__6,1869,6,kaskus,2012-10-15 14:29:45,nuklir,overlap,"[""nuklir"", ""biaya"", ""energi""]"
1869__7,1869,7,kaskus,2012-10-15 14:29:45,dampak,overlap,"[""dampak"", ""lingkungan"", ""pltn"", ""biaya""]"
1869__8,1869,8,kaskus,2012-10-15 14:29:45,diterjang,rb,"[""diterjang"", ""hancur""]"
1869__9,1869,9,kaskus,2012-10-15 14:29:45,pltn,overlap,"[""pltn"", ""bencana""]"
1869__10,1869,10,kaskus,2012-10-15 14:29:45,input output,rb,"[""input output"", ""input"", ""output"", ""teknlogi""]"
1869__11,1869,11,kaskus,2012-10-15 14:29:45,pemerintah,overlap,"[""pemerintah"", ""indonesia"", ""pltn"", ""biaya"", ""hasil""]"
1869__12,1869,12,kaskus,2012-10-15 14:29:45,dampak,overlap,"[""dampak"", ""lingkungan"", ""manusia""]"
1869__13,1869,13,kaskus,2012-10-15 14:29:45,nuklir,overlap,"[""nuklir"", ""lingkungan""]"
1869__14,1869,14,kaskus,2012-10-15 14:29:45,nuklir,overlap,"[""nuklir"", ""dampak""]"
1869__15,1869,15,kaskus,2012-10-15 14:29:45,chernobyl,overlap,"[""chernobyl"", ""radiasi""]"
1870__0,1870,0,kaskus,2012-10-15 13:53:25,setuju setuju si,rb,"[""setuju setuju si"", ""setuju""]"
1870__1,1870,1,kaskus,2012-10-15 13:53:25,sdm,overlap,"[""sdm"", ""indonesia""]"
1870__2,1870,2,kaskus,2012-10-15 13:53:25,,empty,[]
1871__0,1871,0,kaskus,2012-10-15 13:50:09,teknoligi,overlap,"[""teknoligi""]"
1871__1,1871,1,kaskus,2012-10-15 13:50:09,,empty,[]
1872__0,1872,0,kaskus,2012-10-15 13:46:24,aduh,overlap,"[""aduh""]"
1872__1,1872,1,kaskus,2012-10-15 13:46:24,rakyat,overlap,"[""rakyat""]"
1872__2,1872,2,kaskus,2012-10-15 13:46:24,iran,overlap,"[""iran""]"
1873__0,1873,0,kaskus,2012-10-15 12:46:26,kondisi,overlap,"[""kondisi"", ""indonesia"", ""nuklir""]"
1873__1,1873,1,kaskus,2012-10-15 12:46:26,engergi alternatif,rb,"[""engergi alternatif""]"
1873__2,1873,2,kaskus,2012-10-15 12:46:26,tenaga,overlap,"[""tenaga"", ""angin""]"
1874__0,1874,0,kaskus,2012-10-15 12:35:24,pltn,overlap,"[""pltn""]"
1874__1,1874,1,kaskus,2012-10-15 12:35:24,lokasi,rb,"[""lokasi""]"
1875__0,1875,0,kaskus,2012-10-15 12:19:46,pln,overlap,"[""pln"", ""bbm""]"
1876__0,1876,0,kaskus,2012-10-15 12:11:48,indonesia,overlap,"[""indonesia""]"
1876__1,1876,1,kaskus,2012-10-15 12:11:48,sdm,overlap,"[""sdm""]"
1876__2,1876,2,kaskus,2012-10-15 12:11:48,negara,overlap,"[""negara""]"
1877__0,1877,0,kaskus,2012-10-15 11:55:39,nuklir,overlap,"[""nuklir"", ""pembangkit""]"
1877__1,1877,1,kaskus,2012-10-15 11:55:39,bunuh,rb,"[""bunuh""]"
1878__0,1878,0,kaskus,2012-10-15 11:48:55,listrik,overlap,"[""listrik"", ""tenaga""]"
1878__1,1878,1,kaskus,2012-10-15 11:48:55,indonesia,overlap,"[""indonesia"", ""kena"", ""resiko""]"
1878__2,1878,2,kaskus,2012-10-15 11:48:55,nuklir bocor kiri,rb,"[""nuklir bocor kiri"", ""kiri kanan"", ""kanan"", ""efek radiasi"", ""radiasi""]"
1878__3,1878,3,kaskus,2012-10-15 11:48:55,indonesia,overlap,"[""indonesia""]"
1879__0,1879,0,kaskus,2012-10-15 11:47:02,,empty,[]
1879__1,1879,1,kaskus,2012-10-15 11:47:02,pltn,overlap,"[""pltn"", ""negara"", ""senjata""]"
1880__0,1880,0,kaskus,2012-10-15 11:44:43,nuklir,overlap,"[""nuklir""]"
1880__1,1880,1,kaskus,2012-10-15 11:44:43,,empty,[]
1881__0,1881,0,kaskus,2012-10-15 11:35:30,batubara,overlap,"[""batubara"", ""gas""]"
1882__0,1882,0,kaskus,2012-10-15 11:14:17,setuju setuju,rb,"[""setuju setuju"", ""setuju""]"
1882__1,1882,1,kaskus,2012-10-15 11:14:17,foto,overlap,"[""foto"", ""kilo""]"
1883__0,1883,0,kaskus,2012-10-15 11:13:43,pltn,overlap,"[""pltn"", ""contoh"", ""fukushima"", ""chernobyl""]"
1884__0,1884,0,kaskus,2012-10-15 11:09:41,gempa,overlap,"[""gempa"", ""jepang"", ""fukushima"", ""tsunami""]"
1884__1,1884,1,kaskus,2012-10-15 11:09:41,argumentasi,overlap,"[""argumentasi"", ""dasar""]"
1885__0,1885,0,kaskus,2012-10-15 11:08:31,sdm,overlap,"[""sdm"", ""indonesia"", ""jepang""]"
1886__0,1886,0,kaskus,2012-10-15 11:06:32,jepang,overlap,"[""jepang"", ""indonesia""]"
1887__0,1887,0,kaskus,2012-10-15 10:59:26,jakarta,overlap,"[""jakarta"", ""pltn""]"
1887__1,1887,1,kaskus,2012-10-15 10:59:26,amaaaaannnn,overlap,"[""amaaaaannnn""]"
1888__0,1888,0,kaskus,2012-10-15 10:49:50,jerman,overlap,"[""jerman"", ""pltn"", ""fukushima""]"
1888__1,1888,1,kaskus,2012-10-15 10:49:50,pltn,overlap,"[""pltn"", ""pulau"", ""masyarakat""]"
1888__2,1888,2,kaskus,2012-10-15 10:49:50,pesisir utara,rb,"[""pesisir utara"", ""utara jawa.hhmm"", ""jawa.hhmm"", ""ide"", ""pesisir""]"
1889__0,1889,0,kaskus,2012-10-15 10:41:12,batubara,overlap,"[""batubara"", ""listrik""]"
1890__0,1890,0,kaskus,2012-10-15 10:35:55,cost,overlap,"[""cost"", ""daya"", ""pltn""]"
1890__1,1890,1,kaskus,2012-10-15 10:35:55,tolong,rb,"[""tolong""]"
1890__2,1890,2,kaskus,2012-10-15 10:35:55,pltn,overlap,"[""pltn"", ""jepang"", ""tsunami""]"
1890__3,1890,3,kaskus,2012-10-15 10:35:55,tsunami,overlap,"[""tsunami""]"
1890__4,1890,4,kaskus,2012-10-15 10:35:55,,empty,[]
1890__5,1890,5,kaskus,2012-10-15 10:35:55,maintenance,overlap,"[""maintenance""]"
1890__6,1890,6,kaskus,2012-10-15 10:35:55,energi,overlap,"[""energi""]"
1891__0,1891,0,kaskus,2012-10-15 10:25:10,danube,overlap,"[""danube"", ""kabar""]"
1891__1,1891,1,kaskus,2012-10-15 10:25:10,,empty,[]
1892__0,1892,0,kaskus,2012-10-15 10:23:06,pltn,overlap,"[""pltn"", ""pln""]"
1892__1,1892,1,kaskus,2012-10-15 10:23:06,negara,overlap,"[""negara""]"
1892__2,1892,2,kaskus,2012-10-15 10:23:06,,empty,[]
1893__0,1893,0,kaskus,2012-10-15 10:15:42,pltn,overlap,"[""pltn"", ""tanah""]"
1893__1,1893,1,kaskus,2012-10-15 10:15:42,kota,overlap,"[""kota""]"
1894__0,1894,0,kaskus,2012-10-15 10:04:05,kekurangan,overlap,"[""kekurangan"", ""kelebihan""]"
1894__1,1894,1,kaskus,2012-10-15 10:04:05,jahat,rb,"[""jahat""]"
1894__2,1894,2,kaskus,2012-10-15 10:04:05,yin,overlap,"[""yin"", ""sling"", ""hrus""]"
1895__0,1895,0,kaskus,2012-10-15 09:56:44,nuklir,overlap,"[""nuklir""]"
1896__0,1896,0,kaskus,2012-10-15 09:54:50,pltn,overlap,"[""pltn""]"
1896__1,1896,1,kaskus,2012-10-15 09:54:50,perhitungan,overlap,"[""perhitungan""]"
1896__2,1896,2,kaskus,2012-10-15 09:54:50,pltn,overlap,"[""pltn"", ""jepang"", ""tsunami""]"
1897__0,1897,0,kaskus,2012-10-15 09:41:40,bumi,overlap,"[""bumi"", ""nuklir"", ""tenaga""]"
1898__0,1898,0,kaskus,2012-10-15 08:57:15,,empty,[]
1898__1,1898,1,kaskus,2012-10-15 08:57:15,nuklir,overlap,"[""nuklir"", ""teknologi""]"
1898__2,1898,2,kaskus,2012-10-15 08:57:15,pltn,overlap,"[""pltn""]"
1898__3,1898,3,kaskus,2012-10-15 08:57:15,industri,overlap,"[""industri"", ""masyarakat""]"
1898__4,1898,4,kaskus,2012-10-15 08:57:15,resiko,overlap,"[""resiko"", ""bahaya"", ""teknologi""]"
1898__5,1898,5,kaskus,2012-10-15 08:57:15,manfaat minimize,rb,"[""manfaat minimize"", ""minimize bahaya"", ""bahaya"", ""manfaat""]"
1898__6,1898,6,kaskus,2012-10-15 08:57:15,,empty,[]
1899__0,1899,0,kaskus,2012-10-15 08:40:24,syarat,rb,"[""syarat"", ""org2x""]"
1899__1,1899,1,kaskus,2012-10-15 08:40:24,nuklir,overlap,"[""nuklir""]"
1900__0,1900,0,kaskus,2012-10-15 08:34:50,chernobyl,overlap,"[""chernobyl""]"
1900__1,1900,1,kaskus,2012-10-15 08:34:50,iaea,overlap,"[""iaea""]"
1900__2,1900,2,kaskus,2012-10-15 08:34:50,jepang,overlap,"[""jepang"", ""gempa"", ""reaktor""]"
1900__3,1900,3,kaskus,2012-10-15 08:34:50,pltn,overlap,"[""pltn"", ""fukushima"", ""sdm""]"
1901__0,1901,0,kaskus,2012-10-15 08:34:38,indonesia,overlap,"[""indonesia""]"
1902__0,1902,0,kaskus,2012-10-15 08:25:18,ombak,overlap,"[""ombak"", ""angin"", ""matahari"", ""laut"", ""daya""]"
1902__1,1902,1,kaskus,2012-10-15 08:25:18,bahan ketawaan,rb,"[""bahan ketawaan"", ""ketawaan"", ""suara"", ""bahan""]"
1903__0,1903,0,kaskus,2012-10-15 08:18:47,,empty,[]
1903__1,1903,1,kaskus,2012-10-15 08:18:47,energi,overlap,"[""energi"", ""alam"", ""indonesia"", ""air"", ""angin""]"
1904__0,1904,0,kaskus,2012-10-15 08:14:17,chernobyl,overlap,"[""chernobyl""]"
1904__1,1904,1,kaskus,2012-10-15 08:14:17,indonesia,overlap,"[""indonesia"", ""pltn""]"
1904__2,1904,2,kaskus,2012-10-15 08:14:17,iaea,overlap,"[""iaea"", ""batan""]"
1904__3,1904,3,kaskus,2012-10-15 08:14:17,pltn,overlap,"[""pltn""]"
1905__0,1905,0,kaskus,2012-10-14 11:59:50,nuklir,overlap,"[""nuklir""]"
1905__1,1905,1,kaskus,2012-10-14 11:59:50,kejadian,overlap,"[""kejadian""]"
1905__2,1905,2,kaskus,2012-10-14 11:59:50,nuklir,overlap,"[""nuklir""]"
1906__0,1906,0,kaskus,2012-10-13 23:57:13,listrik,overlap,"[""listrik""]"
1906__1,1906,1,kaskus,2012-10-13 23:57:13,nuklir,overlap,"[""nuklir"", ""jawa"", ""pulau""]"
1906__2,1906,2,kaskus,2012-10-13 23:57:13,gempa,overlap,"[""gempa""]"
1906__3,1906,3,kaskus,2012-10-13 23:57:13,jawa,overlap,"[""jawa"", ""geothermal""]"
1906__4,1906,4,kaskus,2012-10-13 23:57:13,geothermal,overlap,"[""geothermal"", ""jawa"", ""batubara"", ""kalimantan"", ""tenaga""]"
1906__5,1906,5,kaskus,2012-10-13 23:57:13,sumber,rb,"[""sumber""]"
1907__0,1907,0,kaskus,2012-10-13 23:39:53,reaktor,overlap,"[""reaktor"", ""indonesia"", ""riset""]"
1907__1,1907,1,kaskus,2012-10-13 23:39:53,nama reaktor,rb,"[""nama reaktor"", ""reaktor triga"", ""triga"", ""singkatan"", ""training""]"
1907__2,1907,2,kaskus,2012-10-13 23:39:53,puspitek,overlap,"[""puspitek"", ""bandung"", ""yogyakarta"", ""serpong""]"
1907__3,1907,3,kaskus,2012-10-13 23:39:53,pltn,overlap,"[""pltn""]"
1908__0,1908,0,kaskus,2012-10-13 18:07:38,masyarakat,overlap,"[""masyarakat""]"
1908__1,1908,1,kaskus,2012-10-13 18:07:38,masyarakat,overlap,"[""masyarakat""]"
1908__2,1908,2,kaskus,2012-10-13 18:07:38,pltn,overlap,"[""pltn"", ""indonesia"", ""masyarakat""]"
1909__0,1909,0,kaskus,2012-10-13 18:01:16,geothermal,overlap,"[""geothermal"", ""air"", ""matahari"", ""angin"", ""jepang""]"
1910__0,1910,0,kaskus,2012-10-13 17:58:07,kejadian,overlap,"[""kejadian""]"
1910__1,1910,1,kaskus,2012-10-13 17:58:07,alasan,overlap,"[""alasan""]"
1911__0,1911,0,kaskus,2012-10-13 17:56:28,pltn,overlap,"[""pltn""]"
1911__1,1911,1,kaskus,2012-10-13 17:56:28,negara,overlap,"[""negara""]"
1912__0,1912,0,kaskus,2012-10-13 17:46:13,,empty,[]
1912__1,1912,1,kaskus,2012-10-13 17:46:13,media,overlap,"[""media""]"
1912__2,1912,2,kaskus,2012-10-13 17:46:13,contoh,overlap,"[""contoh""]"
1912__3,1912,3,kaskus,2012-10-13 17:46:13,probabilitas,rb,"[""probabilitas""]"
1912__4,1912,4,kaskus,2012-10-13 17:46:13,jepang,overlap,"[""jepang"", ""gempa"", ""indonesia""]"
1912__5,1912,5,kaskus,2012-10-13 17:46:13,pekok,overlap,"[""pekok"", ""jebule""]"
1913__0,1913,0,kaskus,2012-10-13 00:45:46,indonesia,overlap,"[""indonesia"", ""tenaga""]"
1914__0,1914,0,kaskus,2012-10-12 23:24:40,indonesia,overlap,"[""indonesia""]"
1914__1,1914,1,kaskus,2012-10-12 23:24:40,,empty,[]
1914__2,1914,2,kaskus,2012-10-12 23:24:40,kerja,overlap,"[""kerja""]"
1914__3,1914,3,kaskus,2012-10-12 23:24:40,jepang,overlap,"[""jepang"", ""pltn""]"
1914__4,1914,4,kaskus,2012-10-12 23:24:40,,empty,[]
1914__5,1914,5,kaskus,2012-10-12 23:24:40,ush,rb,"[""ush""]"
1914__6,1914,6,kaskus,2012-10-12 23:24:40,pltn,overlap,"[""pltn""]"
1914__7,1914,7,kaskus,2012-10-12 23:24:40,slama,overlap,"[""slama"", ""perawatan"", ""fasilitas""]"
1914__8,1914,8,kaskus,2012-10-12 23:24:40,pgn,rb,"[""pgn""]"
1915__0,1915,0,kaskus,2012-10-12 23:24:16,energi,overlap,"[""energi"", ""sumber""]"
1915__1,1915,1,kaskus,2012-10-12 23:24:16,nuklir,overlap,"[""nuklir""]"
1915__2,1915,2,kaskus,2012-10-12 23:24:16,nuklir,overlap,"[""nuklir"", ""listrik"", ""geothermal"", ""laut"", ""energi""]"
1915__3,1915,3,kaskus,2012-10-12 23:24:16,koreksi,overlap,"[""koreksi""]"
1916__0,1916,0,kaskus,2012-10-12 23:12:26,gampang sewa orang-orang,rb,"[""gampang sewa orang-orang"", ""orang-orang asing"", ""maintain reaktor"", ""reaktor nuklir"", ""nuklir""]"
1917__0,1917,0,kaskus,2012-10-12 23:10:55,pltn,overlap,"[""pltn"", ""reaktor"", ""pembangunan""]"
1917__1,1917,1,kaskus,2012-10-12 23:10:55,aturan,rb,"[""aturan""]"
1918__0,1918,0,kaskus,2012-10-12 23:09:05,setuju,rb,"[""setuju""]"
1918__1,1918,1,kaskus,2012-10-12 23:09:05,orang-orang,rb,"[""orang-orang""]"
1919__0,1919,0,kaskus,2012-10-12 23:07:25,setuju,rb,"[""setuju""]"
1919__1,1919,1,kaskus,2012-10-12 23:07:25,rumah,overlap,"[""rumah""]"
1919__2,1919,2,kaskus,2012-10-12 23:07:25,keamanan,rb,"[""keamanan""]"
1919__3,1919,3,kaskus,2012-10-12 23:07:25,baut-baut,rb,"[""baut-baut"", ""jembatan"", ""suramadu""]"
1920__0,1920,0,kaskus,2012-10-12 23:05:34,teknis,rb,"[""teknis"", ""gan.yang""]"
1920__1,1920,1,kaskus,2012-10-12 23:05:34,bangsa,overlap,"[""bangsa"", ""korupsi""]"
1920__2,1920,2,kaskus,2012-10-12 23:05:34,kekuatan,overlap,"[""kekuatan"", ""tanggung""]"
1921__0,1921,0,kaskus,2012-10-12 23:02:52,uranium,overlap,"[""uranium"", ""teknologi"", ""nuklir"", ""energi""]"
1921__1,1921,1,kaskus,2012-10-12 23:02:52,energi ramah tersedia,rb,"[""energi ramah tersedia"", ""lingkungan"", ""teknologi""]"
1921__2,1921,2,kaskus,2012-10-12 23:02:52,energi,overlap,"[""energi""]"
1921__3,1921,3,kaskus,2012-10-12 23:02:52,dampak habis,rb,"[""dampak habis"", ""dampak""]"
1921__4,1921,4,kaskus,2012-10-12 23:02:52,dampak,overlap,"[""dampak""]"
1921__5,1921,5,kaskus,2012-10-12 23:02:52,limbah,overlap,"[""limbah"", ""manusia"", ""lingkungan"", ""senjata""]"
1921__6,1921,6,kaskus,2012-10-12 23:02:52,,empty,[]
1921__7,1921,7,kaskus,2012-10-12 23:02:52,nuklir,overlap,"[""nuklir"", ""pembangkit""]"
1921__8,1921,8,kaskus,2012-10-12 23:02:52,jepang,overlap,"[""jepang""]"
1921__9,1921,9,kaskus,2012-10-12 23:02:52,chernobyl,overlap,"[""chernobyl""]"
1921__10,1921,10,kaskus,2012-10-12 23:02:52,investasi,overlap,"[""investasi"", ""energi"", ""matahari"", ""angin"", ""tenaga""]"
1921__11,1921,11,kaskus,2012-10-12 23:02:52,energi,overlap,"[""energi""]"
1922__0,1922,0,kaskus,2012-10-12 22:53:52,nuklir,overlap,"[""nuklir"", ""kota"", ""reaktor""]"
1923__0,1923,0,kaskus,2012-10-12 22:40:06,batan,overlap,"[""batan"", ""reaktor"", ""gempa""]"
1923__1,1923,1,kaskus,2012-10-12 22:40:06,reaktor,overlap,"[""reaktor"", ""nuklir"", ""teknologi""]"
1923__2,1923,2,kaskus,2012-10-12 22:40:06,dampak,overlap,"[""dampak"", ""bencana""]"
1924__0,1924,0,kaskus,2012-10-12 22:34:44,nuklir,overlap,"[""nuklir"", ""negara""]"
1925__0,1925,0,kaskus,2012-10-12 22:32:43,mantap,rb,"[""mantap""]"
1925__1,1925,1,kaskus,2012-10-12 22:32:43,bata,overlap,"[""bata""]"
1926__0,1926,0,kaskus,2012-10-12 22:28:41,maintenance,overlap,"[""maintenance""]"
1927__0,1927,0,kaskus,2012-10-12 22:28:21,energi,overlap,"[""energi""]"
1927__1,1927,1,kaskus,2012-10-12 22:28:21,jakarta,overlap,"[""jakarta"", ""url""]"
1927__2,1927,2,kaskus,2012-10-12 22:28:21,url,overlap,"[""url"", ""daya"", ""wilayah""]"
1927__3,1927,3,kaskus,2012-10-12 22:28:21,wilayah,unsup,"[""wilayah"", ""luas""]"
1928__0,1928,0,kaskus,2012-10-12 22:20:06,indonesia,overlap,"[""indonesia"", ""sdm"", ""jepang"", ""tsunami"", ""negara""]"
1928__1,1928,1,kaskus,2012-10-12 22:20:06,energi,overlap,"[""energi"", ""minyak"", ""gas""]"
1928__2,1928,2,kaskus,2012-10-12 22:20:06,minyak,overlap,"[""minyak""]"
1928__3,1928,3,kaskus,2012-10-12 22:20:06,titik,overlap,"[""titik""]"
1928__4,1928,4,kaskus,2012-10-12 22:20:06,kecamatan,overlap,"[""kecamatan""]"
1928__5,1928,5,kaskus,2012-10-12 22:20:06,wilayah,overlap,"[""wilayah"", ""indonesia"", ""warga""]"
1928__6,1928,6,kaskus,2012-10-12 22:20:06,energi,overlap,"[""energi""]"
1928__7,1928,7,kaskus,2012-10-12 22:20:06,pemerintah,overlap,"[""pemerintah"", ""bbm"", ""minyak"", ""subsidi"", ""sumber""]"
1928__8,1928,8,kaskus,2012-10-12 22:20:06,pengelolaan sumberdaya,rb,"[""pengelolaan sumberdaya"", ""sumberdaya alam"", ""alam""]"
1929__0,1929,0,kaskus,2012-10-12 22:16:04,setuju setuju,rb,"[""setuju setuju"", ""setuju""]"
1929__1,1929,1,kaskus,2012-10-12 22:16:04,alam,overlap,"[""alam"", ""potensi""]"
1929__2,1929,2,kaskus,2012-10-12 22:16:04,indonesia,overlap,"[""indonesia"", ""tenaga"", ""sumber""]"
1929__3,1929,3,kaskus,2012-10-12 22:16:04,angin,overlap,"[""angin"", ""surya"", ""sumber""]"
1929__4,1929,4,kaskus,2012-10-12 22:16:04,jam,overlap,"[""jam""]"
1929__5,1929,5,kaskus,2012-10-12 22:16:04,surya,overlap,"[""surya"", ""panel""]"
1929__6,1929,6,kaskus,2012-10-12 22:16:04,gunung,overlap,"[""gunung""]"
1929__7,1929,7,kaskus,2012-10-12 22:16:04,potensi,overlap,"[""potensi""]"
1929__8,1929,8,kaskus,2012-10-12 22:16:04,nuklir,overlap,"[""nuklir"", ""air""]"
1930__0,1930,0,kaskus,2012-10-12 22:10:06,nuklir,overlap,"[""nuklir""]"
1931__0,1931,0,kaskus,2012-10-12 22:07:29,pesimis,rb,"[""pesimis""]"
1931__1,1931,1,kaskus,2012-10-12 22:07:29,tipikal apatis,rb,"[""tipikal apatis""]"
1931__2,1931,2,kaskus,2012-10-12 22:07:29,indonesia,overlap,"[""indonesia"", ""negara""]"
1931__3,1931,3,kaskus,2012-10-12 22:07:29,indonesia,overlap,"[""indonesia"", ""nuklir""]"
1931__4,1931,4,kaskus,2012-10-12 22:07:29,nuklir,overlap,"[""nuklir""]"
1931__5,1931,5,kaskus,2012-10-12 22:07:29,sante,overlap,"[""sante""]"
1932__0,1932,0,kaskus,2012-10-12 22:06:22,kalimantan,overlap,"[""kalimantan""]"
1933__0,1933,0,kaskus,2012-10-12 22:02:54,,empty,[]
1933__1,1933,1,kaskus,2012-10-12 22:02:54,nuklir,overlap,"[""nuklir"", ""listrik"", ""reaktor""]"
1933__2,1933,2,kaskus,2012-10-12 22:02:54,eksperimen-eksperimen,rb,"[""eksperimen-eksperimen""]"
1934__0,1934,0,kaskus,2012-10-12 22:00:13,dunia,overlap,"[""dunia""]"
1935__0,1935,0,kaskus,2012-10-12 21:56:00,reaktor,rb,"[""reaktor""]"
1936__0,1936,0,kaskus,2012-10-12 21:51:26,proyek,overlap,"[""proyek""]"
1936__1,1936,1,kaskus,2012-10-12 21:51:26,roboh,overlap,"[""roboh""]"
1936__2,1936,2,kaskus,2012-10-12 21:51:26,color,overlap,"[""color"", ""reaktor""]"
1936__3,1936,3,kaskus,2012-10-12 21:51:26,gila,rb,"[""gila""]"
1936__4,1936,4,kaskus,2012-10-12 21:51:26,nyemen,rb,"[""nyemen"", ""ngaci"", ""dolo""]"
1936__5,1936,5,kaskus,2012-10-12 21:51:26,nuklir,overlap,"[""nuklir""]"
1936__6,1936,6,kaskus,2012-10-12 21:51:26,nuklir,overlap,"[""nuklir""]"
1937__0,1937,0,kaskus,2012-10-12 21:50:24,,empty,[]
1937__1,1937,1,kaskus,2012-10-12 21:50:24,bocor bahaya,rb,"[""bocor bahaya""]"
1938__0,1938,0,kaskus,2012-10-12 21:49:30,reaktor,overlap,"[""reaktor""]"
1938__1,1938,1,kaskus,2012-10-12 21:49:30,anggota hewan,rb,"[""anggota hewan"", ""hewan"", ""duluan""]"
1939__0,1939,0,kaskus,2012-10-12 21:49:28,,empty,[]
1940__0,1940,0,kaskus,2012-10-12 21:49:20,rumahlu,overlap,"[""rumahlu"", ""blkng""]"
1941__0,1941,0,kaskus,2012-10-12 21:43:13,pahit2,rb,"[""pahit2"", ""pahit2 perang.pltn"", ""perang.pltn"", ""sasaran empuk"", ""musuh""]"
1941__1,1941,1,kaskus,2012-10-12 21:43:13,pltn,overlap,"[""pltn""]"
1941__2,1941,2,kaskus,2012-10-12 21:43:13,indonesia,overlap,"[""indonesia""]"
1942__0,1942,0,kaskus,2012-10-12 21:40:06,indonesia,overlap,"[""indonesia"", ""listrik"", ""sumber""]"
1943__0,1943,0,kaskus,2012-10-12 21:38:24,perawatan,rb,"[""perawatan""]"
1943__1,1943,1,kaskus,2012-10-12 21:38:24,negara,overlap,"[""negara""]"
1943__2,1943,2,kaskus,2012-10-12 21:38:24,cinta,overlap,"[""cinta""]"
1943__3,1943,3,kaskus,2012-10-12 21:38:24,cinta.indonesia kayaq kwkwkwkwkwkw,rb,"[""cinta.indonesia kayaq kwkwkwkwkwkw"", ""kayaq"", ""kwkwkwkwkwkw"", ""tkt"", ""perawatan""]"
1943__4,1943,4,kaskus,2012-10-12 21:38:24,bakar,overlap,"[""bakar""]"
1944__0,1944,0,kaskus,2012-10-12 21:38:05,kota,overlap,"[""kota""]"
1944__1,1944,1,kaskus,2012-10-12 21:38:05,nuklir,overlap,"[""nuklir"", ""penduduk"", ""kota""]"
1944__2,1944,2,kaskus,2012-10-12 21:38:05,penduduk,overlap,"[""penduduk"", ""kota"", ""nuklir"", ""pltn""]"
1944__3,1944,3,kaskus,2012-10-12 21:38:05,tanah,overlap,"[""tanah"", ""nuklir"", ""harga""]"
1944__4,1944,4,kaskus,2012-10-12 21:38:05,inti,overlap,"[""inti"", ""fisi""]"
1944__5,1944,5,kaskus,2012-10-12 21:38:05,penelitian fusi,rb,"[""penelitian fusi"", ""tingkat feasibility"", ""feasibility"", ""fusi penggabungan"", ""penggabungan inti""]"
1944__6,1944,6,kaskus,2012-10-12 21:38:05,attau,rb,"[""attau"", ""pltn iu"", ""iu""]"
1944__7,1944,7,kaskus,2012-10-12 21:38:05,reaktor,overlap,"[""reaktor""]"
1944__8,1944,8,kaskus,2012-10-12 21:38:05,energi,overlap,"[""energi"", ""fukushima""]"
1944__9,1944,9,kaskus,2012-10-12 21:38:05,chernobyl,overlap,"[""chernobyl""]"
1945__0,1945,0,kaskus,2012-10-12 21:35:13,resiko,overlap,"[""resiko"", ""nuklir"", ""minyak"", ""batubara""]"
1946__0,1946,0,kaskus,2012-10-12 21:34:54,kalimantan,overlap,"[""kalimantan""]"
1947__0,1947,0,kaskus,2012-10-12 21:33:45,indonesia,overlap,"[""indonesia"", ""nuklir"", ""pembangkit""]"
1948__0,1948,0,kaskus,2012-10-12 21:33:25,pembangkit,overlap,"[""pembangkit""]"
1949__0,1949,0,kaskus,2012-10-12 21:32:39,indonesia,overlap,"[""indonesia"", ""listrik"", ""nuklir""]"
1949__1,1949,1,kaskus,2012-10-12 21:32:39,indonesia,overlap,"[""indonesia""]"
1949__2,1949,2,kaskus,2012-10-12 21:32:39,pltair,rb,"[""pltair"", ""plt angin"", ""angin kannn"", ""kannn""]"
1949__3,1949,3,kaskus,2012-10-12 21:32:39,,empty,[]
1950__0,1950,0,kaskus,2012-10-12 21:31:06,nuklir,overlap,"[""nuklir"", ""teknologi"", ""listrik"", ""energi""]"
1950__1,1950,1,kaskus,2012-10-12 21:31:06,jepang,overlap,"[""jepang"", ""pltn"", ""tsunami""]"
1950__2,1950,2,kaskus,2012-10-12 21:31:06,jepang,overlap,"[""jepang"", ""pltn"", ""energi"", ""kebutuhan""]"
1951__0,1951,0,kaskus,2012-10-12 21:25:11,setuju,rb,"[""setuju""]"
1951__1,1951,1,kaskus,2012-10-12 21:25:11,syarat sederhana,rb,"[""syarat sederhana"", ""syarat"", ""kaum pecinta"", ""pecinta lingkungan"", ""lingkungan back""]"
1951__2,1951,2,kaskus,2012-10-12 21:25:11,,empty,[]
1951__3,1951,3,kaskus,2012-10-12 21:25:11,,empty,[]
1951__4,1951,4,kaskus,2012-10-12 21:25:11,,empty,[]
1951__5,1951,5,kaskus,2012-10-12 21:25:11,listrik,overlap,"[""listrik""]"
1952__0,1952,0,kaskus,2012-10-12 21:19:33,nuklir,overlap,"[""nuklir""]"
1952__1,1952,1,kaskus,2012-10-12 21:19:33,nuklir,overlap,"[""nuklir"", ""negara"", ""teknologi""]"
1952__2,1952,2,kaskus,2012-10-12 21:19:33,nuklir,overlap,"[""nuklir""]"
1952__3,1952,3,kaskus,2012-10-12 21:19:33,manfaat,overlap,"[""manfaat""]"
1952__4,1952,4,kaskus,2012-10-12 21:19:33,kejahatan,rb,"[""kejahatan""]"
1953__0,1953,0,kaskus,2012-10-12 21:16:02,bencana,overlap,"[""bencana""]"
1954__0,1954,0,kaskus,2012-10-12 21:06:03,penduduk,overlap,"[""penduduk""]"
1955__0,1955,0,kaskus,2012-10-12 21:05:07,pembangunan,overlap,"[""pembangunan""]"
1955__1,1955,1,kaskus,2012-10-12 21:05:07,matrial,overlap,"[""matrial""]"
1955__2,1955,2,kaskus,2012-10-12 21:05:07,,empty,[]
1956__0,1956,0,kaskus,2012-10-12 21:01:44,anu,rb,"[""anu"", ""bangka""]"
1956__1,1956,1,kaskus,2012-10-12 21:01:44,pulau,overlap,"[""pulau""]"
1956__2,1956,2,kaskus,2012-10-12 21:01:44,gempa,overlap,"[""gempa""]"
1956__3,1956,3,kaskus,2012-10-12 21:01:44,reaktor,overlap,"[""reaktor""]"
1957__0,1957,0,kaskus,2012-10-12 20:55:09,awam,overlap,"[""awam"", ""pltnnyaa"", ""pemeliharaan"", ""kerusakan""]"
1957__1,1957,1,kaskus,2012-10-12 20:55:09,memerbaruii,rb,"[""memerbaruii"", ""alat"", ""penjelasan"", ""yoo""]"
1958__0,1958,0,kaskus,2012-10-12 20:48:34,gempa,overlap,"[""gempa"", ""kalimantan""]"
1959__0,1959,0,kaskus,2012-10-12 20:47:41,setuju,rb,"[""setuju""]"
1959__1,1959,1,kaskus,2012-10-12 20:47:41,safety,overlap,"[""safety"", ""first""]"
1960__0,1960,0,kaskus,2012-10-12 20:43:42,,empty,[]
1960__1,1960,1,kaskus,2012-10-12 20:43:42,teknik,overlap,"[""teknik""]"
1960__2,1960,2,kaskus,2012-10-12 20:43:42,maintenance,overlap,"[""maintenance""]"
1960__3,1960,3,kaskus,2012-10-12 20:43:42,nuklir,overlap,"[""nuklir""]"
1960__4,1960,4,kaskus,2012-10-12 20:43:42,preventive,rb,"[""preventive"", ""maintenance"", ""corrective"", ""predictive"", ""jadwal""]"
1960__5,1960,5,kaskus,2012-10-12 20:43:42,sistem,overlap,"[""sistem"", ""dampak""]"
1960__6,1960,6,kaskus,2012-10-12 20:43:42,center,overlap,"[""center"", ""nuklir""]"
1960__7,1960,7,kaskus,2012-10-12 20:43:42,bahasa asing,rb,"[""bahasa asing"", ""serch"", ""google"", ""bahasa""]"
1961__0,1961,0,kaskus,2012-10-12 20:35:39,nuklir,overlap,"[""nuklir"", ""teknologi"", ""jalan""]"
1961__1,1961,1,kaskus,2012-10-12 20:35:39,tenaga,overlap,"[""tenaga""]"
1961__2,1961,2,kaskus,2012-10-12 20:35:39,,empty,[]
1962__0,1962,0,kaskus,2012-10-12 20:34:58,sucii,rb,"[""sucii"", ""sernobil"", ""fukusima""]"
1962__1,1962,1,kaskus,2012-10-12 20:34:58,bangsa,overlap,"[""bangsa""]"
1963__0,1963,0,kaskus,2012-10-12 20:29:25,riset,overlap,"[""riset"", ""skala""]"
1964__0,1964,0,kaskus,2012-10-12 20:26:38,tulisan,overlap,"[""tulisan""]"
1965__0,1965,0,kaskus,2012-10-12 20:22:50,plt,rb,"[""plt""]"
1966__0,1966,0,kaskus,2012-10-12 20:18:21,indonesia,overlap,"[""indonesia""]"
1966__1,1966,1,kaskus,2012-10-12 20:18:21,nuklir,overlap,"[""nuklir"", ""indonesia"", ""url""]"
1967__0,1967,0,kaskus,2012-10-12 19:57:35,gedung,overlap,"[""gedung"", ""dpr""]"
1968__0,1968,0,kaskus,2012-10-12 19:57:28,pltn,overlap,"[""pltn"", ""nuklir"", ""reaktor""]"
1969__0,1969,0,kaskus,2012-10-12 19:52:37,kemampuan,rb,"[""kemampuan"", ""negeri""]"
1969__1,1969,1,kaskus,2012-10-12 19:52:37,bahan bangunan,rb,"[""bahan bangunan"", ""bangunan"", ""tar nasib"", ""nasib"", ""gedung hambalang""]"
1969__2,1969,2,kaskus,2012-10-12 19:52:37,tar,rb,"[""tar"", ""kena angin"", ""angin kencang"", ""kencang bangunan"", ""bangunan""]"
1969__3,1969,3,kaskus,2012-10-12 19:52:37,bahan,unsup,"[""bahan""]"
1969__4,1969,4,kaskus,2012-10-12 19:52:37,angin,unsup,"[""angin"", ""kena""]"
1970__0,1970,0,kaskus,2012-10-12 19:42:01,saia,rb,"[""saia"", ""catatan""]"
1970__1,1970,1,kaskus,2012-10-12 19:42:01,gempa,overlap,"[""gempa"", ""bencana""]"
1970__2,1970,2,kaskus,2012-10-12 19:42:01,sistem keamanan,rb,"[""sistem keamanan"", ""keamanan"", ""kebiasaan"", ""sistem""]"
1970__3,1970,3,kaskus,2012-10-12 19:42:01,sistem,unsup,"[""sistem""]"
1971__0,1971,0,kaskus,2012-10-12 19:37:08,pltn,overlap,"[""pltn"", ""biaya"", ""url"", ""reaktor""]"
1971__1,1971,1,kaskus,2012-10-12 19:37:08,url,overlap,"[""url"", ""nuklir"", ""eropa""]"
1971__2,1971,2,kaskus,2012-10-12 19:37:08,biaya perencanaan,rb,"[""biaya perencanaan"", ""perencanaan pembangunan"", ""pembangunan"", ""biaya pelaksanaan"", ""pelaksanaan pembangunan""]"
1971__3,1971,3,kaskus,2012-10-12 19:37:08,pltn,overlap,"[""pltn""]"
1972__0,1972,0,kaskus,2012-10-12 19:34:50,pltn,overlap,"[""pltn"", ""indonesia""]"
1972__1,1972,1,kaskus,2012-10-12 19:34:50,pltn,overlap,"[""pltn"", ""maintenance""]"
1973__0,1973,0,kaskus,2012-10-12 19:29:50,jangka,rb,"[""jangka"", ""pengawasan"", ""penggunaan""]"
1973__1,1973,1,kaskus,2012-10-12 19:29:50,orang-orang,rb,"[""orang-orang""]"
1974__0,1974,0,kaskus,2012-10-12 19:29:38,kalimantan,overlap,"[""kalimantan""]"
1974__1,1974,1,kaskus,2012-10-12 19:29:38,jawa,overlap,"[""jawa"", ""nuklir"", ""listrik"", ""hasil""]"
1975__0,1975,0,kaskus,2012-10-12 19:28:22,tenaga asing,rb,"[""tenaga asing""]"
1975__1,1975,1,kaskus,2012-10-12 19:28:22,bangsa,overlap,"[""bangsa""]"
1975__2,1975,2,kaskus,2012-10-12 19:28:22,bangsa,overlap,"[""bangsa""]"
1976__0,1976,0,kaskus,2012-10-12 19:28:01,perbatasan,rb,"[""perbatasan"", ""malaysia""]"
1976__1,1976,1,kaskus,2012-10-12 19:28:01,malaysia,rb,"[""malaysia"", ""imbas""]"
1977__0,1977,0,kaskus,2012-10-12 19:23:34,indonesia,overlap,"[""indonesia"", ""pltn"", ""pulau"", ""kalimantan""]"
1977__1,1977,1,kaskus,2012-10-12 19:23:34,pulau,overlap,"[""pulau"", ""kalimantan"", ""bencana"", ""rencana""]"
1977__2,1977,2,kaskus,2012-10-12 19:23:34,listrik,overlap,"[""listrik"", ""laut"", ""pulau"", ""kalimantan""]"
1977__3,1977,3,kaskus,2012-10-12 19:23:34,maaf,unsup,"[""maaf""]"
1977__4,1977,4,kaskus,2012-10-12 19:23:34,tulisan,overlap,"[""tulisan""]"
1978__0,1978,0,kaskus,2012-10-12 19:21:20,jawa,overlap,"[""jawa"", ""jakarta""]"
1979__0,1979,0,kaskus,2012-10-12 19:13:30,gempa,overlap,"[""gempa""]"
1979__1,1979,1,kaskus,2012-10-12 19:13:30,kalimantan,overlap,"[""kalimantan"", ""gempa"", ""tsunami""]"
1980__0,1980,0,kaskus,2012-10-12 19:06:12,b,rb,"[""b""]"
1980__1,1980,1,kaskus,2012-10-12 19:06:12,jawa,overlap,"[""jawa""]"
1980__2,1980,2,kaskus,2012-10-12 19:06:12,listrik,overlap,"[""listrik""]"
1980__3,1980,3,kaskus,2012-10-12 19:06:12,b,rb,"[""b""]"
1981__0,1981,0,kaskus,2012-10-12 19:04:30,problematik,rb,"[""problematik""]"
1981__1,1981,1,kaskus,2012-10-12 19:04:30,kebutuhan,overlap,"[""kebutuhan""]"
1981__2,1981,2,kaskus,2012-10-12 19:04:30,pln,overlap,"[""pln"", ""listrik"", ""kapasitas""]"
1981__3,1981,3,kaskus,2012-10-12 19:04:30,utilisasi kapasitas,rb,"[""utilisasi kapasitas"", ""kapasitas"", ""kerugian"", ""penjualan"", ""utilisasi""]"
1981__4,1981,4,kaskus,2012-10-12 19:04:30,indonesia,overlap,"[""indonesia"", ""uranium"", ""cadangan""]"
1981__5,1981,5,kaskus,2012-10-12 19:04:30,babel,overlap,"[""babel""]"
1981__6,1981,6,kaskus,2012-10-12 19:04:30,pln,overlap,"[""pln"", ""impor"", ""uranium""]"
1981__7,1981,7,kaskus,2012-10-12 19:04:30,sounds,overlap,"[""sounds"", ""fishy""]"
1981__8,1981,8,kaskus,2012-10-12 19:04:30,lingkungan,rb,"[""lingkungan""]"
1981__9,1981,9,kaskus,2012-10-12 19:04:30,pengelolaan limbah,rb,"[""pengelolaan limbah"", ""limbah"", ""pltn"", ""pengelolaan""]"
1981__10,1981,10,kaskus,2012-10-12 19:04:30,resiko,rb,"[""resiko"", ""inti"", ""pengelolaan"", ""gaya manajemen"", ""manajemen""]"
1981__11,1981,11,kaskus,2012-10-12 19:04:30,program pemeliharaan,rb,"[""program pemeliharaan"", ""pemeliharaan maintenance"", ""maintenance jangka"", ""jangka"", ""efisiensi""]"
1981__12,1981,12,kaskus,2012-10-12 19:04:30,investasi,rb,"[""investasi"", ""duri"", ""daging"", ""beban finansial"", ""pln koreksi""]"
1981__13,1981,13,kaskus,2012-10-12 19:04:30,investasi,unsup,"[""investasi"", ""pln""]"
1982__0,1982,0,kaskus,2012-10-12 19:01:11,listrik,overlap,"[""listrik""]"
1982__1,1982,1,kaskus,2012-10-12 19:01:11,pembangkit,overlap,"[""pembangkit"", ""pltn""]"
1982__2,1982,2,kaskus,2012-10-12 19:01:11,pln,overlap,"[""pln"", ""gas"", ""minyak""]"
1982__3,1982,3,kaskus,2012-10-12 19:01:11,batubara,overlap,"[""batubara""]"
1983__0,1983,0,kaskus,2012-10-12 18:59:31,sekaaaaliiiiiiiiiiiiiiiiiiiiiiiiiiiii,overlap,"[""sekaaaaliiiiiiiiiiiiiiiiiiiiiiiiiiiii""]"
1983__1,1983,1,kaskus,2012-10-12 18:59:31,syarat,overlap,"[""syarat""]"
1983__2,1983,2,kaskus,2012-10-12 18:59:31,safely,overlap,"[""safely""]"
1983__3,1983,3,kaskus,2012-10-12 18:59:31,perusahaan,overlap,"[""perusahaan""]"
1984__0,1984,0,kaskus,2012-10-12 18:55:59,banggeeetttt,rb,"[""banggeeetttt""]"
1984__1,1984,1,kaskus,2012-10-12 18:55:59,pulau,overlap,"[""pulau"", ""kalimantan""]"
1985__0,1985,0,kaskus,2012-10-12 18:53:58,color,overlap,"[""color""]"
1986__0,1986,0,kaskus,2012-10-12 18:50:54,lokasi,overlap,"[""lokasi"", ""pulau"", ""jawa""]"
1987__0,1987,0,kaskus,2012-10-12 18:44:22,pulau,overlap,"[""pulau""]"
1987__1,1987,1,kaskus,2012-10-12 18:44:22,nuklir,overlap,"[""nuklir"", ""laut"", ""indonesia"", ""pembangkit"", ""air""]"
1987__2,1987,2,kaskus,2012-10-12 18:44:22,laut,overlap,"[""laut"", ""indonesia"", ""nuklir"", ""uranium""]"
1988__0,1988,0,kaskus,2012-10-12 18:43:55,setuju,rb,"[""setuju""]"
1988__1,1988,1,kaskus,2012-10-12 18:43:55,listrik,overlap,"[""listrik"", ""maintenance""]"
1988__2,1988,2,kaskus,2012-10-12 18:43:55,rugi,overlap,"[""rugi""]"
1989__0,1989,0,kaskus,2012-10-12 18:41:11,lom,rb,"[""lom""]"
1989__1,1989,1,kaskus,2012-10-12 18:41:11,listrik,overlap,"[""listrik""]"
1990__0,1990,0,kaskus,2012-10-12 18:39:31,b setuju,rb,"[""b setuju"", ""setuju""]"
1990__1,1990,1,kaskus,2012-10-12 18:39:31,jawa,overlap,"[""jawa"", ""pulau""]"
1990__2,1990,2,kaskus,2012-10-12 18:39:31,b,rb,"[""b""]"
1991__0,1991,0,kaskus,2012-10-12 18:36:25,indonesia,overlap,"[""indonesia""]"
1992__0,1992,0,kaskus,2012-10-12 18:33:42,,empty,[]
1992__1,1992,1,kaskus,2012-10-12 18:33:42,pulau,overlap,"[""pulau"", ""full""]"
1993__0,1993,0,kaskus,2012-10-12 18:32:14,energi,overlap,"[""energi"", ""krisis""]"
1994__0,1994,0,kaskus,2012-10-12 18:27:07,gempa,overlap,"[""gempa"", ""lokasi""]"
1994__1,1994,1,kaskus,2012-10-12 18:27:07,indonesia sejajar,rb,"[""indonesia sejajar"", ""negara satar"", ""satar""]"
1995__0,1995,0,kaskus,2012-10-12 18:26:25,nuklir,overlap,"[""nuklir"", ""tenaga""]"
1995__1,1995,1,kaskus,2012-10-12 18:26:25,pulau,overlap,"[""pulau""]"
1995__2,1995,2,kaskus,2012-10-12 18:26:25,reaktor,overlap,"[""reaktor""]"
1995__3,1995,3,kaskus,2012-10-12 18:26:25,color,overlap,"[""color""]"
1996__0,1996,0,kaskus,2012-10-12 18:25:48,nuklir bagus,rb,"[""nuklir bagus"", ""siii""]"
1996__1,1996,1,kaskus,2012-10-12 18:25:48,,empty,[]
1996__2,1996,2,kaskus,2012-10-12 18:25:48,ring pembangunan,rb,"[""ring pembangunan"", ""fire"", ""pembangunan bangunan"", ""bangunan"", ""ring""]"
1996__3,1996,3,kaskus,2012-10-12 18:25:48,polemik basi,rb,"[""polemik basi""]"
1996__4,1996,4,kaskus,2012-10-12 18:25:48,energi,overlap,"[""energi"", ""ombak"", ""laut"", ""matahari"", ""angin""]"
1997__0,1997,0,kaskus,2012-10-12 18:16:50,nuklir,overlap,"[""nuklir""]"
1998__0,1998,0,kaskus,2012-10-12 18:08:19,nuklir,overlap,"[""nuklir""]"
1999__0,1999,0,kaskus,2025-01-11 06:46:59,korupsi,overlap,"[""korupsi"", ""indonesia"", ""negara""]"
1999__1,1999,1,kaskus,2025-01-11 06:46:59,korupsi,overlap,"[""korupsi"", ""pembangunan""]"
1999__2,1999,2,kaskus,2025-01-11 06:46:59,pajak,overlap,"[""pajak"", ""rakyat""]"
2000__0,2000,0,kaskus,2025-01-11 06:20:27,indonesia,overlap,"[""indonesia""]"
2000__1,2000,1,kaskus,2025-01-11 06:20:27,nubuatkan,overlap,"[""nubuatkan""]"
2000__2,2000,2,kaskus,2025-01-11 06:20:27,kiat-kiat,rb,"[""kiat-kiat""]"
2000__3,2000,3,kaskus,2025-01-11 06:20:27,mobon,overlap,"[""mobon"", ""khalayak""]"
2001__0,2001,0,kaskus,2025-01-10 20:51:33,wakanda,overlap,"[""wakanda""]"
2001__1,2001,1,kaskus,2025-01-10 20:51:33,hilir,overlap,"[""hilir"", ""hulu""]"
2002__0,2002,0,kaskus,2025-01-10 20:24:04,hilirisasi,overlap,"[""hilirisasi""]"
2002__1,2002,1,kaskus,2025-01-10 20:24:04,rakyat,overlap,"[""rakyat"", ""hasil""]"
2002__2,2002,2,kaskus,2025-01-10 20:24:04,harga,overlap,"[""harga"", ""hasil""]"
2002__3,2002,3,kaskus,2025-01-10 20:24:04,pabrik pengolahan,rb,"[""pabrik pengolahan"", ""pengolahan milik"", ""milik"", ""china"", ""harga rendah""]"
2002__4,2002,4,kaskus,2025-01-10 20:24:04,sekenario,rb,"[""sekenario""]"
2003__0,2003,0,kaskus,2025-01-10 20:02:26,biaya,overlap,"[""biaya"", ""hasil""]"
2003__1,2003,1,kaskus,2025-01-10 20:02:26,kertas,rb,"[""kertas""]"
2003__2,2003,2,kaskus,2025-01-10 20:02:26,left,unsup,"[""left""]"
2004__0,2004,0,kaskus,2025-01-10 19:48:46,apaannnn,rb,"[""apaannnn"", ""hilirisasi"", ""fundamental"", ""padat karya"", ""karya""]"
2004__1,2004,1,kaskus,2025-01-10 19:48:46,jebol,rb,"[""jebol"", ""manufakture"", ""kesalahan"", ""mulyono"", ""akal benerrr""]"
2005__0,2005,0,kaskus,2013-07-16 05:38:36,indonesia,overlap,"[""indonesia"", ""pltn""]"
2006__0,2006,0,kaskus,2013-01-14 11:25:48,indonesia,overlap,"[""indonesia""]"
2007__0,2007,0,kaskus,2012-12-14 21:28:25,tulisan,overlap,"[""tulisan""]"
2008__0,2008,0,kaskus,2012-12-14 18:14:21,,empty,[]
2009__0,2009,0,kaskus,2012-12-14 18:10:30,proyek,overlap,"[""proyek"", ""indonesia""]"
2010__0,2010,0,kaskus,2012-12-14 18:08:35,air,overlap,"[""air"", ""tekanan""]"
2011__0,2011,0,kaskus,2012-12-14 18:06:44,wehhh bagus,rb,"[""wehhh bagus""]"
2012__0,2012,0,kaskus,2012-12-14 18:00:42,sundulgans,overlap,"[""sundulgans"", ""pc""]"
2013__0,2013,0,kaskus,2012-12-14 18:00:27,keren,rb,"[""keren"", ""amajing white"", ""white kang"", ""kang apatar"", ""apatar e""]"
2014__0,2014,0,kaskus,2021-11-07 23:08:15,batubara,overlap,"[""batubara"", ""negara"", ""nuklir""]"
2015__0,2015,0,kaskus,2017-08-20 22:08:55,teknologi,overlap,"[""teknologi"", ""baterai""]"
2016__0,2016,0,kaskus,2017-08-20 18:22:10,pasang,overlap,"[""pasang"", ""energi""]"
2017__0,2017,0,kaskus,2017-08-20 14:10:46,amerika,overlap,"[""amerika"", ""wilayah"", ""fosil"", ""energi""]"
2017__1,2017,1,kaskus,2017-08-20 14:10:46,resources,rb,"[""resources"", ""sekedar"", ""populasi""]"
2018__0,2018,0,kaskus,2017-08-20 12:19:00,nuklir,overlap,"[""nuklir""]"
2019__0,2019,0,kaskus,2017-08-13 09:03:49,nuklir,overlap,"[""nuklir""]"
2019__1,2019,1,kaskus,2017-08-13 09:03:49,nuklir,overlap,"[""nuklir""]"
2020__0,2020,0,kaskus,2017-08-09 20:19:19,jerman,overlap,"[""jerman"", ""nuklir"", ""energi""]"
2020__1,2020,1,kaskus,2017-08-09 20:19:19,energi,overlap,"[""energi""]"
2021__0,2021,0,kaskus,2017-08-09 15:07:58,keekonomian,overlap,"[""keekonomian"", ""profit"", ""pengertian""]"
2021__1,2021,1,kaskus,2017-08-09 15:07:58,fuel,overlap,"[""fuel"", ""energi""]"
2022__0,2022,0,kaskus,2017-08-09 13:17:16,watt,overlap,"[""watt""]"
2022__1,2022,1,kaskus,2017-08-09 13:17:16,fuel,overlap,"[""fuel""]"
2023__0,2023,0,kaskus,2017-08-08 17:25:50,ekonomis,rb,"[""ekonomis""]"
2023__1,2023,1,kaskus,2017-08-08 17:25:50,bauran energi,rb,"[""bauran energi"", ""energi primer""]"
2023__2,2023,2,kaskus,2017-08-08 17:25:50,fosil,overlap,"[""fosil""]"
2023__3,2023,3,kaskus,2017-08-08 17:25:50,listrik,overlap,"[""listrik"", ""url""]"
2023__4,2023,4,kaskus,2017-08-08 17:25:50,daya,overlap,"[""daya"", ""baterai""]"
2023__5,2023,5,kaskus,2017-08-08 17:25:50,islanding,overlap,"[""islanding"", ""ukuran"", ""keperluan""]"
2023__6,2023,6,kaskus,2017-08-08 17:25:50,mobil,overlap,"[""mobil"", ""komplemen""]"
2023__7,2023,7,kaskus,2017-08-08 17:25:50,,empty,[]
2023__8,2023,8,kaskus,2017-08-08 17:25:50,teknologi,overlap,"[""teknologi"", ""baterai""]"
2023__9,2023,9,kaskus,2017-08-08 17:25:50,solusi,overlap,"[""solusi""]"
2023__10,2023,10,kaskus,2017-08-08 17:25:50,ahli,overlap,"[""ahli""]"
2023__11,2023,11,kaskus,2017-08-08 17:25:50,,empty,[]
2023__12,2023,12,kaskus,2017-08-08 17:25:50,fosil,overlap,"[""fosil"", ""sumber""]"
2024__0,2024,0,kaskus,2017-08-03 08:57:23,nuklir,overlap,"[""nuklir"", ""energi""]"
2024__1,2024,1,kaskus,2017-08-03 08:57:23,,empty,[]
2024__2,2024,2,kaskus,2017-08-03 08:57:23,politis,rb,"[""politis""]"
2025__0,2025,0,kaskus,2017-08-03 07:57:36,pajak,overlap,"[""pajak"", ""listrik""]"
2026__0,2026,0,kaskus,2017-07-30 13:32:08,gaji,overlap,"[""gaji""]"
2026__1,2026,1,kaskus,2017-07-30 13:32:08,pajak,overlap,"[""pajak"", ""listrik""]"
2026__2,2026,2,kaskus,2017-07-30 13:32:08,gaji,overlap,"[""gaji"", ""pekerja""]"
2026__3,2026,3,kaskus,2017-07-30 13:32:08,perusahaan,overlap,"[""perusahaan"", ""negeri""]"
2027__0,2027,0,kaskus,2017-07-30 11:22:35,sdm,overlap,"[""sdm"", ""indonesia"", ""pltn""]"
2027__1,2027,1,kaskus,2017-07-30 11:22:35,pltn,overlap,"[""pltn""]"
2027__2,2027,2,kaskus,2017-07-30 11:22:35,akibat,overlap,"[""akibat""]"
2028__0,2028,0,kaskus,2017-07-24 09:02:04,baterai,overlap,"[""baterai""]"
2028__1,2028,1,kaskus,2017-07-24 09:02:04,harga,overlap,"[""harga"", ""mobil""]"
2029__0,2029,0,kaskus,2017-07-20 17:08:03,hitung-hitungan,rb,"[""hitung-hitungan""]"
2029__1,2029,1,kaskus,2017-07-20 17:08:03,baterai begitu-begitu,rb,"[""baterai begitu-begitu"", ""perkembangan""]"
2030__0,2030,0,kaskus,2017-07-20 15:38:38,teknologi,overlap,"[""teknologi"", ""baterai""]"
2031__0,2031,0,kaskus,2017-07-20 14:20:14,angin,overlap,"[""angin""]"
2031__1,2031,1,kaskus,2017-07-20 14:20:14,energi,overlap,"[""energi"", ""listrik""]"
2031__2,2031,2,kaskus,2017-07-20 14:20:14,baterai mahal,rb,"[""baterai mahal""]"
2032__0,2032,0,kaskus,2017-07-20 13:18:57,pln,overlap,"[""pln"", ""angin""]"
2032__1,2032,1,kaskus,2017-07-20 13:18:57,baterai,overlap,"[""baterai"", ""daya""]"
2033__0,2033,0,kaskus,2017-07-19 20:40:55,pemuja energi,rb,"[""pemuja energi"", ""energi terbarukan"", ""pemuja""]"
2033__1,2033,1,kaskus,2017-07-19 20:40:55,tuhan,rb,"[""tuhan""]"
2033__2,2033,2,kaskus,2017-07-19 20:40:55,surya,overlap,"[""surya""]"
2034__0,2034,0,kaskus,2017-07-19 20:25:45,jerman,overlap,"[""jerman"", ""pltn""]"
2034__1,2034,1,kaskus,2017-07-19 20:25:45,angin,overlap,"[""angin"", ""surya"", ""energi""]"
2035__0,2035,0,kaskus,2017-07-19 10:08:39,terbatas,rb,"[""terbatas""]"
2035__1,2035,1,kaskus,2017-07-19 10:08:39,angin,overlap,"[""angin"", ""indonesia"", ""listrik"", ""kebutuhan""]"
2035__2,2035,2,kaskus,2017-07-19 10:08:39,pulau,overlap,"[""pulau""]"
2035__3,2035,3,kaskus,2017-07-19 10:08:39,listrik,overlap,"[""listrik""]"
2035__4,2035,4,kaskus,2017-07-19 10:08:39,potensi,overlap,"[""potensi""]"
2035__5,2035,5,kaskus,2017-07-19 10:08:39,pulau-pulau,rb,"[""pulau-pulau"", ""pembangkit listrik ekonomis"", ""listrik konvensional""]"
2035__6,2035,6,kaskus,2017-07-19 10:08:39,angin,overlap,"[""angin"", ""harga"", ""efisiensi""]"
2035__7,2035,7,kaskus,2017-07-19 10:08:39,angin,overlap,"[""angin""]"
2035__8,2035,8,kaskus,2017-07-19 10:08:39,angin,overlap,"[""angin""]"
2035__9,2035,9,kaskus,2017-07-19 10:08:39,teknologi,overlap,"[""teknologi"", ""potensi""]"
2035__10,2035,10,kaskus,2017-07-19 10:08:39,pltn,overlap,"[""pltn"", ""daya"", ""energi"", ""indonesia"", ""kebutuhan""]"
2035__11,2035,11,kaskus,2017-07-19 10:08:39,angin,overlap,"[""angin""]"
2035__12,2035,12,kaskus,2017-07-19 10:08:39,teknologi,overlap,"[""teknologi""]"
2036__0,2036,0,kaskus,2017-07-18 20:46:13,angin,overlap,"[""angin"", ""listrik""]"
2036__1,2036,1,kaskus,2017-07-18 20:46:13,ricky,overlap,"[""ricky"", ""elson"", ""kawan""]"
2036__2,2036,2,kaskus,2017-07-18 20:46:13,indonesia,overlap,"[""indonesia""]"
2037__0,2037,0,kaskus,2017-07-11 20:27:39,otak,overlap,"[""otak""]"
2037__1,2037,1,kaskus,2017-07-11 20:27:39,emisi,overlap,"[""emisi"", ""fosil""]"
2037__2,2037,2,kaskus,2017-07-11 20:27:39,seandai,rb,"[""seandai"", ""teknologi"", ""size""]"
2037__3,2037,3,kaskus,2017-07-11 20:27:39,kalkulasi,overlap,"[""kalkulasi""]"
2037__4,2037,4,kaskus,2017-07-11 20:27:39,cost,overlap,"[""cost""]"
2037__5,2037,5,kaskus,2017-07-11 20:27:39,argumen,rb,"[""argumen""]"
2037__6,2037,6,kaskus,2017-07-11 20:27:39,nuklir,overlap,"[""nuklir"", ""fosil"", ""energi""]"
2037__7,2037,7,kaskus,2017-07-11 20:27:39,nuklir,overlap,"[""nuklir"", ""fosil"", ""energi""]"
2038__0,2038,0,kaskus,2017-07-02 09:03:10,indonesia,overlap,"[""indonesia""]"
2039__0,2039,0,kaskus,2017-07-01 15:15:24,minyak,overlap,"[""minyak"", ""investasi""]"
2039__1,2039,1,kaskus,2017-07-01 15:15:24,laut,overlap,"[""laut""]"
2039__2,2039,2,kaskus,2017-07-01 15:15:24,secuil otak,rb,"[""secuil otak"", ""otak"", ""secuil""]"
2040__0,2040,0,kaskus,2017-06-29 22:14:47,fosil,overlap,"[""fosil"", ""energi""]"
2040__1,2040,1,kaskus,2017-06-29 22:14:47,fosil,overlap,"[""fosil""]"
2040__2,2040,2,kaskus,2017-06-29 22:14:47,masak,overlap,"[""masak"", ""smarthphone"", ""teman"", ""medsos""]"
2040__3,2040,3,kaskus,2017-06-29 22:14:47,indonesia,overlap,"[""indonesia"", ""fosil""]"
2040__4,2040,4,kaskus,2017-06-29 22:14:47,nuklir,overlap,"[""nuklir"", ""resiko"", ""energi""]"
2040__5,2040,5,kaskus,2017-06-29 22:14:47,teman,overlap,"[""teman""]"
2040__6,2040,6,kaskus,2017-06-29 22:14:47,nuklir,overlap,"[""nuklir"", ""batan"", ""wilayah"", ""indonesia"", ""energi""]"
2040__7,2040,7,kaskus,2017-06-29 22:14:47,indonesia,overlap,"[""indonesia"", ""nuklir"", ""kapasitas"", ""pemerintah"", ""wilayah""]"
2040__8,2040,8,kaskus,2017-06-29 22:14:47,sharing,overlap,"[""sharing""]"
2041__0,2041,0,kaskus,2017-06-29 16:06:29,beg,overlap,"[""beg"", ""differ""]"
2041__1,2041,1,kaskus,2017-06-29 16:06:29,energi,overlap,"[""energi""]"
2041__2,2041,2,kaskus,2017-06-29 16:06:29,potensi,overlap,"[""potensi"", ""fuel""]"
2041__3,2041,3,kaskus,2017-06-29 16:06:29,elektrolisis hidrogen,rb,"[""elektrolisis hidrogen"", ""hidrogen"", ""energi intensive"", ""kwh kg"", ""kg""]"
2041__4,2041,4,kaskus,2017-06-29 16:06:29,kwh,overlap,"[""kwh"", ""indonesia"", ""subsidi""]"
2041__5,2041,5,kaskus,2017-06-29 16:06:29,biaya,overlap,"[""biaya""]"
2041__6,2041,6,kaskus,2017-06-29 16:06:29,fosil,overlap,"[""fosil""]"
2041__7,2041,7,kaskus,2017-06-29 16:06:29,fosil,overlap,"[""fosil"", ""nuklir"", ""reaktor""]"
2042__0,2042,0,kaskus,2017-06-24 18:38:16,konspirasi,overlap,"[""konspirasi"", ""sainstek""]"
2042__1,2042,1,kaskus,2017-06-24 18:38:16,kasih,overlap,"[""kasih""]"
2042__2,2042,2,kaskus,2017-06-24 18:38:16,idul,overlap,"[""idul"", ""fitri""]"
2043__0,2043,0,kaskus,2017-06-24 07:14:54,,empty,[]
2043__1,2043,1,kaskus,2017-06-24 07:14:54,batan,overlap,"[""batan""]"
2043__2,2043,2,kaskus,2017-06-24 07:14:54,kapabiltas,overlap,"[""kapabiltas""]"
2043__3,2043,3,kaskus,2017-06-24 07:14:54,keamanan,rb,"[""keamanan""]"
2043__4,2043,4,kaskus,2017-06-24 07:14:54,sabotase,overlap,"[""sabotase""]"
2043__5,2043,5,kaskus,2017-06-24 07:14:54,tero,rb,"[""tero"", ""nkri""]"
2043__6,2043,6,kaskus,2017-06-24 07:14:54,neg,overlap,"[""neg""]"
2043__7,2043,7,kaskus,2017-06-24 07:14:54,,empty,[]
2043__8,2043,8,kaskus,2017-06-24 07:14:54,maju,rb,"[""maju""]"
2043__9,2043,9,kaskus,2017-06-24 07:14:54,solusi,overlap,"[""solusi""]"
2044__0,2044,0,kaskus,2017-06-24 02:46:55,batan,overlap,"[""batan"", ""nuklir"", ""reaktor""]"
2044__1,2044,1,kaskus,2017-06-24 02:46:55,kemampuan,overlap,"[""kemampuan"", ""keamanan""]"
2044__2,2044,2,kaskus,2017-06-24 02:46:55,langkah,rb,"[""langkah""]"
2044__3,2044,3,kaskus,2017-06-24 02:46:55,alasan,overlap,"[""alasan"", ""batan"", ""pltn""]"
2044__4,2044,4,kaskus,2017-06-24 02:46:55,,empty,[]
2044__5,2044,5,kaskus,2017-06-24 02:46:55,alasan,overlap,"[""alasan""]"
2044__6,2044,6,kaskus,2017-06-24 02:46:55,gas,overlap,"[""gas""]"
2044__7,2044,7,kaskus,2017-06-24 02:46:55,proses,overlap,"[""proses""]"
2044__8,2044,8,kaskus,2017-06-24 02:46:55,proses belajar,rb,"[""proses belajar"", ""belajar"", ""proses""]"
2044__9,2044,9,kaskus,2017-06-24 02:46:55,teori,rb,"[""teori""]"
2044__10,2044,10,kaskus,2017-06-24 02:46:55,skala,overlap,"[""skala""]"
2044__11,2044,11,kaskus,2017-06-24 02:46:55,negeri,overlap,"[""negeri""]"
2044__12,2044,12,kaskus,2017-06-24 02:46:55,tes,rb,"[""tes"", ""sim""]"
2044__13,2044,13,kaskus,2017-06-24 02:46:55,mobil,overlap,"[""mobil""]"
2044__14,2044,14,kaskus,2017-06-24 02:46:55,logika,rb,"[""logika""]"
2044__15,2044,15,kaskus,2017-06-24 02:46:55,batan,overlap,"[""batan""]"
2044__16,2044,16,kaskus,2017-06-24 02:46:55,energi,overlap,"[""energi"", ""batan""]"
2044__17,2044,17,kaskus,2017-06-24 02:46:55,pltn,overlap,"[""pltn""]"
2044__18,2044,18,kaskus,2017-06-24 02:46:55,batan,overlap,"[""batan""]"
2044__19,2044,19,kaskus,2017-06-24 02:46:55,nuklir,overlap,"[""nuklir"", ""negeri""]"
2044__20,2044,20,kaskus,2017-06-24 02:46:55,nuklir,overlap,"[""nuklir"", ""negeri"", ""industri""]"
2044__21,2044,21,kaskus,2017-06-24 02:46:55,pltn,overlap,"[""pltn"", ""sdm""]"
2045__0,2045,0,kaskus,2017-06-23 19:03:51,see,overlap,"[""see""]"
2045__1,2045,1,kaskus,2017-06-23 19:03:51,indonesia,overlap,"[""indonesia"", ""nuklir""]"
2045__2,2045,2,kaskus,2017-06-23 19:03:51,sdm,overlap,"[""sdm""]"
2045__3,2045,3,kaskus,2017-06-23 19:03:51,sdm,overlap,"[""sdm""]"
2045__4,2045,4,kaskus,2017-06-23 19:03:51,bangun,rb,"[""bangun""]"
2045__5,2045,5,kaskus,2017-06-23 19:03:51,maintain,overlap,"[""maintain"", ""keamanan""]"
2046__0,2046,0,kaskus,2017-06-23 17:32:15,situs,overlap,"[""situs""]"
2046__1,2046,1,kaskus,2017-06-23 17:32:15,pltn,overlap,"[""pltn"", ""energi"", ""indonesia"", ""nuklir""]"
2046__2,2046,2,kaskus,2017-06-23 17:32:15,batan,overlap,"[""batan""]"
2046__3,2046,3,kaskus,2017-06-23 17:32:15,nuklir,overlap,"[""nuklir"", ""indonesia""]"
2046__4,2046,4,kaskus,2017-06-23 17:32:15,masyarakat,overlap,"[""masyarakat""]"
2046__5,2046,5,kaskus,2017-06-23 17:32:15,bangsa,overlap,"[""bangsa"", ""sosialiasi"", ""terobosan""]"
2046__6,2046,6,kaskus,2017-06-23 17:32:15,pemerintah,overlap,"[""pemerintah""]"
2046__7,2046,7,kaskus,2017-06-23 17:32:15,maaf,unsup,"[""maaf""]"
2046__8,2046,8,kaskus,2017-06-23 17:32:15,lokasi,overlap,"[""lokasi""]"
2046__9,2046,9,kaskus,2017-06-23 17:32:15,contoh,overlap,"[""contoh""]"
2046__10,2046,10,kaskus,2017-06-23 17:32:15,,empty,[]
2046__11,2046,11,kaskus,2017-06-23 17:32:15,hydro,rb,"[""hydro""]"
2046__12,2046,12,kaskus,2017-06-23 17:32:15,hydro,overlap,"[""hydro""]"
2046__13,2046,13,kaskus,2017-06-23 17:32:15,madura,rb,"[""madura"", ""sungai""]"
2046__14,2046,14,kaskus,2017-06-23 17:32:15,matahari,overlap,"[""matahari"", ""tenaga""]"
2046__15,2046,15,kaskus,2017-06-23 17:32:15,matahari,rb,"[""matahari"", ""output bagus"", ""output""]"
2046__16,2046,16,kaskus,2017-06-23 17:32:15,plts-nya,rb,"[""plts-nya"", ""bogor"", ""awan"", ""output rata-rata"", ""skripsi""]"
2046__17,2046,17,kaskus,2017-06-23 17:32:15,matahari,overlap,"[""matahari"", ""daerah""]"
2046__18,2046,18,kaskus,2017-06-23 17:32:15,indonesia,overlap,"[""indonesia""]"
2046__19,2046,19,kaskus,2017-06-23 17:32:15,angin,overlap,"[""angin""]"
2046__20,2046,20,kaskus,2017-06-23 17:32:15,potensi,overlap,"[""potensi""]"
2046__21,2046,21,kaskus,2017-06-23 17:32:15,matahari,overlap,"[""matahari"", ""tenaga""]"
2046__22,2046,22,kaskus,2017-06-23 17:32:15,praktek,rb,"[""praktek""]"
2046__23,2046,23,kaskus,2017-06-23 17:32:15,potensi,rb,"[""potensi"", ""kandidat""]"
2046__24,2046,24,kaskus,2017-06-23 17:32:15,nuklir,overlap,"[""nuklir"", ""indonesia"", ""tenaga""]"
2047__0,2047,0,kaskus,2017-06-23 09:58:15,energi terbarukan,rb,"[""energi terbarukan"", ""terbarukan"", ""output""]"
2047__1,2047,1,kaskus,2017-06-23 09:58:15,serius,rb,"[""serius""]"
2048__0,2048,0,kaskus,2017-06-23 04:31:15,berita,rb,"[""berita""]"
2049__0,2049,0,kaskus,2017-06-21 10:06:03,nuklir,overlap,"[""nuklir""]"
2049__1,2049,1,kaskus,2017-06-21 10:06:03,panel,overlap,"[""panel""]"
2049__2,2049,2,kaskus,2017-06-21 10:06:03,industri,overlap,"[""industri"", ""skala"", ""fuel""]"
2050__0,2050,0,kaskus,2017-05-03 12:16:27,indonesia,overlap,"[""indonesia""]"
2050__1,2050,1,kaskus,2017-05-03 12:16:27,nuklir,overlap,"[""nuklir"", ""energi""]"
2050__2,2050,2,kaskus,2017-05-03 12:16:27,kebutuhan,overlap,"[""kebutuhan""]"
2050__3,2050,3,kaskus,2017-05-03 12:16:27,juta,overlap,"[""juta"", ""jiwa""]"
2050__4,2050,4,kaskus,2017-05-03 12:16:27,jiwa stabil,rb,"[""jiwa stabil""]"
2050__5,2050,5,kaskus,2017-05-03 12:16:27,penghasilan,overlap,"[""penghasilan"", ""kapita"", ""tingkat""]"
2050__6,2050,6,kaskus,2017-05-03 12:16:27,rakyat,overlap,"[""rakyat"", ""indonesia"", ""industri"", ""energi""]"
2050__7,2050,7,kaskus,2017-05-03 12:16:27,industri,overlap,"[""industri""]"
2050__8,2050,8,kaskus,2017-05-03 12:16:27,geothermal,overlap,"[""geothermal""]"
2050__9,2050,9,kaskus,2017-05-03 12:16:27,lihat,rb,"[""lihat""]"
2050__10,2050,10,kaskus,2017-05-03 12:16:27,dunia,overlap,"[""dunia"", ""kebutuhan""]"
2050__11,2050,11,kaskus,2017-05-03 12:16:27,hidro,overlap,"[""hidro""]"
2050__12,2050,12,kaskus,2017-05-03 12:16:27,,empty,[]
2050__13,2050,13,kaskus,2017-05-03 12:16:27,sumber,overlap,"[""sumber"", ""matahari"", ""angin""]"
2050__14,2050,14,kaskus,2017-05-03 12:16:27,industri,overlap,"[""industri""]"
2050__15,2050,15,kaskus,2017-05-03 12:16:27,penyimpanan,overlap,"[""penyimpanan""]"
2050__16,2050,16,kaskus,2017-05-03 12:16:27,biaya,overlap,"[""biaya""]"
2050__17,2050,17,kaskus,2017-05-03 12:16:27,energi,overlap,"[""energi"", ""sumber""]"
2050__18,2050,18,kaskus,2017-05-03 12:16:27,jerman,overlap,"[""jerman"", ""energi"", ""batubara"", ""gas""]"
2050__19,2050,19,kaskus,2017-05-03 12:16:27,dic.thorium,rb,"[""dic.thorium"", ""fraud""]"
2050__20,2050,20,kaskus,2017-05-03 12:16:27,batubara,overlap,"[""batubara"", ""lingkungan""]"
2050__21,2050,21,kaskus,2017-05-03 12:16:27,indonesia,overlap,"[""indonesia"", ""nuklir"", ""batubara"", ""gas"", ""energi""]"
2050__22,2050,22,kaskus,2017-05-03 12:16:27,nuklir,overlap,"[""nuklir""]"
2050__23,2050,23,kaskus,2017-05-03 12:16:27,nuklir,overlap,"[""nuklir""]"
2050__24,2050,24,kaskus,2017-05-03 12:16:27,surya home,rb,"[""surya home"", ""home system"", ""system""]"
2050__25,2050,25,kaskus,2017-05-03 12:16:27,jaringan listrik,rb,"[""jaringan listrik"", ""listrik"", ""jaringan""]"
2050__26,2050,26,kaskus,2017-05-03 12:16:27,listrik,overlap,"[""listrik"", ""pltn""]"
2050__27,2050,27,kaskus,2017-05-03 12:16:27,jalan,overlap,"[""jalan"", ""nuklir""]"
2050__28,2050,28,kaskus,2017-05-03 12:16:27,melengkapi,rb,"[""melengkapi""]"
2050__29,2050,29,kaskus,2017-05-03 12:16:27,energi,overlap,"[""energi"", ""nuklir""]"
2050__30,2050,30,kaskus,2017-05-03 12:16:27,ebt,overlap,"[""ebt""]"
2050__31,2050,31,kaskus,2017-05-03 12:16:27,energi,overlap,"[""energi""]"
2051__0,2051,0,kaskus,2017-05-03 00:38:41,thorium,overlap,"[""thorium"", ""nuklir""]"
2051__1,2051,1,kaskus,2017-05-03 00:38:41,potensi,overlap,"[""potensi""]"
2051__2,2051,2,kaskus,2017-05-03 00:38:41,nuklir,overlap,"[""nuklir""]"
2051__3,2051,3,kaskus,2017-05-03 00:38:41,jarak,overlap,"[""jarak""]"
2051__4,2051,4,kaskus,2017-05-03 00:38:41,nuklir,overlap,"[""nuklir"", ""cost"", ""kabel""]"
2051__5,2051,5,kaskus,2017-05-03 00:38:41,rural,overlap,"[""rural""]"
2051__6,2051,6,kaskus,2017-05-03 00:38:41,daerah,overlap,"[""daerah""]"
2051__7,2051,7,kaskus,2017-05-03 00:38:41,area,overlap,"[""area"", ""jam"", ""road"", ""ojek""]"
2051__8,2051,8,kaskus,2017-05-03 00:38:41,jalan,overlap,"[""jalan""]"
2051__9,2051,9,kaskus,2017-05-03 00:38:41,penghujan,overlap,"[""penghujan""]"
2051__10,2051,10,kaskus,2017-05-03 00:38:41,ribu,overlap,"[""ribu""]"
2051__11,2051,11,kaskus,2017-05-03 00:38:41,masyarakat,overlap,"[""masyarakat""]"
2051__12,2051,12,kaskus,2017-05-03 00:38:41,microhydro,overlap,"[""microhydro""]"
2051__13,2051,13,kaskus,2017-05-03 00:38:41,kabel,overlap,"[""kabel""]"
2051__14,2051,14,kaskus,2017-05-03 00:38:41,permasalahan,rb,"[""permasalahan"", ""program sederhana""]"
2051__15,2051,15,kaskus,2017-05-03 00:38:41,air,overlap,"[""air""]"
2051__16,2051,16,kaskus,2017-05-03 00:38:41,lampu,overlap,"[""lampu""]"
2051__17,2051,17,kaskus,2017-05-03 00:38:41,,empty,[]
2051__18,2051,18,kaskus,2017-05-03 00:38:41,pemborosan,overlap,"[""pemborosan""]"
2051__19,2051,19,kaskus,2017-05-03 00:38:41,teknologi,rb,"[""teknologi""]"
2051__20,2051,20,kaskus,2017-05-03 00:38:41,pemerintah,overlap,"[""pemerintah"", ""pln""]"
2051__21,2051,21,kaskus,2017-05-03 00:38:41,pln,overlap,"[""pln""]"
2051__22,2051,22,kaskus,2017-05-03 00:38:41,pln,overlap,"[""pln""]"
2051__23,2051,23,kaskus,2017-05-03 00:38:41,listrik,overlap,"[""listrik""]"
2051__24,2051,24,kaskus,2017-05-03 00:38:41,jepang,overlap,"[""jepang"", ""energi""]"
2051__25,2051,25,kaskus,2017-05-03 00:38:41,surya,overlap,"[""surya"", ""panel"", ""rumah""]"
2051__26,2051,26,kaskus,2017-05-03 00:38:41,indonesia,overlap,"[""indonesia""]"
2051__27,2051,27,kaskus,2017-05-03 00:38:41,sayang,overlap,"[""sayang""]"
2052__0,2052,0,kaskus,2017-04-30 20:56:22,indonesia,overlap,"[""indonesia""]"
2053__0,2053,0,kaskus,2017-04-26 11:40:09,nuklir,overlap,"[""nuklir"", ""energi""]"
2053__1,2053,1,kaskus,2017-04-26 11:40:09,nuklir,overlap,"[""nuklir"", ""lingkungan"", ""batubara""]"
2053__2,2053,2,kaskus,2017-04-26 11:40:09,lingkungan,overlap,"[""lingkungan"", ""nuklir"", ""fosil"", ""energi""]"
2053__3,2053,3,kaskus,2017-04-26 11:40:09,ebt,overlap,"[""ebt"", ""batubara""]"
2054__0,2054,0,kaskus,2017-04-26 11:21:32,teknologi,overlap,"[""teknologi"", ""dampak""]"
2054__1,2054,1,kaskus,2017-04-26 11:21:32,lingkungan,overlap,"[""lingkungan""]"
2055__0,2055,0,kaskus,2017-04-09 12:54:57,thorium,overlap,"[""thorium"", ""indonesia"", ""perusahaan"", ""pltn""]"
2055__1,2055,1,kaskus,2017-04-09 12:54:57,perusahaan,overlap,"[""perusahaan"", ""amerika""]"
2055__2,2055,2,kaskus,2017-04-09 12:54:57,batan,overlap,"[""batan"", ""thorium""]"
2055__3,2055,3,kaskus,2017-04-09 12:54:57,batan,overlap,"[""batan""]"
2055__4,2055,4,kaskus,2017-04-09 12:54:57,pemerintah,overlap,"[""pemerintah"", ""pltn""]"
2055__5,2055,5,kaskus,2017-04-09 12:54:57,thorium,overlap,"[""thorium"", ""uranium""]"
2055__6,2055,6,kaskus,2017-04-09 12:54:57,pemerintah,overlap,"[""pemerintah"", ""teknologi""]"
2056__0,2056,0,kaskus,2017-04-08 22:59:14,thorium,overlap,"[""thorium""]"
2057__0,2057,0,kaskus,2017-04-08 22:01:41,setuju,rb,"[""setuju""]"
2057__1,2057,1,kaskus,2017-04-08 22:01:41,nuklir,overlap,"[""nuklir""]"
2057__2,2057,2,kaskus,2017-04-08 22:01:41,sejati,rb,"[""sejati""]"
2057__3,2057,3,kaskus,2017-04-08 22:01:41,ebt,overlap,"[""ebt""]"
2057__4,2057,4,kaskus,2017-04-08 22:01:41,energi,overlap,"[""energi""]"
2057__5,2057,5,kaskus,2017-04-08 22:01:41,nuklir,overlap,"[""nuklir"", ""energi""]"
2057__6,2057,6,kaskus,2017-04-08 22:01:41,energi,overlap,"[""energi"", ""teknologi"", ""nuklir""]"
2057__7,2057,7,kaskus,2017-04-08 22:01:41,fosil,overlap,"[""fosil""]"
2057__8,2057,8,kaskus,2017-04-08 22:01:41,alasan,overlap,"[""alasan"", ""fosil""]"
2057__9,2057,9,kaskus,2017-04-08 22:01:41,fosil,overlap,"[""fosil""]"
2057__10,2057,10,kaskus,2017-04-08 22:01:41,gas bumi,rb,"[""gas bumi"", ""bumi"", ""gas""]"
2057__11,2057,11,kaskus,2017-04-08 22:01:41,perkiraan,overlap,"[""perkiraan""]"
2057__12,2057,12,kaskus,2017-04-08 22:01:41,batubara,overlap,"[""batubara"", ""impor""]"
2057__13,2057,13,kaskus,2017-04-08 22:01:41,cucu,overlap,"[""cucu""]"
2057__14,2057,14,kaskus,2017-04-08 22:01:41,alasan ke-3,rb,"[""alasan ke-3"", ""energi nuklir"", ""nuklir""]"
2057__15,2057,15,kaskus,2017-04-08 22:01:41,umur pltn,rb,"[""umur pltn"", ""pltn modern"", ""umur""]"
2057__16,2057,16,kaskus,2017-04-08 22:01:41,usaha,overlap,"[""usaha""]"
2058__0,2058,0,kaskus,2017-04-08 17:37:46,nuklir,overlap,"[""nuklir""]"
2058__1,2058,1,kaskus,2017-04-08 17:37:46,pemerintah,overlap,"[""pemerintah"", ""energi"", ""surya"", ""hydro"", ""sumber""]"
2058__2,2058,2,kaskus,2017-04-08 17:37:46,surya,overlap,"[""surya"", ""hydro"", ""sumber""]"
2058__3,2058,3,kaskus,2017-04-08 17:37:46,penduduk,overlap,"[""penduduk""]"
2058__4,2058,4,kaskus,2017-04-08 17:37:46,energi,overlap,"[""energi"", ""nuklir""]"
2058__5,2058,5,kaskus,2017-04-08 17:37:46,nuklir,overlap,"[""nuklir"", ""masyarakat"", ""negara""]"
2058__6,2058,6,kaskus,2017-04-08 17:37:46,negara,overlap,"[""negara""]"
2058__7,2058,7,kaskus,2017-04-08 17:37:46,negara,overlap,"[""negara"", ""pemerintah""]"
2058__8,2058,8,kaskus,2017-04-08 17:37:46,energi,overlap,"[""energi"", ""indonesia""]"
2058__9,2058,9,kaskus,2017-04-08 17:37:46,resiko,overlap,"[""resiko""]"
2058__10,2058,10,kaskus,2017-04-08 17:37:46,terbarukan bersih,rb,"[""terbarukan bersih"", ""sumber""]"
2058__11,2058,11,kaskus,2017-04-08 17:37:46,nuklir,overlap,"[""nuklir""]"
2058__12,2058,12,kaskus,2017-04-08 17:37:46,negara,overlap,"[""negara""]"
2058__13,2058,13,kaskus,2017-04-08 17:37:46,surya,overlap,"[""surya"", ""hydro"", ""nuklir"", ""energi""]"
2058__14,2058,14,kaskus,2017-04-08 17:37:46,last,overlap,"[""last"", ""resort"", ""time"", ""comes""]"
2059__0,2059,0,kaskus,2017-04-01 07:55:07,indonesia,overlap,"[""indonesia"", ""nuklir""]"
2060__0,2060,0,kaskus,2017-03-31 22:32:11,nuklir,overlap,"[""nuklir"", ""angin"", ""surya"", ""teknologi"", ""energi""]"
2060__1,2060,1,kaskus,2017-03-31 22:32:11,pltn,overlap,"[""pltn""]"
2060__2,2060,2,kaskus,2017-03-31 22:32:11,pltn,overlap,"[""pltn""]"
2060__3,2060,3,kaskus,2017-03-31 22:32:11,pltn,overlap,"[""pltn""]"
2060__4,2060,4,kaskus,2017-03-31 22:32:11,opexnya,rb,"[""opexnya""]"
2060__5,2060,5,kaskus,2017-03-31 22:32:11,energi,overlap,"[""energi"", ""sektor""]"
2060__6,2060,6,kaskus,2017-03-31 22:32:11,pemerintah,overlap,"[""pemerintah"", ""pltn""]"
2060__7,2060,7,kaskus,2017-03-31 22:32:11,harga,overlap,"[""harga""]"
2060__8,2060,8,kaskus,2017-03-31 22:32:11,pln,overlap,"[""pln""]"
2060__9,2060,9,kaskus,2017-03-31 22:32:11,,empty,[]
2060__10,2060,10,kaskus,2017-03-31 22:32:11,hubungan,rb,"[""hubungan"", ""energi nuklir"", ""nuklir""]"
2060__11,2060,11,kaskus,2017-03-31 22:32:11,pln,overlap,"[""pln"", ""pertamina""]"
2060__12,2060,12,kaskus,2017-03-31 22:32:11,cadangan gas tcf,rb,"[""cadangan gas tcf"", ""gas bumi"", ""bumi"", ""tcf""]"
2060__13,2060,13,kaskus,2017-03-31 22:32:11,dunia,overlap,"[""dunia""]"
2060__14,2060,14,kaskus,2017-03-31 22:32:11,negara,overlap,"[""negara"", ""fosil"", ""energi""]"
2060__15,2060,15,kaskus,2017-03-31 22:32:11,url,overlap,"[""url""]"
2060__16,2060,16,kaskus,2017-03-31 22:32:11,cadangan,overlap,"[""cadangan""]"
2060__17,2060,17,kaskus,2017-03-31 22:32:11,kebutuhan,overlap,"[""kebutuhan""]"
2060__18,2060,18,kaskus,2017-03-31 22:32:11,produksi,overlap,"[""produksi"", ""impor""]"
2060__19,2060,19,kaskus,2017-03-31 22:32:11,url,overlap,"[""url""]"
2060__20,2060,20,kaskus,2017-03-31 22:32:11,bilang,rb,"[""bilang""]"
2060__21,2060,21,kaskus,2017-03-31 22:32:11,inti,rb,"[""inti""]"
2060__22,2060,22,kaskus,2017-03-31 22:32:11,kebutuhan,overlap,"[""kebutuhan"", ""produksi"", ""impor""]"
2060__23,2060,23,kaskus,2017-03-31 22:32:11,produksi,overlap,"[""produksi"", ""cadangan""]"
2061__0,2061,0,kaskus,2017-03-31 15:10:02,fosil,overlap,"[""fosil"", ""ebt"", ""nuklir"", ""rakyat""]"
2061__1,2061,1,kaskus,2017-03-31 15:10:02,sektor,overlap,"[""sektor""]"
2061__2,2061,2,kaskus,2017-03-31 15:10:02,angin,overlap,"[""angin"", ""surya"", ""energi""]"
2061__3,2061,3,kaskus,2017-03-31 15:10:02,ekonomi,overlap,"[""ekonomi""]"
2061__4,2061,4,kaskus,2017-03-31 15:10:02,batubara,overlap,"[""batubara"", ""minyak"", ""kebutuhan""]"
2061__5,2061,5,kaskus,2017-03-31 15:10:02,energi,overlap,"[""energi""]"
2061__6,2061,6,kaskus,2017-03-31 15:10:02,dunia,overlap,"[""dunia"", ""energi""]"
2061__7,2061,7,kaskus,2017-03-31 15:10:02,eropa,overlap,"[""eropa"", ""jerman"", ""fukushima"", ""nuklir""]"
2061__8,2061,8,kaskus,2017-03-31 15:10:02,emisi,overlap,"[""emisi""]"
2061__9,2061,9,kaskus,2017-03-31 15:10:02,energi,overlap,"[""energi"", ""indonesia""]"
2061__10,2061,10,kaskus,2017-03-31 15:10:02,indonesia,overlap,"[""indonesia""]"
2061__11,2061,11,kaskus,2017-03-31 15:10:02,alam,overlap,"[""alam"", ""amerika"", ""harga"", ""gas"", ""pln""]"
2061__12,2061,12,kaskus,2017-03-31 15:10:02,gas,overlap,"[""gas"", ""sumber""]"
2061__13,2061,13,kaskus,2017-03-31 15:10:02,url,overlap,"[""url""]"
2062__0,2062,0,kaskus,2017-03-27 14:27:29,daya,overlap,"[""daya""]"
2062__1,2062,1,kaskus,2017-03-27 14:27:29,energi,overlap,"[""energi""]"
2062__2,2062,2,kaskus,2017-03-27 14:27:29,nuklir,overlap,"[""nuklir""]"
2062__3,2062,3,kaskus,2017-03-27 14:27:29,pemodelan,overlap,"[""pemodelan"", ""matematika"", ""retorika""]"
2063__0,2063,0,kaskus,2017-03-27 14:27:27,woah,overlap,"[""woah""]"
2063__1,2063,1,kaskus,2017-03-27 14:27:27,ngelencer,rb,"[""ngelencer"", ""chile"", ""guyon""]"
2063__2,2063,2,kaskus,2017-03-27 14:27:27,nulis,unsup,"[""nulis"", ""senyam""]"
2063__3,2063,3,kaskus,2017-03-27 14:27:27,flaming,rb,"[""flaming"", ""maksud""]"
2063__4,2063,4,kaskus,2017-03-27 14:27:27,nb,rb,"[""nb"", ""dic.thorium ngomong"", ""ngomong"", ""data"", ""dic.thorium""]"
2063__5,2063,5,kaskus,2017-03-27 14:27:27,harga,overlap,"[""harga""]"
2063__6,2063,6,kaskus,2017-03-27 14:27:27,kudo212,overlap,"[""kudo212""]"
2063__7,2063,7,kaskus,2017-03-27 14:27:27,harga,overlap,"[""harga""]"
2063__8,2063,8,kaskus,2017-03-27 14:27:27,harga,overlap,"[""harga""]"
2064__0,2064,0,kaskus,2017-03-27 11:46:49,flaming,overlap,"[""flaming""]"
2064__1,2064,1,kaskus,2017-03-27 11:46:49,diskusi,overlap,"[""diskusi""]"
2065__0,2065,0,kaskus,2017-03-27 11:40:02,,empty,[]
2065__1,2065,1,kaskus,2017-03-27 11:40:02,santai,rb,"[""santai""]"
2065__2,2065,2,kaskus,2017-03-27 11:40:02,yuk sibuk,rb,"[""yuk sibuk""]"
2066__0,2066,0,kaskus,2017-03-27 11:34:14,eropa,overlap,"[""eropa"", ""power""]"
2066__1,2066,1,kaskus,2017-03-27 11:34:14,indonesia,overlap,"[""indonesia""]"
2067__0,2067,0,kaskus,2017-03-27 11:31:07,plts,overlap,"[""plts"", ""fuel""]"
2067__1,2067,1,kaskus,2017-03-27 11:31:07,nuklir,overlap,"[""nuklir""]"
2067__2,2067,2,kaskus,2017-03-27 11:31:07,energi,overlap,"[""energi""]"
2067__3,2067,3,kaskus,2017-03-27 11:31:07,pltn,overlap,"[""pltn"", ""power""]"
2068__0,2068,0,kaskus,2017-03-26 20:28:23,gas,overlap,"[""gas""]"
2068__1,2068,1,kaskus,2017-03-26 20:28:23,udara gratis,rb,"[""udara gratis""]"
2068__2,2068,2,kaskus,2017-03-26 20:28:23,pemahaman saintifik,rb,"[""pemahaman saintifik"", ""pemahaman""]"
2068__3,2068,3,kaskus,2017-03-26 20:28:23,listrik,overlap,"[""listrik""]"
2068__4,2068,4,kaskus,2017-03-26 20:28:23,surya,overlap,"[""surya"", ""listrik"", ""daya""]"
2068__5,2068,5,kaskus,2017-03-26 20:28:23,bauran produksi rendah,rb,"[""bauran produksi rendah"", ""produksi""]"
2068__6,2068,6,kaskus,2017-03-26 20:28:23,,empty,[]
2069__0,2069,0,kaskus,2017-03-26 16:06:55,kaskus,overlap,"[""kaskus""]"
2069__1,2069,1,kaskus,2017-03-26 16:06:55,power,overlap,"[""power""]"
2069__2,2069,2,kaskus,2017-03-26 16:06:55,plts,overlap,"[""plts""]"
2069__3,2069,3,kaskus,2017-03-26 16:06:55,jokowi,overlap,"[""jokowi""]"
2069__4,2069,4,kaskus,2017-03-26 16:06:55,chile,overlap,"[""chile""]"
2069__5,2069,5,kaskus,2017-03-26 16:06:55,power,overlap,"[""power""]"
2069__6,2069,6,kaskus,2017-03-26 16:06:55,bukti,rb,"[""bukti""]"
2069__7,2069,7,kaskus,2017-03-26 16:06:55,indonesia,overlap,"[""indonesia""]"
2069__8,2069,8,kaskus,2017-03-26 16:06:55,jiwa,overlap,"[""jiwa"", ""juta"", ""jaman""]"
2069__9,2069,9,kaskus,2017-03-26 16:06:55,potensi,overlap,"[""potensi""]"
2069__10,2069,10,kaskus,2017-03-26 16:06:55,nutup,rb,"[""nutup""]"
2069__11,2069,11,kaskus,2017-03-26 16:06:55,fosil,overlap,"[""fosil"", ""energi""]"
2069__12,2069,12,kaskus,2017-03-26 16:06:55,nuklir,overlap,"[""nuklir"", ""fosil"", ""energi""]"
2069__13,2069,13,kaskus,2017-03-26 16:06:55,teknologi,overlap,"[""teknologi""]"
2069__14,2069,14,kaskus,2017-03-26 16:06:55,nuklir,overlap,"[""nuklir"", ""gas"", ""batubara"", ""energi""]"
2069__15,2069,15,kaskus,2017-03-26 16:06:55,energi,overlap,"[""energi""]"
2069__16,2069,16,kaskus,2017-03-26 16:06:55,,empty,[]
2070__0,2070,0,kaskus,2017-03-26 14:25:06,energi,overlap,"[""energi"", ""jerman"", ""eropa"", ""indonesia"", ""power""]"
2070__1,2070,1,kaskus,2017-03-26 14:25:06,fuel,overlap,"[""fuel"", ""nuklir"", ""energi""]"
2070__2,2070,2,kaskus,2017-03-26 14:25:06,jerman,overlap,"[""jerman"", ""negara""]"
2071__0,2071,0,kaskus,2017-03-26 14:07:50,fosil,overlap,"[""fosil""]"
2071__1,2071,1,kaskus,2017-03-26 14:07:50,data,overlap,"[""data"", ""url""]"
2072__0,2072,0,kaskus,2017-03-25 13:03:21,bagus,rb,"[""bagus"", ""try"", ""mate""]"
2072__1,2072,1,kaskus,2017-03-25 13:03:21,chile energi,rb,"[""chile energi"", ""total"", ""primary"", ""energi mtoe"", ""supply""]"
2072__2,2072,2,kaskus,2017-03-25 13:03:21,energi,overlap,"[""energi"", ""batubara"", ""gas""]"
2072__3,2072,3,kaskus,2017-03-25 13:03:21,energi,overlap,"[""energi""]"
2072__4,2072,4,kaskus,2017-03-25 13:03:21,electricity batubara,rb,"[""electricity batubara"", ""sector"", ""chile"", ""relies"", ""generation""]"
2072__5,2072,5,kaskus,2017-03-25 13:03:21,gas,overlap,"[""gas"", ""url"", ""fosil""]"
2072__6,2072,6,kaskus,2017-03-25 13:03:21,energi terbarukan,rb,"[""energi terbarukan""]"
2072__7,2072,7,kaskus,2017-03-25 13:03:21,right,overlap,"[""right""]"
2073__0,2073,0,kaskus,2017-03-25 12:00:08,ts,rb,"[""ts"", ""chile""]"
2073__1,2073,1,kaskus,2017-03-25 12:00:08,pp,overlap,"[""pp"", ""tiket""]"
2073__2,2073,2,kaskus,2017-03-25 12:00:08,apple,overlap,"[""apple""]"
2073__3,2073,3,kaskus,2017-03-25 12:00:08,jiwa,overlap,"[""jiwa""]"
2073__4,2073,4,kaskus,2017-03-25 12:00:08,juta,overlap,"[""juta""]"
2073__5,2073,5,kaskus,2017-03-25 12:00:08,kapasitas,overlap,"[""kapasitas"", ""listrik""]"
2073__6,2073,6,kaskus,2017-03-25 12:00:08,,empty,[]
2073__7,2073,7,kaskus,2017-03-25 12:00:08,anggap,rb,"[""anggap""]"
2073__8,2073,8,kaskus,2017-03-25 12:00:08,juta,overlap,"[""juta""]"
2073__9,2073,9,kaskus,2017-03-25 12:00:08,penduduk,rb,"[""penduduk""]"
2073__10,2073,10,kaskus,2017-03-25 12:00:08,potensi,overlap,"[""potensi""]"
2073__11,2073,11,kaskus,2017-03-25 12:00:08,rakyat,overlap,"[""rakyat"", ""juta""]"
2073__12,2073,12,kaskus,2017-03-25 12:00:08,hitungan beda,rb,"[""hitungan beda""]"
2073__13,2073,13,kaskus,2017-03-25 12:00:08,listrik,overlap,"[""listrik"", ""kapasitas""]"
2073__14,2073,14,kaskus,2017-03-25 12:00:08,alias,overlap,"[""alias""]"
2073__15,2073,15,kaskus,2017-03-25 12:00:08,angka,overlap,"[""angka""]"
2073__16,2073,16,kaskus,2017-03-25 12:00:08,potensi,overlap,"[""potensi""]"
2073__17,2073,17,kaskus,2017-03-25 12:00:08,skandinavia,overlap,"[""skandinavia"", ""chile""]"
2073__18,2073,18,kaskus,2017-03-25 12:00:08,jiwa,overlap,"[""jiwa""]"
2073__19,2073,19,kaskus,2017-03-25 12:00:08,jerman,overlap,"[""jerman"", ""negara""]"
2073__20,2073,20,kaskus,2017-03-25 12:00:08,juta,overlap,"[""juta""]"
2073__21,2073,21,kaskus,2017-03-25 12:00:08,pltn,overlap,"[""pltn"", ""fosil"", ""emisi""]"
2073__22,2073,22,kaskus,2017-03-25 12:00:08,fosil,overlap,"[""fosil""]"
2073__23,2073,23,kaskus,2017-03-25 12:00:08,importir,overlap,"[""importir"", ""net""]"
2073__24,2073,24,kaskus,2017-03-25 12:00:08,importir,overlap,"[""importir"", ""net""]"
2073__25,2073,25,kaskus,2017-03-25 12:00:08,batubara,overlap,"[""batubara"", ""tahunan""]"
2073__26,2073,26,kaskus,2017-03-25 12:00:08,energi,overlap,"[""energi""]"
2073__27,2073,27,kaskus,2017-03-25 12:00:08,potensi energi,rb,"[""potensi energi"", ""energi""]"
2073__28,2073,28,kaskus,2017-03-25 12:00:08,,empty,[]
2073__29,2073,29,kaskus,2017-03-25 12:00:08,nuklir,overlap,"[""nuklir"", ""energi""]"
2073__30,2073,30,kaskus,2017-03-25 12:00:08,batubara,overlap,"[""batubara""]"
2073__31,2073,31,kaskus,2017-03-25 12:00:08,pltn,overlap,"[""pltn"", ""batubara"", ""impor""]"
2073__32,2073,32,kaskus,2017-03-25 12:00:08,polusi,overlap,"[""polusi"", ""devisa"", ""pengurangan""]"
2073__33,2073,33,kaskus,2017-03-25 12:00:08,indonesia,overlap,"[""indonesia"", ""negara"", ""kebutuhan"", ""energi""]"
2073__34,2073,34,kaskus,2017-03-25 12:00:08,energi,overlap,"[""energi""]"
2074__0,2074,0,kaskus,2017-03-25 06:29:18,jalan,overlap,"[""jalan""]"
2074__1,2074,1,kaskus,2017-03-25 06:29:18,negara,overlap,"[""negara""]"
2074__2,2074,2,kaskus,2017-03-25 06:29:18,bangsa,overlap,"[""bangsa""]"
2074__3,2074,3,kaskus,2017-03-25 06:29:18,damn,overlap,"[""damn"", ""dutch"", ""people""]"
2075__0,2075,0,kaskus,2017-03-25 03:23:32,jalan,overlap,"[""jalan""]"
2075__1,2075,1,kaskus,2017-03-25 03:23:32,negara,overlap,"[""negara"", ""energi""]"
2075__2,2075,2,kaskus,2017-03-25 03:23:32,nuklir,overlap,"[""nuklir""]"
2075__3,2075,3,kaskus,2017-03-25 03:23:32,negara,overlap,"[""negara"", ""jerman"", ""plts""]"
2075__4,2075,4,kaskus,2017-03-25 03:23:32,plts,overlap,"[""plts"", ""negara""]"
2075__5,2075,5,kaskus,2017-03-25 03:23:32,negara,overlap,"[""negara"", ""jerman"", ""air""]"
2075__6,2075,6,kaskus,2017-03-25 03:23:32,fosil,overlap,"[""fosil"", ""fuel"", ""uap""]"
2076__0,2076,0,kaskus,2017-03-24 16:07:15,enarchi,overlap,"[""enarchi""]"
2076__1,2076,1,kaskus,2017-03-24 16:07:15,jam,overlap,"[""jam"", ""angka""]"
2076__2,2076,2,kaskus,2017-03-24 16:07:15,angin,overlap,"[""angin"", ""data""]"
2076__3,2076,3,kaskus,2017-03-24 16:07:15,energi,rb,"[""energi""]"
2076__4,2076,4,kaskus,2017-03-24 16:07:15,anggapan,rb,"[""anggapan"", ""energi terbarukan""]"
2076__5,2076,5,kaskus,2017-03-24 16:07:15,negara,overlap,"[""negara"", ""indonesia""]"
2076__6,2076,6,kaskus,2017-03-24 16:07:15,energi,overlap,"[""energi""]"
2076__7,2076,7,kaskus,2017-03-24 16:07:15,berita,overlap,"[""berita"", ""tulisan""]"
2077__0,2077,0,kaskus,2017-03-24 10:50:18,energi,overlap,"[""energi"", ""indonesia""]"
2077__1,2077,1,kaskus,2017-03-24 10:50:18,,empty,[]
2077__2,2077,2,kaskus,2017-03-24 10:50:18,air,overlap,"[""air"", ""terbarukan"", ""energi"", ""dunia""]"
2077__3,2077,3,kaskus,2017-03-24 10:50:18,energi,overlap,"[""energi"", ""kota"", ""dunia""]"
2077__4,2077,4,kaskus,2017-03-24 10:50:18,youtube,rb,"[""youtube"", ""kwh"", ""target kwh"", ""turbine"", ""turbine pv""]"
2077__5,2077,5,kaskus,2017-03-24 10:50:18,angin,overlap,"[""angin""]"
2077__6,2077,6,kaskus,2017-03-24 10:50:18,jam durasi,rb,"[""jam durasi"", ""durasi sinar"", ""sinar matahari"", ""matahari""]"
2077__7,2077,7,kaskus,2017-03-24 10:50:18,jam,overlap,"[""jam"", ""teman""]"
2077__8,2077,8,kaskus,2017-03-24 10:50:18,low,rb,"[""low"", ""budget"", ""teman"", ""yogyakarta""]"
2077__9,2077,9,kaskus,2017-03-24 10:50:18,mundur merdeka,rb,"[""mundur merdeka"", ""merdeka"", ""mati pokok gass"", ""pokok"", ""gass poll""]"
2077__10,2077,10,kaskus,2017-03-24 10:50:18,energi,overlap,"[""energi""]"
2078__0,2078,0,kaskus,2017-03-24 03:16:11,,empty,[]
2078__1,2078,1,kaskus,2017-03-24 03:16:11,negara,overlap,"[""negara"", ""jerman""]"
2079__0,2079,0,kaskus,2017-03-24 00:05:33,energi,overlap,"[""energi"", ""power""]"
2079__1,2079,1,kaskus,2017-03-24 00:05:33,energi,overlap,"[""energi"", ""laut""]"
2079__2,2079,2,kaskus,2017-03-24 00:05:33,energi,overlap,"[""energi""]"
2079__3,2079,3,kaskus,2017-03-24 00:05:33,energi,overlap,"[""energi""]"
2079__4,2079,4,kaskus,2017-03-24 00:05:33,ombak,overlap,"[""ombak"", ""listrik""]"
2079__5,2079,5,kaskus,2017-03-24 00:05:33,ombak,overlap,"[""ombak""]"
2079__6,2079,6,kaskus,2017-03-24 00:05:33,kelebihan,overlap,"[""kelebihan""]"
2080__0,2080,0,kaskus,2017-03-22 18:40:09,kerja,overlap,"[""kerja"", ""energi"", ""ombak""]"
2080__1,2080,1,kaskus,2017-03-22 18:40:09,kondisi,overlap,"[""kondisi"", ""wilayah""]"
2081__0,2081,0,kaskus,2017-03-22 16:15:14,mbah,overlap,"[""mbah"", ""maneh"", ""sek""]"
2081__1,2081,1,kaskus,2017-03-22 16:15:14,e,overlap,"[""e""]"
2082__0,2082,0,kaskus,2017-03-21 11:16:37,ha,rb,"[""ha"", ""ts""]"
2082__1,2082,1,kaskus,2017-03-21 11:16:37,jerman,overlap,"[""jerman"", ""pltn""]"
2082__2,2082,2,kaskus,2017-03-21 11:16:37,fosil,overlap,"[""fosil"", ""pltn"", ""jerman""]"
2083__0,2083,0,kaskus,2017-03-18 15:26:00,indonesia,overlap,"[""indonesia"", ""energi"", ""angin"", ""surya""]"
2083__1,2083,1,kaskus,2017-03-18 15:26:00,indonesia,overlap,"[""indonesia"", ""ebt""]"
2083__2,2083,2,kaskus,2017-03-18 15:26:00,listrik,overlap,"[""listrik"", ""surya"", ""pltu"", ""panel""]"
2083__3,2083,3,kaskus,2017-03-18 15:26:00,masyarakat,overlap,"[""masyarakat"", ""energi""]"
2084__0,2084,0,kaskus,2017-03-16 08:57:34,pln,overlap,"[""pln"", ""listrik""]"
2084__1,2084,1,kaskus,2017-03-16 08:57:34,pln,overlap,"[""pln"", ""monopoli""]"
2084__2,2084,2,kaskus,2017-03-16 08:57:34,,empty,[]
2084__3,2084,3,kaskus,2017-03-16 08:57:34,monopoli,overlap,"[""monopoli""]"
2084__4,2084,4,kaskus,2017-03-16 08:57:34,monopoli,overlap,"[""monopoli""]"
2084__5,2084,5,kaskus,2017-03-16 08:57:34,telepon,overlap,"[""telepon""]"
2084__6,2084,6,kaskus,2017-03-16 08:57:34,amerika,overlap,"[""amerika"", ""perusahaan""]"
2084__7,2084,7,kaskus,2017-03-16 08:57:34,pemerintah,overlap,"[""pemerintah"", ""amerika"", ""monopoli""]"
2084__8,2084,8,kaskus,2017-03-16 08:57:34,monopoli,overlap,"[""monopoli""]"
2084__9,2084,9,kaskus,2017-03-16 08:57:34,argumen,overlap,"[""argumen"", ""mutu"", ""layanan""]"
2084__10,2084,10,kaskus,2017-03-16 08:57:34,model,overlap,"[""model""]"
2084__11,2084,11,kaskus,2017-03-16 08:57:34,monopoli,overlap,"[""monopoli""]"
2084__12,2084,12,kaskus,2017-03-16 08:57:34,teknologi,overlap,"[""teknologi"", ""monopoli""]"
2084__13,2084,13,kaskus,2017-03-16 08:57:34,pasar,overlap,"[""pasar"", ""pesaing"", ""pangsa""]"
2084__14,2084,14,kaskus,2017-03-16 08:57:34,pilihan,overlap,"[""pilihan""]"
2084__15,2084,15,kaskus,2017-03-16 08:57:34,layanan jelek,rb,"[""layanan jelek"", ""pemasok"", ""layanan""]"
2084__16,2084,16,kaskus,2017-03-16 08:57:34,perusahaan,overlap,"[""perusahaan""]"
2084__17,2084,17,kaskus,2017-03-16 08:57:34,perusahaan,overlap,"[""perusahaan""]"
2084__18,2084,18,kaskus,2017-03-16 08:57:34,keberadaan natural monopoly,rb,"[""keberadaan natural monopoly"", ""monopoly"", ""keberadaan""]"
2084__19,2084,19,kaskus,2017-03-16 08:57:34,pemerintah,overlap,"[""pemerintah""]"
2084__20,2084,20,kaskus,2017-03-16 08:57:34,ketentuan,overlap,"[""ketentuan"", ""barrier"", ""entry""]"
2084__21,2084,21,kaskus,2017-03-16 08:57:34,kebebasan,rb,"[""kebebasan"", ""texas"", ""kalifornia"", ""cina"", ""kebebasan semu""]"
2084__22,2084,22,kaskus,2017-03-16 08:57:34,kuda,overlap,"[""kuda"", ""kandang""]"
2085__0,2085,0,kaskus,2017-03-16 00:10:56,perdebatan,rb,"[""perdebatan"", ""debat kusir"", ""kusir kilat nyontek"", ""nyontek"", ""google""]"
2085__1,2085,1,kaskus,2017-03-16 00:10:56,pln,overlap,"[""pln"", ""monopoli"", ""jaringan""]"
2085__2,2085,2,kaskus,2017-03-16 00:10:56,jaringan,overlap,"[""jaringan""]"
2085__3,2085,3,kaskus,2017-03-16 00:10:56,natural monopoly,rb,"[""natural monopoly"", ""monopoly""]"
2085__4,2085,4,kaskus,2017-03-16 00:10:56,harga,overlap,"[""harga"", ""perusahaan""]"
2085__5,2085,5,kaskus,2017-03-16 00:10:56,amerika,overlap,"[""amerika"", ""negara"", ""harga""]"
2085__6,2085,6,kaskus,2017-03-16 00:10:56,amerika,overlap,"[""amerika""]"
2085__7,2085,7,kaskus,2017-03-16 00:10:56,bukti,rb,"[""bukti""]"
2085__8,2085,8,kaskus,2017-03-16 00:10:56,artikel,overlap,"[""artikel""]"
2085__9,2085,9,kaskus,2017-03-16 00:10:56,harga,overlap,"[""harga"", ""jaman""]"
2085__10,2085,10,kaskus,2017-03-16 00:10:56,negara,overlap,"[""negara""]"
2085__11,2085,11,kaskus,2017-03-16 00:10:56,,empty,[]
2085__12,2085,12,kaskus,2017-03-16 00:10:56,pln,overlap,"[""pln"", ""jerman"", ""pembangkit"", ""eropa""]"
2085__13,2085,13,kaskus,2017-03-16 00:10:56,texas,rb,"[""texas"", ""pertimbangan kebebasan"", ""kebebasan"", ""cina murah"", ""cina""]"
2085__14,2085,14,kaskus,2017-03-16 00:10:56,,empty,[]
2086__0,2086,0,kaskus,2017-03-15 22:33:27,indonesia,overlap,"[""indonesia""]"
2086__1,2086,1,kaskus,2017-03-15 22:33:27,kurikulum,rb,"[""kurikulum"", ""negara tepat-pasan"", ""manusia"", ""kekayaan alam"", ""kekayaan""]"
2086__2,2086,2,kaskus,2017-03-15 22:33:27,indonesia,overlap,"[""indonesia"", ""penduduk""]"
2086__3,2086,3,kaskus,2017-03-15 22:33:27,duit semilyar,rb,"[""duit semilyar"", ""semilyar""]"
2086__4,2086,4,kaskus,2017-03-15 22:33:27,,empty,[]
2086__5,2086,5,kaskus,2017-03-15 22:33:27,setahun,rb,"[""setahun""]"
2086__6,2086,6,kaskus,2017-03-15 22:33:27,usaha,overlap,"[""usaha"", ""modal""]"
2086__7,2086,7,kaskus,2017-03-15 22:33:27,posisi,rb,"[""posisi""]"
2086__8,2086,8,kaskus,2017-03-15 22:33:27,angin,overlap,"[""angin""]"
2086__9,2086,9,kaskus,2017-03-15 22:33:27,angin,overlap,"[""angin"", ""indonesia"", ""url""]"
2086__10,2086,10,kaskus,2017-03-15 22:33:27,energi,overlap,"[""energi"", ""indonesia"", ""url"", ""potensi""]"
2086__11,2086,11,kaskus,2017-03-15 22:33:27,musim,overlap,"[""musim""]"
2086__12,2086,12,kaskus,2017-03-15 22:33:27,hujan,overlap,"[""hujan"", ""musim""]"
2086__13,2086,13,kaskus,2017-03-15 22:33:27,matahari,overlap,"[""matahari"", ""hasil""]"
2086__14,2086,14,kaskus,2017-03-15 22:33:27,geothermal,overlap,"[""geothermal""]"
2086__15,2086,15,kaskus,2017-03-15 22:33:27,url,overlap,"[""url"", ""geothermal""]"
2086__16,2086,16,kaskus,2017-03-15 22:33:27,dunia,overlap,"[""dunia""]"
2086__17,2086,17,kaskus,2017-03-15 22:33:27,indonesia,overlap,"[""indonesia""]"
2086__18,2086,18,kaskus,2017-03-15 22:33:27,url,overlap,"[""url""]"
2086__19,2086,19,kaskus,2017-03-15 22:33:27,angka,overlap,"[""angka""]"
2086__20,2086,20,kaskus,2017-03-15 22:33:27,angin,overlap,"[""angin"", ""potensi""]"
2086__21,2086,21,kaskus,2017-03-15 22:33:27,geothermal,overlap,"[""geothermal""]"
2086__22,2086,22,kaskus,2017-03-15 22:33:27,url,overlap,"[""url""]"
2086__23,2086,23,kaskus,2017-03-15 22:33:27,total,overlap,"[""total""]"
2086__24,2086,24,kaskus,2017-03-15 22:33:27,,empty,[]
2086__25,2086,25,kaskus,2017-03-15 22:33:27,potensi,overlap,"[""potensi""]"
2086__26,2086,26,kaskus,2017-03-15 22:33:27,gas bumi,rb,"[""gas bumi"", ""bumi"", ""gas""]"
2086__27,2086,27,kaskus,2017-03-15 22:33:27,net,overlap,"[""net""]"
2086__28,2086,28,kaskus,2017-03-15 22:33:27,batubara,overlap,"[""batubara"", ""cadangan""]"
2086__29,2086,29,kaskus,2017-03-15 22:33:27,cadangan,overlap,"[""cadangan""]"
2086__30,2086,30,kaskus,2017-03-15 22:33:27,ekspor,overlap,"[""ekspor""]"
2086__31,2086,31,kaskus,2017-03-15 22:33:27,teori energi,rb,"[""teori energi"", ""energi matahari"", ""matahari""]"
2086__32,2086,32,kaskus,2017-03-15 22:33:27,batas,rb,"[""batas"", ""lahan"", ""duit""]"
2086__33,2086,33,kaskus,2017-03-15 22:33:27,duit,rb,"[""duit""]"
2086__34,2086,34,kaskus,2017-03-15 22:33:27,duit,unsup,"[""duit"", ""lahan""]"
2086__35,2086,35,kaskus,2017-03-15 22:33:27,plts,rb,"[""plts"", ""cadiz"", ""filipina"", ""plts terbesar"", ""asia tenggara""]"
2086__36,2086,36,kaskus,2017-03-15 22:33:27,contoh,rb,"[""contoh""]"
2086__37,2086,37,kaskus,2017-03-15 22:33:27,kapasitas puncak lahan,rb,"[""kapasitas puncak lahan"", ""puncak"", ""lahan hektar"", ""hektar"", ""duit peso""]"
2086__38,2086,38,kaskus,2017-03-15 22:33:27,kapasitas puncak,rb,"[""kapasitas puncak"", ""puncak"", ""hektar"", ""triliun duit"", ""duit""]"
2086__39,2086,39,kaskus,2017-03-15 22:33:27,hutan,rb,"[""hutan"", ""plts""]"
2086__40,2086,40,kaskus,2017-03-15 22:33:27,plts,rb,"[""plts"", ""cuaca""]"
2086__41,2086,41,kaskus,2017-03-15 22:33:27,hasil,rb,"[""hasil"", ""siang""]"
2086__42,2086,42,kaskus,2017-03-15 22:33:27,hasil nol,rb,"[""hasil nol"", ""nol""]"
2086__43,2086,43,kaskus,2017-03-15 22:33:27,kekurangan,rb,"[""kekurangan""]"
2086__44,2086,44,kaskus,2017-03-15 22:33:27,krisis listrik,rb,"[""krisis listrik"", ""listrik"", ""bisnis"", ""industri mati suri"", ""suri barusan""]"
2086__45,2086,45,kaskus,2017-03-15 22:33:27,sumber energi,rb,"[""sumber energi"", ""energi"", ""sumber""]"
2086__46,2086,46,kaskus,2017-03-15 22:33:27,energi,overlap,"[""energi""]"
2086__47,2086,47,kaskus,2017-03-15 22:33:27,sumber,overlap,"[""sumber""]"
2086__48,2086,48,kaskus,2017-03-15 22:33:27,nuklir,unsup,"[""nuklir"", ""energi"", ""sumber""]"
2086__49,2086,49,kaskus,2017-03-15 22:33:27,sumber,unsup,"[""sumber"", ""daya""]"
2087__0,2087,0,kaskus,2017-03-15 16:46:07,indonesia,overlap,"[""indonesia""]"
2087__1,2087,1,kaskus,2017-03-15 16:46:07,indonesia,overlap,"[""indonesia""]"
2088__0,2088,0,kaskus,2017-03-15 16:29:56,awak,rb,"[""awak"", ""telo"", ""pohong""]"
2088__1,2088,1,kaskus,2017-03-15 16:29:56,indonesia,overlap,"[""indonesia""]"
2089__0,2089,0,kaskus,2017-03-15 16:06:39,matematika,rb,"[""matematika""]"
2089__1,2089,1,kaskus,2017-03-15 16:06:39,angin,overlap,"[""angin"", ""indonesia"", ""negara"", ""amerika"", ""potensi""]"
2089__2,2089,2,kaskus,2017-03-15 16:06:39,angin,overlap,"[""angin"", ""potensi""]"
2089__3,2089,3,kaskus,2017-03-15 16:06:39,surya,overlap,"[""surya"", ""negara"", ""lahan"", ""panel""]"
2089__4,2089,4,kaskus,2017-03-15 16:06:39,estimasi maksimal,rb,"[""estimasi maksimal""]"
2089__5,2089,5,kaskus,2017-03-15 16:06:39,dunia,overlap,"[""dunia""]"
2089__6,2089,6,kaskus,2017-03-15 16:06:39,b,rb,"[""b""]"
2089__7,2089,7,kaskus,2017-03-15 16:06:39,total,overlap,"[""total""]"
2089__8,2089,8,kaskus,2017-03-15 16:06:39,listrik,overlap,"[""listrik"", ""indonesia""]"
2089__9,2089,9,kaskus,2017-03-15 16:06:39,sisanya,rb,"[""sisanya""]"
2089__10,2089,10,kaskus,2017-03-15 16:06:39,gas alam,rb,"[""gas alam"", ""alam""]"
2089__11,2089,11,kaskus,2017-03-15 16:06:39,iklim,overlap,"[""iklim""]"
2089__12,2089,12,kaskus,2017-03-15 16:06:39,energi,overlap,"[""energi""]"
2089__13,2089,13,kaskus,2017-03-15 16:06:39,nuklir,overlap,"[""nuklir""]"
2090__0,2090,0,kaskus,2017-03-15 15:46:46,yo,overlap,"[""yo"", ""kui"", ""racis"", ""holiwud"", ""le""]"
2090__1,2090,1,kaskus,2017-03-15 15:46:46,ireng,overlap,"[""ireng"", ""nigge"", ""dusun"", ""detroit"", ""guyon""]"
2090__2,2090,2,kaskus,2017-03-15 15:46:46,detroit,overlap,"[""detroit"", ""mengko""]"
2091__0,2091,0,kaskus,2017-03-15 15:14:20,indonesia,overlap,"[""indonesia"", ""nuklir""]"
2091__1,2091,1,kaskus,2017-03-15 15:14:20,indonesia,overlap,"[""indonesia"", ""angin""]"
2091__2,2091,2,kaskus,2017-03-15 15:14:20,garis pantai,rb,"[""garis pantai"", ""pantai"", ""matahari nongol"", ""nongol""]"
2091__3,2091,3,kaskus,2017-03-15 15:14:20,geothermal,overlap,"[""geothermal"", ""negeri""]"
2091__4,2091,4,kaskus,2017-03-15 15:14:20,ekonomi,overlap,"[""ekonomi""]"
2091__5,2091,5,kaskus,2017-03-15 15:14:20,pemerintah,overlap,"[""pemerintah"", ""ebt"", ""energi""]"
2091__6,2091,6,kaskus,2017-03-15 15:14:20,,empty,[]
2091__7,2091,7,kaskus,2017-03-15 15:14:20,pemerintah,overlap,"[""pemerintah"", ""duit""]"
2091__8,2091,8,kaskus,2017-03-15 15:14:20,sektor swasta,rb,"[""sektor swasta"", ""subsidi"", ""utangan"", ""cost recovery"", ""recovery""]"
2091__9,2091,9,kaskus,2017-03-15 15:14:20,pemerintah,rb,"[""pemerintah"", ""lembaga"", ""negara donor"", ""donor""]"
2091__10,2091,10,kaskus,2017-03-15 15:14:20,penghisap rentenir,rb,"[""penghisap rentenir"", ""rentenir"", ""indonesia sektor"", ""sektor energi"", ""energi""]"
2091__11,2091,11,kaskus,2017-03-15 15:14:20,pemerintah,unsup,"[""pemerintah"", ""negara""]"
2091__12,2091,12,kaskus,2017-03-15 15:14:20,indonesia,unsup,"[""indonesia"", ""energi"", ""sektor""]"
2092__0,2092,0,kaskus,2017-03-15 14:40:36,makanan cepat saji,rb,"[""makanan cepat saji"", ""saji mcd"", ""mcd"", ""bayar"", ""makanan""]"
2092__1,2092,1,kaskus,2017-03-15 14:40:36,nuklir,overlap,"[""nuklir""]"
2093__0,2093,0,kaskus,2017-03-15 14:40:25,tok,overlap,"[""tok"", ""jarene"", ""yo"", ""ngono"", ""ireng""]"
2094__0,2094,0,kaskus,2017-03-15 14:36:53,isa,overlap,"[""isa"", ""moco"", ""ora""]"
2094__1,2094,1,kaskus,2017-03-15 14:36:53,ta,rb,"[""ta"", ""ta suruh"", ""suruh"", ""awak"", ""ojo""]"
2094__2,2094,2,kaskus,2017-03-15 14:36:53,pelem,overlap,"[""pelem"", ""holiwud"", ""biyuh"", ""padake""]"
2095__0,2095,0,kaskus,2017-03-15 14:21:04,,empty,[]
2095__1,2095,1,kaskus,2017-03-15 14:21:04,breeder,overlap,"[""breeder"", ""reactor""]"
2095__2,2095,2,kaskus,2017-03-15 14:21:04,rusia,rb,"[""rusia""]"
2095__3,2095,3,kaskus,2017-03-15 14:21:04,kapasitas,overlap,"[""kapasitas""]"
2095__4,2095,4,kaskus,2017-03-15 14:21:04,bn-1200,rb,"[""bn-1200""]"
2095__5,2095,5,kaskus,2017-03-15 14:21:04,limbah,overlap,"[""limbah"", ""fuel""]"
2095__6,2095,6,kaskus,2017-03-15 14:21:04,limbah,overlap,"[""limbah""]"
2095__7,2095,7,kaskus,2017-03-15 14:21:04,limbah,overlap,"[""limbah"", ""nuklir""]"
2095__8,2095,8,kaskus,2017-03-15 14:21:04,nuklir,overlap,"[""nuklir"", ""limbah""]"
2095__9,2095,9,kaskus,2017-03-15 14:21:04,negara,overlap,"[""negara""]"
2095__10,2095,10,kaskus,2017-03-15 14:21:04,batan,overlap,"[""batan"", ""reaktor""]"
2095__11,2095,11,kaskus,2017-03-15 14:21:04,,empty,[]
2095__12,2095,12,kaskus,2017-03-15 14:21:04,minat,overlap,"[""minat"", ""teknologi""]"
2095__13,2095,13,kaskus,2017-03-15 14:21:04,pltn,overlap,"[""pltn"", ""uranium""]"
2095__14,2095,14,kaskus,2017-03-15 14:21:04,pltn,overlap,"[""pltn""]"
2096__0,2096,0,kaskus,2017-03-15 14:12:58,iso,overlap,"[""iso"", ""moco"", ""ra""]"
2096__1,2096,1,kaskus,2017-03-15 14:12:58,iku,rb,"[""iku"", ""iku nek"", ""nek"", ""ireng"", ""nigga""]"
2096__2,2096,2,kaskus,2017-03-15 14:12:58,kono,overlap,"[""kono"", ""disik""]"
2097__0,2097,0,kaskus,2017-03-15 14:08:00,dunia,overlap,"[""dunia""]"
2098__0,2098,0,kaskus,2017-03-15 13:35:30,pancene,overlap,"[""pancene"", ""iku"", ""ireng""]"
2098__1,2098,1,kaskus,2017-03-15 13:35:30,thok,overlap,"[""thok"", ""iku"", ""proyektore"", ""siji""]"
2098__2,2098,2,kaskus,2017-03-15 13:35:30,film,overlap,"[""film"", ""ono"", ""irenge"", ""ireng"", ""yo""]"
2098__3,2098,3,kaskus,2017-03-15 13:35:30,iku,rb,"[""iku"", ""nasionalis iku"", ""chauvinis"", ""diterusno wae"", ""wae mak""]"
2099__0,2099,0,kaskus,2017-03-15 13:32:23,pemadaman,overlap,"[""pemadaman""]"
2099__1,2099,1,kaskus,2017-03-15 13:32:23,teknologi,overlap,"[""teknologi""]"
2099__2,2099,2,kaskus,2017-03-15 13:32:23,uranium,overlap,"[""uranium""]"
2099__3,2099,3,kaskus,2017-03-15 13:32:23,limbah,overlap,"[""limbah"", ""teknologi""]"
2099__4,2099,4,kaskus,2017-03-15 13:32:23,perusahaan,overlap,"[""perusahaan"", ""eropa"", ""amerika""]"
2099__5,2099,5,kaskus,2017-03-15 13:32:23,negara,overlap,"[""negara""]"
2100__0,2100,0,kaskus,2017-03-15 13:26:00,ireng,overlap,"[""ireng"", ""seng""]"
2100__1,2100,1,kaskus,2017-03-15 13:26:00,asline,overlap,"[""asline"", ""bule"", ""bulet"", ""negro"", ""budak""]"
2100__2,2100,2,kaskus,2017-03-15 13:26:00,jik ora,rb,"[""jik ora"", ""ora duwi pikiran"", ""duwi"", ""pikiran matang yo"", ""yo koyo""]"
2100__3,2100,3,kaskus,2017-03-15 13:26:00,cilik,overlap,"[""cilik"", ""ra"", ""bedane"", ""guyonan"", ""seng""]"
2100__4,2100,4,kaskus,2017-03-15 13:26:00,kebanggaan,overlap,"[""kebanggaan"", ""kekurangan"", ""le""]"
2100__5,2100,5,kaskus,2017-03-15 13:26:00,bangsa,overlap,"[""bangsa""]"
2101__0,2101,0,kaskus,2017-03-15 11:19:01,ireng,rb,"[""ireng"", ""ireng dhewe"", ""dhewe"", ""nigga"", ""liyo""]"
2101__1,2101,1,kaskus,2017-03-15 11:19:01,iku film,rb,"[""iku film"", ""buktine ndhik"", ""ndhik"", ""film rush"", ""rush""]"
2101__2,2101,2,kaskus,2017-03-15 11:19:01,chris,rb,"[""chris"", ""tucker"", ""nigga nigga"", ""nigga"", ""podho irenge""]"
2101__3,2101,3,kaskus,2017-03-15 11:19:01,pikiran,overlap,"[""pikiran"", ""dewoso""]"
2101__4,2101,4,kaskus,2017-03-15 11:19:01,iki,overlap,"[""iki"", ""ono"", ""conto"", ""liyane""]"
2101__5,2101,5,kaskus,2017-03-15 11:19:01,ndhisik,overlap,"[""ndhisik"", ""orkes"", ""dut"", ""dinyek""]"
2101__6,2101,6,kaskus,2017-03-15 11:19:01,jeneng,overlap,"[""jeneng"", ""dangdut"", ""dinggo""]"
2101__7,2101,7,kaskus,2017-03-15 11:19:01,chauvinisme,overlap,"[""chauvinisme"", ""endhi"", ""akhire"", ""liyo"", ""ndelok""]"
2102__0,2102,0,kaskus,2017-03-15 10:53:05,niku,overlap,"[""niku"", ""loyalitas"", ""buta"", ""karo"", ""sopo""]"
2102__1,2102,1,kaskus,2017-03-15 10:53:05,niku,overlap,"[""niku"", ""babuke"", ""cobaen"", ""negro"", ""londo""]"
2102__2,2102,2,kaskus,2017-03-15 10:53:05,negoro,overlap,"[""negoro"", ""negro"", ""londo"", ""amriko"", ""wae""]"
2102__3,2102,3,kaskus,2017-03-15 10:53:05,sudi,overlap,"[""sudi"", ""awak"", ""kui"", ""dwe"", ""ngertos""]"
2102__4,2102,4,kaskus,2017-03-15 10:53:05,kiro,overlap,"[""kiro"", ""yo"", ""ancene"", ""roso""]"
2103__0,2103,0,kaskus,2017-03-15 09:58:25,,empty,[]
2103__1,2103,1,kaskus,2017-03-15 09:58:25,contoh,overlap,"[""contoh"", ""gas"", ""monopoli""]"
2103__2,2103,2,kaskus,2017-03-15 09:58:25,listrik,overlap,"[""listrik""]"
2103__3,2103,3,kaskus,2017-03-15 09:58:25,,empty,[]
2103__4,2103,4,kaskus,2017-03-15 09:58:25,monopoli,overlap,"[""monopoli""]"
2103__5,2103,5,kaskus,2017-03-15 09:58:25,cuaca kering,rb,"[""cuaca kering""]"
2103__6,2103,6,kaskus,2017-03-15 09:58:25,pemadaman,rb,"[""pemadaman"", ""kalifornia"", ""ahnuld"", ""gubernur""]"
2103__7,2103,7,kaskus,2017-03-15 09:58:25,hasil,overlap,"[""hasil""]"
2103__8,2103,8,kaskus,2017-03-15 09:58:25,sistem,rb,"[""sistem""]"
2103__9,2103,9,kaskus,2017-03-15 09:58:25,harga,overlap,"[""harga""]"
2103__10,2103,10,kaskus,2017-03-15 09:58:25,size terjemahan,rb,"[""size terjemahan"", ""terjemahan bebas size"", ""size anuuuu"", ""anuuuu""]"
2103__11,2103,11,kaskus,2017-03-15 09:58:25,kota,overlap,"[""kota"", ""jakarta""]"
2103__12,2103,12,kaskus,2017-03-15 09:58:25,img,overlap,"[""img""]"
2103__13,2103,13,kaskus,2017-03-15 09:58:25,jakarta,overlap,"[""jakarta"", ""kota"", ""tenaga""]"
2103__14,2103,14,kaskus,2017-03-15 09:58:25,jawa,overlap,"[""jawa""]"
2103__15,2103,15,kaskus,2017-03-15 09:58:25,manfaat,overlap,"[""manfaat"", ""persaingan""]"
2103__16,2103,16,kaskus,2017-03-15 09:58:25,pilihan,overlap,"[""pilihan""]"
2103__17,2103,17,kaskus,2017-03-15 09:58:25,monopoli,overlap,"[""monopoli"", ""pln""]"
2103__18,2103,18,kaskus,2017-03-15 09:58:25,,empty,[]
2103__19,2103,19,kaskus,2017-03-15 09:58:25,listrik,overlap,"[""listrik"", ""perusahaan""]"
2103__20,2103,20,kaskus,2017-03-15 09:58:25,perusahaan,overlap,"[""perusahaan""]"
2104__0,2104,0,kaskus,2017-03-15 09:21:26,pln,overlap,"[""pln"", ""jaman""]"
2105__0,2105,0,kaskus,2017-03-14 22:57:18,contoh,overlap,"[""contoh"", ""monopoli""]"
2105__1,2105,1,kaskus,2017-03-14 22:57:18,listrik,overlap,"[""listrik"", ""perusahaan"", ""jaringan"", ""monopoli""]"
2105__2,2105,2,kaskus,2017-03-14 22:57:18,monopoli,overlap,"[""monopoli"", ""harga""]"
2105__3,2105,3,kaskus,2017-03-14 22:57:18,monopoli,overlap,"[""monopoli""]"
2105__4,2105,4,kaskus,2017-03-14 22:57:18,kisah nyata,rb,"[""kisah nyata"", ""bukti"", ""firstmedia"", ""asli pemain"", ""nama""]"
2105__5,2105,5,kaskus,2017-03-14 22:57:18,jakarta,overlap,"[""jakarta"", ""kota""]"
2105__6,2105,6,kaskus,2017-03-14 22:57:18,wilayah,overlap,"[""wilayah""]"
2105__7,2105,7,kaskus,2017-03-14 22:57:18,monopoli,overlap,"[""monopoli""]"
2105__8,2105,8,kaskus,2017-03-14 22:57:18,harga,overlap,"[""harga""]"
2105__9,2105,9,kaskus,2017-03-14 22:57:18,pln,overlap,"[""pln"", ""indonesia""]"
2105__10,2105,10,kaskus,2017-03-14 22:57:18,internet,rb,"[""internet"", ""dl"", ""teknisi""]"
2106__0,2106,0,kaskus,2017-03-14 10:25:55,perumahan,overlap,"[""perumahan"", ""indihome""]"
2106__1,2106,1,kaskus,2017-03-14 10:25:55,saingan,overlap,"[""saingan"", ""isp""]"
2106__2,2106,2,kaskus,2017-03-14 10:25:55,orba,overlap,"[""orba"", ""sambungan""]"
2106__3,2106,3,kaskus,2017-03-14 10:25:55,internet,overlap,"[""internet"", ""telkom"", ""rokok"", ""juta"", ""sambungan""]"
2106__4,2106,4,kaskus,2017-03-14 10:25:55,ngantre,rb,"[""ngantre"", ""kerjaan"", ""tarif mahal sedunia"", ""sedunia""]"
2106__5,2106,5,kaskus,2017-03-14 10:25:55,pesaing,overlap,"[""pesaing"", ""telkom""]"
2106__6,2106,6,kaskus,2017-03-14 10:25:55,pesaing,overlap,"[""pesaing"", ""keberadaan""]"
2106__7,2106,7,kaskus,2017-03-14 10:25:55,daerah,overlap,"[""daerah"", ""jakarta"", ""air""]"
2106__8,2106,8,kaskus,2017-03-14 10:25:55,blangsak,overlap,"[""blangsak""]"
2106__9,2106,9,kaskus,2017-03-14 10:25:55,harga,overlap,"[""harga""]"
2106__10,2106,10,kaskus,2017-03-14 10:25:55,kertas,rb,"[""kertas"", ""konsumen""]"
2106__11,2106,11,kaskus,2017-03-14 10:25:55,monopoli,overlap,"[""monopoli""]"
2106__12,2106,12,kaskus,2017-03-14 10:25:55,pemerintah,overlap,"[""pemerintah"", ""harga""]"
2106__13,2106,13,kaskus,2017-03-14 10:25:55,harga,overlap,"[""harga""]"
2106__14,2106,14,kaskus,2017-03-14 10:25:55,perusahaan,overlap,"[""perusahaan""]"
2106__15,2106,15,kaskus,2017-03-14 10:25:55,pedoman,overlap,"[""pedoman""]"
2106__16,2106,16,kaskus,2017-03-14 10:25:55,pemadaman,overlap,"[""pemadaman""]"
2106__17,2106,17,kaskus,2017-03-14 10:25:55,jaringan,overlap,"[""jaringan"", ""monopoli""]"
2106__18,2106,18,kaskus,2017-03-14 10:25:55,solenoprime,overlap,"[""solenoprime""]"
2106__19,2106,19,kaskus,2017-03-14 10:25:55,cerita,overlap,"[""cerita"", ""pln""]"
2106__20,2106,20,kaskus,2017-03-14 10:25:55,pln,overlap,"[""pln"", ""monopoli"", ""jaringan""]"
2106__21,2106,21,kaskus,2017-03-14 10:25:55,monopoli,overlap,"[""monopoli"", ""listrik"", ""harga""]"
2106__22,2106,22,kaskus,2017-03-14 10:25:55,perusahaan,overlap,"[""perusahaan""]"
2106__23,2106,23,kaskus,2017-03-14 10:25:55,perusahaan,overlap,"[""perusahaan"", ""monopoli""]"
2106__24,2106,24,kaskus,2017-03-14 10:25:55,contoh nyata,rb,"[""contoh nyata""]"
2106__25,2106,25,kaskus,2017-03-14 10:25:55,media,overlap,"[""media""]"
2106__26,2106,26,kaskus,2017-03-14 10:25:55,mnc,rb,"[""mnc"", ""rw tetangga"", ""tetangga"", ""myrepublic"", ""rw""]"
2106__27,2106,27,kaskus,2017-03-14 10:25:55,kelurahan,overlap,"[""kelurahan""]"
2106__28,2106,28,kaskus,2017-03-14 10:25:55,rumah,overlap,"[""rumah"", ""media""]"
2106__29,2106,29,kaskus,2017-03-14 10:25:55,jalan,overlap,"[""jalan""]"
2106__30,2106,30,kaskus,2017-03-14 10:25:55,monopoli,overlap,"[""monopoli""]"
2106__31,2106,31,kaskus,2017-03-14 10:25:55,kota,overlap,"[""kota""]"
2107__0,2107,0,kaskus,2017-03-14 00:40:09,industri,overlap,"[""industri"", ""fraud""]"
2108__0,2108,0,kaskus,2017-03-13 17:13:52,jaman,overlap,"[""jaman"", ""artikel""]"
2108__1,2108,1,kaskus,2017-03-13 17:13:52,harga,rb,"[""harga""]"
2108__2,2108,2,kaskus,2017-03-13 17:13:52,lampu,overlap,"[""lampu""]"
2108__3,2108,3,kaskus,2017-03-13 17:13:52,internet,rb,"[""internet"", ""wilayah"", ""provider internet"", ""provider""]"
2108__4,2108,4,kaskus,2017-03-13 17:13:52,jakarta,overlap,"[""jakarta"", ""kota""]"
2108__5,2108,5,kaskus,2017-03-13 17:13:52,rumah,overlap,"[""rumah""]"
2108__6,2108,6,kaskus,2017-03-13 17:13:52,wilayah,overlap,"[""wilayah"", ""pemerintah"", ""harga"", ""monopoli""]"
2108__7,2108,7,kaskus,2017-03-13 17:13:52,jaringan,overlap,"[""jaringan""]"
2108__8,2108,8,kaskus,2017-03-13 17:13:52,harga,overlap,"[""harga"", ""contoh""]"
2108__9,2108,9,kaskus,2017-03-13 17:13:52,positif,rb,"[""positif"", ""harga listrik"", ""listrik"", ""texas"", ""harga nasional""]"
2108__10,2108,10,kaskus,2017-03-13 17:13:52,banding,overlap,"[""banding""]"
2109__0,2109,0,kaskus,2017-03-13 14:58:39,uranium,overlap,"[""uranium""]"
2109__1,2109,1,kaskus,2017-03-13 14:58:39,alpha,overlap,"[""alpha"", ""decay"", ""happens"", ""larger"", ""heavier""]"
2109__2,2109,2,kaskus,2017-03-13 14:58:39,symbol,overlap,"[""symbol""]"
2109__3,2109,3,kaskus,2017-03-13 14:58:39,daya,overlap,"[""daya""]"
2109__4,2109,4,kaskus,2017-03-13 14:58:39,atom,overlap,"[""atom"", ""new"", ""element""]"
2109__5,2109,5,kaskus,2017-03-13 14:58:39,alpha,overlap,"[""alpha"", ""radiation"", ""stopped"", ""paper""]"
2109__6,2109,6,kaskus,2017-03-13 14:58:39,url,overlap,"[""url""]"
2110__0,2110,0,kaskus,2017-03-13 14:22:11,malas,unsup,"[""malas""]"
2110__1,2110,1,kaskus,2017-03-13 14:22:11,apartemen,overlap,"[""apartemen"", ""izin"", ""kampung"", ""internet"", ""unit""]"
2110__2,2110,2,kaskus,2017-03-13 14:22:11,internet,overlap,"[""internet"", ""kampung"", ""operator""]"
2110__3,2110,3,kaskus,2017-03-13 14:22:11,jaringan,overlap,"[""jaringan""]"
2111__0,2111,0,kaskus,2017-03-13 13:32:52,telpon kabel,rb,"[""telpon kabel"", ""telpon seluler"", ""telpon""]"
2111__1,2111,1,kaskus,2017-03-13 13:32:52,aduk,overlap,"[""aduk""]"
2111__2,2111,2,kaskus,2017-03-13 13:32:52,gampang tipi kabel,rb,"[""gampang tipi kabel""]"
2111__3,2111,3,kaskus,2017-03-13 13:32:52,antena,rb,"[""antena""]"
2111__4,2111,4,kaskus,2017-03-13 13:32:52,perusahaan,overlap,"[""perusahaan""]"
2111__5,2111,5,kaskus,2017-03-13 13:32:52,kabel,overlap,"[""kabel""]"
2111__6,2111,6,kaskus,2017-03-13 13:32:52,gedung,overlap,"[""gedung"", ""penghuni"", ""daritempat""]"
2111__7,2111,7,kaskus,2017-03-13 13:32:52,kabel,overlap,"[""kabel""]"
2111__8,2111,8,kaskus,2017-03-13 13:32:52,kabel,overlap,"[""kabel""]"
2111__9,2111,9,kaskus,2017-03-13 13:32:52,esia,overlap,"[""esia"", ""antena""]"
2111__10,2111,10,kaskus,2017-03-13 13:32:52,kabel,overlap,"[""kabel""]"
2111__11,2111,11,kaskus,2017-03-13 13:32:52,mahal,rb,"[""mahal"", ""booo""]"
2112__0,2112,0,kaskus,2017-03-13 11:47:58,komentar,overlap,"[""komentar""]"
2113__0,2113,0,kaskus,2017-03-13 11:43:49,niki,overlap,"[""niki"", ""koyok"", ""kumat""]"
2113__1,2113,1,kaskus,2017-03-13 11:43:49,iso,unsup,"[""iso"", ""diwoco""]"
2113__2,2113,2,kaskus,2017-03-13 11:43:49,opo,overlap,"[""opo"", ""kene"", ""dhewe""]"
2113__3,2113,3,kaskus,2017-03-13 11:43:49,amerika,overlap,"[""amerika""]"
2113__4,2113,4,kaskus,2017-03-13 11:43:49,trimo,overlap,"[""trimo"", ""dewoso"", ""buta"", ""alam"", ""loyalitas""]"
2114__0,2114,0,kaskus,2017-03-13 11:34:25,indonesia,overlap,"[""indonesia"", ""nuklir""]"
2114__1,2114,1,kaskus,2017-03-13 11:34:25,jarene,overlap,"[""jarene"", ""malesah"", ""yo"", ""ora"", ""1thumbup""]"
2114__2,2114,2,kaskus,2017-03-13 11:34:25,yo,overlap,"[""yo"", ""nduk"", ""1thumbup"", ""ngunu"", ""wae""]"
2115__0,2115,0,kaskus,2017-03-13 10:57:21,,empty,[]
2115__1,2115,1,kaskus,2017-03-13 10:57:21,partikel,overlap,"[""partikel"", ""alfa"", ""proton"", ""neutron"", ""kasih""]"
2115__2,2115,2,kaskus,2017-03-13 10:57:21,pelepasan,overlap,"[""pelepasan"", ""partikel"", ""elemen"", ""radioaktifitas""]"
2116__0,2116,0,kaskus,2017-03-13 10:49:33,2he,overlap,"[""2he"", ""helium""]"
2116__1,2116,1,kaskus,2017-03-13 10:49:33,far,overlap,"[""far"", ""abundant"", ""two"", ""naturally"", ""occurring""]"
2116__2,2116,2,kaskus,2017-03-13 10:49:33,nucleus,overlap,"[""nucleus"", ""identical"", ""alpha"", ""two"", ""protons""]"
2117__0,2117,0,kaskus,2017-03-13 10:10:41,helium,overlap,"[""helium""]"
2117__1,2117,1,kaskus,2017-03-13 10:10:41,elektron,overlap,"[""elektron""]"
2118__0,2118,0,kaskus,2017-03-13 09:04:31,opo,overlap,"[""opo"", ""hubungane"", ""karo"", ""malesah""]"
2118__1,2118,1,kaskus,2017-03-13 09:04:31,teko,overlap,"[""teko"", ""iki""]"
2119__0,2119,0,kaskus,2017-03-13 09:01:32,matahari,overlap,"[""matahari""]"
2120__0,2120,0,kaskus,2017-03-13 08:58:47,alasan ideologi,rb,"[""alasan ideologi"", ""ideologi"", ""bukti sejarah"", ""sejarah"", ""bukti""]"
2120__1,2120,1,kaskus,2017-03-13 08:58:47,abad,overlap,"[""abad"", ""persaingan""]"
2120__2,2120,2,kaskus,2017-03-13 08:58:47,energi,overlap,"[""energi"", ""gas"", ""listrik"", ""kota"", ""perusahaan""]"
2120__3,2120,3,kaskus,2017-03-13 08:58:47,monopoli,overlap,"[""monopoli""]"
2120__4,2120,4,kaskus,2017-03-13 08:58:47,pemerintah,overlap,"[""pemerintah"", ""monopoli"", ""masyarakat""]"
2120__5,2120,5,kaskus,2017-03-13 08:58:47,abad,overlap,"[""abad"", ""pembedaan"", ""produsen"", ""distributor""]"
2120__6,2120,6,kaskus,2017-03-13 08:58:47,listrik,overlap,"[""listrik"", ""jaringan"", ""perusahaan""]"
2120__7,2120,7,kaskus,2017-03-13 08:58:47,perusahaan,overlap,"[""perusahaan"", ""jaringan""]"
2120__8,2120,8,kaskus,2017-03-13 08:58:47,jaringan,overlap,"[""jaringan""]"
2120__9,2120,9,kaskus,2017-03-13 08:58:47,listrik,overlap,"[""listrik"", ""monopoli""]"
2120__10,2120,10,kaskus,2017-03-13 08:58:47,amerika,overlap,"[""amerika"", ""indonesia"", ""jaringan"", ""perusahaan""]"
2120__11,2120,11,kaskus,2017-03-13 08:58:47,jaringan,overlap,"[""jaringan"", ""perusahaan""]"
2120__12,2120,12,kaskus,2017-03-13 08:58:47,monopoli,overlap,"[""monopoli""]"
2120__13,2120,13,kaskus,2017-03-13 08:58:47,monopoli,overlap,"[""monopoli""]"
2120__14,2120,14,kaskus,2017-03-13 08:58:47,model,overlap,"[""model"", ""produsen"", ""distribusi""]"
2121__0,2121,0,kaskus,2017-03-12 22:11:56,listrik,overlap,"[""listrik"", ""pln""]"
2121__1,2121,1,kaskus,2017-03-12 22:11:56,listrik,overlap,"[""listrik"", ""pln"", ""jaringan""]"
2121__2,2121,2,kaskus,2017-03-12 22:11:56,listrik,overlap,"[""listrik""]"
2122__0,2122,0,kaskus,2017-03-12 21:59:39,debat,overlap,"[""debat"", ""peyot"", ""tonnyc"", ""upss"", ""luka""]"
2122__1,2122,1,kaskus,2017-03-12 21:59:39,monopoli,overlap,"[""monopoli""]"
2122__2,2122,2,kaskus,2017-03-12 21:59:39,jaringan,overlap,"[""jaringan"", ""monopoli""]"
2122__3,2122,3,kaskus,2017-03-12 21:59:39,listrik,overlap,"[""listrik"", ""masyarakat"", ""power""]"
2122__4,2122,4,kaskus,2017-03-12 21:59:39,owned,rb,"[""owned"", ""municipality""]"
2122__5,2122,5,kaskus,2017-03-12 21:59:39,incumbent area,rb,"[""incumbent area"", ""area"", ""local"", ""power"", ""lines""]"
2122__6,2122,6,kaskus,2017-03-12 21:59:39,power,overlap,"[""power""]"
2122__7,2122,7,kaskus,2017-03-12 21:59:39,jaringan listrik,rb,"[""jaringan listrik"", ""listrik"", ""jaringan""]"
2122__8,2122,8,kaskus,2017-03-12 21:59:39,investasi,overlap,"[""investasi"", ""jaringan"", ""jalan"", ""kabel"", ""biaya""]"
2122__9,2122,9,kaskus,2017-03-12 21:59:39,pendapat,overlap,"[""pendapat"", ""kasih""]"
2122__10,2122,10,kaskus,2017-03-12 21:59:39,jaringan,overlap,"[""jaringan"", ""harga""]"
2122__11,2122,11,kaskus,2017-03-12 21:59:39,harga,overlap,"[""harga""]"
2122__12,2122,12,kaskus,2017-03-12 21:59:39,kabel,overlap,"[""kabel"", ""contoh""]"
2122__13,2122,13,kaskus,2017-03-12 21:59:39,kota,overlap,"[""kota"", ""listrik""]"
2122__14,2122,14,kaskus,2017-03-12 21:59:39,listrik,overlap,"[""listrik"", ""jaringan""]"
2122__15,2122,15,kaskus,2017-03-12 21:59:39,monopoli,overlap,"[""monopoli""]"
2122__16,2122,16,kaskus,2017-03-12 21:59:39,negara,overlap,"[""negara"", ""kondisi"", ""jaringan""]"
2123__0,2123,0,kaskus,2017-03-12 15:40:23,nuklir,overlap,"[""nuklir""]"
2124__0,2124,0,kaskus,2017-03-12 15:00:02,kasih,overlap,"[""kasih""]"
2125__0,2125,0,kaskus,2017-03-12 14:20:52,nuklir,overlap,"[""nuklir""]"
2126__0,2126,0,kaskus,2017-03-12 13:34:54,pln,overlap,"[""pln"", ""batan""]"
2126__1,2126,1,kaskus,2017-03-12 13:34:54,nuklir,overlap,"[""nuklir""]"
2126__2,2126,2,kaskus,2017-03-12 13:34:54,pltn,overlap,"[""pltn"", ""riset"", ""kwh""]"
2126__3,2126,3,kaskus,2017-03-12 13:34:54,pltn,overlap,"[""pltn""]"
2126__4,2126,4,kaskus,2017-03-12 13:34:54,concern,overlap,"[""concern""]"
2126__5,2126,5,kaskus,2017-03-12 13:34:54,indonesia,overlap,"[""indonesia"", ""reaktor"", ""nuklir"", ""dunia""]"
2126__6,2126,6,kaskus,2017-03-12 13:34:54,concern,overlap,"[""concern"", ""lsm"", ""komnas"", ""dinas""]"
2126__7,2126,7,kaskus,2017-03-12 13:34:54,masyarakat,overlap,"[""masyarakat"", ""nuklir""]"
2126__8,2126,8,kaskus,2017-03-12 13:34:54,pltu,overlap,"[""pltu""]"
2126__9,2126,9,kaskus,2017-03-12 13:34:54,salah,rb,"[""salah""]"
2126__10,2126,10,kaskus,2017-03-12 13:34:54,,empty,[]
2126__11,2126,11,kaskus,2017-03-12 13:34:54,nag,overlap,"[""nag""]"
2126__12,2126,12,kaskus,2017-03-12 13:34:54,,empty,[]
2126__13,2126,13,kaskus,2017-03-12 13:34:54,subsidi,overlap,"[""subsidi"", ""pln"", ""listrik"", ""sistem""]"
2126__14,2126,14,kaskus,2017-03-12 13:34:54,teman,overlap,"[""teman""]"
2126__15,2126,15,kaskus,2017-03-12 13:34:54,pln,overlap,"[""pln"", ""daerah""]"
2126__16,2126,16,kaskus,2017-03-12 13:34:54,lahan,overlap,"[""lahan""]"
2126__17,2126,17,kaskus,2017-03-12 13:34:54,monopoli,overlap,"[""monopoli""]"
2126__18,2126,18,kaskus,2017-03-12 13:34:54,sektor,overlap,"[""sektor""]"
2126__19,2126,19,kaskus,2017-03-12 13:34:54,listrik,overlap,"[""listrik""]"
2126__20,2126,20,kaskus,2017-03-12 13:34:54,pln,overlap,"[""pln"", ""masyarakat""]"
2126__21,2126,21,kaskus,2017-03-12 13:34:54,rugi,rb,"[""rugi"", ""akir"", ""control room"", ""room"", ""pasokan""]"
2126__22,2126,22,kaskus,2017-03-12 13:34:54,pln,overlap,"[""pln""]"
2126__23,2126,23,kaskus,2017-03-12 13:34:54,listrik,overlap,"[""listrik""]"
2126__24,2126,24,kaskus,2017-03-12 13:34:54,sektor,overlap,"[""sektor""]"
2126__25,2126,25,kaskus,2017-03-12 13:34:54,listrik,overlap,"[""listrik"", ""rumah""]"
2126__26,2126,26,kaskus,2017-03-12 13:34:54,indonesia,overlap,"[""indonesia"", ""listrik"", ""sektor""]"
2126__27,2126,27,kaskus,2017-03-12 13:34:54,pln,overlap,"[""pln""]"
2126__28,2126,28,kaskus,2017-03-12 13:34:54,pln,overlap,"[""pln""]"
2126__29,2126,29,kaskus,2017-03-12 13:34:54,pln,overlap,"[""pln""]"
2126__30,2126,30,kaskus,2017-03-12 13:34:54,sdm,overlap,"[""sdm""]"
2126__31,2126,31,kaskus,2017-03-12 13:34:54,pln,overlap,"[""pln"", ""masyarakat""]"
2126__32,2126,32,kaskus,2017-03-12 13:34:54,cerita,overlap,"[""cerita""]"
2127__0,2127,0,kaskus,2017-03-12 13:20:36,salah,rb,"[""salah"", ""salah tangkap""]"
2127__1,2127,1,kaskus,2017-03-12 13:20:36,surya,overlap,"[""surya""]"
2127__2,2127,2,kaskus,2017-03-12 13:20:36,subsidi,overlap,"[""subsidi"", ""surya"", ""jerman""]"
2127__3,2127,3,kaskus,2017-03-12 13:20:36,kota,overlap,"[""kota""]"
2127__4,2127,4,kaskus,2017-03-12 13:20:36,nuklir,overlap,"[""nuklir"", ""angin""]"
2127__5,2127,5,kaskus,2017-03-12 13:20:36,melengkapi,rb,"[""melengkapi""]"
2127__6,2127,6,kaskus,2017-03-12 13:20:36,masyarakat,overlap,"[""masyarakat"", ""nuklir""]"
2127__7,2127,7,kaskus,2017-03-12 13:20:36,energi,overlap,"[""energi"", ""nuklir""]"
2127__8,2127,8,kaskus,2017-03-12 13:20:36,,empty,[]
2127__9,2127,9,kaskus,2017-03-12 13:20:36,negara,overlap,"[""negara"", ""pltn"", ""dunia""]"
2127__10,2127,10,kaskus,2017-03-12 13:20:36,minyak,overlap,"[""minyak"", ""plts""]"
2127__11,2127,11,kaskus,2017-03-12 13:20:36,jalan,overlap,"[""jalan""]"
2127__12,2127,12,kaskus,2017-03-12 13:20:36,nuklir,overlap,"[""nuklir"", ""energi""]"
2127__13,2127,13,kaskus,2017-03-12 13:20:36,diadu,rb,"[""diadu""]"
2127__14,2127,14,kaskus,2017-03-12 13:20:36,fosil,overlap,"[""fosil"", ""pltn""]"
2128__0,2128,0,kaskus,2017-03-12 10:00:27,indonesia,overlap,"[""indonesia"", ""kalimantan""]"
2128__1,2128,1,kaskus,2017-03-12 10:00:27,indonesia,overlap,"[""indonesia""]"
2128__2,2128,2,kaskus,2017-03-12 10:00:27,harga,overlap,"[""harga""]"
2128__3,2128,3,kaskus,2017-03-12 10:00:27,homer,overlap,"[""homer"", ""ketiduran"", ""pesawat"", ""blehhh"", ""alur""]"
2129__0,2129,0,kaskus,2017-03-12 09:41:47,energi,overlap,"[""energi""]"
2130__0,2130,0,kaskus,2017-03-12 07:20:24,matahari,overlap,"[""matahari"", ""indonesia"", ""angin""]"
2130__1,2130,1,kaskus,2017-03-12 07:20:24,indonesia,overlap,"[""indonesia""]"
2131__0,2131,0,kaskus,2017-03-12 05:23:35,swedia bersih,rb,"[""swedia bersih""]"
2132__0,2132,0,kaskus,2017-03-11 17:26:27,,empty,[]
2132__1,2132,1,kaskus,2017-03-11 17:26:27,,empty,[]
2132__2,2132,2,kaskus,2017-03-11 17:26:27,radiasi,overlap,"[""radiasi""]"
2132__3,2132,3,kaskus,2017-03-11 17:26:27,fukushima,overlap,"[""fukushima"", ""nuklir"", ""power"", ""url""]"
2132__4,2132,4,kaskus,2017-03-11 17:26:27,jangka,rb,"[""jangka""]"
2132__5,2132,5,kaskus,2017-03-11 17:26:27,pegawai,rb,"[""pegawai"", ""tepco"", ""penduduk"", ""fukushima""]"
2132__6,2132,6,kaskus,2017-03-11 17:26:27,fda,rb,"[""fda"", ""amerika"", ""aman""]"
2132__7,2132,7,kaskus,2017-03-11 17:26:27,url permisif.itu,rb,"[""url permisif.itu"", ""url"", ""bangsa"", ""indonesia""]"
2132__8,2132,8,kaskus,2017-03-11 17:26:27,indonesia,unsup,"[""indonesia"", ""url""]"
2133__0,2133,0,kaskus,2017-03-11 16:58:22,pulau,overlap,"[""pulau"", ""laut"", ""negara""]"
2133__1,2133,1,kaskus,2017-03-11 16:58:22,pulau,overlap,"[""pulau""]"
2134__0,2134,0,kaskus,2017-03-11 16:54:58,cerita,overlap,"[""cerita"", ""indonesia""]"
2134__1,2134,1,kaskus,2017-03-11 16:54:58,nuklir,overlap,"[""nuklir"", ""teknologi"", ""ahli"", ""rencana""]"
2135__0,2135,0,kaskus,2017-03-11 16:36:02,resiko,overlap,"[""resiko""]"
2135__1,2135,1,kaskus,2017-03-11 16:36:02,resiko,overlap,"[""resiko""]"
2135__2,2135,2,kaskus,2017-03-11 16:36:02,fakta,overlap,"[""fakta""]"
2135__3,2135,3,kaskus,2017-03-11 16:36:02,dibidang,rb,"[""dibidang""]"
2135__4,2135,4,kaskus,2017-03-11 16:36:02,akhli kelurahan,rb,"[""akhli kelurahan"", ""kelurahan""]"
2136__0,2136,0,kaskus,2017-03-11 16:25:23,ketidakmengertian,overlap,"[""ketidakmengertian"", ""ketakutan""]"
2136__1,2136,1,kaskus,2017-03-11 16:25:23,,empty,[]
2136__2,2136,2,kaskus,2017-03-11 16:25:23,,empty,[]
2137__0,2137,0,kaskus,2017-03-11 16:03:31,limbah radioaktif,rb,"[""limbah radioaktif""]"
2137__1,2137,1,kaskus,2017-03-11 16:03:31,rumah sakit,rb,"[""rumah sakit""]"
2137__2,2137,2,kaskus,2017-03-11 16:03:31,listrik,overlap,"[""listrik"", ""indonesia"", ""reaktor""]"
2137__3,2137,3,kaskus,2017-03-11 16:03:31,reaktor,overlap,"[""reaktor"", ""ahli""]"
2137__4,2137,4,kaskus,2017-03-11 16:03:31,literasi,rb,"[""literasi""]"
2137__5,2137,5,kaskus,2017-03-11 16:03:31,kebocoran,overlap,"[""kebocoran"", ""fukushima""]"
2137__6,2137,6,kaskus,2017-03-11 16:03:31,,empty,[]
2137__7,2137,7,kaskus,2017-03-11 16:03:31,kebocoran,overlap,"[""kebocoran"", ""jepang"", ""resiko""]"
2138__0,2138,0,kaskus,2017-03-11 15:52:36,bumi,rb,"[""bumi"", ""panas penolakan"", ""masyarak""]"
2138__1,2138,1,kaskus,2017-03-11 15:52:36,gunung,overlap,"[""gunung""]"
2139__0,2139,0,kaskus,2017-03-11 15:17:00,,empty,[]
2139__1,2139,1,kaskus,2017-03-11 15:17:00,fusi,overlap,"[""fusi""]"
2139__2,2139,2,kaskus,2017-03-11 15:17:00,matahari,overlap,"[""matahari""]"
2139__3,2139,3,kaskus,2017-03-11 15:17:00,matahari,overlap,"[""matahari""]"
2139__4,2139,4,kaskus,2017-03-11 15:17:00,sinar uv,rb,"[""sinar uv"", ""uv"", ""tubuh"", ""vitamin""]"
2139__5,2139,5,kaskus,2017-03-11 15:17:00,radiasi,overlap,"[""radiasi""]"
2140__0,2140,0,kaskus,2017-03-11 14:45:32,,empty,[]
2140__1,2140,1,kaskus,2017-03-11 14:45:32,paham,rb,"[""paham""]"
2140__2,2140,2,kaskus,2017-03-11 14:45:32,teknik pengolahan,rb,"[""teknik pengolahan"", ""pengolahan limbah"", ""limbah radioaktif"", ""pakar"", ""orang-orang""]"
2140__3,2140,3,kaskus,2017-03-11 14:45:32,,empty,[]
2140__4,2140,4,kaskus,2017-03-11 14:45:32,,empty,[]
2140__5,2140,5,kaskus,2017-03-11 14:45:32,pengelolaan,rb,"[""pengelolaan"", ""pengelolaan limbah"", ""limbah radioaktif"", ""nuklir engineer"", ""engineer""]"
2140__6,2140,6,kaskus,2017-03-11 14:45:32,literasi,overlap,"[""literasi"", ""pengalaman"", ""tingkat""]"
2140__7,2140,7,kaskus,2017-03-11 14:45:32,kebocoran,overlap,"[""kebocoran"", ""fukushima""]"
2140__8,2140,8,kaskus,2017-03-11 14:45:32,retorika,overlap,"[""retorika""]"
2140__9,2140,9,kaskus,2017-03-11 14:45:32,center,overlap,"[""center"", ""good"", ""fact"", ""true"", ""whether""]"
2141__0,2141,0,kaskus,2017-03-11 14:41:47,indonesia,overlap,"[""indonesia"", ""nuklir"", ""teknologi""]"
2142__0,2142,0,kaskus,2017-03-11 13:49:42,lampu,overlap,"[""lampu""]"
2142__1,2142,1,kaskus,2017-03-11 13:49:42,radiasi,overlap,"[""radiasi"", ""bumi""]"
2142__2,2142,2,kaskus,2017-03-11 13:49:42,sehari jam,rb,"[""sehari jam"", ""jam"", ""mutasi kanker"", ""kanker kulit"", ""kulit wkwkwkw""]"
2143__0,2143,0,kaskus,2017-03-11 13:43:04,nuklir,overlap,"[""nuklir""]"
2143__1,2143,1,kaskus,2017-03-11 13:43:04,engineer kelurahan,rb,"[""engineer kelurahan"", ""kelurahan"", ""literated""]"
2143__2,2143,2,kaskus,2017-03-11 13:43:04,internet gratisan,rb,"[""internet gratisan"", ""literated"", ""handling limbah"", ""limbah radioaktif"", ""sampah bungkus""]"
2143__3,2143,3,kaskus,2017-03-11 13:43:04,listrik,overlap,"[""listrik""]"
2143__4,2143,4,kaskus,2017-03-11 13:43:04,nuklir,overlap,"[""nuklir""]"
2143__5,2143,5,kaskus,2017-03-11 13:43:04,jepang,overlap,"[""jepang"", ""fukushima""]"
2143__6,2143,6,kaskus,2017-03-11 13:43:04,nuklir,overlap,"[""nuklir""]"
2143__7,2143,7,kaskus,2017-03-11 13:43:04,masyarakat,overlap,"[""masyarakat""]"
2143__8,2143,8,kaskus,2017-03-11 13:43:04,maaf,unsup,"[""maaf""]"
2143__9,2143,9,kaskus,2017-03-11 13:43:04,korupsi,overlap,"[""korupsi"", ""masyarakat"", ""indonesia""]"
2143__10,2143,10,kaskus,2017-03-11 13:43:04,indonesia,overlap,"[""indonesia"", ""nuklir""]"
2144__0,2144,0,kaskus,2017-03-11 13:03:16,analisanya,rb,"[""analisanya""]"
2145__0,2145,0,kaskus,2017-03-11 12:52:01,surya,overlap,"[""surya"", ""power"", ""bahaya""]"
2145__1,2145,1,kaskus,2017-03-11 12:52:01,sistem,overlap,"[""sistem"", ""turbin"", ""surya""]"
2146__0,2146,0,kaskus,2017-03-11 12:37:16,konsep,overlap,"[""konsep""]"
2146__1,2146,1,kaskus,2017-03-11 12:37:16,co2,overlap,"[""co2"", ""buangan""]"
2146__2,2146,2,kaskus,2017-03-11 12:37:16,warming,overlap,"[""warming"", ""pemicu""]"
2146__3,2146,3,kaskus,2017-03-11 12:37:16,nuklir,overlap,"[""nuklir"", ""limbah""]"
2147__0,2147,0,kaskus,2017-03-11 11:43:57,angin,overlap,"[""angin""]"
2147__1,2147,1,kaskus,2017-03-11 11:43:57,air,overlap,"[""air"", ""musim""]"
2147__2,2147,2,kaskus,2017-03-11 11:43:57,musim kemarau,rb,"[""musim kemarau"", ""musim""]"
2147__3,2147,3,kaskus,2017-03-11 11:43:57,angin,overlap,"[""angin"", ""indonesia"", ""surya"", ""plta""]"
2147__4,2147,4,kaskus,2017-03-11 11:43:57,katulistiwa,overlap,"[""katulistiwa""]"
2147__5,2147,5,kaskus,2017-03-11 11:43:57,surya,overlap,"[""surya"", ""teknologi""]"
2147__6,2147,6,kaskus,2017-03-11 11:43:57,surya,overlap,"[""surya"", ""panel""]"
2147__7,2147,7,kaskus,2017-03-11 11:43:57,indonesia,overlap,"[""indonesia""]"
2147__8,2147,8,kaskus,2017-03-11 11:43:57,air,overlap,"[""air"", ""rumah"", ""indonesia"", ""listrik"", ""plta""]"
2147__9,2147,9,kaskus,2017-03-11 11:43:57,pltu,overlap,"[""pltu"", ""pltp""]"
2147__10,2147,10,kaskus,2017-03-11 11:43:57,nuklir,overlap,"[""nuklir"", ""pltn""]"
2147__11,2147,11,kaskus,2017-03-11 11:43:57,gas,overlap,"[""gas""]"
2147__12,2147,12,kaskus,2017-03-11 11:43:57,gas,overlap,"[""gas"", ""air"", ""alam""]"
2147__13,2147,13,kaskus,2017-03-11 11:43:57,plts,overlap,"[""plts"", ""teknologi"", ""listrik""]"
2147__14,2147,14,kaskus,2017-03-11 11:43:57,fuel,overlap,"[""fuel""]"
2147__15,2147,15,kaskus,2017-03-11 11:43:57,fuel,overlap,"[""fuel"", ""jalan""]"
2147__16,2147,16,kaskus,2017-03-11 11:43:57,h2,overlap,"[""h2"", ""salam"", ""hidrogen""]"
2148__0,2148,0,kaskus,2017-03-11 10:42:11,radiasi,overlap,"[""radiasi""]"
2148__1,2148,1,kaskus,2017-03-11 10:42:11,radiasi,overlap,"[""radiasi""]"
2148__2,2148,2,kaskus,2017-03-11 10:42:11,matahari,overlap,"[""matahari"", ""radiasi""]"
2148__3,2148,3,kaskus,2017-03-11 10:42:11,radiasi,overlap,"[""radiasi""]"
2149__0,2149,0,kaskus,2017-03-11 10:19:06,radiasi,overlap,"[""radiasi"", ""nuklir""]"
2150__0,2150,0,kaskus,2017-03-11 10:07:46,reaksi fusi,rb,"[""reaksi fusi"", ""fusi"", ""bentuk radiasi"", ""radiasi alfa"", ""alfa""]"
2150__1,2150,1,kaskus,2017-03-11 10:07:46,matahari,overlap,"[""matahari"", ""radiasi"", ""proses""]"
2150__2,2150,2,kaskus,2017-03-11 10:07:46,bumi,overlap,"[""bumi""]"
2150__3,2150,3,kaskus,2017-03-11 10:07:46,bumi,overlap,"[""bumi"", ""radiasi""]"
2151__0,2151,0,kaskus,2017-03-11 09:55:13,ac,overlap,"[""ac"", ""dc""]"
2151__1,2151,1,kaskus,2017-03-11 09:55:13,baterai,overlap,"[""baterai""]"
2151__2,2151,2,kaskus,2017-03-11 09:55:13,limbah,rb,"[""limbah"", ""biaya""]"
2152__0,2152,0,kaskus,2017-03-11 09:41:13,pemerintah,overlap,"[""pemerintah""]"
2152__1,2152,1,kaskus,2017-03-11 09:41:13,izin,rb,"[""izin"", ""pesaing sukar"", ""pesaing""]"
2152__2,2152,2,kaskus,2017-03-11 09:41:13,listrik,overlap,"[""listrik"", ""gas"", ""amerika"", ""url""]"
2152__3,2152,3,kaskus,2017-03-11 09:41:13,listrik,overlap,"[""listrik"", ""gas"", ""kota""]"
2152__4,2152,4,kaskus,2017-03-11 09:41:13,nama natural,rb,"[""nama natural"", ""monopoly"", ""nama""]"
2152__5,2152,5,kaskus,2017-03-11 09:41:13,perusahaan,overlap,"[""perusahaan""]"
2152__6,2152,6,kaskus,2017-03-11 09:41:13,abad,rb,"[""abad"", ""perusahaan-perusahaan""]"
2152__7,2152,7,kaskus,2017-03-11 09:41:13,natural monopoly,rb,"[""natural monopoly""]"
2152__8,2152,8,kaskus,2017-03-11 09:41:13,pemerintah,overlap,"[""pemerintah"", ""monopoli"", ""perusahaan""]"
2152__9,2152,9,kaskus,2017-03-11 09:41:13,monopoli,overlap,"[""monopoli""]"
2152__10,2152,10,kaskus,2017-03-11 09:41:13,perusahaan,overlap,"[""perusahaan""]"
2152__11,2152,11,kaskus,2017-03-11 09:41:13,monopoli,overlap,"[""monopoli""]"
2152__12,2152,12,kaskus,2017-03-11 09:41:13,duit,overlap,"[""duit""]"
2152__13,2152,13,kaskus,2017-03-11 09:41:13,pemerintah,overlap,"[""pemerintah"", ""masyarakat""]"
2152__14,2152,14,kaskus,2017-03-11 09:41:13,layanan,overlap,"[""layanan""]"
2152__15,2152,15,kaskus,2017-03-11 09:41:13,timbal,overlap,"[""timbal""]"
2152__16,2152,16,kaskus,2017-03-11 09:41:13,terpencil,rb,"[""terpencil"", ""fasilitas"", ""masyarakat sisa"", ""sisa""]"
2152__17,2152,17,kaskus,2017-03-11 09:41:13,penduduk,overlap,"[""penduduk""]"
2152__18,2152,18,kaskus,2017-03-11 09:41:13,communism,overlap,"[""communism"", ""equal"", ""dogmatic""]"
2152__19,2152,19,kaskus,2017-03-11 09:41:13,reputasi jelek,rb,"[""reputasi jelek""]"
2152__20,2152,20,kaskus,2017-03-11 09:41:13,kritik,overlap,"[""kritik"", ""mises"", ""siklus""]"
2152__21,2152,21,kaskus,2017-03-11 09:41:13,nitpicking,overlap,"[""nitpicking"", ""pengkritik""]"
2152__22,2152,22,kaskus,2017-03-11 09:41:13,reputasi jelek,rb,"[""reputasi jelek""]"
2152__23,2152,23,kaskus,2017-03-11 09:41:13,parroting,overlap,"[""parroting"", ""words"", ""understand""]"
2152__24,2152,24,kaskus,2017-03-11 09:41:13,artikel lengkap,rb,"[""artikel lengkap"", ""artikel""]"
2152__25,2152,25,kaskus,2017-03-11 09:41:13,energi,overlap,"[""energi"", ""perusahaan"", ""kota""]"
2152__26,2152,26,kaskus,2017-03-11 09:41:13,pemerintah,overlap,"[""pemerintah""]"
2152__27,2152,27,kaskus,2017-03-11 09:41:13,artikel,overlap,"[""artikel""]"
2152__28,2152,28,kaskus,2017-03-11 09:41:13,daftar pustaka contoh-contoh,rb,"[""daftar pustaka contoh-contoh"", ""pustaka"", ""contoh-contoh"", ""tonny"", ""persaingan""]"
2152__29,2152,29,kaskus,2017-03-11 09:41:13,bukti,overlap,"[""bukti""]"
2152__30,2152,30,kaskus,2017-03-11 09:41:13,oot,rb,"[""oot""]"
2152__31,2152,31,kaskus,2017-03-11 09:41:13,,empty,[]
2152__32,2152,32,kaskus,2017-03-11 09:41:13,agree,overlap,"[""agree"", ""disagree""]"
2153__0,2153,0,kaskus,2017-03-11 09:32:31,politik,overlap,"[""politik""]"
2154__0,2154,0,kaskus,2017-03-11 09:00:05,surya,overlap,"[""surya"", ""angin""]"
2154__1,2154,1,kaskus,2017-03-11 09:00:05,standar desa wilayah,rb,"[""standar desa wilayah"", ""wilayah"", ""desa""]"
2154__2,2154,2,kaskus,2017-03-11 09:00:05,nuklir,overlap,"[""nuklir"", ""negara"", ""fukushima"", ""chernobyl""]"
2154__3,2154,3,kaskus,2017-03-11 09:00:05,politik,overlap,"[""politik"", ""negeri""]"
2154__4,2154,4,kaskus,2017-03-11 09:00:05,pltn,overlap,"[""pltn""]"
2155__0,2155,0,kaskus,2017-03-11 05:18:25,listrik,overlap,"[""listrik""]"
2155__1,2155,1,kaskus,2017-03-11 05:18:25,,empty,[]
2155__2,2155,2,kaskus,2017-03-11 05:18:25,iklan,rb,"[""iklan"", ""tipi""]"
2156__0,2156,0,kaskus,2017-03-10 23:46:56,radiasi,overlap,"[""radiasi""]"
2156__1,2156,1,kaskus,2017-03-10 23:46:56,matahari,overlap,"[""matahari""]"
2156__2,2156,2,kaskus,2017-03-10 23:46:56,radiasi,overlap,"[""radiasi"", ""uranium""]"
2156__3,2156,3,kaskus,2017-03-10 23:46:56,radiasi,overlap,"[""radiasi""]"
2157__0,2157,0,kaskus,2017-03-10 23:17:28,energi,overlap,"[""energi""]"
2158__0,2158,0,kaskus,2017-03-10 20:04:59,daya,overlap,"[""daya""]"
2158__1,2158,1,kaskus,2017-03-10 20:04:59,transmisi,overlap,"[""transmisi"", ""susut""]"
2158__2,2158,2,kaskus,2017-03-10 20:04:59,baterai,overlap,"[""baterai"", ""jaringan""]"
2158__3,2158,3,kaskus,2017-03-10 20:04:59,daya,overlap,"[""daya"", ""hydro""]"
2158__4,2158,4,kaskus,2017-03-10 20:04:59,indonesia,overlap,"[""indonesia"", ""proses"", ""plta""]"
2158__5,2158,5,kaskus,2017-03-10 20:04:59,daya,overlap,"[""daya""]"
2158__6,2158,6,kaskus,2017-03-10 20:04:59,potensi,overlap,"[""potensi""]"
2159__0,2159,0,kaskus,2017-03-10 19:46:42,listrik,overlap,"[""listrik""]"
2159__1,2159,1,kaskus,2017-03-10 19:46:42,daya,overlap,"[""daya"", ""baterai""]"
2159__2,2159,2,kaskus,2017-03-10 19:46:42,listrik tipe,rb,"[""listrik tipe"", ""tipe ac"", ""ac""]"
2160__0,2160,0,kaskus,2017-03-10 19:40:55,pulau,overlap,"[""pulau""]"
2160__1,2160,1,kaskus,2017-03-10 19:40:55,indonesia,overlap,"[""indonesia"", ""pulau""]"
2160__2,2160,2,kaskus,2017-03-10 19:40:55,pulau,overlap,"[""pulau""]"
2160__3,2160,3,kaskus,2017-03-10 19:40:55,salut,overlap,"[""salut"", ""prajurit""]"
2160__4,2160,4,kaskus,2017-03-10 19:40:55,pltn,overlap,"[""pltn"", ""daerah"", ""penduduk""]"
2160__5,2160,5,kaskus,2017-03-10 19:40:55,suplai kebutuhan,rb,"[""suplai kebutuhan"", ""kebutuhan sehari-hari mudah"", ""karyawan"", ""libur""]"
2160__6,2160,6,kaskus,2017-03-10 19:40:55,suplai suku,rb,"[""suplai suku"", ""suku cadang"", ""cadang"", ""bahan bakar"", ""bakar""]"
2160__7,2160,7,kaskus,2017-03-10 19:40:55,pltn,overlap,"[""pltn""]"
2160__8,2160,8,kaskus,2017-03-10 19:40:55,jaringan,overlap,"[""jaringan""]"
2160__9,2160,9,kaskus,2017-03-10 19:40:55,kabel,overlap,"[""kabel"", ""jaringan"", ""listrik""]"
2161__0,2161,0,kaskus,2017-03-10 19:16:44,sdm,overlap,"[""sdm""]"
2161__1,2161,1,kaskus,2017-03-10 19:16:44,batan,overlap,"[""batan"", ""nuklir""]"
2161__2,2161,2,kaskus,2017-03-10 19:16:44,kecelakaan motor,rb,"[""kecelakaan motor"", ""motor"", ""kecelakaan""]"
2162__0,2162,0,kaskus,2017-03-10 19:12:24,nuklir,overlap,"[""nuklir"", ""penduduk"", ""pulau"", ""energi""]"
2163__0,2163,0,kaskus,2017-03-10 19:08:47,franchise,rb,"[""franchise"", ""izin usaha"", ""usaha"", ""bidang"", ""izin""]"
2163__1,2163,1,kaskus,2017-03-10 19:08:47,url,overlap,"[""url"", ""monopoli""]"
2163__2,2163,2,kaskus,2017-03-10 19:08:47,perusahaan,overlap,"[""perusahaan"", ""daerah""]"
2163__3,2163,3,kaskus,2017-03-10 19:08:47,,empty,[]
2163__4,2163,4,kaskus,2017-03-10 19:08:47,politik,overlap,"[""politik"", ""perusahaan""]"
2163__5,2163,5,kaskus,2017-03-10 19:08:47,kenyataan,rb,"[""kenyataan""]"
2163__6,2163,6,kaskus,2017-03-10 19:08:47,ujung-ujung,rb,"[""ujung-ujung"", ""kartelisasi""]"
2163__7,2163,7,kaskus,2017-03-10 19:08:47,daerah,overlap,"[""daerah""]"
2163__8,2163,8,kaskus,2017-03-10 19:08:47,segi,overlap,"[""segi""]"
2163__9,2163,9,kaskus,2017-03-10 19:08:47,kriteria efisiensi,rb,"[""kriteria efisiensi"", ""efisiensi"", ""segi""]"
2163__10,2163,10,kaskus,2017-03-10 19:08:47,duit,overlap,"[""duit""]"
2163__11,2163,11,kaskus,2017-03-10 19:08:47,ahli,rb,"[""ahli""]"
2163__12,2163,12,kaskus,2017-03-10 19:08:47,masyarakat,overlap,"[""masyarakat""]"
2163__13,2163,13,kaskus,2017-03-10 19:08:47,laba,overlap,"[""laba""]"
2163__14,2163,14,kaskus,2017-03-10 19:08:47,jaman,overlap,"[""jaman""]"
2163__15,2163,15,kaskus,2017-03-10 19:08:47,ideologi,overlap,"[""ideologi""]"
2163__16,2163,16,kaskus,2017-03-10 19:08:47,fakta empiris,rb,"[""fakta empiris"", ""fakta""]"
2163__17,2163,17,kaskus,2017-03-10 19:08:47,contoh,overlap,"[""contoh""]"
2163__18,2163,18,kaskus,2017-03-10 19:08:47,ideologi,overlap,"[""ideologi""]"
2163__19,2163,19,kaskus,2017-03-10 19:08:47,sains empiris,rb,"[""sains empiris""]"
2163__20,2163,20,kaskus,2017-03-10 19:08:47,ekonomi,overlap,"[""ekonomi""]"
2163__21,2163,21,kaskus,2017-03-10 19:08:47,reputasi,overlap,"[""reputasi""]"
2163__22,2163,22,kaskus,2017-03-10 19:08:47,institut,rb,"[""institut"", ""von mises"", ""mises"", ""nama natural monopoly"", ""monopoly""]"
2163__23,2163,23,kaskus,2017-03-10 19:08:47,bukti,rb,"[""bukti""]"
2163__24,2163,24,kaskus,2017-03-10 19:08:47,listrik,overlap,"[""listrik""]"
2163__25,2163,25,kaskus,2017-03-10 19:08:47,pilihan,overlap,"[""pilihan""]"
2163__26,2163,26,kaskus,2017-03-10 19:08:47,monopoli,overlap,"[""monopoli""]"
2163__27,2163,27,kaskus,2017-03-10 19:08:47,kasih contoh,rb,"[""kasih contoh"", ""contoh kartel"", ""filipina"", ""kartel"", ""singapura monopoli""]"
2163__28,2163,28,kaskus,2017-03-10 19:08:47,amerika,overlap,"[""amerika""]"
2163__29,2163,29,kaskus,2017-03-10 19:08:47,tiongkok monopoli,rb,"[""tiongkok monopoli"", ""monopoli nasional""]"
2163__30,2163,30,kaskus,2017-03-10 19:08:47,bumn,overlap,"[""bumn""]"
2163__31,2163,31,kaskus,2017-03-10 19:08:47,listrik,overlap,"[""listrik""]"
2163__32,2163,32,kaskus,2017-03-10 19:08:47,bumn,overlap,"[""bumn""]"
2163__33,2163,33,kaskus,2017-03-10 19:08:47,singapura,rb,"[""singapura"", ""negara maju"", ""asia tenggara""]"
2163__34,2163,34,kaskus,2017-03-10 19:08:47,listrik,overlap,"[""listrik""]"
2163__35,2163,35,kaskus,2017-03-10 19:08:47,ekonomi,overlap,"[""ekonomi""]"
2163__36,2163,36,kaskus,2017-03-10 19:08:47,listrik,overlap,"[""listrik""]"
2163__37,2163,37,kaskus,2017-03-10 19:08:47,amerika,overlap,"[""amerika""]"
2163__38,2163,38,kaskus,2017-03-10 19:08:47,kartel,overlap,"[""kartel""]"
2163__39,2163,39,kaskus,2017-03-10 19:08:47,negara,overlap,"[""negara"", ""amerika""]"
2163__40,2163,40,kaskus,2017-03-10 19:08:47,negara,overlap,"[""negara""]"
2163__41,2163,41,kaskus,2017-03-10 19:08:47,listrik,overlap,"[""listrik""]"
2163__42,2163,42,kaskus,2017-03-10 19:08:47,bumn,overlap,"[""bumn""]"
2163__43,2163,43,kaskus,2017-03-10 19:08:47,ekonomi,overlap,"[""ekonomi""]"
2163__44,2163,44,kaskus,2017-03-10 19:08:47,dilanjutin,rb,"[""dilanjutin""]"
2163__45,2163,45,kaskus,2017-03-10 19:08:47,monopoli,overlap,"[""monopoli"", ""subsidi""]"
2163__46,2163,46,kaskus,2017-03-10 19:08:47,listrik,overlap,"[""listrik"", ""perusahaan"", ""wilayah"", ""sistem""]"
2163__47,2163,47,kaskus,2017-03-10 19:08:47,kartel,overlap,"[""kartel""]"
2163__48,2163,48,kaskus,2017-03-10 19:08:47,bukti empiris,rb,"[""bukti empiris""]"
2163__49,2163,49,kaskus,2017-03-10 19:08:47,bukti empiris,rb,"[""bukti empiris""]"
2163__50,2163,50,kaskus,2017-03-10 19:08:47,institut,overlap,"[""institut"", ""von"", ""mises"", ""sains"", ""ideologi""]"
2163__51,2163,51,kaskus,2017-03-10 19:08:47,negara,overlap,"[""negara"", ""sistem"", ""listrik"", ""daerah""]"
2163__52,2163,52,kaskus,2017-03-10 19:08:47,contoh,overlap,"[""contoh"", ""monopoli""]"
2163__53,2163,53,kaskus,2017-03-10 19:08:47,pemerintah,overlap,"[""pemerintah"", ""indonesia""]"
2163__54,2163,54,kaskus,2017-03-10 19:08:47,sistem,overlap,"[""sistem"", ""dunia""]"
2163__55,2163,55,kaskus,2017-03-10 19:08:47,contoh,overlap,"[""contoh"", ""listrik"", ""pemerintah""]"
2163__56,2163,56,kaskus,2017-03-10 19:08:47,pln,overlap,"[""pln"", ""listrik"", ""indonesia""]"
2163__57,2163,57,kaskus,2017-03-10 19:08:47,jaringan,overlap,"[""jaringan"", ""listrik""]"
2163__58,2163,58,kaskus,2017-03-10 19:08:47,pln,overlap,"[""pln"", ""politik""]"
2163__59,2163,59,kaskus,2017-03-10 19:08:47,monopoli,overlap,"[""monopoli""]"
2163__60,2163,60,kaskus,2017-03-10 19:08:47,monopoli,overlap,"[""monopoli""]"
2163__61,2163,61,kaskus,2017-03-10 19:08:47,off-topic,rb,"[""off-topic""]"
2163__62,2163,62,kaskus,2017-03-10 19:08:47,peyotpetot,rb,"[""peyotpetot"", ""counter-argument monggo"", ""monggo"", ""argumen penutup"", ""penutup""]"
2163__63,2163,63,kaskus,2017-03-10 19:08:47,,empty,[]
2163__64,2163,64,kaskus,2017-03-10 19:08:47,pln,overlap,"[""pln""]"
2163__65,2163,65,kaskus,2017-03-10 19:08:47,tulisan,overlap,"[""tulisan""]"
2163__66,2163,66,kaskus,2017-03-10 19:08:47,peyotpetot,rb,"[""peyotpetot"", ""bantu""]"
2163__67,2163,67,kaskus,2017-03-10 19:08:47,energi,overlap,"[""energi"", ""nuklir""]"
2164__0,2164,0,kaskus,2017-03-10 18:06:10,bumi,overlap,"[""bumi"", ""radiasi""]"
2164__1,2164,1,kaskus,2017-03-10 18:06:10,nuklir,overlap,"[""nuklir""]"
2164__2,2164,2,kaskus,2017-03-10 18:06:10,bumi,overlap,"[""bumi""]"
2164__3,2164,3,kaskus,2017-03-10 18:06:10,gempa,overlap,"[""gempa"", ""reaktor""]"
2164__4,2164,4,kaskus,2017-03-10 18:06:10,rakyat,overlap,"[""rakyat""]"
2164__5,2164,5,kaskus,2017-03-10 18:06:10,surya,overlap,"[""surya"", ""nuklir""]"
2165__0,2165,0,kaskus,2017-03-10 18:04:18,dunia,overlap,"[""dunia"", ""nuklir""]"
2166__0,2166,0,kaskus,2017-03-10 17:40:24,stupidest,overlap,"[""stupidest"", ""thing"", ""heard"", ""today""]"
2167__0,2167,0,kaskus,2017-03-10 16:58:11,fukushima,overlap,"[""fukushima""]"
2168__0,2168,0,kaskus,2017-03-10 16:56:38,pltn,overlap,"[""pltn"", ""indonesia""]"
2169__0,2169,0,kaskus,2017-03-10 15:56:34,politik,overlap,"[""politik"", ""teknologi""]"
2170__0,2170,0,kaskus,2017-03-10 15:55:50,tulisan,overlap,"[""tulisan""]"
2171__0,2171,0,kaskus,2017-03-10 15:48:35,matahari,overlap,"[""matahari""]"
2171__1,2171,1,kaskus,2017-03-10 15:48:35,pltn,overlap,"[""pltn"", ""nuklir""]"
2171__2,2171,2,kaskus,2017-03-10 15:48:35,nuklir,overlap,"[""nuklir"", ""matahari"", ""radiasi""]"
2171__3,2171,3,kaskus,2017-03-10 15:48:35,keturunan,overlap,"[""keturunan""]"
2172__0,2172,0,kaskus,2017-03-10 15:45:28,nuklir,overlap,"[""nuklir""]"
2172__1,2172,1,kaskus,2017-03-10 15:45:28,nuklir,overlap,"[""nuklir""]"
2173__0,2173,0,kaskus,2017-03-10 15:43:22,listrik,overlap,"[""listrik""]"
2173__1,2173,1,kaskus,2017-03-10 15:43:22,listrik,overlap,"[""listrik""]"
2173__2,2173,2,kaskus,2017-03-10 15:43:22,fosil,overlap,"[""fosil"", ""listrik"", ""energi"", ""produksi""]"
2173__3,2173,3,kaskus,2017-03-10 15:43:22,nuklir,overlap,"[""nuklir""]"
2173__4,2173,4,kaskus,2017-03-10 15:43:22,angin,overlap,"[""angin""]"
2173__5,2173,5,kaskus,2017-03-10 15:43:22,listrik,overlap,"[""listrik"", ""produksi""]"
2173__6,2173,6,kaskus,2017-03-10 15:43:22,listrik,overlap,"[""listrik"", ""baterai""]"
2174__0,2174,0,kaskus,2017-03-10 15:38:19,baterai,overlap,"[""baterai"", ""listrik"", ""angin""]"
2174__1,2174,1,kaskus,2017-03-10 15:38:19,pembangkit,overlap,"[""pembangkit""]"
2174__2,2174,2,kaskus,2017-03-10 15:38:19,surya,overlap,"[""surya"", ""turbin"", ""listrik""]"
2174__3,2174,3,kaskus,2017-03-10 15:38:19,listrik,overlap,"[""listrik"", ""teknologi""]"
2175__0,2175,0,kaskus,2017-03-10 15:34:56,,empty,[]
2175__1,2175,1,kaskus,2017-03-10 15:34:56,indonesia rawan,rb,"[""indonesia rawan""]"
2176__0,2176,0,kaskus,2017-03-10 15:32:23,artikel salah,rb,"[""artikel salah""]"
2176__1,2176,1,kaskus,2017-03-10 15:32:23,isi,rb,"[""isi""]"
2176__2,2176,2,kaskus,2017-03-10 15:32:23,potensi,overlap,"[""potensi""]"
2176__3,2176,3,kaskus,2017-03-10 15:32:23,radiasi,overlap,"[""radiasi"", ""fukushima""]"
2176__4,2176,4,kaskus,2017-03-10 15:32:23,,empty,[]
2176__5,2176,5,kaskus,2017-03-10 15:32:23,fukushima,overlap,"[""fukushima""]"
2176__6,2176,6,kaskus,2017-03-10 15:32:23,iodin-131,rb,"[""iodin-131""]"
2176__7,2176,7,kaskus,2017-03-10 15:32:23,laut,overlap,"[""laut""]"
2176__8,2176,8,kaskus,2017-03-10 15:32:23,laut,overlap,"[""laut"", ""air""]"
2176__9,2176,9,kaskus,2017-03-10 15:32:23,lingkungan,overlap,"[""lingkungan"", ""masyarakat"", ""manusia"", ""radiasi"", ""fukushima""]"
2176__10,2176,10,kaskus,2017-03-10 15:32:23,fukushima,overlap,"[""fukushima"", ""pltn""]"
2176__11,2176,11,kaskus,2017-03-10 15:32:23,fukushima,overlap,"[""fukushima"", ""url"", ""radiasi""]"
2176__12,2176,12,kaskus,2017-03-10 15:32:23,wade,overlap,"[""wade"", ""allison"", ""fisikawan"", ""universitas"", ""oxford""]"
2177__0,2177,0,kaskus,2017-03-10 15:18:24,bohong,rb,"[""bohong"", ""sebelah"", ""bohong sebelah""]"
2177__1,2177,1,kaskus,2017-03-10 15:18:24,artikel,overlap,"[""artikel""]"
2177__2,2177,2,kaskus,2017-03-10 15:18:24,dampak,overlap,"[""dampak"", ""manusia"", ""radiasi""]"
2177__3,2177,3,kaskus,2017-03-10 15:18:24,radiasi,overlap,"[""radiasi""]"
2177__4,2177,4,kaskus,2017-03-10 15:18:24,chernobyl,overlap,"[""chernobyl""]"
2178__0,2178,0,kaskus,2017-03-10 14:55:31,situs,overlap,"[""situs"", ""ong""]"
2178__1,2178,1,kaskus,2017-03-10 14:55:31,url,rb,"[""url""]"
2179__0,2179,0,kaskus,2017-03-10 14:08:12,ongkosin,overlap,"[""ongkosin""]"
2179__1,2179,1,kaskus,2017-03-10 14:08:12,dana,rb,"[""dana""]"
2179__2,2179,2,kaskus,2017-03-10 14:08:12,url,overlap,"[""url""]"
2180__0,2180,0,kaskus,2017-03-10 14:01:07,chernobyl,overlap,"[""chernobyl"", ""daerah"", ""fukushima""]"
2180__1,2180,1,kaskus,2017-03-10 14:01:07,videoin,overlap,"[""videoin""]"
2180__2,2180,2,kaskus,2017-03-10 14:01:07,,empty,[]
2181__0,2181,0,kaskus,2017-03-10 13:28:59,pemerintah,overlap,"[""pemerintah"", ""nuklir"", ""pltn""]"
2181__1,2181,1,kaskus,2017-03-10 13:28:59,surya,overlap,"[""surya"", ""panel""]"
2182__0,2182,0,kaskus,2017-03-10 13:04:59,batan,overlap,"[""batan""]"
2182__1,2182,1,kaskus,2017-03-10 13:04:59,e,overlap,"[""e""]"
2183__0,2183,0,kaskus,2017-03-10 12:59:27,nuklir,overlap,"[""nuklir""]"
2184__0,2184,0,kaskus,2017-03-10 12:47:10,engineer,rb,"[""engineer""]"
2184__1,2184,1,kaskus,2017-03-10 12:47:10,limbah,overlap,"[""limbah"", ""proses""]"
2184__2,2184,2,kaskus,2017-03-10 12:47:10,indonesia,overlap,"[""indonesia""]"
2184__3,2184,3,kaskus,2017-03-10 12:47:10,pakar,overlap,"[""pakar"", ""media"", ""screening""]"
2184__4,2184,4,kaskus,2017-03-10 12:47:10,riset,overlap,"[""riset"", ""limbah""]"
2184__5,2184,5,kaskus,2017-03-10 12:47:10,limbah,overlap,"[""limbah""]"
2184__6,2184,6,kaskus,2017-03-10 12:47:10,limbah radioaktif aman,rb,"[""limbah radioaktif aman"", ""mcdonald""]"
2184__7,2184,7,kaskus,2017-03-10 12:47:10,,empty,[]
2184__8,2184,8,kaskus,2017-03-10 12:47:10,arti limbah,rb,"[""arti limbah"", ""limbah radioaktif"", ""arti""]"
2185__0,2185,0,kaskus,2017-03-10 11:48:41,nuklir,overlap,"[""nuklir"", ""indonesia""]"
2185__1,2185,1,kaskus,2017-03-10 11:48:41,nuklir,overlap,"[""nuklir"", ""indonesia""]"
2185__2,2185,2,kaskus,2017-03-10 11:48:41,,empty,[]
2185__3,2185,3,kaskus,2017-03-10 11:48:41,sdm,overlap,"[""sdm""]"
2185__4,2185,4,kaskus,2017-03-10 11:48:41,total,overlap,"[""total""]"
2186__0,2186,0,kaskus,2017-03-10 11:39:29,nuklir,overlap,"[""nuklir"", ""angin"", ""kondisi""]"
2186__1,2186,1,kaskus,2017-03-10 11:39:29,nuklir,overlap,"[""nuklir"", ""radiasi"", ""negara"", ""tenaga""]"
2186__2,2186,2,kaskus,2017-03-10 11:39:29,negara,overlap,"[""negara"", ""nuklir"", ""tenaga"", ""senjata""]"
2187__0,2187,0,kaskus,2017-03-10 11:34:19,nuklir,overlap,"[""nuklir"", ""indonesia"", ""energi""]"
2188__0,2188,0,kaskus,2017-03-10 11:26:57,polusi parah,rb,"[""polusi parah""]"
2189__0,2189,0,kaskus,2017-03-10 11:26:55,,empty,[]
2189__1,2189,1,kaskus,2017-03-10 11:26:55,nuklir,overlap,"[""nuklir"", ""energi""]"
2190__0,2190,0,kaskus,2017-03-10 11:25:05,limbah,overlap,"[""limbah""]"
2190__1,2190,1,kaskus,2017-03-10 11:25:05,limbah,overlap,"[""limbah"", ""nuklir""]"
2190__2,2190,2,kaskus,2017-03-10 11:25:05,chernobyl,overlap,"[""chernobyl""]"
2190__3,2190,3,kaskus,2017-03-10 11:25:05,fukushima,overlap,"[""fukushima""]"
2190__4,2190,4,kaskus,2017-03-10 11:25:05,lingkungan,overlap,"[""lingkungan"", ""limbah""]"
2190__5,2190,5,kaskus,2017-03-10 11:25:05,nuklir,overlap,"[""nuklir"", ""negeri""]"
2190__6,2190,6,kaskus,2017-03-10 11:25:05,negeri,overlap,"[""negeri"", ""negara"", ""nuklir"", ""dunia"", ""solusi""]"
2190__7,2190,7,kaskus,2017-03-10 11:25:05,dunia,overlap,"[""dunia"", ""nuklir"", ""batubara"", ""bbm"", ""gas""]"
2191__0,2191,0,kaskus,2017-03-10 11:24:59,tulisan,overlap,"[""tulisan""]"
2192__0,2192,0,kaskus,2017-03-10 11:00:24,amet,overlap,"[""amet""]"
2192__1,2192,1,kaskus,2017-03-10 11:00:24,batan,overlap,"[""batan"", ""kerja""]"
2192__2,2192,2,kaskus,2017-03-10 11:00:24,fine,overlap,"[""fine""]"
2193__0,2193,0,kaskus,2017-03-10 10:58:46,eropa,overlap,"[""eropa"", ""matahari""]"
2194__0,2194,0,kaskus,2017-03-10 10:58:41,senang,rb,"[""senang"", ""wakaka""]"
2195__0,2195,0,kaskus,2017-03-10 10:55:58,output,overlap,"[""output"", ""alat""]"
2195__1,2195,1,kaskus,2017-03-10 10:55:58,angin,overlap,"[""angin""]"
2196__0,2196,0,kaskus,2017-03-10 10:49:57,indonesia,overlap,"[""indonesia""]"
2196__1,2196,1,kaskus,2017-03-10 10:49:57,matahari,overlap,"[""matahari""]"
2197__0,2197,0,kaskus,2017-03-10 10:42:02,thorium,overlap,"[""thorium"", ""uranium""]"
2197__1,2197,1,kaskus,2017-03-10 10:42:02,fosil,overlap,"[""fosil"", ""energi""]"
2197__2,2197,2,kaskus,2017-03-10 10:42:02,limbah radioaktif,rb,"[""limbah radioaktif"", ""isu""]"
2197__3,2197,3,kaskus,2017-03-10 10:42:02,nuklir,overlap,"[""nuklir"", ""limbah""]"
2197__4,2197,4,kaskus,2017-03-10 10:42:02,alasan,overlap,"[""alasan"", ""limbah""]"
2198__0,2198,0,kaskus,2017-03-10 10:41:38,,empty,[]
2198__1,2198,1,kaskus,2017-03-10 10:41:38,air,overlap,"[""air"", ""alam"", ""surya"", ""angin"", ""gas""]"
2198__2,2198,2,kaskus,2017-03-10 10:41:38,sim city,rb,"[""sim city"", ""city"", ""sim""]"
2198__3,2198,3,kaskus,2017-03-10 10:41:38,daya,overlap,"[""daya""]"
2198__4,2198,4,kaskus,2017-03-10 10:41:38,mahal nilai minus,rb,"[""mahal nilai minus"", ""minus""]"
2198__5,2198,5,kaskus,2017-03-10 10:41:38,energi,overlap,"[""energi"", ""surya""]"
2198__6,2198,6,kaskus,2017-03-10 10:41:38,angin,overlap,"[""angin""]"
2198__7,2198,7,kaskus,2017-03-10 10:41:38,indonesia,overlap,"[""indonesia"", ""air"", ""turbin""]"
2199__0,2199,0,kaskus,2017-03-10 10:40:58,indonesia,overlap,"[""indonesia"", ""nuklir"", ""kondisi"", ""jepang""]"
2200__0,2200,0,kaskus,2017-03-10 10:37:29,teknologi,overlap,"[""teknologi""]"
2200__1,2200,1,kaskus,2017-03-10 10:37:29,perusahaan,overlap,"[""perusahaan""]"
2200__2,2200,2,kaskus,2017-03-10 10:37:29,,empty,[]
2201__0,2201,0,kaskus,2017-03-10 10:29:36,indonesia,overlap,"[""indonesia"", ""nuklir"", ""listrik"", ""teknologi""]"
2201__1,2201,1,kaskus,2017-03-10 10:29:36,listrik,overlap,"[""listrik""]"
2202__0,2202,0,kaskus,2017-03-10 10:29:00,energi,overlap,"[""energi""]"
2203__0,2203,0,kaskus,2017-03-10 10:15:49,dunia,overlap,"[""dunia""]"
2203__1,2203,1,kaskus,2017-03-10 10:15:49,sektor,overlap,"[""sektor"", ""dunia""]"
2204__0,2204,0,kaskus,2017-03-10 10:15:18,ahli,overlap,"[""ahli"", ""nuklir""]"
2204__1,2204,1,kaskus,2017-03-10 10:15:18,tulisan,overlap,"[""tulisan""]"
2204__2,2204,2,kaskus,2017-03-10 10:15:18,,empty,[]
2204__3,2204,3,kaskus,2017-03-10 10:15:18,ahli,overlap,"[""ahli"", ""matahari""]"
2204__4,2204,4,kaskus,2017-03-10 10:15:18,energi,overlap,"[""energi""]"
2204__5,2204,5,kaskus,2017-03-10 10:15:18,tulisan,overlap,"[""tulisan""]"
2204__6,2204,6,kaskus,2017-03-10 10:15:18,emisi,overlap,"[""emisi"", ""karbon"", ""negara"", ""energi""]"
2204__7,2204,7,kaskus,2017-03-10 10:15:18,tingkat keberhasilan,rb,"[""tingkat keberhasilan"", ""keberhasilan"", ""tingkat""]"
2204__8,2204,8,kaskus,2017-03-10 10:15:18,daerah,overlap,"[""daerah""]"
2204__9,2204,9,kaskus,2017-03-10 10:15:18,daerah,overlap,"[""daerah""]"
2204__10,2204,10,kaskus,2017-03-10 10:15:18,pembangunan,overlap,"[""pembangunan""]"
2204__11,2204,11,kaskus,2017-03-10 10:15:18,energi,overlap,"[""energi"", ""batubara"", ""nuklir"", ""angin""]"
2204__12,2204,12,kaskus,2017-03-10 10:15:18,batubara,overlap,"[""batubara"", ""nuklir"", ""angin"", ""bumi"", ""matahari""]"
2204__13,2204,13,kaskus,2017-03-10 10:15:18,,empty,[]
2204__14,2204,14,kaskus,2017-03-10 10:15:18,energi,overlap,"[""energi"", ""solusi""]"
2204__15,2204,15,kaskus,2017-03-10 10:15:18,energi,overlap,"[""energi"", ""sumber""]"
2204__16,2204,16,kaskus,2017-03-10 10:15:18,alam,overlap,"[""alam"", ""batubara""]"
2204__17,2204,17,kaskus,2017-03-10 10:15:18,energi,overlap,"[""energi"", ""bumi"", ""alam"", ""sumber""]"
2204__18,2204,18,kaskus,2017-03-10 10:15:18,bumi,overlap,"[""bumi""]"
2204__19,2204,19,kaskus,2017-03-10 10:15:18,matahari,overlap,"[""matahari"", ""baterai""]"
2204__20,2204,20,kaskus,2017-03-10 10:15:18,energi,overlap,"[""energi"", ""fosil"", ""bumi"", ""matahari"", ""angin""]"
2204__21,2204,21,kaskus,2017-03-10 10:15:18,angin,overlap,"[""angin"", ""energi"", ""matahari"", ""proses""]"
2204__22,2204,22,kaskus,2017-03-10 10:15:18,komparasi,overlap,"[""komparasi"", ""kalkulasi""]"
2204__23,2204,23,kaskus,2017-03-10 10:15:18,nuklir,overlap,"[""nuklir"", ""manusia"", ""energi""]"
2204__24,2204,24,kaskus,2017-03-10 10:15:18,manusia,overlap,"[""manusia"", ""energi"", ""bumi"", ""matahari"", ""fosil""]"
2204__25,2204,25,kaskus,2017-03-10 10:15:18,energi,overlap,"[""energi"", ""matahari"", ""fosil"", ""efisiensi"", ""listrik""]"
2204__26,2204,26,kaskus,2017-03-10 10:15:18,energi,overlap,"[""energi"", ""angin""]"
2204__27,2204,27,kaskus,2017-03-10 10:15:18,nuklir,overlap,"[""nuklir""]"
2204__28,2204,28,kaskus,2017-03-10 10:15:18,energi,overlap,"[""energi"", ""nuklir"", ""angin"", ""matahari""]"
2204__29,2204,29,kaskus,2017-03-10 10:15:18,fosil,overlap,"[""fosil"", ""nuklir"", ""proses"", ""energi"", ""baterai""]"
2204__30,2204,30,kaskus,2017-03-10 10:15:18,listrik,overlap,"[""listrik"", ""angin"", ""matahari""]"
2204__31,2204,31,kaskus,2017-03-10 10:15:18,matahari,overlap,"[""matahari"", ""angin""]"
2204__32,2204,32,kaskus,2017-03-10 10:15:18,energi,overlap,"[""energi"", ""alam"", ""listrik"", ""baterai""]"
2204__33,2204,33,kaskus,2017-03-10 10:15:18,efisiensi,overlap,"[""efisiensi""]"
2204__34,2204,34,kaskus,2017-03-10 10:15:18,efisiensi,overlap,"[""efisiensi""]"
2204__35,2204,35,kaskus,2017-03-10 10:15:18,mendalami butuhkan,rb,"[""mendalami butuhkan""]"
2204__36,2204,36,kaskus,2017-03-10 10:15:18,listrik,overlap,"[""listrik""]"
2204__37,2204,37,kaskus,2017-03-10 10:15:18,buah,overlap,"[""buah"", ""system""]"
2204__38,2204,38,kaskus,2017-03-10 10:15:18,listrik,overlap,"[""listrik""]"
2204__39,2204,39,kaskus,2017-03-10 10:15:18,jaringan,overlap,"[""jaringan""]"
2204__40,2204,40,kaskus,2017-03-10 10:15:18,energi,overlap,"[""energi"", ""rumah""]"
2204__41,2204,41,kaskus,2017-03-10 10:15:18,energi,overlap,"[""energi""]"
2204__42,2204,42,kaskus,2017-03-10 10:15:18,alasan,overlap,"[""alasan""]"
2204__43,2204,43,kaskus,2017-03-10 10:15:18,alasan,overlap,"[""alasan"", ""daerah""]"
2204__44,2204,44,kaskus,2017-03-10 10:15:18,pulau,overlap,"[""pulau""]"
2204__45,2204,45,kaskus,2017-03-10 10:15:18,penduduk,overlap,"[""penduduk"", ""pulau"", ""pembangkit""]"
2204__46,2204,46,kaskus,2017-03-10 10:15:18,kabel,overlap,"[""kabel"", ""jawa"", ""pulau"", ""sistem""]"
2204__47,2204,47,kaskus,2017-03-10 10:15:18,indonesia,overlap,"[""indonesia"", ""matahari"", ""pembangkit""]"
2204__48,2204,48,kaskus,2017-03-10 10:15:18,energi,overlap,"[""energi"", ""teknologi""]"
2204__49,2204,49,kaskus,2017-03-10 10:15:18,indonesia,overlap,"[""indonesia"", ""nuklir"", ""negara"", ""pembangkit""]"
2204__50,2204,50,kaskus,2017-03-10 10:15:18,development,rb,"[""development""]"
2205__0,2205,0,kaskus,2017-03-10 10:14:57,indonesia,overlap,"[""indonesia"", ""nuklir"", ""reaktor""]"
2206__0,2206,0,kaskus,2017-03-10 10:08:37,nuklir,overlap,"[""nuklir"", ""energi""]"
2206__1,2206,1,kaskus,2017-03-10 10:08:37,hydro,overlap,"[""hydro"", ""geothermal"", ""nuklir"", ""uranium"", ""thorium""]"
2207__0,2207,0,kaskus,2017-03-10 10:03:42,indonesia,overlap,"[""indonesia""]"
2208__0,2208,0,kaskus,2017-03-10 10:02:38,energi terbarukan,rb,"[""energi terbarukan"", ""pelengkap"", ""energi""]"
2208__1,2208,1,kaskus,2017-03-10 10:02:38,sumber,overlap,"[""sumber""]"
2208__2,2208,2,kaskus,2017-03-10 10:02:38,indonesia,overlap,"[""indonesia"", ""matahari""]"
2208__3,2208,3,kaskus,2017-03-10 10:02:38,surya,overlap,"[""surya""]"
2209__0,2209,0,kaskus,2017-03-10 09:56:25,nuklir,overlap,"[""nuklir"", ""batubara""]"
2209__1,2209,1,kaskus,2017-03-10 09:56:25,pathetic,overlap,"[""pathetic""]"
2210__0,2210,0,kaskus,2017-03-10 09:53:23,situasi,rb,"[""situasi"", ""manila""]"
2210__1,2210,1,kaskus,2017-03-10 09:53:23,alasan,overlap,"[""alasan"", ""wilayah""]"
2210__2,2210,2,kaskus,2017-03-10 09:53:23,monopoli,overlap,"[""monopoli"", ""wilayah"", ""alasan""]"
2210__3,2210,3,kaskus,2017-03-10 09:53:23,mmm,overlap,"[""mmm"", ""anggota""]"
2210__4,2210,4,kaskus,2017-03-10 09:53:23,swastanisasi,rb,"[""swastanisasi"", ""swastanisasi hasil"", ""british"", ""railway"", ""hasil zaman""]"
2210__5,2210,5,kaskus,2017-03-10 09:53:23,bus,overlap,"[""bus"", ""transportasi"", ""pelosok"", ""api""]"
2210__6,2210,6,kaskus,2017-03-10 09:53:23,contoh efisien,rb,"[""contoh efisien"", ""bumn bumd"", ""bumd""]"
2210__7,2210,7,kaskus,2017-03-10 09:53:23,perusahaan,overlap,"[""perusahaan"", ""teknologi""]"
2210__8,2210,8,kaskus,2017-03-10 09:53:23,layanan,overlap,"[""layanan""]"
2210__9,2210,9,kaskus,2017-03-10 09:53:23,genset,rb,"[""genset""]"
2210__10,2210,10,kaskus,2017-03-10 09:53:23,,empty,[]
2210__11,2210,11,kaskus,2017-03-10 09:53:23,listrik,overlap,"[""listrik"", ""indonesia""]"
2210__12,2210,12,kaskus,2017-03-10 09:53:23,pln,overlap,"[""pln""]"
2210__13,2210,13,kaskus,2017-03-10 09:53:23,telepon,rb,"[""telepon"", ""telepon kabel""]"
2210__14,2210,14,kaskus,2017-03-10 09:53:23,kabel,overlap,"[""kabel""]"
2210__15,2210,15,kaskus,2017-03-10 09:53:23,burger,rb,"[""burger"", ""pizza""]"
2210__16,2210,16,kaskus,2017-03-10 09:53:23,tesla,rb,"[""tesla"", ""tower""]"
2210__17,2210,17,kaskus,2017-03-10 09:53:23,jalan,overlap,"[""jalan""]"
2210__18,2210,18,kaskus,2017-03-10 09:53:23,pln,overlap,"[""pln""]"
2210__19,2210,19,kaskus,2017-03-10 09:53:23,pemerintah,overlap,"[""pemerintah"", ""listrik"", ""pln""]"
2210__20,2210,20,kaskus,2017-03-10 09:53:23,listrik,overlap,"[""listrik"", ""tanah"", ""perusahaan""]"
2210__21,2210,21,kaskus,2017-03-10 09:53:23,pemerintah,overlap,"[""pemerintah""]"
2210__22,2210,22,kaskus,2017-03-10 09:53:23,buku,overlap,"[""buku""]"
2210__23,2210,23,kaskus,2017-03-10 09:53:23,keberadaan natural monopoly,rb,"[""keberadaan natural monopoly"", ""monopoly"", ""ekonom"", ""sosialisme"", ""keberadaan""]"
2210__24,2210,24,kaskus,2017-03-10 09:53:23,google,rb,"[""google"", ""monopoly"", ""ekonom"", ""sosialisme""]"
2210__25,2210,25,kaskus,2017-03-10 09:53:23,,empty,[]
2210__26,2210,26,kaskus,2017-03-10 09:53:23,pln,overlap,"[""pln""]"
2210__27,2210,27,kaskus,2017-03-10 09:53:23,listrik,overlap,"[""listrik""]"
2210__28,2210,28,kaskus,2017-03-10 09:53:23,,empty,[]
2210__29,2210,29,kaskus,2017-03-10 09:53:23,pemerintah,overlap,"[""pemerintah""]"
2210__30,2210,30,kaskus,2017-03-10 09:53:23,listrik,overlap,"[""listrik""]"
2210__31,2210,31,kaskus,2017-03-10 09:53:23,alasan,rb,"[""alasan""]"
2210__32,2210,32,kaskus,2017-03-10 09:53:23,pemerintah,overlap,"[""pemerintah""]"
2210__33,2210,33,kaskus,2017-03-10 09:53:23,listrik,overlap,"[""listrik"", ""wilayah""]"
2210__34,2210,34,kaskus,2017-03-10 09:53:23,birokrasi,overlap,"[""birokrasi""]"
2210__35,2210,35,kaskus,2017-03-10 09:53:23,quote,overlap,"[""quote"", ""gambaran""]"
2211__0,2211,0,kaskus,2017-03-10 09:49:52,nuklir,overlap,"[""nuklir""]"
2212__0,2212,0,kaskus,2017-03-10 09:38:32,nuklir,overlap,"[""nuklir""]"
2213__0,2213,0,kaskus,2017-03-10 09:37:40,indonesia,overlap,"[""indonesia""]"
2213__1,2213,1,kaskus,2017-03-10 09:37:40,faktor lokasi,rb,"[""faktor lokasi"", ""lokasi khatulistiwa"", ""khatulistiwa"", ""nilai plus"", ""plus""]"
2213__2,2213,2,kaskus,2017-03-10 09:37:40,indonesia,overlap,"[""indonesia""]"
2213__3,2213,3,kaskus,2017-03-10 09:37:40,indonesia subur,rb,"[""indonesia subur"", ""musim hujan"", ""hujan""]"
2213__4,2213,4,kaskus,2017-03-10 09:37:40,surya,overlap,"[""surya"", ""panel""]"
2213__5,2213,5,kaskus,2017-03-10 09:37:40,lokasi sura,rb,"[""lokasi sura"", ""sura baya"", ""baya""]"
2213__6,2213,6,kaskus,2017-03-10 09:37:40,lokasi,overlap,"[""lokasi"", ""indonesia""]"
2213__7,2213,7,kaskus,2017-03-10 09:37:40,rata-rata lokasi,rb,"[""rata-rata lokasi"", ""drop kapasitas"", ""kapasitas""]"
2213__8,2213,8,kaskus,2017-03-10 09:37:40,,empty,[]
2213__9,2213,9,kaskus,2017-03-10 09:37:40,hasil,overlap,"[""hasil"", ""musim""]"
2213__10,2213,10,kaskus,2017-03-10 09:37:40,siang,rb,"[""siang"", ""output normal""]"
2213__11,2213,11,kaskus,2017-03-10 09:37:40,output,overlap,"[""output""]"
2213__12,2213,12,kaskus,2017-03-10 09:37:40,sulit diprediksi,rb,"[""sulit diprediksi""]"
2213__13,2213,13,kaskus,2017-03-10 09:37:40,data,overlap,"[""data""]"
2213__14,2213,14,kaskus,2017-03-10 09:37:40,eksperimen,rb,"[""eksperimen""]"
2213__15,2213,15,kaskus,2017-03-10 09:37:40,makalah,rb,"[""makalah""]"
2213__16,2213,16,kaskus,2017-03-10 09:37:40,tulisan,overlap,"[""tulisan""]"
2213__17,2213,17,kaskus,2017-03-10 09:37:40,surya,overlap,"[""surya""]"
2213__18,2213,18,kaskus,2017-03-10 09:37:40,jerman,overlap,"[""jerman"", ""pltn"", ""batubara"", ""gas""]"
2213__19,2213,19,kaskus,2017-03-10 09:37:40,lingkungan,overlap,"[""lingkungan""]"
2213__20,2213,20,kaskus,2017-03-10 09:37:40,nuklir,overlap,"[""nuklir"", ""energi""]"
2213__21,2213,21,kaskus,2017-03-10 09:37:40,nuklir,overlap,"[""nuklir"", ""energi""]"
2213__22,2213,22,kaskus,2017-03-10 09:37:40,fosil,overlap,"[""fosil"", ""batubara""]"
2214__0,2214,0,kaskus,2017-03-10 09:35:52,nuklir,overlap,"[""nuklir""]"
2214__1,2214,1,kaskus,2017-03-10 09:35:52,panel,overlap,"[""panel"", ""surya""]"
2215__0,2215,0,kaskus,2017-03-10 09:35:30,perhitungan,overlap,"[""perhitungan""]"
2216__0,2216,0,kaskus,2017-03-10 09:24:22,indonesia,overlap,"[""indonesia"", ""perusahaan"", ""pln""]"
2217__0,2217,0,kaskus,2017-03-10 09:22:16,sumber,overlap,"[""sumber"", ""jalan"", ""energi""]"
2217__1,2217,1,kaskus,2017-03-10 09:22:16,alam,overlap,"[""alam"", ""jalan"", ""limbah"", ""nuklir""]"
2217__2,2217,2,kaskus,2017-03-10 09:22:16,limbah,overlap,"[""limbah"", ""nuklir""]"
2218__0,2218,0,kaskus,2017-03-10 09:19:35,indonesia,overlap,"[""indonesia"", ""geothermal"", ""pengembangan""]"
2218__1,2218,1,kaskus,2017-03-10 09:19:35,energi,overlap,"[""energi"", ""air"", ""matahari"", ""nuklir"", ""geothermal""]"
2218__2,2218,2,kaskus,2017-03-10 09:19:35,indonesia,overlap,"[""indonesia"", ""negara"", ""nuklir"", ""kebocoran"", ""masyarakat""]"
2218__3,2218,3,kaskus,2017-03-10 09:19:35,,empty,[]
2218__4,2218,4,kaskus,2017-03-10 09:19:35,mea,overlap,"[""mea"", ""tetangga""]"
2219__0,2219,0,kaskus,2017-03-10 09:14:18,surya,overlap,"[""surya"", ""turbin"", ""radiasi""]"
2219__1,2219,1,kaskus,2017-03-10 09:14:18,radiasi,overlap,"[""radiasi"", ""nuklir""]"
2219__2,2219,2,kaskus,2017-03-10 09:14:18,mutan,overlap,"[""mutan""]"
2219__3,2219,3,kaskus,2017-03-10 09:14:18,e-ktp santai,rb,"[""e-ktp santai"", ""e-ktp""]"
2219__4,2219,4,kaskus,2017-03-10 09:14:18,,empty,[]
2219__5,2219,5,kaskus,2017-03-10 09:14:18,energi,overlap,"[""energi""]"
2219__6,2219,6,kaskus,2017-03-10 09:14:18,youtube,overlap,"[""youtube""]"
2220__0,2220,0,kaskus,2017-03-10 09:11:03,angin,overlap,"[""angin""]"
2221__0,2221,0,kaskus,2017-03-10 09:10:18,tulisan,overlap,"[""tulisan""]"
2221__1,2221,1,kaskus,2017-03-10 09:10:18,komentar,overlap,"[""komentar"", ""tulisan""]"
2221__2,2221,2,kaskus,2017-03-10 09:10:18,tulisan,overlap,"[""tulisan""]"
2222__0,2222,0,kaskus,2017-03-10 09:10:05,nuklir,overlap,"[""nuklir""]"
2222__1,2222,1,kaskus,2017-03-10 09:10:05,masyarakat,overlap,"[""masyarakat"", ""nuklir"", ""energi""]"
2223__0,2223,0,kaskus,2017-03-10 09:08:30,tulisan,overlap,"[""tulisan""]"
2223__1,2223,1,kaskus,2017-03-10 09:08:30,nuklir,overlap,"[""nuklir"", ""energi""]"
2223__2,2223,2,kaskus,2017-03-10 09:08:30,angin,overlap,"[""angin""]"
2223__3,2223,3,kaskus,2017-03-10 09:08:30,alam,rb,"[""alam""]"
2223__4,2223,4,kaskus,2017-03-10 09:08:30,angin,overlap,"[""angin"", ""matahari"", ""fosil"", ""energi""]"
2223__5,2223,5,kaskus,2017-03-10 09:08:30,insyaal habis,rb,"[""insyaal habis"", ""batubara""]"
2223__6,2223,6,kaskus,2017-03-10 09:08:30,alam,overlap,"[""alam"", ""energi""]"
2223__7,2223,7,kaskus,2017-03-10 09:08:30,angin,overlap,"[""angin"", ""matahari""]"
2223__8,2223,8,kaskus,2017-03-10 09:08:30,listrik,overlap,"[""listrik""]"
2223__9,2223,9,kaskus,2017-03-10 09:08:30,matahari,overlap,"[""matahari"", ""angin"", ""potensi"", ""energi""]"
2223__10,2223,10,kaskus,2017-03-10 09:08:30,tulisan,overlap,"[""tulisan""]"
2223__11,2223,11,kaskus,2017-03-10 09:08:30,angin,overlap,"[""angin""]"
2223__12,2223,12,kaskus,2017-03-10 09:08:30,contoh,overlap,"[""contoh""]"
2223__13,2223,13,kaskus,2017-03-10 09:08:30,energi,overlap,"[""energi"", ""jepang"", ""nuklir"", ""angin""]"
2223__14,2223,14,kaskus,2017-03-10 09:08:30,kejadian,overlap,"[""kejadian""]"
2223__15,2223,15,kaskus,2017-03-10 09:08:30,nuklir,overlap,"[""nuklir""]"
2223__16,2223,16,kaskus,2017-03-10 09:08:30,nuklir,overlap,"[""nuklir""]"
2224__0,2224,0,kaskus,2017-03-10 08:55:54,pusink,overlap,"[""pusink""]"
2225__0,2225,0,kaskus,2017-03-10 08:53:31,teknologi,overlap,"[""teknologi"", ""energi""]"
2225__1,2225,1,kaskus,2017-03-10 08:53:31,fosil,overlap,"[""fosil""]"
2225__2,2225,2,kaskus,2017-03-10 08:53:31,monopoli,overlap,"[""monopoli"", ""fosil"", ""energi""]"
2226__0,2226,0,kaskus,2017-03-10 08:52:20,,empty,[]
2226__1,2226,1,kaskus,2017-03-10 08:52:20,penertiban,overlap,"[""penertiban""]"
2227__0,2227,0,kaskus,2017-03-10 08:48:31,overrated,overlap,"[""overrated""]"
2227__1,2227,1,kaskus,2017-03-10 08:48:31,nuklir,overlap,"[""nuklir""]"
2227__2,2227,2,kaskus,2017-03-10 08:48:31,berita,overlap,"[""berita""]"
2227__3,2227,3,kaskus,2017-03-10 08:48:31,chernobyl,overlap,"[""chernobyl"", ""fukushima""]"
2227__4,2227,4,kaskus,2017-03-10 08:48:31,tulisan,overlap,"[""tulisan""]"
2227__5,2227,5,kaskus,2017-03-10 08:48:31,media,overlap,"[""media""]"
2227__6,2227,6,kaskus,2017-03-10 08:48:31,energi,overlap,"[""energi"", ""matahari"", ""surya""]"
2228__0,2228,0,kaskus,2017-03-10 08:43:02,nuklir,overlap,"[""nuklir""]"
2229__0,2229,0,kaskus,2017-03-10 08:42:21,surya,overlap,"[""surya"", ""indonesia"", ""panel""]"
2230__0,2230,0,kaskus,2017-03-10 08:40:12,tulisan jualan,rb,"[""tulisan jualan"", ""jualan""]"
2230__1,2230,1,kaskus,2017-03-10 08:40:12,soft,overlap,"[""soft"", ""selling""]"
2230__2,2230,2,kaskus,2017-03-10 08:40:12,nuklir,overlap,"[""nuklir""]"
2230__3,2230,3,kaskus,2017-03-10 08:40:12,lounge,overlap,"[""lounge""]"
2230__4,2230,4,kaskus,2017-03-10 08:40:12,nuklir,overlap,"[""nuklir""]"
2231__0,2231,0,kaskus,2017-03-10 08:38:45,nuklir,overlap,"[""nuklir"", ""indonesia""]"
2231__1,2231,1,kaskus,2017-03-10 08:38:45,jepang,overlap,"[""jepang""]"
2231__2,2231,2,kaskus,2017-03-10 08:38:45,guncangan,overlap,"[""guncangan"", ""pengamanan""]"
2232__0,2232,0,kaskus,2017-03-10 08:20:44,indonesia,overlap,"[""indonesia"", ""energi""]"
2232__1,2232,1,kaskus,2017-03-10 08:20:44,listrik,overlap,"[""listrik""]"
2233__0,2233,0,kaskus,2017-03-10 08:20:07,usaha,rb,"[""usaha""]"
2234__0,2234,0,kaskus,2017-03-10 08:18:30,nuklir,overlap,"[""nuklir""]"
2234__1,2234,1,kaskus,2017-03-10 08:18:30,thorium,overlap,"[""thorium"", ""uranium""]"
2235__0,2235,0,kaskus,2017-03-10 08:03:35,pengembangan,overlap,"[""pengembangan""]"
2236__0,2236,0,kaskus,2017-03-10 08:00:45,surya,overlap,"[""surya"", ""angin"", ""eropa"", ""energi""]"
2236__1,2236,1,kaskus,2017-03-10 08:00:45,indonesia,overlap,"[""indonesia"", ""matahari"", ""negara""]"
2236__2,2236,2,kaskus,2017-03-10 08:00:45,daerah,overlap,"[""daerah"", ""indonesia"", ""angin""]"
2236__3,2236,3,kaskus,2017-03-10 08:00:45,laut,overlap,"[""laut"", ""indonesia""]"
2236__4,2236,4,kaskus,2017-03-10 08:00:45,laut,overlap,"[""laut"", ""pembangkit""]"
2236__5,2236,5,kaskus,2017-03-10 08:00:45,pltn,overlap,"[""pltn"", ""indonesia""]"
2236__6,2236,6,kaskus,2017-03-10 08:00:45,nuklir,overlap,"[""nuklir"", ""negara"", ""politik""]"
2236__7,2236,7,kaskus,2017-03-10 08:00:45,sdm,overlap,"[""sdm""]"
2236__8,2236,8,kaskus,2017-03-10 08:00:45,negara,overlap,"[""negara"", ""pln"", ""monopoli""]"
2236__9,2236,9,kaskus,2017-03-10 08:00:45,listrik,overlap,"[""listrik"", ""pln"", ""harga""]"
2237__0,2237,0,kaskus,2017-03-10 07:56:57,potensi,overlap,"[""potensi"", ""kapasitas""]"
2237__1,2237,1,kaskus,2017-03-10 07:56:57,arti pengembangan,rb,"[""arti pengembangan"", ""pengembangan panas bumi"", ""bumi"", ""aspek"", ""hambatan""]"
2237__2,2237,2,kaskus,2017-03-10 07:56:57,lokasi sumber,rb,"[""lokasi sumber"", ""sumber panas bumi"", ""bumi"", ""kawasan hutan"", ""hutan""]"
2237__3,2237,3,kaskus,2017-03-10 07:56:57,sistem,overlap,"[""sistem""]"
2237__4,2237,4,kaskus,2017-03-10 07:56:57,listrik,overlap,"[""listrik"", ""pltp"", ""jaringan"", ""lokasi""]"
2237__5,2237,5,kaskus,2017-03-10 07:56:57,swasta,rb,"[""swasta"", ""uang"", ""resiko""]"
2237__6,2237,6,kaskus,2017-03-10 07:56:57,daerah,overlap,"[""daerah""]"
2237__7,2237,7,kaskus,2017-03-10 07:56:57,energi,overlap,"[""energi"", ""nuklir"", ""uranium""]"
2237__8,2237,8,kaskus,2017-03-10 07:56:57,pp,overlap,"[""pp""]"
2237__9,2237,9,kaskus,2017-03-10 07:56:57,nuklir,overlap,"[""nuklir""]"
2238__0,2238,0,kaskus,2017-03-10 07:56:26,monopoli,overlap,"[""monopoli""]"
2238__1,2238,1,kaskus,2017-03-10 07:56:26,listrik,overlap,"[""listrik"", ""perusahaan""]"
2238__2,2238,2,kaskus,2017-03-10 07:56:26,meralco,overlap,"[""meralco"", ""manila"", ""kontrak""]"
2238__3,2238,3,kaskus,2017-03-10 07:56:26,monopoli,overlap,"[""monopoli""]"
2238__4,2238,4,kaskus,2017-03-10 07:56:26,pilihan,overlap,"[""pilihan""]"
2238__5,2238,5,kaskus,2017-03-10 07:56:26,ujung-ujung kartelisasi,rb,"[""ujung-ujung kartelisasi"", ""kartelisasi"", ""ujung-ujung""]"
2238__6,2238,6,kaskus,2017-03-10 07:56:26,swastanisasi,overlap,"[""swastanisasi""]"
2238__7,2238,7,kaskus,2017-03-10 07:56:26,jakarta,overlap,"[""jakarta""]"
2238__8,2238,8,kaskus,2017-03-10 07:56:26,pdam,overlap,"[""pdam""]"
2238__9,2238,9,kaskus,2017-03-10 07:56:26,bumn efisien,rb,"[""bumn efisien"", ""bumd""]"
2238__10,2238,10,kaskus,2017-03-10 07:56:26,kepemilikan badan,rb,"[""kepemilikan badan"", ""badan usaha"", ""usaha"", ""pelaku"", ""kriteria penilaian""]"
2238__11,2238,11,kaskus,2017-03-10 07:56:26,contoh,overlap,"[""contoh"", ""negeri""]"
2238__12,2238,12,kaskus,2017-03-10 07:56:26,british,overlap,"[""british"", ""railway""]"
2238__13,2238,13,kaskus,2017-03-10 07:56:26,cerita,rb,"[""cerita""]"
2238__14,2238,14,kaskus,2017-03-10 07:56:26,kebalikan,rb,"[""kebalikan""]"
2238__15,2238,15,kaskus,2017-03-10 07:56:26,jepang,overlap,"[""jepang"", ""pemerintah""]"
2238__16,2238,16,kaskus,2017-03-10 07:56:26,kriteria,rb,"[""kriteria""]"
2238__17,2238,17,kaskus,2017-03-10 07:56:26,kriteria,rb,"[""kriteria"", ""roi""]"
2238__18,2238,18,kaskus,2017-03-10 07:56:26,listrik,overlap,"[""listrik"", ""masyarakat""]"
2238__19,2238,19,kaskus,2017-03-10 07:56:26,masyarakat,overlap,"[""masyarakat"", ""efisiensi""]"
2238__20,2238,20,kaskus,2017-03-10 07:56:26,kota,overlap,"[""kota""]"
2238__21,2238,21,kaskus,2017-03-10 07:56:26,kota,overlap,"[""kota""]"
2238__22,2238,22,kaskus,2017-03-10 07:56:26,jakarta,overlap,"[""jakarta"", ""listrik""]"
2238__23,2238,23,kaskus,2017-03-10 07:56:26,kumuh,overlap,"[""kumuh"", ""roi"", ""pemukiman""]"
2238__24,2238,24,kaskus,2017-03-10 07:56:26,jawa enak,rb,"[""jawa enak"", ""duit""]"
2238__25,2238,25,kaskus,2017-03-10 07:56:26,maluku,overlap,"[""maluku""]"
2238__26,2238,26,kaskus,2017-03-10 07:56:26,listrik,overlap,"[""listrik"", ""jawa""]"
2238__27,2238,27,kaskus,2017-03-10 07:56:26,jawa,overlap,"[""jawa"", ""listrik""]"
2238__28,2238,28,kaskus,2017-03-10 07:56:26,listrik,overlap,"[""listrik""]"
2238__29,2238,29,kaskus,2017-03-10 07:56:26,jaringan,overlap,"[""jaringan"", ""monopoli""]"
2238__30,2238,30,kaskus,2017-03-10 07:56:26,apanya bubar,rb,"[""apanya bubar""]"
2238__31,2238,31,kaskus,2017-03-10 07:56:26,teknologi,overlap,"[""teknologi""]"
2238__32,2238,32,kaskus,2017-03-10 07:56:26,listrik,overlap,"[""listrik""]"
2238__33,2238,33,kaskus,2017-03-10 07:56:26,tesla,overlap,"[""tesla"", ""tower""]"
2238__34,2238,34,kaskus,2017-03-10 07:56:26,monggo,overlap,"[""monggo""]"
2238__35,2238,35,kaskus,2017-03-10 07:56:26,amerika,overlap,"[""amerika"", ""jerman"", ""jepang""]"
2238__36,2238,36,kaskus,2017-03-10 07:56:26,pakai kabel,rb,"[""pakai kabel""]"
2238__37,2238,37,kaskus,2017-03-10 07:56:26,natural,overlap,"[""natural"", ""pemerintah""]"
2238__38,2238,38,kaskus,2017-03-10 07:56:26,ekonomi,overlap,"[""ekonomi""]"
2238__39,2238,39,kaskus,2017-03-10 07:56:26,entry,overlap,"[""entry""]"
2238__40,2238,40,kaskus,2017-03-10 07:56:26,ekonomi,overlap,"[""ekonomi""]"
2238__41,2238,41,kaskus,2017-03-10 07:56:26,listrik,overlap,"[""listrik"", ""amerika""]"
2238__42,2238,42,kaskus,2017-03-10 07:56:26,listrik,overlap,"[""listrik"", ""pembangkit""]"
2238__43,2238,43,kaskus,2017-03-10 07:56:26,negara,overlap,"[""negara"", ""daerah"", ""contoh""]"
2238__44,2238,44,kaskus,2017-03-10 07:56:26,realita,rb,"[""realita""]"
2238__45,2238,45,kaskus,2017-03-10 07:56:26,jaringan,overlap,"[""jaringan""]"
2238__46,2238,46,kaskus,2017-03-10 07:56:26,kabel,overlap,"[""kabel""]"
2238__47,2238,47,kaskus,2017-03-10 07:56:26,listrik,overlap,"[""listrik""]"
2238__48,2238,48,kaskus,2017-03-10 07:56:26,listrik,overlap,"[""listrik"", ""kabel""]"
2238__49,2238,49,kaskus,2017-03-10 07:56:26,dunia,overlap,"[""dunia""]"
2238__50,2238,50,kaskus,2017-03-10 07:56:26,listrik,overlap,"[""listrik"", ""pemerintah""]"
2238__51,2238,51,kaskus,2017-03-10 07:56:26,negara,overlap,"[""negara""]"
2238__52,2238,52,kaskus,2017-03-10 07:56:26,listrik,overlap,"[""listrik""]"
2238__53,2238,53,kaskus,2017-03-10 07:56:26,,empty,[]
2238__54,2238,54,kaskus,2017-03-10 07:56:26,listrik,overlap,"[""listrik"", ""power"", ""kabel""]"
2238__55,2238,55,kaskus,2017-03-10 07:56:26,listrik,overlap,"[""listrik"", ""jaringan""]"
2238__56,2238,56,kaskus,2017-03-10 07:56:26,negara,overlap,"[""negara"", ""contoh""]"
2239__0,2239,0,kaskus,2017-03-10 07:52:29,cadangan,overlap,"[""cadangan""]"
2239__1,2239,1,kaskus,2017-03-10 07:52:29,negara,overlap,"[""negara"", ""energi""]"
2240__0,2240,0,kaskus,2017-03-10 07:36:42,,empty,[]
2240__1,2240,1,kaskus,2017-03-10 07:36:42,reaktor,overlap,"[""reaktor"", ""fukushima""]"
2240__2,2240,2,kaskus,2017-03-10 07:36:42,jepang,overlap,"[""jepang""]"
2240__3,2240,3,kaskus,2017-03-10 07:36:42,indonesia,overlap,"[""indonesia"", ""maintenance""]"
2241__0,2241,0,kaskus,2017-03-10 07:22:18,listrik,overlap,"[""listrik"", ""surya"", ""negara""]"
2241__1,2241,1,kaskus,2017-03-10 07:22:18,matahari,overlap,"[""matahari"", ""nuklir"", ""pulau"", ""angin""]"
2242__0,2242,0,kaskus,2017-03-10 07:22:08,air,overlap,"[""air""]"
2243__0,2243,0,kaskus,2017-03-10 07:20:27,eropa,overlap,"[""eropa"", ""proyek""]"
2244__0,2244,0,kaskus,2017-03-10 07:16:57,pltn,overlap,"[""pltn""]"
2244__1,2244,1,kaskus,2017-03-10 07:16:57,uranium,overlap,"[""uranium"", ""air"", ""ombak"", ""angin"", ""surya""]"
2244__2,2244,2,kaskus,2017-03-10 07:16:57,air,overlap,"[""air"", ""ombak"", ""angin"", ""surya""]"
2244__3,2244,3,kaskus,2017-03-10 07:16:57,uap,overlap,"[""uap"", ""teknologi""]"
2244__4,2244,4,kaskus,2017-03-10 07:16:57,berkembang,rb,"[""berkembang""]"
2244__5,2244,5,kaskus,2017-03-10 07:16:57,teknologi,overlap,"[""teknologi""]"
2245__0,2245,0,kaskus,2017-03-10 07:16:30,nuklir,overlap,"[""nuklir""]"
2245__1,2245,1,kaskus,2017-03-10 07:16:30,literasi,overlap,"[""literasi"", ""ketakutan"", ""bahaya"", ""miskin""]"
2245__2,2245,2,kaskus,2017-03-10 07:16:30,nuklir,overlap,"[""nuklir""]"
2245__3,2245,3,kaskus,2017-03-10 07:16:30,pemahaman,rb,"[""pemahaman"", ""nuklir"", ""literasi ilmiah"", ""informasi media"", ""media populer""]"
2245__4,2245,4,kaskus,2017-03-10 07:16:30,radiasi,overlap,"[""radiasi""]"
2245__5,2245,5,kaskus,2017-03-10 07:16:30,wade,overlap,"[""wade"", ""allison"", ""dosen"", ""oxford"", ""university""]"
2246__0,2246,0,kaskus,2017-03-10 07:15:09,negara jawara,rb,"[""negara jawara"", ""jawara""]"
2247__0,2247,0,kaskus,2017-03-10 07:11:31,radiasi,overlap,"[""radiasi""]"
2247__1,2247,1,kaskus,2017-03-10 07:11:31,radiasi,overlap,"[""radiasi"", ""uranium"", ""thorium"", ""tanah""]"
2247__2,2247,2,kaskus,2017-03-10 07:11:31,gunung,overlap,"[""gunung"", ""radiasi""]"
2247__3,2247,3,kaskus,2017-03-10 07:11:31,nyata,rb,"[""nyata""]"
2247__4,2247,4,kaskus,2017-03-10 07:11:31,nuklir,overlap,"[""nuklir""]"
2247__5,2247,5,kaskus,2017-03-10 07:11:31,radiasi,overlap,"[""radiasi""]"
2247__6,2247,6,kaskus,2017-03-10 07:11:31,tulisan,overlap,"[""tulisan""]"
2248__0,2248,0,kaskus,2017-03-10 07:10:20,indonesia,overlap,"[""indonesia""]"
2249__0,2249,0,kaskus,2017-03-10 07:09:24,fosil,overlap,"[""fosil"", ""energi""]"
2249__1,2249,1,kaskus,2017-03-10 07:09:24,teknologi,overlap,"[""teknologi""]"
2249__2,2249,2,kaskus,2017-03-10 07:09:24,energi,overlap,"[""energi"", ""riset"", ""teknologi""]"
2250__0,2250,0,kaskus,2017-03-10 07:05:34,hydro,overlap,"[""hydro"", ""plta""]"
2251__0,2251,0,kaskus,2017-03-10 07:04:06,indonesia,overlap,"[""indonesia""]"
2252__0,2252,0,kaskus,2017-03-10 07:00:34,indonesia,overlap,"[""indonesia"", ""negara""]"
2252__1,2252,1,kaskus,2017-03-10 07:00:34,nuklir,overlap,"[""nuklir"", ""surya"", ""panel""]"
2253__0,2253,0,kaskus,2017-03-10 06:53:16,energi,overlap,"[""energi"", ""nuklir""]"
2253__1,2253,1,kaskus,2017-03-10 06:53:16,indonesia,overlap,"[""indonesia"", ""nuklir"", ""pembangkit""]"
2253__2,2253,2,kaskus,2017-03-10 06:53:16,operator reaktor,rb,"[""operator reaktor"", ""reaktor pembangkit"", ""pembangkit energi"", ""energi nuklir"", ""nuklir""]"
2254__0,2254,0,kaskus,2017-03-10 06:46:44,informasi,overlap,"[""informasi""]"
2255__0,2255,0,kaskus,2017-03-10 06:42:55,listrik,overlap,"[""listrik""]"
2256__0,2256,0,kaskus,2017-03-10 00:38:01,angin,overlap,"[""angin""]"
2256__1,2256,1,kaskus,2017-03-10 00:38:01,terbarukan,overlap,"[""terbarukan""]"
2257__0,2257,0,kaskus,2017-03-10 00:29:57,overrated,overlap,"[""overrated""]"
2257__1,2257,1,kaskus,2017-03-10 00:29:57,fukushima,overlap,"[""fukushima""]"
2257__2,2257,2,kaskus,2017-03-10 00:29:57,chernobyl,overlap,"[""chernobyl"", ""kota""]"
2257__3,2257,3,kaskus,2017-03-10 00:29:57,jepang,overlap,"[""jepang"", ""penduduk""]"
2257__4,2257,4,kaskus,2017-03-10 00:29:57,bahaya,overlap,"[""bahaya""]"
2258__0,2258,0,kaskus,2017-03-10 00:28:11,indonesia,overlap,"[""indonesia""]"
2259__0,2259,0,kaskus,2017-03-10 00:25:17,gambar aliran,rb,"[""gambar aliran"", ""aliran arus"", ""arus panas dingin""]"
2259__1,2259,1,kaskus,2017-03-10 00:25:17,energi,overlap,"[""energi""]"
2259__2,2259,2,kaskus,2017-03-10 00:25:17,energi,overlap,"[""energi"", ""pembangkit""]"
2259__3,2259,3,kaskus,2017-03-10 00:25:17,energi,overlap,"[""energi"", ""fosil"", ""panel""]"
2259__4,2259,4,kaskus,2017-03-10 00:25:17,surya,overlap,"[""surya"", ""panel"", ""energi""]"
2259__5,2259,5,kaskus,2017-03-10 00:25:17,biaya,overlap,"[""biaya"", ""energi""]"
2259__6,2259,6,kaskus,2017-03-10 00:25:17,biaya,overlap,"[""biaya""]"
2259__7,2259,7,kaskus,2017-03-10 00:25:17,biaya,overlap,"[""biaya""]"
2260__0,2260,0,kaskus,2017-03-10 00:15:41,nuklir,overlap,"[""nuklir"", ""kondisi""]"
2260__1,2260,1,kaskus,2017-03-10 00:15:41,nuklir,overlap,"[""nuklir""]"
2260__2,2260,2,kaskus,2017-03-10 00:15:41,,empty,[]
2260__3,2260,3,kaskus,2017-03-10 00:15:41,sesat,rb,"[""sesat""]"
2260__4,2260,4,kaskus,2017-03-10 00:15:41,,empty,[]
2260__5,2260,5,kaskus,2017-03-10 00:15:41,sumber,rb,"[""sumber""]"
2260__6,2260,6,kaskus,2017-03-10 00:15:41,pltn,overlap,"[""pltn"", ""indonesia"", ""wilayah"", ""pembangunan""]"
2260__7,2260,7,kaskus,2017-03-10 00:15:41,pltn,overlap,"[""pltn""]"
2260__8,2260,8,kaskus,2017-03-10 00:15:41,sumber,rb,"[""sumber""]"
2260__9,2260,9,kaskus,2017-03-10 00:15:41,indonesia,overlap,"[""indonesia"", ""pltn""]"
2261__0,2261,0,kaskus,2017-03-10 00:03:43,angin,overlap,"[""angin"", ""surya"", ""listrik"", ""fosil"", ""nuklir""]"
2261__1,2261,1,kaskus,2017-03-10 00:03:43,masyarakat,overlap,"[""masyarakat"", ""perusahaan"", ""nuklir""]"
2261__2,2261,2,kaskus,2017-03-10 00:03:43,si,rb,"[""si"", ""ts"", ""energi terbarukan"", ""energi""]"
2261__3,2261,3,kaskus,2017-03-10 00:03:43,pemerintah,overlap,"[""pemerintah"", ""jerman"", ""nuklir"", ""fosil"", ""energi""]"
2261__4,2261,4,kaskus,2017-03-10 00:03:43,masyarakat,overlap,"[""masyarakat"", ""proyek""]"
2261__5,2261,5,kaskus,2017-03-10 00:03:43,surya,overlap,"[""surya"", ""jalan"", ""matahari"", ""daerah""]"
2261__6,2261,6,kaskus,2017-03-10 00:03:43,energi,overlap,"[""energi"", ""bayar"", ""listrik"", ""rumah"", ""cadangan""]"
2261__7,2261,7,kaskus,2017-03-10 00:03:43,skala,overlap,"[""skala"", ""energi""]"
2261__8,2261,8,kaskus,2017-03-10 00:03:43,listrik,overlap,"[""listrik"", ""kota""]"
2261__9,2261,9,kaskus,2017-03-10 00:03:43,gg,overlap,"[""gg""]"
2262__0,2262,0,kaskus,2017-03-10 00:03:29,nuklir,overlap,"[""nuklir"", ""radiasi""]"
2262__1,2262,1,kaskus,2017-03-10 00:03:29,nuklir,overlap,"[""nuklir""]"
2263__0,2263,0,kaskus,2017-03-10 00:01:24,teknologi,overlap,"[""teknologi"", ""energi""]"
2264__0,2264,0,kaskus,2017-03-10 00:00:05,radiasi,overlap,"[""radiasi"", ""manusia""]"
2265__0,2265,0,kaskus,2017-03-09 23:56:23,,empty,[]
2265__1,2265,1,kaskus,2017-03-09 23:56:23,biaya,overlap,"[""biaya""]"
2266__0,2266,0,kaskus,2017-03-09 23:50:03,negara,overlap,"[""negara"", ""jerman"", ""pemerintah""]"
2266__1,2266,1,kaskus,2017-03-09 23:50:03,pemerintah,overlap,"[""pemerintah"", ""jerman"", ""proyek""]"
2266__2,2266,2,kaskus,2017-03-09 23:50:03,teori,rb,"[""teori"", ""pengganti nuklir"", ""nuklir pengetahuan"", ""pengetahuan"", ""pengganti""]"
2266__3,2266,3,kaskus,2017-03-09 23:50:03,seujung kuku,rb,"[""seujung kuku"", ""kuku"", ""luas alam"", ""alam semesta"", ""semesta""]"
2267__0,2267,0,kaskus,2017-03-09 23:25:33,daya,overlap,"[""daya"", ""sumber""]"
2267__1,2267,1,kaskus,2017-03-09 23:25:33,,empty,[]
2268__0,2268,0,kaskus,2017-03-09 23:21:38,jerman,overlap,"[""jerman""]"
2268__1,2268,1,kaskus,2017-03-09 23:21:38,energi,overlap,"[""energi""]"
2268__2,2268,2,kaskus,2017-03-09 23:21:38,radiasi,overlap,"[""radiasi"", ""chernobyl""]"
2268__3,2268,3,kaskus,2017-03-09 23:21:38,kota,overlap,"[""kota""]"
2268__4,2268,4,kaskus,2017-03-09 23:21:38,radiasi,overlap,"[""radiasi""]"
2268__5,2268,5,kaskus,2017-03-09 23:21:38,nuklir,overlap,"[""nuklir""]"
2269__0,2269,0,kaskus,2017-03-09 23:19:57,informasi,overlap,"[""informasi""]"
2269__1,2269,1,kaskus,2017-03-09 23:19:57,cuaca,overlap,"[""cuaca"", ""backup""]"
2269__2,2269,2,kaskus,2017-03-09 23:19:57,nama,rb,"[""nama"", ""niat""]"
2270__0,2270,0,kaskus,2017-03-09 23:18:04,engineer,rb,"[""engineer""]"
2270__1,2270,1,kaskus,2017-03-09 23:18:04,nuklir,overlap,"[""nuklir""]"
2270__2,2270,2,kaskus,2017-03-09 23:18:04,fosil,overlap,"[""fosil""]"
2270__3,2270,3,kaskus,2017-03-09 23:18:04,nuklir,overlap,"[""nuklir"", ""fosil""]"
2270__4,2270,4,kaskus,2017-03-09 23:18:04,nuklir,overlap,"[""nuklir"", ""solusi""]"
2270__5,2270,5,kaskus,2017-03-09 23:18:04,ekonomi,overlap,"[""ekonomi"", ""politik""]"
2270__6,2270,6,kaskus,2017-03-09 23:18:04,,empty,[]
2270__7,2270,7,kaskus,2017-03-09 23:18:04,data,overlap,"[""data""]"
2270__8,2270,8,kaskus,2017-03-09 23:18:04,pernyataan,rb,"[""pernyataan""]"
2270__9,2270,9,kaskus,2017-03-09 23:18:04,analisis,overlap,"[""analisis""]"
2270__10,2270,10,kaskus,2017-03-09 23:18:04,,empty,[]
2271__0,2271,0,kaskus,2017-03-09 22:59:18,,empty,[]
2271__1,2271,1,kaskus,2017-03-09 22:59:18,pltn,overlap,"[""pltn"", ""indonesia"", ""batubara""]"
2271__2,2271,2,kaskus,2017-03-09 22:59:18,politik,overlap,"[""politik""]"
2272__0,2272,0,kaskus,2017-03-09 22:59:03,politik,overlap,"[""politik""]"
2272__1,2272,1,kaskus,2017-03-09 22:59:03,sdm,overlap,"[""sdm""]"
2272__2,2272,2,kaskus,2017-03-09 22:59:03,pltn,overlap,"[""pltn""]"
2272__3,2272,3,kaskus,2017-03-09 22:59:03,,empty,[]
2273__0,2273,0,kaskus,2017-03-09 22:48:06,kota,overlap,"[""kota"", ""jepang"", ""teknologi""]"
2274__0,2274,0,kaskus,2017-03-09 22:44:51,begituan,rb,"[""begituan""]"
2274__1,2274,1,kaskus,2017-03-09 22:44:51,umat manusia,rb,"[""umat manusia"", ""manusia"", ""umat""]"
2274__2,2274,2,kaskus,2017-03-09 22:44:51,travel,overlap,"[""travel"", ""kolonisasi""]"
2275__0,2275,0,kaskus,2017-03-09 22:42:23,chernobyl,overlap,"[""chernobyl""]"
2276__0,2276,0,kaskus,2017-03-09 22:39:06,sumber daya,rb,"[""sumber daya"", ""daya energi"", ""energi terbarukan""]"
2276__1,2276,1,kaskus,2017-03-09 22:39:06,hasil,overlap,"[""hasil""]"
2277__0,2277,0,kaskus,2017-03-09 22:32:10,nii,overlap,"[""nii""]"
2277__1,2277,1,kaskus,2017-03-09 22:32:10,jerman,overlap,"[""jerman"", ""energi""]"
2277__2,2277,2,kaskus,2017-03-09 22:32:10,jerman,overlap,"[""jerman"", ""negara"", ""indonesia""]"
2277__3,2277,3,kaskus,2017-03-09 22:32:10,panel,overlap,"[""panel""]"
2277__4,2277,4,kaskus,2017-03-09 22:32:10,skala,overlap,"[""skala"", ""panel"", ""surya""]"
2278__0,2278,0,kaskus,2017-03-09 22:28:46,radiasi,rb,"[""radiasi"", ""chenobyl""]"
2278__1,2278,1,kaskus,2017-03-09 22:28:46,fukushima,overlap,"[""fukushima"", ""pembangkit""]"
2278__2,2278,2,kaskus,2017-03-09 22:28:46,negara,overlap,"[""negara"", ""teknologi"", ""jepang"", ""nuklir"", ""bencana""]"
2278__3,2278,3,kaskus,2017-03-09 22:28:46,documentary,rb,"[""documentary"", ""youtube"", ""petani"", ""hidup"", ""hidup desa""]"
2278__4,2278,4,kaskus,2017-03-09 22:28:46,indonesia,overlap,"[""indonesia""]"
2278__5,2278,5,kaskus,2017-03-09 22:28:46,teknologi,rb,"[""teknologi""]"
2279__0,2279,0,kaskus,2017-03-09 22:28:08,energi terbarukan,rb,"[""energi terbarukan"", ""energi""]"
2279__1,2279,1,kaskus,2017-03-09 22:28:08,,empty,[]
2280__0,2280,0,kaskus,2017-03-09 22:26:54,energi,overlap,"[""energi""]"
2281__0,2281,0,kaskus,2017-03-09 22:21:54,jerman,overlap,"[""jerman"", ""surya"", ""angin""]"
2281__1,2281,1,kaskus,2017-03-09 22:21:54,reliable,unsup,"[""reliable""]"
2281__2,2281,2,kaskus,2017-03-09 22:21:54,energi terbarukan,rb,"[""energi terbarukan"", ""perfect"", ""energi""]"
2281__3,2281,3,kaskus,2017-03-09 22:21:54,nuklir,overlap,"[""nuklir"", ""energi""]"
2281__4,2281,4,kaskus,2017-03-09 22:21:54,nuklir,overlap,"[""nuklir"", ""chernobyl"", ""jepang"", ""pembangkit""]"
2281__5,2281,5,kaskus,2017-03-09 22:21:54,lokasi,overlap,"[""lokasi"", ""kejadian""]"
2281__6,2281,6,kaskus,2017-03-09 22:21:54,radiasi,overlap,"[""radiasi""]"
2281__7,2281,7,kaskus,2017-03-09 22:21:54,jepang,overlap,"[""jepang"", ""negara""]"
2281__8,2281,8,kaskus,2017-03-09 22:21:54,opinion,overlap,"[""opinion""]"
2282__0,2282,0,kaskus,2017-03-09 22:16:45,pemerintah,overlap,"[""pemerintah"", ""rencana"", ""wilayah"", ""chernobyl""]"
2282__1,2282,1,kaskus,2017-03-09 22:16:45,spot,overlap,"[""spot"", ""parnoan"", ""kbnykan""]"
2283__0,2283,0,kaskus,2017-03-09 22:15:57,energi,overlap,"[""energi"", ""teknologi""]"
2284__0,2284,0,kaskus,2017-03-09 22:14:02,analisis,rb,"[""analisis"", ""ts""]"
2284__1,2284,1,kaskus,2017-03-09 22:14:02,jalan,overlap,"[""jalan"", ""listrik"", ""energi""]"
2284__2,2284,2,kaskus,2017-03-09 22:14:02,hati,overlap,"[""hati"", ""chernobyl""]"
2285__0,2285,0,kaskus,2017-03-09 22:13:56,alam,overlap,"[""alam"", ""matahari"", ""energi""]"
2286__0,2286,0,kaskus,2017-03-09 22:13:41,energi,overlap,"[""energi"", ""nuklir""]"
2286__1,2286,1,kaskus,2017-03-09 22:13:41,geothermal,overlap,"[""geothermal"", ""hydro""]"
2286__2,2286,2,kaskus,2017-03-09 22:13:41,indonesia,overlap,"[""indonesia"", ""nuklir"", ""energi""]"
2286__3,2286,3,kaskus,2017-03-09 22:13:41,arah,overlap,"[""arah"", ""think"", ""smart""]"
2287__0,2287,0,kaskus,2017-03-09 22:09:49,nuklir,overlap,"[""nuklir"", ""angin""]"
2287__1,2287,1,kaskus,2017-03-09 22:09:49,awam,rb,"[""awam""]"
2288__0,2288,0,kaskus,2017-03-09 21:51:26,bencana,overlap,"[""bencana"", ""pltn"", ""warga"", ""lokasi""]"
2289__0,2289,0,kaskus,2017-03-09 21:49:12,isil,overlap,"[""isil""]"
2290__0,2290,0,kaskus,2017-03-09 21:48:18,sdm,overlap,"[""sdm"", ""indonesia""]"
2291__0,2291,0,kaskus,2017-03-09 21:47:47,penguasa,overlap,"[""penguasa""]"
2291__1,2291,1,kaskus,2017-03-09 21:47:47,negara,overlap,"[""negara"", ""nuklir""]"
2291__2,2291,2,kaskus,2017-03-09 21:47:47,lsm,rb,"[""lsm""]"
2291__3,2291,3,kaskus,2017-03-09 21:47:47,nuklir,overlap,"[""nuklir"", ""bahaya"", ""energi""]"
2291__4,2291,4,kaskus,2017-03-09 21:47:47,nuklir,overlap,"[""nuklir""]"
2292__0,2292,0,kaskus,2017-03-09 21:44:07,,empty,[]
2292__1,2292,1,kaskus,2017-03-09 21:44:07,tulisan,rb,"[""tulisan"", ""ts""]"
2293__0,2293,0,kaskus,2017-03-09 21:42:11,tingkat efisiensi,rb,"[""tingkat efisiensi"", ""efisiensi""]"
2293__1,2293,1,kaskus,2017-03-09 21:42:11,,empty,[]
2293__2,2293,2,kaskus,2017-03-09 21:42:11,mesin jaman,rb,"[""mesin jaman"", ""jaman"", ""bahan bakar"", ""bakar"", ""perawatan""]"
2293__3,2293,3,kaskus,2017-03-09 21:42:11,mesin,rb,"[""mesin"", ""minim perawatan""]"
2293__4,2293,4,kaskus,2017-03-09 21:42:11,teknologi,overlap,"[""teknologi""]"
2294__0,2294,0,kaskus,2017-03-09 21:38:30,nuklir,overlap,"[""nuklir""]"
2295__0,2295,0,kaskus,2017-03-09 21:35:50,eropa,overlap,"[""eropa"", ""surya""]"
2295__1,2295,1,kaskus,2017-03-09 21:35:50,musim,overlap,"[""musim"", ""surya"", ""panel""]"
2295__2,2295,2,kaskus,2017-03-09 21:35:50,listrik,overlap,"[""listrik""]"
2295__3,2295,3,kaskus,2017-03-09 21:35:50,kota,overlap,"[""kota"", ""listrik"", ""limbah"", ""sumber""]"
2295__4,2295,4,kaskus,2017-03-09 21:35:50,jerman,overlap,"[""jerman"", ""listrik""]"
2295__5,2295,5,kaskus,2017-03-09 21:35:50,kota,overlap,"[""kota"", ""jerman"", ""angin"", ""surya"", ""amerika""]"
2295__6,2295,6,kaskus,2017-03-09 21:35:50,sorry,overlap,"[""sorry""]"
2296__0,2296,0,kaskus,2017-03-09 21:30:55,cemaran,overlap,"[""cemaran""]"
2297__0,2297,0,kaskus,2017-03-09 21:28:06,nuklir,overlap,"[""nuklir""]"
2298__0,2298,0,kaskus,2017-03-09 21:21:04,pltn,overlap,"[""pltn"", ""rencana""]"
2298__1,2298,1,kaskus,2017-03-09 21:21:04,listrik,overlap,"[""listrik""]"
2298__2,2298,2,kaskus,2017-03-09 21:21:04,nuklir,overlap,"[""nuklir"", ""reaktor""]"
2298__3,2298,3,kaskus,2017-03-09 21:21:04,masyarakat,overlap,"[""masyarakat""]"
2299__0,2299,0,kaskus,2017-03-09 21:18:23,indonesia,overlap,"[""indonesia"", ""nuklir""]"
2299__1,2299,1,kaskus,2017-03-09 21:18:23,chernobyl,overlap,"[""chernobyl""]"
2300__0,2300,0,kaskus,2017-03-09 21:15:03,negara,overlap,"[""negara"", ""listrik""]"
2301__0,2301,0,kaskus,2017-03-09 21:06:50,tread,rb,"[""tread""]"
2301__1,2301,1,kaskus,2017-03-09 21:06:50,energi,overlap,"[""energi""]"
2302__0,2302,0,kaskus,2017-03-09 21:05:21,tulisan,overlap,"[""tulisan""]"
2302__1,2302,1,kaskus,2017-03-09 21:05:21,tulisan,overlap,"[""tulisan""]"
2303__0,2303,0,kaskus,2017-03-09 21:02:57,indonesia,overlap,"[""indonesia"", ""nuklir""]"
2303__1,2303,1,kaskus,2017-03-09 21:02:57,bencana,overlap,"[""bencana"", ""jepang""]"
2303__2,2303,2,kaskus,2017-03-09 21:02:57,sda,overlap,"[""sda""]"
2303__3,2303,3,kaskus,2017-03-09 21:02:57,resiko,overlap,"[""resiko""]"
2304__0,2304,0,kaskus,2017-03-09 20:57:05,indonesia,overlap,"[""indonesia"", ""pltn""]"
2305__0,2305,0,kaskus,2017-03-09 20:52:16,indonesia,overlap,"[""indonesia"", ""nuklir"", ""listrik"", ""sdm"", ""reaktor""]"
2305__1,2305,1,kaskus,2017-03-09 20:52:16,dunia,overlap,"[""dunia""]"
2305__2,2305,2,kaskus,2017-03-09 20:52:16,ibadah,overlap,"[""ibadah""]"
2305__3,2305,3,kaskus,2017-03-09 20:52:16,akherat,overlap,"[""akherat"", ""kehidupan""]"
2306__0,2306,0,kaskus,2017-03-09 20:51:31,gagal,rb,"[""gagal""]"
2306__1,2306,1,kaskus,2017-03-09 20:51:31,data,overlap,"[""data"", ""angka""]"
2306__2,2306,2,kaskus,2017-03-09 20:51:31,cenderung buruk,rb,"[""cenderung buruk"", ""cenderung""]"
2306__3,2306,3,kaskus,2017-03-09 20:51:31,jerman,overlap,"[""jerman"", ""pengembangan"", ""teknologi""]"
2306__4,2306,4,kaskus,2017-03-09 20:51:31,nuklir,overlap,"[""nuklir""]"
2306__5,2306,5,kaskus,2017-03-09 20:51:31,nuklir,overlap,"[""nuklir"", ""resiko""]"
2306__6,2306,6,kaskus,2017-03-09 20:51:31,resiko,overlap,"[""resiko"", ""energi""]"
2306__7,2306,7,kaskus,2017-03-09 20:51:31,teknologi,overlap,"[""teknologi"", ""jerman""]"
2306__8,2306,8,kaskus,2017-03-09 20:51:31,negara,overlap,"[""negara""]"
2306__9,2306,9,kaskus,2017-03-09 20:51:31,cents,overlap,"[""cents""]"
2307__0,2307,0,kaskus,2017-03-09 20:48:51,baterai,overlap,"[""baterai""]"
2307__1,2307,1,kaskus,2017-03-09 20:48:51,sistem,overlap,"[""sistem"", ""pln"", ""rumah"", ""surya"", ""listrik""]"
2307__2,2307,2,kaskus,2017-03-09 20:48:51,pln,overlap,"[""pln"", ""rumah""]"
2307__3,2307,3,kaskus,2017-03-09 20:48:51,surya,overlap,"[""surya"", ""rumah"", ""panel""]"
2307__4,2307,4,kaskus,2017-03-09 20:48:51,hasil,overlap,"[""hasil"", ""panel""]"
2308__0,2308,0,kaskus,2017-03-09 20:45:31,listrik,overlap,"[""listrik"", ""pln""]"
2309__0,2309,0,kaskus,2017-03-09 20:43:15,manusia,overlap,"[""manusia"", ""energi""]"
2310__0,2310,0,kaskus,2017-03-09 20:41:47,nuklir,overlap,"[""nuklir"", ""surya"", ""angin"", ""energi""]"
2311__0,2311,0,kaskus,2017-03-09 20:38:55,resiko,overlap,"[""resiko"", ""bahaya""]"
2311__1,2311,1,kaskus,2017-03-09 20:38:55,fosil,overlap,"[""fosil""]"
2312__0,2312,0,kaskus,2017-03-09 20:38:42,didaerah,rb,"[""didaerah"", ""pltd swasta"", ""jaringan distribusi"", ""distribusi"", ""tiang kayu""]"
2313__0,2313,0,kaskus,2017-03-09 20:38:28,laut,overlap,"[""laut"", ""pembangkit""]"
2313__1,2313,1,kaskus,2017-03-09 20:38:28,laut,overlap,"[""laut""]"
2314__0,2314,0,kaskus,2017-03-09 20:36:30,kelemahan listrik,rb,"[""kelemahan listrik"", ""listrik bolak"", ""bolak"", ""ac"", ""dc""]"
2314__1,2314,1,kaskus,2017-03-09 20:36:30,listrik,overlap,"[""listrik""]"
2315__0,2315,0,kaskus,2017-03-09 20:34:48,surya,overlap,"[""surya"", ""daerah"", ""listrik"", ""panel""]"
2316__0,2316,0,kaskus,2017-03-09 20:34:16,indonesia,overlap,"[""indonesia"", ""thorium""]"
2317__0,2317,0,kaskus,2017-03-09 20:29:06,analisis,overlap,"[""analisis""]"
2318__0,2318,0,kaskus,2017-03-09 20:28:56,listrik,overlap,"[""listrik""]"
2319__0,2319,0,kaskus,2017-03-09 20:24:19,nuklir,overlap,"[""nuklir"", ""indonesia""]"
2319__1,2319,1,kaskus,2017-03-09 20:24:19,sdm,overlap,"[""sdm""]"
2320__0,2320,0,kaskus,2017-03-09 20:23:48,,empty,[]
2320__1,2320,1,kaskus,2017-03-09 20:23:48,sdm,overlap,"[""sdm""]"
2321__0,2321,0,kaskus,2017-03-09 20:22:02,indonesia,overlap,"[""indonesia"", ""nuklir"", ""geothermal"", ""listrik""]"
2322__0,2322,0,kaskus,2017-03-09 20:21:50,mahal,rb,"[""mahal"", ""keperluan""]"
2323__0,2323,0,kaskus,2017-03-09 20:20:23,nuklir,overlap,"[""nuklir"", ""tenaga""]"
2324__0,2324,0,kaskus,2017-03-09 20:19:03,tulisan,overlap,"[""tulisan"", ""negara""]"
2324__1,2324,1,kaskus,2017-03-09 20:19:03,negara,overlap,"[""negara"", ""listrik"", ""indonesia""]"
2324__2,2324,2,kaskus,2017-03-09 20:19:03,absolutely,overlap,"[""absolutely"", ""indonesian""]"
2325__0,2325,0,kaskus,2017-03-09 20:18:19,politik,overlap,"[""politik""]"
2326__0,2326,0,kaskus,2017-03-09 20:15:33,proses,rb,"[""proses""]"
2326__1,2326,1,kaskus,2017-03-09 20:15:33,duit,overlap,"[""duit""]"
2326__2,2326,2,kaskus,2017-03-09 20:15:33,proyek,overlap,"[""proyek""]"
2327__0,2327,0,kaskus,2017-03-09 20:11:28,jalan,overlap,"[""jalan""]"
2327__1,2327,1,kaskus,2017-03-09 20:11:28,resiko,overlap,"[""resiko""]"
2328__0,2328,0,kaskus,2017-03-09 20:08:02,gunung,overlap,"[""gunung""]"
2328__1,2328,1,kaskus,2017-03-09 20:08:02,listrik,overlap,"[""listrik"", ""pln"", ""perusahaan""]"
2329__0,2329,0,kaskus,2017-03-09 20:03:14,nuklir,overlap,"[""nuklir""]"
2330__0,2330,0,kaskus,2017-03-09 19:58:45,sumber,overlap,"[""sumber"", ""ombak"", ""geothermal""]"
2330__1,2330,1,kaskus,2017-03-09 19:58:45,listrik,overlap,"[""listrik"", ""nuklir""]"
2331__0,2331,0,kaskus,2017-03-09 19:58:34,jerman,overlap,"[""jerman"", ""daerah"", ""angin"", ""indonesia"", ""plts""]"
2331__1,2331,1,kaskus,2017-03-09 19:58:34,indonesia,overlap,"[""indonesia"", ""air"", ""gempa"", ""fukushima"", ""pltn""]"
2331__2,2331,2,kaskus,2017-03-09 19:58:34,gempa,overlap,"[""gempa"", ""fukushima""]"
2332__0,2332,0,kaskus,2017-03-09 19:57:51,bumi,overlap,"[""bumi""]"
2333__0,2333,0,kaskus,2017-03-09 19:55:16,indonesia,overlap,"[""indonesia""]"
2333__1,2333,1,kaskus,2017-03-09 19:55:16,nuklir,overlap,"[""nuklir""]"
2334__0,2334,0,kaskus,2017-03-09 19:54:43,energi,overlap,"[""energi"", ""manusia""]"
2335__0,2335,0,kaskus,2017-03-09 19:52:52,jerman,overlap,"[""jerman""]"
2335__1,2335,1,kaskus,2017-03-09 19:52:52,nuklir,overlap,"[""nuklir""]"
2336__0,2336,0,kaskus,2017-03-09 19:51:20,tulisan,overlap,"[""tulisan"", ""informasi""]"
2336__1,2336,1,kaskus,2017-03-09 19:51:20,pemerintah,overlap,"[""pemerintah"", ""proyek"", ""tenaga""]"
2336__2,2336,2,kaskus,2017-03-09 19:51:20,nuklir,overlap,"[""nuklir"", ""ahli""]"
2336__3,2336,3,kaskus,2017-03-09 19:51:20,negeri,overlap,"[""negeri""]"
2336__4,2336,4,kaskus,2017-03-09 19:51:20,listrik,overlap,"[""listrik"", ""karbon"", ""emisi""]"
2337__0,2337,0,kaskus,2017-03-09 19:48:05,indonesia,overlap,"[""indonesia""]"
2338__0,2338,0,kaskus,2017-03-09 19:47:57,air,overlap,"[""air"", ""nuklir"", ""angin""]"
2339__0,2339,0,kaskus,2017-03-09 19:45:56,indonesia,overlap,"[""indonesia"", ""nuklir"", ""korupsi""]"
2339__1,2339,1,kaskus,2017-03-09 19:45:56,nuklir,overlap,"[""nuklir"", ""hasil""]"
2339__2,2339,2,kaskus,2017-03-09 19:45:56,emisi,overlap,"[""emisi"", ""energi""]"
2340__0,2340,0,kaskus,2017-03-09 19:44:58,mahal listrik,rb,"[""mahal listrik""]"
2341__0,2341,0,kaskus,2017-03-09 19:44:43,nuklir,overlap,"[""nuklir"", ""indonesia""]"
2341__1,2341,1,kaskus,2017-03-09 19:44:43,nuklir,overlap,"[""nuklir""]"
2342__0,2342,0,kaskus,2017-03-09 19:44:02,listrik,overlap,"[""listrik"", ""gas""]"
2343__0,2343,0,kaskus,2017-03-09 19:43:38,pltn,overlap,"[""pltn"", ""bahaya"", ""hidup""]"
2343__1,2343,1,kaskus,2017-03-09 19:43:38,solusi,overlap,"[""solusi"", ""batubara"", ""nuklir"", ""energi""]"
2343__2,2343,2,kaskus,2017-03-09 19:43:38,batubara,overlap,"[""batubara""]"
2344__0,2344,0,kaskus,2017-03-09 19:41:13,negara,overlap,"[""negara"", ""eropa"", ""listrik""]"
2345__0,2345,0,kaskus,2017-03-09 19:40:41,surya,overlap,"[""surya""]"
2345__1,2345,1,kaskus,2017-03-09 19:40:41,surya,overlap,"[""surya"", ""panel""]"
2346__0,2346,0,kaskus,2017-03-09 19:40:21,laut,overlap,"[""laut"", ""turbin""]"
2346__1,2346,1,kaskus,2017-03-09 19:40:21,img,overlap,"[""img""]"
2347__0,2347,0,kaskus,2017-03-09 19:39:19,minyak,overlap,"[""minyak""]"
2347__1,2347,1,kaskus,2017-03-09 19:39:19,minyak,overlap,"[""minyak""]"
2347__2,2347,2,kaskus,2017-03-09 19:39:19,post,rb,"[""post"", ""fraud""]"
2347__3,2347,3,kaskus,2017-03-09 19:39:19,solusi,overlap,"[""solusi""]"
2348__0,2348,0,kaskus,2017-03-09 19:32:26,pltu,overlap,"[""pltu"", ""pembangkit""]"
2349__0,2349,0,kaskus,2017-03-09 19:32:00,batan,overlap,"[""batan"", ""listrik"", ""pembangkit""]"
2350__0,2350,0,kaskus,2017-03-09 19:30:58,proyek,overlap,"[""proyek""]"
2351__0,2351,0,kaskus,2017-03-09 19:30:46,pltn,overlap,"[""pltn"", ""indonesia""]"
2351__1,2351,1,kaskus,2017-03-09 19:30:46,jawa,overlap,"[""jawa"", ""wilayah""]"
2352__0,2352,0,kaskus,2017-03-09 19:29:59,indonesia,overlap,"[""indonesia"", ""nuklir"", ""reaktor""]"
2353__0,2353,0,kaskus,2017-03-09 19:28:54,energi,overlap,"[""energi""]"
2353__1,2353,1,kaskus,2017-03-09 19:28:54,harga,overlap,"[""harga""]"
2353__2,2353,2,kaskus,2017-03-09 19:28:54,hydro,overlap,"[""hydro"", ""lahan"", ""air""]"
2353__3,2353,3,kaskus,2017-03-09 19:28:54,matahari,overlap,"[""matahari"", ""angin"", ""eropa"", ""nuklir"", ""fosil""]"
2353__4,2353,4,kaskus,2017-03-09 19:28:54,indonesia,overlap,"[""indonesia""]"
2353__5,2353,5,kaskus,2017-03-09 19:28:54,angin,overlap,"[""angin"", ""matahari"", ""musim"", ""pembangkit""]"
2353__6,2353,6,kaskus,2017-03-09 19:28:54,integrasi,rb,"[""integrasi"", ""smart grid"", ""grid"", ""pembangkit energi"", ""energi terbarukan""]"
2353__7,2353,7,kaskus,2017-03-09 19:28:54,listrik,overlap,"[""listrik"", ""cadangan"", ""energi"", ""produksi""]"
2353__8,2353,8,kaskus,2017-03-09 19:28:54,nuklir,overlap,"[""nuklir"", ""daerah"", ""energi""]"
2353__9,2353,9,kaskus,2017-03-09 19:28:54,nuklir,overlap,"[""nuklir"", ""laut""]"
2353__10,2353,10,kaskus,2017-03-09 19:28:54,fukushima,overlap,"[""fukushima"", ""pemerintah"", ""jerman"", ""daerah""]"
2353__11,2353,11,kaskus,2017-03-09 19:28:54,produksi,overlap,"[""produksi"", ""listrik""]"
2353__12,2353,12,kaskus,2017-03-09 19:28:54,nuklir,overlap,"[""nuklir"", ""limbah""]"
2353__13,2353,13,kaskus,2017-03-09 19:28:54,radiasi,rb,"[""radiasi"", ""limbah suhu"", ""suhu"", ""derajat"", ""limbah""]"
2353__14,2353,14,kaskus,2017-03-09 19:28:54,negara,overlap,"[""negara"", ""alasan"", ""nuklir""]"
2353__15,2353,15,kaskus,2017-03-09 19:28:54,nuklir,overlap,"[""nuklir"", ""energi""]"
2353__16,2353,16,kaskus,2017-03-09 19:28:54,indonesia,overlap,"[""indonesia"", ""negara""]"
2354__0,2354,0,kaskus,2017-03-09 19:25:20,bodoh,rb,"[""bodoh"", ""genset""]"
2355__0,2355,0,kaskus,2017-03-09 19:25:16,nuklir,overlap,"[""nuklir"", ""indonesia"", ""gempa""]"
2356__0,2356,0,kaskus,2017-03-09 19:24:55,fosil,overlap,"[""fosil"", ""indonesia"", ""energi""]"
2357__0,2357,0,kaskus,2017-03-09 19:20:29,jepang,overlap,"[""jepang""]"
2357__1,2357,1,kaskus,2017-03-09 19:20:29,tsunami,overlap,"[""tsunami""]"
2357__2,2357,2,kaskus,2017-03-09 19:20:29,reaktor,overlap,"[""reaktor"", ""nuklir"", ""gempa""]"
2358__0,2358,0,kaskus,2017-03-09 19:16:44,indonesia,overlap,"[""indonesia"", ""thorium"", ""energi""]"
2359__0,2359,0,kaskus,2017-03-09 19:12:47,negara,overlap,"[""negara"", ""angin"", ""turbin""]"
2360__0,2360,0,kaskus,2017-03-09 19:12:14,panas,rb,"[""panas"", ""penyebab""]"
2361__0,2361,0,kaskus,2017-03-09 19:10:58,indonesia,overlap,"[""indonesia""]"
2362__0,2362,0,kaskus,2017-03-09 19:10:33,nuklir,overlap,"[""nuklir"", ""indonesia""]"
2363__0,2363,0,kaskus,2017-03-09 19:08:53,alam,overlap,"[""alam"", ""batubara"", ""panel"", ""matahari""]"
2363__1,2363,1,kaskus,2017-03-09 19:08:53,angin,overlap,"[""angin""]"
2363__2,2363,2,kaskus,2017-03-09 19:08:53,energi,overlap,"[""energi"", ""ombak""]"
2363__3,2363,3,kaskus,2017-03-09 19:08:53,energi,overlap,"[""energi"", ""ombak""]"
2363__4,2363,4,kaskus,2017-03-09 19:08:53,energi,overlap,"[""energi""]"
2364__0,2364,0,kaskus,2017-03-09 16:06:52,fosil,overlap,"[""fosil"", ""nuklir"", ""energi""]"
2364__1,2364,1,kaskus,2017-03-09 16:06:52,daya,overlap,"[""daya""]"
2364__2,2364,2,kaskus,2017-03-09 16:06:52,listrik,overlap,"[""listrik""]"
2364__3,2364,3,kaskus,2017-03-09 16:06:52,pembangkit,overlap,"[""pembangkit"", ""fosil"", ""nuklir"", ""daya""]"
2364__4,2364,4,kaskus,2017-03-09 16:06:52,disesuaikan,rb,"[""disesuaikan""]"
2364__5,2364,5,kaskus,2017-03-09 16:06:52,,empty,[]
2364__6,2364,6,kaskus,2017-03-09 16:06:52,surya,overlap,"[""surya"", ""angin"", ""panel""]"
2364__7,2364,7,kaskus,2017-03-09 16:06:52,load,overlap,"[""load"", ""following""]"
2364__8,2364,8,kaskus,2017-03-09 16:06:52,daya,overlap,"[""daya"", ""baterai""]"
2364__9,2364,9,kaskus,2017-03-09 16:06:52,teknologi,overlap,"[""teknologi"", ""baterai"", ""surya"", ""angin"", ""pembangkit""]"
2364__10,2364,10,kaskus,2017-03-09 16:06:52,energi,overlap,"[""energi""]"
2364__11,2364,11,kaskus,2017-03-09 16:06:52,daya,overlap,"[""daya""]"
2364__12,2364,12,kaskus,2017-03-09 16:06:52,baterai,overlap,"[""baterai"", ""energi""]"
2365__0,2365,0,kaskus,2017-03-09 15:57:56,listrik,overlap,"[""listrik""]"
2365__1,2365,1,kaskus,2017-03-09 15:57:56,listrik,overlap,"[""listrik"", ""energi""]"
2365__2,2365,2,kaskus,2017-03-09 15:57:56,air,overlap,"[""air"", ""baterai""]"
2366__0,2366,0,kaskus,2017-03-09 15:49:10,monopoli,overlap,"[""monopoli""]"
2366__1,2366,1,kaskus,2017-03-09 15:49:10,monopoli,overlap,"[""monopoli""]"
2366__2,2366,2,kaskus,2017-03-09 15:49:10,jakarta,overlap,"[""jakarta"", ""perusahaan""]"
2366__3,2366,3,kaskus,2017-03-09 15:49:10,ngaco,rb,"[""ngaco""]"
2366__4,2366,4,kaskus,2017-03-09 15:49:10,perusahaan,overlap,"[""perusahaan""]"
2366__5,2366,5,kaskus,2017-03-09 15:49:10,monopoli,overlap,"[""monopoli""]"
2366__6,2366,6,kaskus,2017-03-09 15:49:10,keberadaan bumn,rb,"[""keberadaan bumn"", ""bumn bumd"", ""bumd"", ""perekonomian"", ""keberadaan""]"
2366__7,2366,7,kaskus,2017-03-09 15:49:10,daya,overlap,"[""daya""]"
2366__8,2366,8,kaskus,2017-03-09 15:49:10,nama natural monopoly,rb,"[""nama natural monopoly"", ""monopoly"", ""nama""]"
2366__9,2366,9,kaskus,2017-03-09 15:49:10,pemerintah,overlap,"[""pemerintah""]"
2366__10,2366,10,kaskus,2017-03-09 15:49:10,jaringan,overlap,"[""jaringan""]"
2366__11,2366,11,kaskus,2017-03-09 15:49:10,nyata,rb,"[""nyata"", ""monopoli""]"
2366__12,2366,12,kaskus,2017-03-09 15:49:10,monopoly,rb,"[""monopoly""]"
2366__13,2366,13,kaskus,2017-03-09 15:49:10,perusahaan,overlap,"[""perusahaan"", ""listrik"", ""daerah"", ""pemerintah""]"
2366__14,2366,14,kaskus,2017-03-09 15:49:10,khusus,rb,"[""khusus""]"
2366__15,2366,15,kaskus,2017-03-09 15:49:10,media,overlap,"[""media""]"
2366__16,2366,16,kaskus,2017-03-09 15:49:10,wilayah lawan,rb,"[""wilayah lawan"", ""lawan"", ""wilayah""]"
2366__17,2366,17,kaskus,2017-03-09 15:49:10,infrastruktur,overlap,"[""infrastruktur"", ""double""]"
2366__18,2366,18,kaskus,2017-03-09 15:49:10,money,overlap,"[""money"", ""made"", ""mate""]"
2366__19,2366,19,kaskus,2017-03-09 15:49:10,listrik,overlap,"[""listrik""]"
2366__20,2366,20,kaskus,2017-03-09 15:49:10,tiang,rb,"[""tiang"", ""kabel""]"
2366__21,2366,21,kaskus,2017-03-09 15:49:10,pemerintah,overlap,"[""pemerintah""]"
2367__0,2367,0,kaskus,2017-03-09 14:20:55,optimis,rb,"[""optimis""]"
2367__1,2367,1,kaskus,2017-03-09 14:20:55,jaminan,overlap,"[""jaminan""]"
2367__2,2367,2,kaskus,2017-03-09 14:20:55,filipina,rb,"[""filipina""]"
2367__3,2367,3,kaskus,2017-03-09 14:20:55,negara,overlap,"[""negara"", ""perusahaan""]"
2367__4,2367,4,kaskus,2017-03-09 14:20:55,listrik,overlap,"[""listrik""]"
2367__5,2367,5,kaskus,2017-03-09 14:20:55,kwh,overlap,"[""kwh""]"
2367__6,2367,6,kaskus,2017-03-09 14:20:55,meralco,overlap,"[""meralco"", ""peso"", ""kwh""]"
2367__7,2367,7,kaskus,2017-03-09 14:20:55,,empty,[]
2367__8,2367,8,kaskus,2017-03-09 14:20:55,kwh,overlap,"[""kwh""]"
2367__9,2367,9,kaskus,2017-03-09 14:20:55,jaringan listrik monopolistik,rb,"[""jaringan listrik monopolistik"", ""listrik""]"
2367__10,2367,10,kaskus,2017-03-09 14:20:55,monopoli alami,rb,"[""monopoli alami""]"
2367__11,2367,11,kaskus,2017-03-09 14:20:55,rumah,overlap,"[""rumah"", ""perusahaan"", ""kabel""]"
2367__12,2367,12,kaskus,2017-03-09 14:20:55,daerah,overlap,"[""daerah"", ""perusahaan""]"
2367__13,2367,13,kaskus,2017-03-09 14:20:55,negara,overlap,"[""negara""]"
2367__14,2367,14,kaskus,2017-03-09 14:20:55,pln,overlap,"[""pln"", ""monopoli""]"
2367__15,2367,15,kaskus,2017-03-09 14:20:55,pembayaran,overlap,"[""pembayaran"", ""skema""]"
2367__16,2367,16,kaskus,2017-03-09 14:20:55,perusahaan,overlap,"[""perusahaan"", ""kwh""]"
2367__17,2367,17,kaskus,2017-03-09 14:20:55,listrik,overlap,"[""listrik"", ""pln"", ""monopoli""]"
2367__18,2367,18,kaskus,2017-03-09 14:20:55,pilihan,overlap,"[""pilihan""]"
2367__19,2367,19,kaskus,2017-03-09 14:20:55,bumn,overlap,"[""bumn""]"
2368__0,2368,0,kaskus,2017-03-09 14:07:38,salju,overlap,"[""salju"", ""eksplorasi""]"
2368__1,2368,1,kaskus,2017-03-09 14:07:38,uranium,overlap,"[""uranium""]"
2369__0,2369,0,kaskus,2017-03-09 13:45:05,unit,overlap,"[""unit""]"
2369__1,2369,1,kaskus,2017-03-09 13:45:05,subsidi,overlap,"[""subsidi"", ""listrik""]"
2369__2,2369,2,kaskus,2017-03-09 13:45:05,listrik,overlap,"[""listrik"", ""pltn"", ""biaya""]"
2370__0,2370,0,kaskus,2017-03-09 13:43:06,,empty,[]
2370__1,2370,1,kaskus,2017-03-09 13:43:06,sdm,overlap,"[""sdm""]"
2371__0,2371,0,kaskus,2017-03-09 12:34:38,,empty,[]
2371__1,2371,1,kaskus,2017-03-09 12:34:38,listrik,overlap,"[""listrik"", ""daerah"", ""kabel"", ""perusahaan""]"
2372__0,2372,0,kaskus,2017-03-09 12:26:56,oalaah,overlap,"[""oalaah"", ""rezim"", ""yaa"", ""pasal""]"
2373__0,2373,0,kaskus,2017-03-09 12:19:33,,empty,[]
2373__1,2373,1,kaskus,2017-03-09 12:19:33,pln,overlap,"[""pln"", ""monopoli""]"
2373__2,2373,2,kaskus,2017-03-09 12:19:33,alasan,rb,"[""alasan"", ""harga listrik"", ""listrik"", ""harga""]"
2373__3,2373,3,kaskus,2017-03-09 12:19:33,perusahaan,overlap,"[""perusahaan""]"
2374__0,2374,0,kaskus,2017-03-09 12:02:46,owh,rb,"[""owh""]"
2374__1,2374,1,kaskus,2017-03-09 12:02:46,sdm,overlap,"[""sdm"", ""masyarakat"", ""listrik"", ""pln"", ""reaktor""]"
2375__0,2375,0,kaskus,2017-03-09 11:56:17,ketakutan,overlap,"[""ketakutan""]"
2375__1,2375,1,kaskus,2017-03-09 11:56:17,radiasi,overlap,"[""radiasi"", ""indonesia""]"
2376__0,2376,0,kaskus,2017-03-09 11:51:34,nuklir,overlap,"[""nuklir""]"
2376__1,2376,1,kaskus,2017-03-09 11:51:34,kendala,overlap,"[""kendala""]"
2376__2,2376,2,kaskus,2017-03-09 11:51:34,radiasi radioaktif,rb,"[""radiasi radioaktif""]"
2376__3,2376,3,kaskus,2017-03-09 11:51:34,sdm mumpuni,rb,"[""sdm mumpuni""]"
2376__4,2376,4,kaskus,2017-03-09 11:51:34,kesedian uranium,rb,"[""kesedian uranium"", ""uranium""]"
2376__5,2376,5,kaskus,2017-03-09 11:51:34,malas,unsup,"[""malas""]"
2377__0,2377,0,kaskus,2017-03-09 11:32:43,nuklir,overlap,"[""nuklir"", ""senjata"", ""reaktor""]"
2377__1,2377,1,kaskus,2017-03-09 11:32:43,uranium,overlap,"[""uranium"", ""senjata""]"
2377__2,2377,2,kaskus,2017-03-09 11:32:43,uranium,overlap,"[""uranium"", ""amerika""]"
2377__3,2377,3,kaskus,2017-03-09 11:32:43,listrik,overlap,"[""listrik"", ""senjata"", ""reaktor""]"
2377__4,2377,4,kaskus,2017-03-09 11:32:43,weapon-grade plutonium,rb,"[""weapon-grade plutonium"", ""plutonium"", ""weapon-grade""]"
2378__0,2378,0,kaskus,2017-03-09 09:03:57,air,overlap,"[""air""]"
2378__1,2378,1,kaskus,2017-03-09 09:03:57,nuklir,overlap,"[""nuklir"", ""senjata"", ""reaktor""]"
2378__2,2378,2,kaskus,2017-03-09 09:03:57,uranium,overlap,"[""uranium"", ""senjata"", ""nuklir"", ""reaktor""]"
2379__0,2379,0,kaskus,2017-03-09 08:51:41,teknologi,overlap,"[""teknologi"", ""baterai""]"
2379__1,2379,1,kaskus,2017-03-09 08:51:41,efisien,rb,"[""efisien""]"
2379__2,2379,2,kaskus,2017-03-09 08:51:41,murah,rb,"[""murah""]"
2379__3,2379,3,kaskus,2017-03-09 08:51:41,energi,overlap,"[""energi"", ""surya"", ""angin"", ""fosil"", ""kondisi""]"
2380__0,2380,0,kaskus,2017-03-09 08:43:21,jerman,overlap,"[""jerman"", ""uranium""]"
2380__1,2380,1,kaskus,2017-03-09 08:43:21,wilayah,overlap,"[""wilayah"", ""jerman"", ""sumber""]"
2380__2,2380,2,kaskus,2017-03-09 08:43:21,nama,rb,"[""nama"", ""wismut""]"
2380__3,2380,3,kaskus,2017-03-09 08:43:21,url,overlap,"[""url"", ""eropa"", ""uranium""]"
2380__4,2380,4,kaskus,2017-03-09 08:43:21,uranium,overlap,"[""uranium"", ""dunia""]"
2380__5,2380,5,kaskus,2017-03-09 08:43:21,url,overlap,"[""url""]"
2381__0,2381,0,kaskus,2017-03-08 20:50:43,kegelapan,rb,"[""kegelapan"", ""keheningan"", ""hadapan secangkir"", ""secangkir kopi"", ""kopi panas""]"
2381__1,2381,1,kaskus,2017-03-08 20:50:43,jerman,overlap,"[""jerman"", ""nuklir"", ""senjata""]"
2381__2,2381,2,kaskus,2017-03-08 20:50:43,energi,overlap,"[""energi"", ""nuklir""]"
2381__3,2381,3,kaskus,2017-03-08 20:50:43,surya,overlap,"[""surya"", ""sumber""]"
2381__4,2381,4,kaskus,2017-03-08 20:50:43,bakar nabati,rb,"[""bakar nabati"", ""nabati"", ""matter"", ""energi listrik"", ""listrik industri""]"
2381__5,2381,5,kaskus,2017-03-08 20:50:43,senjata,overlap,"[""senjata""]"
2381__6,2381,6,kaskus,2017-03-08 20:50:43,superpower,overlap,"[""superpower""]"
2381__7,2381,7,kaskus,2017-03-08 20:50:43,uranium,overlap,"[""uranium"", ""jerman""]"
2381__8,2381,8,kaskus,2017-03-08 20:50:43,ruah,overlap,"[""ruah"", ""krisis""]"
2382__0,2382,0,kaskus,2017-03-08 16:03:35,politik,overlap,"[""politik""]"
2382__1,2382,1,kaskus,2017-03-08 16:03:35,nuklir,overlap,"[""nuklir""]"
2383__0,2383,0,kaskus,2017-03-08 13:52:21,fosil,overlap,"[""fosil"", ""energi""]"
2383__1,2383,1,kaskus,2017-03-08 13:52:21,,empty,[]
2384__0,2384,0,kaskus,2017-03-08 11:23:18,,empty,[]
2384__1,2384,1,kaskus,2017-03-08 11:23:18,energi,overlap,"[""energi"", ""surya"", ""angin""]"
2384__2,2384,2,kaskus,2017-03-08 11:23:18,tulisan,overlap,"[""tulisan""]"
2385__0,2385,0,kaskus,2017-03-08 10:13:30,indonesia,overlap,"[""indonesia"", ""energi""]"
2386__0,2386,0,kaskus,2017-03-08 09:02:57,tulisan menarik,rb,"[""tulisan menarik""]"
2386__1,2386,1,kaskus,2017-03-08 09:02:57,energi,overlap,"[""energi"", ""angin"", ""surya""]"
2387__0,2387,0,kaskus,2025-02-24 15:03:08,duit,rb,"[""duit"", ""hidangan"", ""politisi""]"
2388__0,2388,0,kaskus,2025-02-24 15:00:19,indonesia,overlap,"[""indonesia""]"
2388__1,2388,1,kaskus,2025-02-24 15:00:19,demonstrasi,overlap,"[""demonstrasi""]"
2388__2,2388,2,kaskus,2025-02-24 15:00:19,kasih,overlap,"[""kasih""]"
2388__3,2388,3,kaskus,2025-02-24 15:00:19,,empty,[]
2389__0,2389,0,kaskus,2025-02-24 13:12:04,nuklir,overlap,"[""nuklir""]"
2390__0,2390,0,kaskus,2025-02-24 13:05:21,contoh,overlap,"[""contoh""]"
2391__0,2391,0,kaskus,2025-02-24 11:45:47,investasi,overlap,"[""investasi"", ""pemerintah""]"
2392__0,2392,0,kaskus,2019-02-23 10:53:15,subsidi,rb,"[""subsidi""]"
2392__1,2392,1,kaskus,2019-02-23 10:53:15,rezim,overlap,"[""rezim""]"
2392__2,2392,2,kaskus,2019-02-23 10:53:15,prabowo,rb,"[""prabowo"", ""korupsi""]"
2393__0,2393,0,kaskus,2019-02-23 10:39:12,rezim,rb,"[""rezim"", ""kumpulan"", ""tuhan"", ""cak jancuk"", ""jancuk""]"
2393__1,2393,1,kaskus,2019-02-23 10:39:12,cak jancuk,rb,"[""cak jancuk"", ""jancuk"", ""levelan dirjen"", ""dirjen kerja"", ""kerja""]"
2393__2,2393,2,kaskus,2019-02-23 10:39:12,janji,overlap,"[""janji"", ""saluutt"", ""rezim"", ""dosa"", ""2thumbup""]"
2394__0,2394,0,kaskus,2019-02-23 10:33:33,janji,overlap,"[""janji"", ""plongo"", ""krjaan"", ""deretan""]"
2394__1,2394,1,kaskus,2019-02-23 10:33:33,planga,overlap,"[""planga"", ""dungu"", ""jahanam"", ""janji""]"
2395__0,2395,0,kaskus,2022-03-21 18:16:22,geothermal,overlap,"[""geothermal""]"
2395__1,2395,1,kaskus,2022-03-21 18:16:22,minyak,overlap,"[""minyak""]"
2396__0,2396,0,kaskus,2020-09-30 21:04:30,potensi,overlap,"[""potensi"", ""gunung""]"
2396__1,2396,1,kaskus,2020-09-30 21:04:30,,empty,[]
2396__2,2396,2,kaskus,2020-09-30 21:04:30,,empty,[]
2397__0,2397,0,kaskus,2017-10-24 12:22:19,pantesan panas,rb,"[""pantesan panas"", ""semarang"", ""hubunga telel"", ""telel""]"
2398__0,2398,0,kaskus,2017-08-20 21:54:45,kaum,rb,"[""kaum"", ""tis tis"", ""tis""]"
2398__1,2398,1,kaskus,2017-08-20 21:54:45,pemasukan,rb,"[""pemasukan""]"
2398__2,2398,2,kaskus,2017-08-20 21:54:45,pemeliharaan,rb,"[""pemeliharaan""]"
2398__3,2398,3,kaskus,2017-08-20 21:54:45,gratis pekerja,rb,"[""gratis pekerja"", ""pekerja""]"
2399__0,2399,0,kaskus,2017-08-19 06:30:02,,empty,[]
2399__1,2399,1,kaskus,2017-08-19 06:30:02,geothermal,overlap,"[""geothermal"", ""indonesia""]"
2399__2,2399,2,kaskus,2017-08-19 06:30:02,,empty,[]
2399__3,2399,3,kaskus,2017-08-19 06:30:02,url,overlap,"[""url"", ""energi""]"
2400__0,2400,0,kaskus,2017-02-27 22:36:05,energi,overlap,"[""energi""]"
2401__0,2401,0,kaskus,2017-02-27 15:04:02,negara,overlap,"[""negara""]"
2401__1,2401,1,kaskus,2017-02-27 15:04:02,biaya,overlap,"[""biaya""]"
2401__2,2401,2,kaskus,2017-02-27 15:04:02,investasi,overlap,"[""investasi"", ""biaya""]"
2401__3,2401,3,kaskus,2017-02-27 15:04:02,,empty,[]
2401__4,2401,4,kaskus,2017-02-27 15:04:02,potensi,overlap,"[""potensi"", ""energi""]"
2401__5,2401,5,kaskus,2017-02-27 15:04:02,tehnologi,overlap,"[""tehnologi""]"
2401__6,2401,6,kaskus,2017-02-27 15:04:02,harga,overlap,"[""harga""]"
2401__7,2401,7,kaskus,2017-02-27 15:04:02,pltu,overlap,"[""pltu"", ""batubara"", ""negeri"", ""harga""]"
2402__0,2402,0,kaskus,2017-02-27 14:33:24,pltp,overlap,"[""pltp"", ""pln"", ""uap"", ""politik""]"
2402__1,2402,1,kaskus,2017-02-27 14:33:24,uap,overlap,"[""uap""]"
2402__2,2402,2,kaskus,2017-02-27 14:33:24,monopoli,overlap,"[""monopoli""]"
2402__3,2402,3,kaskus,2017-02-27 14:33:24,ralat,overlap,"[""ralat"", ""kepemilikan""]"
2402__4,2402,4,kaskus,2017-02-27 14:33:24,artikel,overlap,"[""artikel""]"
2403__0,2403,0,kaskus,2017-02-12 21:31:20,potensi,rb,"[""potensi"", ""klasik""]"
2403__1,2403,1,kaskus,2017-02-12 21:31:20,biaya,overlap,"[""biaya""]"
2404__0,2404,0,kaskus,2017-01-10 15:40:36,air,overlap,"[""air"", ""listrik""]"
2404__1,2404,1,kaskus,2017-01-10 15:40:36,bbm,overlap,"[""bbm"", ""amerika""]"
2404__2,2404,2,kaskus,2017-01-10 15:40:36,informasi palsu,rb,"[""informasi palsu"", ""bisnis"", ""informasi""]"
2404__3,2404,3,kaskus,2017-01-10 15:40:36,informasi,unsup,"[""informasi""]"
2405__0,2405,0,kaskus,2017-01-09 10:50:03,fosil,overlap,"[""fosil""]"
2406__0,2406,0,kaskus,2017-01-05 22:42:05,pemerintah,overlap,"[""pemerintah"", ""masyarakat""]"
2407__0,2407,0,kaskus,2016-12-30 21:37:51,geothermal,overlap,"[""geothermal""]"
2407__1,2407,1,kaskus,2016-12-30 21:37:51,kondensat,rb,"[""kondensat"", ""blade turbin rusak"", ""turbin"", ""blade""]"
2407__2,2407,2,kaskus,2016-12-30 21:37:51,listrik,overlap,"[""listrik"", ""pln""]"
2407__3,2407,3,kaskus,2016-12-30 21:37:51,pln,overlap,"[""pln""]"
2407__4,2407,4,kaskus,2016-12-30 21:37:51,solusi,overlap,"[""solusi"", ""pln"", ""perusahaan""]"
2407__5,2407,5,kaskus,2016-12-30 21:37:51,masyarakat,overlap,"[""masyarakat""]"
2408__0,2408,0,kaskus,2016-12-23 22:06:48,pltp,overlap,"[""pltp""]"
2408__1,2408,1,kaskus,2016-12-23 22:06:48,garut,overlap,"[""garut""]"
2408__2,2408,2,kaskus,2016-12-23 22:06:48,ds,rb,"[""ds""]"
2408__3,2408,3,kaskus,2016-12-23 22:06:48,laksana,overlap,"[""laksana"", ""kec""]"
2408__4,2408,4,kaskus,2016-12-23 22:06:48,ibun,overlap,"[""ibun"", ""kab""]"
2408__5,2408,5,kaskus,2016-12-23 22:06:48,kampunya,overlap,"[""kampunya"", ""kamojang""]"
2409__0,2409,0,kaskus,2016-12-07 06:20:22,daerah,overlap,"[""daerah""]"
2410__0,2410,0,kaskus,2016-12-02 09:11:15,energi,overlap,"[""energi"", ""pemerintah"", ""daya""]"
2411__0,2411,0,kaskus,2016-11-20 02:00:39,rumah,overlap,"[""rumah"", ""harga"", ""proyek""]"
2411__1,2411,1,kaskus,2016-11-20 02:00:39,pltu,overlap,"[""pltu""]"
2411__2,2411,2,kaskus,2016-11-20 02:00:39,impuls,overlap,"[""impuls"", ""reaksi"", ""flow"", ""sudu"", ""kontruksi""]"
2411__3,2411,3,kaskus,2016-11-20 02:00:39,air,overlap,"[""air""]"
2411__4,2411,4,kaskus,2016-11-20 02:00:39,gas,overlap,"[""gas"", ""pltp""]"
2411__5,2411,5,kaskus,2016-11-20 02:00:39,gas,overlap,"[""gas""]"
2411__6,2411,6,kaskus,2016-11-20 02:00:39,biaya,overlap,"[""biaya""]"
2411__7,2411,7,kaskus,2016-11-20 02:00:39,gas,overlap,"[""gas""]"
2411__8,2411,8,kaskus,2016-11-20 02:00:39,ahli,overlap,"[""ahli"", ""kondisi""]"
2411__9,2411,9,kaskus,2016-11-20 02:00:39,listrik,overlap,"[""listrik"", ""wilayah""]"
2411__10,2411,10,kaskus,2016-11-20 02:00:39,maintenance,overlap,"[""maintenance""]"
2412__0,2412,0,kaskus,2016-11-20 01:40:58,diversifikasi,overlap,"[""diversifikasi""]"
2412__1,2412,1,kaskus,2016-11-20 01:40:58,harga,overlap,"[""harga"", ""indonesia"", ""sumber""]"
2412__2,2412,2,kaskus,2016-11-20 01:40:58,pltu,overlap,"[""pltu"", ""plta"", ""pltp"", ""plts""]"
2412__3,2412,3,kaskus,2016-11-20 01:40:58,pembangkit,overlap,"[""pembangkit""]"
2412__4,2412,4,kaskus,2016-11-20 01:40:58,pln,overlap,"[""pln"", ""bbm""]"
2412__5,2412,5,kaskus,2016-11-20 01:40:58,pulau,overlap,"[""pulau"", ""indonesia""]"
2412__6,2412,6,kaskus,2016-11-20 01:40:58,kebutuhan,overlap,"[""kebutuhan"", ""cadangan"", ""kapasitas"", ""sumber""]"
2412__7,2412,7,kaskus,2016-11-20 01:40:58,indonesia,overlap,"[""indonesia"", ""power""]"
2412__8,2412,8,kaskus,2016-11-20 01:40:58,indonesia,overlap,"[""indonesia"", ""pltp""]"
2412__9,2412,9,kaskus,2016-11-20 01:40:58,perusahaan,overlap,"[""perusahaan""]"
2413__0,2413,0,kaskus,2016-11-20 01:40:36,laut,overlap,"[""laut"", ""musim""]"
2413__1,2413,1,kaskus,2016-11-20 01:40:36,lingkungan,overlap,"[""lingkungan"", ""pembangkit""]"
2413__2,2413,2,kaskus,2016-11-20 01:40:36,solusi,overlap,"[""solusi"", ""ombak""]"
2413__3,2413,3,kaskus,2016-11-20 01:40:36,pltp,overlap,"[""pltp"", ""biaya""]"
2413__4,2413,4,kaskus,2016-11-20 01:40:36,lokasi,overlap,"[""lokasi""]"
2413__5,2413,5,kaskus,2016-11-20 01:40:36,pln,overlap,"[""pln""]"
2413__6,2413,6,kaskus,2016-11-20 01:40:36,indonesia,overlap,"[""indonesia"", ""perusahaan""]"
2413__7,2413,7,kaskus,2016-11-20 01:40:36,air,overlap,"[""air"", ""turbin"", ""bumi""]"
2413__8,2413,8,kaskus,2016-11-20 01:40:36,sumur,overlap,"[""sumur""]"
2413__9,2413,9,kaskus,2016-11-20 01:40:36,harga,overlap,"[""harga"", ""listrik"", ""bbm""]"
2413__10,2413,10,kaskus,2016-11-20 01:40:36,kapasitas,overlap,"[""kapasitas""]"
2413__11,2413,11,kaskus,2016-11-20 01:40:36,solusi,overlap,"[""solusi"", ""emisi""]"
2414__0,2414,0,kaskus,2016-11-18 17:03:26,sumberdaya,overlap,"[""sumberdaya"", ""pemanfaatan""]"
2415__0,2415,0,kaskus,2016-11-07 10:13:31,energi,overlap,"[""energi"", ""indonesia"", ""sumber""]"
2415__1,2415,1,kaskus,2016-11-07 10:13:31,geothermal,overlap,"[""geothermal"", ""energi""]"
2416__0,2416,0,kaskus,2016-11-07 09:44:19,potensi,overlap,"[""potensi"", ""ebt""]"
2417__0,2417,0,kaskus,2016-11-05 08:14:12,indonesia,overlap,"[""indonesia"", ""listrik"", ""pembangkit"", ""pltp""]"
2417__1,2417,1,kaskus,2016-11-05 08:14:12,garut,rb,"[""garut"", ""jawa barat"", ""barat""]"
2417__2,2417,2,kaskus,2016-11-05 08:14:12,indonesia,overlap,"[""indonesia"", ""pembangkit""]"
2417__3,2417,3,kaskus,2016-11-05 08:14:12,pltp,overlap,"[""pltp"", ""pertamina"", ""energi"", ""listrik""]"
2417__4,2417,4,kaskus,2016-11-05 08:14:12,pltp,overlap,"[""pltp""]"
2417__5,2417,5,kaskus,2016-11-05 08:14:12,pltp,overlap,"[""pltp""]"
2417__6,2417,6,kaskus,2016-11-05 08:14:12,,empty,[]
2417__7,2417,7,kaskus,2016-11-05 08:14:12,pertamina,overlap,"[""pertamina"", ""energi"", ""listrik""]"
2417__8,2417,8,kaskus,2016-11-05 08:14:12,unit yaitupltp,rb,"[""unit yaitupltp"", ""yaitupltp lahendong"", ""lahendong pltp"", ""pltp lahendong"", ""lahendong""]"
2417__9,2417,9,kaskus,2016-11-05 08:14:12,pltp,overlap,"[""pltp"", ""gunung""]"
2417__10,2417,10,kaskus,2016-11-05 08:14:12,pembangkit,overlap,"[""pembangkit"", ""listrik""]"
2417__11,2417,11,kaskus,2016-11-05 08:14:12,pltp,overlap,"[""pltp""]"
2417__12,2417,12,kaskus,2016-11-05 08:14:12,tanggamus,overlap,"[""tanggamus"", ""lampung""]"
2417__13,2417,13,kaskus,2016-11-05 08:14:12,listrik,overlap,"[""listrik"", ""pembangkit""]"
2417__14,2417,14,kaskus,2016-11-05 08:14:12,pltp,overlap,"[""pltp""]"
2417__15,2417,15,kaskus,2016-11-05 08:14:12,pltp,overlap,"[""pltp""]"
2417__16,2417,16,kaskus,2016-11-05 08:14:12,,empty,[]
2417__17,2417,17,kaskus,2016-11-05 08:14:12,pembangkit,overlap,"[""pembangkit"", ""geothermal"", ""indonesia"", ""pertamina"", ""listrik""]"
2417__18,2417,18,kaskus,2016-11-05 08:14:12,pltp,overlap,"[""pltp"", ""gunung""]"
2417__19,2417,19,kaskus,2016-11-05 08:14:12,pembangkit,overlap,"[""pembangkit"", ""geothermal"", ""indonesia"", ""pertamina"", ""listrik""]"
2417__20,2417,20,kaskus,2016-11-05 08:14:12,pltp,overlap,"[""pltp""]"
2417__21,2417,21,kaskus,2016-11-05 08:14:12,bandung,rb,"[""bandung"", ""provinsi"", ""jawa barat"", ""barat""]"
2417__22,2417,22,kaskus,2016-11-05 08:14:12,,empty,[]
2417__23,2417,23,kaskus,2016-11-05 08:14:12,pembangkit,overlap,"[""pembangkit"", ""energi"", ""listrik"", ""pemerintah""]"
2417__24,2417,24,kaskus,2016-11-05 08:14:12,wilayah,overlap,"[""wilayah"", ""indonesia"", ""pembangkit""]"
2417__25,2417,25,kaskus,2016-11-05 08:14:12,pltp,overlap,"[""pltp"", ""pembangunan""]"
2417__26,2417,26,kaskus,2016-11-05 08:14:12,energi,overlap,"[""energi""]"
2417__27,2417,27,kaskus,2016-11-05 08:14:12,listrik,overlap,"[""listrik"", ""pltp""]"
2417__28,2417,28,kaskus,2016-11-05 08:14:12,listrik,overlap,"[""listrik"", ""pltp""]"
2417__29,2417,29,kaskus,2016-11-05 08:14:12,pltp,overlap,"[""pltp"", ""listrik""]"
2417__30,2417,30,kaskus,2016-11-05 08:14:12,listrik,overlap,"[""listrik"", ""pltp"", ""jawa""]"
2417__31,2417,31,kaskus,2016-11-05 08:14:12,listrik,overlap,"[""listrik"", ""pltp""]"
2417__32,2417,32,kaskus,2016-11-05 08:14:12,pltp sungai,rb,"[""pltp sungai"", ""sungai penuh"", ""kec""]"
2417__33,2417,33,kaskus,2016-11-05 08:14:12,gunung,overlap,"[""gunung"", ""raya"", ""kab""]"
2417__34,2417,34,kaskus,2016-11-05 08:14:12,listrik,overlap,"[""listrik""]"
2417__35,2417,35,kaskus,2016-11-05 08:14:12,pltp unit,rb,"[""pltp unit"", ""kotamobagu"", ""unit"", ""kab""]"
2417__36,2417,36,kaskus,2016-11-05 08:14:12,listrik,overlap,"[""listrik""]"
2417__37,2417,37,kaskus,2016-11-05 08:14:12,pltp,overlap,"[""pltp"", ""listrik""]"
2417__38,2417,38,kaskus,2016-11-05 08:14:12,geothermal,overlap,"[""geothermal"", ""energi"", ""sumber""]"
2417__39,2417,39,kaskus,2016-11-05 08:14:12,energi,overlap,"[""energi"", ""sumber""]"
2417__40,2417,40,kaskus,2016-11-05 08:14:12,fosil,overlap,"[""fosil"", ""sumber""]"
2417__41,2417,41,kaskus,2016-11-05 08:14:12,listrik,overlap,"[""listrik""]"
2417__42,2417,42,kaskus,2016-11-05 08:14:12,pembangkit listrik,rb,"[""pembangkit listrik"", ""listrik tenaga"", ""tenaga panas bumi"", ""bumi"", ""jari""]"
2417__43,2417,43,kaskus,2016-11-05 08:14:12,energi,overlap,"[""energi"", ""listrik"", ""fosil"", ""pembangkit"", ""sumber""]"
2417__44,2417,44,kaskus,2016-11-05 08:14:12,matahari,overlap,"[""matahari"", ""indonesia"", ""listrik""]"
2417__45,2417,45,kaskus,2016-11-05 08:14:12,indonesia,overlap,"[""indonesia"", ""surya"", ""energi""]"
2418__0,2418,0,kaskus,2016-11-04 23:19:18,kejanggalan,overlap,"[""kejanggalan""]"
2418__1,2418,1,kaskus,2016-11-04 23:19:18,politik,overlap,"[""politik""]"
2418__2,2418,2,kaskus,2016-11-04 23:19:18,jurang,overlap,"[""jurang"", ""wassalam""]"
2419__0,2419,0,kaskus,2016-10-29 14:28:32,energi,overlap,"[""energi""]"
2419__1,2419,1,kaskus,2016-10-29 14:28:32,pengetahuan minim,rb,"[""pengetahuan minim""]"
2420__0,2420,0,kaskus,2016-10-28 09:32:17,energi,overlap,"[""energi"", ""potensi""]"
2421__0,2421,0,kaskus,2016-10-27 20:13:57,informasi,overlap,"[""informasi"", ""pltp"", ""indonesia""]"
2421__1,2421,1,kaskus,2016-10-27 20:13:57,dunia,overlap,"[""dunia"", ""potensi""]"
2421__2,2421,2,kaskus,2016-10-27 20:13:57,penduduk,rb,"[""penduduk""]"
2421__3,2421,3,kaskus,2016-10-27 20:13:57,listrik,overlap,"[""listrik"", ""indonesia""]"
2421__4,2421,4,kaskus,2016-10-27 20:13:57,bumi,rb,"[""bumi""]"
2421__5,2421,5,kaskus,2016-10-27 20:13:57,indonesia,overlap,"[""indonesia"", ""listrik"", ""kapasitas""]"
2421__6,2421,6,kaskus,2016-10-27 20:13:57,ekonomi,overlap,"[""ekonomi""]"
2421__7,2421,7,kaskus,2016-10-27 20:13:57,pertumbuhan ekonomi,rb,"[""pertumbuhan ekonomi"", ""ekonomi pesat""]"
2421__8,2421,8,kaskus,2016-10-27 20:13:57,listrik,overlap,"[""listrik"", ""kebutuhan""]"
2421__9,2421,9,kaskus,2016-10-27 20:13:57,daerah,overlap,"[""daerah"", ""listrik"", ""industri""]"
2421__10,2421,10,kaskus,2016-10-27 20:13:57,bumi,rb,"[""bumi"", ""sebisa""]"
2421__11,2421,11,kaskus,2016-10-27 20:13:57,energi,overlap,"[""energi"", ""indonesia"", ""sumber""]"
2421__12,2421,12,kaskus,2016-10-27 20:13:57,surya,overlap,"[""surya"", ""angin"", ""air"", ""nuklir"", ""energi""]"
2421__13,2421,13,kaskus,2016-10-27 20:13:57,tok,rb,"[""tok""]"
2422__0,2422,0,kaskus,2016-10-26 19:47:23,daya,overlap,"[""daya""]"
2422__1,2422,1,kaskus,2016-10-26 19:47:23,jam,overlap,"[""jam"", ""jalan""]"
2422__2,2422,2,kaskus,2016-10-26 19:47:23,listrik,overlap,"[""listrik""]"
2422__3,2422,3,kaskus,2016-10-26 19:47:23,jam,overlap,"[""jam""]"
2423__0,2423,0,kaskus,2016-10-23 14:42:15,bumi,overlap,"[""bumi""]"
2423__1,2423,1,kaskus,2016-10-23 14:42:15,bumi,overlap,"[""bumi""]"
2423__2,2423,2,kaskus,2016-10-23 14:42:15,bumi,overlap,"[""bumi""]"
2424__0,2424,0,kaskus,2016-10-20 22:28:35,pltp,overlap,"[""pltp"", ""negara""]"
2425__0,2425,0,kaskus,2016-10-19 23:48:02,pltp,overlap,"[""pltp"", ""energi""]"
2426__0,2426,0,kaskus,2016-10-17 19:01:44,listrik,overlap,"[""listrik""]"
2426__1,2426,1,kaskus,2016-10-17 19:01:44,pulau,overlap,"[""pulau""]"
2426__2,2426,2,kaskus,2016-10-17 19:01:44,kabel,overlap,"[""kabel""]"
2426__3,2426,3,kaskus,2016-10-17 19:01:44,pendapat,overlap,"[""pendapat""]"
2426__4,2426,4,kaskus,2016-10-17 19:01:44,pltn,overlap,"[""pltn"", ""air""]"
2426__5,2426,5,kaskus,2016-10-17 19:01:44,kalimantan,overlap,"[""kalimantan""]"
2426__6,2426,6,kaskus,2016-10-17 19:01:44,pltn,overlap,"[""pltn""]"
2426__7,2426,7,kaskus,2016-10-17 19:01:44,akibat sistem,rb,"[""akibat sistem"", ""sistem pendingin"", ""pendingin""]"
2426__8,2426,8,kaskus,2016-10-17 19:01:44,pltn,overlap,"[""pltn"", ""tsunami""]"
2426__9,2426,9,kaskus,2016-10-17 19:01:44,tsunami,overlap,"[""tsunami"", ""daerah""]"
2426__10,2426,10,kaskus,2016-10-17 19:01:44,tsunami,overlap,"[""tsunami""]"
2426__11,2426,11,kaskus,2016-10-17 19:01:44,ombak,overlap,"[""ombak"", ""listrik"", ""pembangkit""]"
2426__12,2426,12,kaskus,2016-10-17 19:01:44,reaktor,overlap,"[""reaktor""]"
2426__13,2426,13,kaskus,2016-10-17 19:01:44,bahan,overlap,"[""bahan"", ""kebocoran""]"
2427__0,2427,0,kaskus,2016-10-16 21:39:42,pipa,rb,"[""pipa"", ""gaban"", ""baturaden"", ""pegunungan"", ""bumi""]"
2428__0,2428,0,kaskus,2016-10-16 19:14:49,bettul,overlap,"[""bettul""]"
2428__1,2428,1,kaskus,2016-10-16 19:14:49,energi,overlap,"[""energi""]"
2429__0,2429,0,kaskus,2016-10-16 16:32:48,pemerintah,overlap,"[""pemerintah"", ""listrik"", ""energi"", ""pembangkit""]"
2430__0,2430,0,kaskus,2016-10-16 15:30:08,energi terbarukan,rb,"[""energi terbarukan""]"
2431__0,2431,0,kaskus,2016-10-16 12:12:20,panas bumi,rb,"[""panas bumi"", ""bumi"", ""panas""]"
2432__0,2432,0,kaskus,2016-10-16 07:59:13,listrik,overlap,"[""listrik"", ""teknologi"", ""energi"", ""tenaga""]"
2433__0,2433,0,kaskus,2016-10-16 03:14:45,potensi,overlap,"[""potensi"", ""indonesia"", ""laut"", ""angin""]"
2433__1,2433,1,kaskus,2016-10-16 03:14:45,riset,overlap,"[""riset""]"
2433__2,2433,2,kaskus,2016-10-16 03:14:45,masyarakat,overlap,"[""masyarakat""]"
2433__3,2433,3,kaskus,2016-10-16 03:14:45,riset,overlap,"[""riset""]"
2434__0,2434,0,kaskus,2016-10-15 22:22:39,air,overlap,"[""air"", ""sumur""]"
2434__1,2434,1,kaskus,2016-10-15 22:22:39,pltp,overlap,"[""pltp""]"
2434__2,2434,2,kaskus,2016-10-15 22:22:39,daerah,overlap,"[""daerah"", ""energi"", ""geothermal"", ""dunia"", ""pltp""]"
2434__3,2434,3,kaskus,2016-10-15 22:22:39,dunia,overlap,"[""dunia"", ""pltp""]"
2434__4,2434,4,kaskus,2016-10-15 22:22:39,indonesia,overlap,"[""indonesia"", ""potensi""]"
2435__0,2435,0,kaskus,2016-10-15 21:39:34,teknologi,overlap,"[""teknologi""]"
2436__0,2436,0,kaskus,2016-10-15 18:59:21,,empty,[]
2436__1,2436,1,kaskus,2016-10-15 18:59:21,jalan,overlap,"[""jalan""]"
2436__2,2436,2,kaskus,2016-10-15 18:59:21,,empty,[]
2436__3,2436,3,kaskus,2016-10-15 18:59:21,instalasi,overlap,"[""instalasi""]"
2436__4,2436,4,kaskus,2016-10-15 18:59:21,energi,overlap,"[""energi""]"
2436__5,2436,5,kaskus,2016-10-15 18:59:21,alasan,overlap,"[""alasan""]"
2436__6,2436,6,kaskus,2016-10-15 18:59:21,masyarakat,overlap,"[""masyarakat"", ""produksi"", ""dampak"", ""proses""]"
2436__7,2436,7,kaskus,2016-10-15 18:59:21,masyarakat,overlap,"[""masyarakat""]"
2437__0,2437,0,kaskus,2016-10-15 18:32:49,geothermal,overlap,"[""geothermal""]"
2438__0,2438,0,kaskus,2016-10-15 18:21:00,pltp,overlap,"[""pltp"", ""indonesia""]"
2438__1,2438,1,kaskus,2016-10-15 18:21:00,pge,overlap,"[""pge"", ""ag"", ""kamojang"", ""pt""]"
2438__2,2438,2,kaskus,2016-10-15 18:21:00,ip,overlap,"[""ip"", ""ubp"", ""kamojang""]"
2438__3,2438,3,kaskus,2016-10-15 18:21:00,indonesia,overlap,"[""indonesia""]"
2438__4,2438,4,kaskus,2016-10-15 18:21:00,wikipedia.co.id,rb,"[""wikipedia.co.id""]"
2439__0,2439,0,kaskus,2016-10-15 18:14:20,pltp ndas,rb,"[""pltp ndas"", ""jenenge""]"
2440__0,2440,0,kaskus,2016-10-15 18:13:04,noted,overlap,"[""noted"", ""bad""]"
2440__1,2440,1,kaskus,2016-10-15 18:13:04,pemerintah,overlap,"[""pemerintah""]"
2440__2,2440,2,kaskus,2016-10-15 18:13:04,indonesia,overlap,"[""indonesia""]"
2440__3,2440,3,kaskus,2016-10-15 18:13:04,industri telekomunikasi,rb,"[""industri telekomunikasi"", ""telekomunikasi""]"
2440__4,2440,4,kaskus,2016-10-15 18:13:04,prinsip ekonomi,rb,"[""prinsip ekonomi"", ""ekonomi"", ""hasil ciptaan"", ""ciptaan huehuehuehue"", ""huehuehuehue""]"
2440__5,2440,5,kaskus,2016-10-15 18:13:04,sumfeh,overlap,"[""sumfeh""]"
2440__6,2440,6,kaskus,2016-10-15 18:13:04,banding,overlap,"[""banding"", ""filipina"", ""studi""]"
2440__7,2440,7,kaskus,2016-10-15 18:13:04,walopun,rb,"[""walopun"", ""studi banding"", ""banding"", ""kon"", ""studi""]"
2440__8,2440,8,kaskus,2016-10-15 18:13:04,sumber,overlap,"[""sumber""]"
2440__9,2440,9,kaskus,2016-10-15 18:13:04,negara,overlap,"[""negara"", ""listrik"", ""sistem""]"
2440__10,2440,10,kaskus,2016-10-15 18:13:04,mungkiin,unsup,"[""mungkiin""]"
2441__0,2441,0,kaskus,2016-10-15 17:42:18,mekanisme,overlap,"[""mekanisme"", ""tetangga"", ""fakta"", ""negera""]"
2441__1,2441,1,kaskus,2016-10-15 17:42:18,,empty,[]
2441__2,2441,2,kaskus,2016-10-15 17:42:18,harga,overlap,"[""harga"", ""indonesia""]"
2441__3,2441,3,kaskus,2016-10-15 17:42:18,harga,overlap,"[""harga"", ""listrik"", ""amerika"", ""pembangkit""]"
2441__4,2441,4,kaskus,2016-10-15 17:42:18,subsidi,overlap,"[""subsidi"", ""pln"", ""pemerintah""]"
2441__5,2441,5,kaskus,2016-10-15 17:42:18,pemerintah,overlap,"[""pemerintah"", ""subsidi""]"
2442__0,2442,0,kaskus,2016-10-15 17:33:20,maintenance,overlap,"[""maintenance"", ""pln"", ""pltp""]"
2442__1,2442,1,kaskus,2016-10-15 17:33:20,nuklir,overlap,"[""nuklir"", ""jawa"", ""pembangkit""]"
2442__2,2442,2,kaskus,2016-10-15 17:33:20,kalimantan,overlap,"[""kalimantan""]"
2442__3,2442,3,kaskus,2016-10-15 17:33:20,pltn,overlap,"[""pltn"", ""politik"", ""pltu""]"
2442__4,2442,4,kaskus,2016-10-15 17:33:20,pltu,overlap,"[""pltu"", ""pltn"", ""alasan""]"
2442__5,2442,5,kaskus,2016-10-15 17:33:20,pltn,overlap,"[""pltn""]"
2442__6,2442,6,kaskus,2016-10-15 17:33:20,pltn,overlap,"[""pltn"", ""gempa"", ""skala""]"
2442__7,2442,7,kaskus,2016-10-15 17:33:20,fukushima,overlap,"[""fukushima""]"
2442__8,2442,8,kaskus,2016-10-15 17:33:20,skala,overlap,"[""skala"", ""gempa""]"
2443__0,2443,0,kaskus,2016-10-15 17:28:16,pltu,overlap,"[""pltu"", ""pembangkit"", ""energi"", ""geothermal"", ""pltp""]"
2443__1,2443,1,kaskus,2016-10-15 17:28:16,uap,overlap,"[""uap"", ""pembangkit"", ""air""]"
2443__2,2443,2,kaskus,2016-10-15 17:28:16,uap,rb,"[""uap"", ""beda sumber""]"
2444__0,2444,0,kaskus,2016-10-15 17:20:08,tenaga,overlap,"[""tenaga""]"
2444__1,2444,1,kaskus,2016-10-15 17:20:08,hasil,overlap,"[""hasil"", ""pltu""]"
2445__0,2445,0,kaskus,2016-10-15 17:10:51,pokok,rb,"[""pokok"", ""tipiti""]"
2445__1,2445,1,kaskus,2016-10-15 17:10:51,nuklir,overlap,"[""nuklir"", ""tenaga""]"
2446__0,2446,0,kaskus,2016-10-15 16:22:39,energi,overlap,"[""energi"", ""geothermal""]"
2447__0,2447,0,kaskus,2016-10-15 15:54:14,alterasi,overlap,"[""alterasi"", ""hotspring"", ""steam"", ""geological"", ""prospektivity""]"
2447__1,2447,1,kaskus,2016-10-15 15:54:14,kadar rendah,rb,"[""kadar rendah"", ""kadar""]"
2447__2,2447,2,kaskus,2016-10-15 15:54:14,biaya,overlap,"[""biaya"", ""energi""]"
2448__0,2448,0,kaskus,2016-10-15 15:45:41,energi,overlap,"[""energi""]"
2448__1,2448,1,kaskus,2016-10-15 15:45:41,energi,overlap,"[""energi"", ""surya""]"
2449__0,2449,0,kaskus,2016-10-15 15:38:45,berita,overlap,"[""berita""]"
2449__1,2449,1,kaskus,2016-10-15 15:38:45,indonesia,overlap,"[""indonesia""]"
2449__2,2449,2,kaskus,2016-10-15 15:38:45,sdm,overlap,"[""sdm""]"
2449__3,2449,3,kaskus,2016-10-15 15:38:45,indonesia,overlap,"[""indonesia""]"
2449__4,2449,4,kaskus,2016-10-15 15:38:45,bumi,overlap,"[""bumi"", ""indonesia""]"
2450__0,2450,0,kaskus,2016-10-15 14:35:46,ahli,overlap,"[""ahli""]"
2450__1,2450,1,kaskus,2016-10-15 14:35:46,hasil survey,rb,"[""hasil survey"", ""survey"", ""probabilita""]"
2450__2,2450,2,kaskus,2016-10-15 14:35:46,geothermal,overlap,"[""geothermal""]"
2450__3,2450,3,kaskus,2016-10-15 14:35:46,survey,overlap,"[""survey"", ""geoteknik"", ""prosedur""]"
2450__4,2450,4,kaskus,2016-10-15 14:35:46,bumi,overlap,"[""bumi""]"
2450__5,2450,5,kaskus,2016-10-15 14:35:46,titik,overlap,"[""titik"", ""perusahaan""]"
2450__6,2450,6,kaskus,2016-10-15 14:35:46,titik,overlap,"[""titik""]"
2450__7,2450,7,kaskus,2016-10-15 14:35:46,perusahaan,overlap,"[""perusahaan""]"
2451__0,2451,0,kaskus,2016-10-15 14:32:34,pelajaran geographi,rb,"[""pelajaran geographi"", ""geographi""]"
2451__1,2451,1,kaskus,2016-10-15 14:32:34,jempol,rb,"[""jempol""]"
2452__0,2452,0,kaskus,2016-10-15 14:01:18,indonesia,overlap,"[""indonesia""]"
2453__0,2453,0,kaskus,2016-10-15 13:47:43,harga,overlap,"[""harga""]"
2454__0,2454,0,kaskus,2016-10-15 13:46:02,geothermal,overlap,"[""geothermal""]"
2455__0,2455,0,kaskus,2016-10-15 12:59:26,listrik,overlap,"[""listrik""]"
2456__0,2456,0,kaskus,2016-10-15 12:51:30,geothermal,overlap,"[""geothermal""]"
2456__1,2456,1,kaskus,2016-10-15 12:51:30,system,overlap,"[""system""]"
2457__0,2457,0,kaskus,2016-10-15 12:43:22,mafia,overlap,"[""mafia""]"
2458__0,2458,0,kaskus,2016-10-15 12:23:09,geothermal,overlap,"[""geothermal""]"
2458__1,2458,1,kaskus,2016-10-15 12:23:09,kerja,rb,"[""kerja""]"
2458__2,2458,2,kaskus,2016-10-15 12:23:09,bumi,rb,"[""bumi""]"
2458__3,2458,3,kaskus,2016-10-15 12:23:09,indonesia,overlap,"[""indonesia"", ""potensi""]"
2459__0,2459,0,kaskus,2016-10-15 12:03:39,bogor,overlap,"[""bogor"", ""chevron""]"
2460__0,2460,0,kaskus,2016-10-15 11:56:40,geothermal,overlap,"[""geothermal""]"
2461__0,2461,0,kaskus,2016-10-15 11:55:21,listrik,overlap,"[""listrik"", ""investasi""]"
2462__0,2462,0,kaskus,2016-10-15 11:49:41,flatearth,overlap,"[""flatearth""]"
2463__0,2463,0,kaskus,2016-10-15 11:44:26,batubara,overlap,"[""batubara"", ""negara"", ""nuklir""]"
2463__1,2463,1,kaskus,2016-10-15 11:44:26,nuklir,overlap,"[""nuklir"", ""efisiensi""]"
2464__0,2464,0,kaskus,2016-10-15 11:42:57,dunia panas,rb,"[""dunia panas""]"
2465__0,2465,0,kaskus,2016-10-15 11:38:54,thnks,rb,"[""thnks"", ""ulasa""]"
2466__0,2466,0,kaskus,2016-10-15 11:35:50,proyek,overlap,"[""proyek""]"
2467__0,2467,0,kaskus,2016-10-15 11:33:51,alam,overlap,"[""alam""]"
2467__1,2467,1,kaskus,2016-10-15 11:33:51,biaya listrik,rb,"[""biaya listrik"", ""listrik"", ""biaya""]"
2467__2,2467,2,kaskus,2016-10-15 11:33:51,leher,overlap,"[""leher""]"
2468__0,2468,0,kaskus,2016-10-15 11:23:57,uap,overlap,"[""uap""]"
2468__1,2468,1,kaskus,2016-10-15 11:23:57,ozon,overlap,"[""ozon""]"
2468__2,2468,2,kaskus,2016-10-15 11:23:57,,empty,[]
2469__0,2469,0,kaskus,2016-10-15 11:14:39,update,rb,"[""update"", ""1thumbup""]"
2470__0,2470,0,kaskus,2016-10-15 11:01:48,panas lumpur,rb,"[""panas lumpur"", ""lumpur lapindo"", ""lapindo"", ""bakrie"", ""panas""]"
2471__0,2471,0,kaskus,2016-10-15 11:00:32,pengembangan,overlap,"[""pengembangan"", ""energi"", ""biaya""]"
2472__0,2472,0,kaskus,2016-10-15 10:31:26,pemerintah,overlap,"[""pemerintah"", ""indonesia"", ""listrik""]"
2472__1,2472,1,kaskus,2016-10-15 10:31:26,pembangkit,overlap,"[""pembangkit""]"
2473__0,2473,0,kaskus,2016-10-15 10:28:37,kerja,overlap,"[""kerja"", ""pln"", ""teman""]"
2474__0,2474,0,kaskus,2016-10-15 10:23:09,,empty,[]
2474__1,2474,1,kaskus,2016-10-15 10:23:09,lokasi panas bumi,rb,"[""lokasi panas bumi"", ""bumi"", ""hutan lindung"", ""lindung"", ""ijin""]"
2474__2,2474,2,kaskus,2016-10-15 10:23:09,lokasi pengembangan,rb,"[""lokasi pengembangan"", ""pengembangan"", ""remote area"", ""area""]"
2474__3,2474,3,kaskus,2016-10-15 10:23:09,infrastruktur mahal,rb,"[""infrastruktur mahal""]"
2474__4,2474,4,kaskus,2016-10-15 10:23:09,monopoli pembeli,rb,"[""monopoli pembeli"", ""pembeli"", ""listrik pltu"", ""pltu"", ""monopoli""]"
2474__5,2474,5,kaskus,2016-10-15 10:23:09,pemboran eksplorasi,rb,"[""pemboran eksplorasi"", ""eksplorasi"", ""dana"", ""pemboran""]"
2474__6,2474,6,kaskus,2016-10-15 10:23:09,lender,rb,"[""lender"", ""jaminan""]"
2474__7,2474,7,kaskus,2016-10-15 10:23:09,wkp,rb,"[""wkp""]"
2474__8,2474,8,kaskus,2016-10-15 10:23:09,pemboran,overlap,"[""pemboran""]"
2474__9,2474,9,kaskus,2016-10-15 10:23:09,lender,unsup,"[""lender""]"
2474__10,2474,10,kaskus,2016-10-15 10:23:09,wkp,unsup,"[""wkp""]"
2474__11,2474,11,kaskus,2016-10-15 10:23:09,lokasi,unsup,"[""lokasi"", ""sumur""]"
2474__12,2474,12,kaskus,2016-10-15 10:23:09,,empty,[]
2475__0,2475,0,kaskus,2016-10-15 10:22:14,pertamina,overlap,"[""pertamina""]"
2475__1,2475,1,kaskus,2016-10-15 10:22:14,,empty,[]
2475__2,2475,2,kaskus,2016-10-15 10:22:14,pembangkit,rb,"[""pembangkit""]"
2476__0,2476,0,kaskus,2016-10-15 10:19:54,wind farm,rb,"[""wind farm"", ""farm"", ""inves murah"", ""wind""]"
2477__0,2477,0,kaskus,2016-10-15 10:12:45,turbin,overlap,"[""turbin""]"
2478__0,2478,0,kaskus,2016-10-15 09:56:53,potensi,overlap,"[""potensi""]"
2479__0,2479,0,kaskus,2016-10-15 09:51:16,fosil,overlap,"[""fosil"", ""energi""]"
2480__0,2480,0,kaskus,2016-10-15 09:44:51,indonesia,overlap,"[""indonesia""]"
2480__1,2480,1,kaskus,2016-10-15 09:44:51,keren habis,rb,"[""keren habis"", ""habis""]"
2481__0,2481,0,kaskus,2016-10-15 09:42:27,manusia,rb,"[""manusia""]"
2482__0,2482,0,kaskus,2016-10-15 09:28:01,bagus kasihan bumi tua,rb,"[""bagus kasihan bumi tua"", ""bumi""]"
2482__1,2482,1,kaskus,2016-10-15 09:28:01,,empty,[]
2483__0,2483,0,kaskus,2016-10-15 09:25:54,listrik,overlap,"[""listrik"", ""matahari"", ""energi""]"
2483__1,2483,1,kaskus,2016-10-15 09:25:54,koreksi,overlap,"[""koreksi""]"
2484__0,2484,0,kaskus,2016-10-15 09:05:51,tapanuli utara,rb,"[""tapanuli utara"", ""utara"", ""brey"", ""pt"", ""tapanuli""]"
2484__1,2484,1,kaskus,2016-10-15 09:05:51,sol,overlap,"[""sol""]"
2485__0,2485,0,kaskus,2016-10-15 08:21:14,republik,overlap,"[""republik"", ""toast""]"
2486__0,2486,0,kaskus,2016-10-15 08:15:59,asing cool,rb,"[""asing cool"", ""cool""]"
2487__0,2487,0,kaskus,2016-10-15 08:09:31,solusi,overlap,"[""solusi"", ""energi"", ""green"", ""indonesia""]"
2487__1,2487,1,kaskus,2016-10-15 08:09:31,indonesia,overlap,"[""indonesia"", ""solusi""]"
2488__0,2488,0,kaskus,2016-10-15 08:08:41,kasih,overlap,"[""kasih""]"
2488__1,2488,1,kaskus,2016-10-15 08:08:41,daya,overlap,"[""daya""]"
2488__2,2488,2,kaskus,2016-10-15 08:08:41,proyek,overlap,"[""proyek""]"
2489__0,2489,0,kaskus,2016-10-15 08:03:59,pltu,overlap,"[""pltu"", ""pemerintah""]"
2490__0,2490,0,kaskus,2016-10-15 07:59:38,negara,overlap,"[""negara""]"
2491__0,2491,0,kaskus,2016-10-15 07:57:36,matahari,overlap,"[""matahari"", ""harga""]"
2492__0,2492,0,kaskus,2016-10-15 07:57:03,harga,overlap,"[""harga""]"
2492__1,2492,1,kaskus,2016-10-15 07:57:03,pelanggan,rb,"[""pelanggan"", ""hak ekonomi"", ""ekonomi preference"", ""preference"", ""produk""]"
2492__2,2492,2,kaskus,2016-10-15 07:57:03,kualitas bagus,rb,"[""kualitas bagus"", ""pelanggan"", ""konsumsi""]"
2492__3,2492,3,kaskus,2016-10-15 07:57:03,iphone,rb,"[""iphone"", ""mahal""]"
2492__4,2492,4,kaskus,2016-10-15 07:57:03,pemerintah,overlap,"[""pemerintah"", ""subsidi""]"
2493__0,2493,0,kaskus,2016-10-15 07:55:17,,empty,[]
2493__1,2493,1,kaskus,2016-10-15 07:55:17,listrik,overlap,"[""listrik""]"
2494__0,2494,0,kaskus,2016-10-15 07:54:24,,empty,[]
2494__1,2494,1,kaskus,2016-10-15 07:54:24,reservoir panas bumi,rb,"[""reservoir panas bumi"", ""bumi rengkahan"", ""rengkahan dapur"", ""dapur magma"", ""magma""]"
2494__2,2494,2,kaskus,2016-10-15 07:54:24,,empty,[]
2495__0,2495,0,kaskus,2016-10-15 07:44:56,energi,overlap,"[""energi""]"
2495__1,2495,1,kaskus,2016-10-15 07:44:56,siklus,overlap,"[""siklus""]"
2496__0,2496,0,kaskus,2016-10-15 07:38:11,kerja,unsup,"[""kerja""]"
2496__1,2496,1,kaskus,2016-10-15 07:38:11,,empty,[]
2496__2,2496,2,kaskus,2016-10-15 07:38:11,kerja,overlap,"[""kerja""]"
2496__3,2496,3,kaskus,2016-10-15 07:38:11,pemerintah,overlap,"[""pemerintah"", ""potensi"", ""indonesia"", ""maintenance"", ""pembangkit""]"
2496__4,2496,4,kaskus,2016-10-15 07:38:11,hasil,overlap,"[""hasil"", ""pembangkit""]"
2496__5,2496,5,kaskus,2016-10-15 07:38:11,geoscience,overlap,"[""geoscience""]"
2496__6,2496,6,kaskus,2016-10-15 07:38:11,fluida,rb,"[""fluida"", ""sifat saline"", ""saline"", ""korosi"", ""pipa""]"
2496__7,2496,7,kaskus,2016-10-15 07:38:11,cuman,rb,"[""cuman""]"
2496__8,2496,8,kaskus,2016-10-15 07:38:11,kalimantan,overlap,"[""kalimantan""]"
2496__9,2496,9,kaskus,2016-10-15 07:38:11,blak,rb,"[""blak""]"
2496__10,2496,10,kaskus,2016-10-15 07:38:11,fukushima,overlap,"[""fukushima"", ""jepang"", ""gempa""]"
2496__11,2496,11,kaskus,2016-10-15 07:38:11,kalimantan,overlap,"[""kalimantan"", ""ahli"", ""tenaga""]"
2496__12,2496,12,kaskus,2016-10-15 07:38:11,pln,overlap,"[""pln""]"
2496__13,2496,13,kaskus,2016-10-15 07:38:11,,empty,[]
2496__14,2496,14,kaskus,2016-10-15 07:38:11,,empty,[]
2497__0,2497,0,kaskus,2016-10-15 07:36:14,proyek,overlap,"[""proyek"", ""geothermal""]"
2497__1,2497,1,kaskus,2016-10-15 07:36:14,salam,overlap,"[""salam"", ""tm"", ""powerplant""]"
2498__0,2498,0,kaskus,2016-10-15 07:25:32,tulisan,overlap,"[""tulisan""]"
2498__1,2498,1,kaskus,2016-10-15 07:25:32,info,rb,"[""info""]"
2499__0,2499,0,kaskus,2016-10-15 07:23:29,informasi,overlap,"[""informasi""]"
2500__0,2500,0,kaskus,2016-10-15 07:18:19,kapitalis,overlap,"[""kapitalis"", ""rugi"", ""kaum""]"
2501__0,2501,0,kaskus,2016-10-15 07:17:12,indonesia,overlap,"[""indonesia""]"
2502__0,2502,0,kaskus,2016-10-15 07:11:41,hehehheeee,overlap,"[""hehehheeee"", ""pengamat""]"
2503__0,2503,0,kaskus,2016-10-15 07:00:14,pembangkit,overlap,"[""pembangkit"", ""sistem""]"
2504__0,2504,0,kaskus,2016-10-15 06:56:20,pltu,overlap,"[""pltu""]"
2504__1,2504,1,kaskus,2016-10-15 06:56:20,maintenance,overlap,"[""maintenance"", ""pltp"", ""biaya"", ""pltu""]"
2504__2,2504,2,kaskus,2016-10-15 06:56:20,nuklir,overlap,"[""nuklir"", ""pln""]"
2504__3,2504,3,kaskus,2016-10-15 06:56:20,tim,overlap,"[""tim""]"
2504__4,2504,4,kaskus,2016-10-15 06:56:20,politik,overlap,"[""politik"", ""negara"", ""pltn"", ""batubara""]"
2504__5,2504,5,kaskus,2016-10-15 06:56:20,batubara,overlap,"[""batubara""]"
2505__0,2505,0,kaskus,2016-10-15 06:49:47,tulisan,overlap,"[""tulisan""]"
2505__1,2505,1,kaskus,2016-10-15 06:49:47,tulisan,overlap,"[""tulisan""]"
2505__2,2505,2,kaskus,2016-10-15 06:49:47,biaya,overlap,"[""biaya"", ""pltu"", ""pltp"", ""uap""]"
2505__3,2505,3,kaskus,2016-10-15 06:49:47,uap,overlap,"[""uap"", ""pembangkit"", ""pltp""]"
2505__4,2505,4,kaskus,2016-10-15 06:49:47,monopoli,overlap,"[""monopoli""]"
2505__5,2505,5,kaskus,2016-10-15 06:49:47,pln,overlap,"[""pln""]"
2505__6,2505,6,kaskus,2016-10-15 06:49:47,harga,overlap,"[""harga"", ""indonesia"", ""contoh""]"
2505__7,2505,7,kaskus,2016-10-15 06:49:47,url,overlap,"[""url"", ""energi"", ""indonesia"", ""batubara""]"
2505__8,2505,8,kaskus,2016-10-15 06:49:47,politik,overlap,"[""politik"", ""pln""]"
2505__9,2505,9,kaskus,2016-10-15 06:49:47,minyak bumi pln,rb,"[""minyak bumi pln"", ""bumi"", ""pln group"", ""group"", ""harga""]"
2505__10,2505,10,kaskus,2016-10-15 06:49:47,pln,overlap,"[""pln"", ""geothermal"", ""indonesia"", ""power"", ""pertamina""]"
2505__11,2505,11,kaskus,2016-10-15 06:49:47,geothermal,overlap,"[""geothermal"", ""pertamina""]"
2505__12,2505,12,kaskus,2016-10-15 06:49:47,pltu,overlap,"[""pltu""]"
2505__13,2505,13,kaskus,2016-10-15 06:49:47,kang,overlap,"[""kang""]"
2505__14,2505,14,kaskus,2016-10-15 06:49:47,kang,overlap,"[""kang""]"
2505__15,2505,15,kaskus,2016-10-15 06:49:47,pltp,overlap,"[""pltp"", ""pln"", ""pertamina""]"
2505__16,2505,16,kaskus,2016-10-15 06:49:47,tanah,overlap,"[""tanah"", ""kalimantan""]"
2505__17,2505,17,kaskus,2016-10-15 06:49:47,insya,rb,"[""insya"", ""allah""]"
2505__18,2505,18,kaskus,2016-10-15 06:49:47,uap,overlap,"[""uap""]"
2505__19,2505,19,kaskus,2016-10-15 06:49:47,air,overlap,"[""air"", ""bumi""]"
2505__20,2505,20,kaskus,2016-10-15 06:49:47,biaya,overlap,"[""biaya""]"
2505__21,2505,21,kaskus,2016-10-15 06:49:47,contoh,overlap,"[""contoh"", ""pulau"", ""pltp""]"
2505__22,2505,22,kaskus,2016-10-15 06:49:47,pipa,overlap,"[""pipa"", ""sumur""]"
2505__23,2505,23,kaskus,2016-10-15 06:49:47,setuju,rb,"[""setuju""]"
2505__24,2505,24,kaskus,2016-10-15 06:49:47,kelistrikan,overlap,"[""kelistrikan""]"
2505__25,2505,25,kaskus,2016-10-15 06:49:47,pltp,overlap,"[""pltp""]"
2506__0,2506,0,kaskus,2016-10-15 06:43:19,anu,overlap,"[""anu""]"
2507__0,2507,0,kaskus,2016-10-15 06:37:06,gas,overlap,"[""gas"", ""bumi""]"
2508__0,2508,0,kaskus,2016-10-15 06:35:37,penduduk,overlap,"[""penduduk"", ""kebutuhan""]"
2508__1,2508,1,kaskus,2016-10-15 06:35:37,maintenance,overlap,"[""maintenance"", ""pln"", ""perusahaan"", ""pembangkit""]"
2508__2,2508,2,kaskus,2016-10-15 06:35:37,pln,overlap,"[""pln"", ""monopoli"", ""listrik"", ""harga"", ""pembangkit""]"
2508__3,2508,3,kaskus,2016-10-15 06:35:37,lokasi,overlap,"[""lokasi"", ""pembangkit"", ""nuklir"", ""kalimantan""]"
2508__4,2508,4,kaskus,2016-10-15 06:35:37,nuklir,overlap,"[""nuklir"", ""kalimantan"", ""daerah"", ""bencana"", ""geothermal""]"
2509__0,2509,0,kaskus,2016-10-15 06:18:23,dampak,overlap,"[""dampak"", ""energi""]"
2510__0,2510,0,kaskus,2016-10-15 06:07:25,cerdas,rb,"[""cerdas""]"
2510__1,2510,1,kaskus,2016-10-15 06:07:25,energi terbarukan,rb,"[""energi terbarukan"", ""energi""]"
2511__0,2511,0,kaskus,2016-10-15 05:56:31,monopoli,overlap,"[""monopoli"", ""listrik"", ""pln""]"
2511__1,2511,1,kaskus,2016-10-15 05:56:31,,empty,[]
2511__2,2511,2,kaskus,2016-10-15 05:56:31,bbm,overlap,"[""bbm"", ""pertamina""]"
2511__3,2511,3,kaskus,2016-10-15 05:56:31,pln,overlap,"[""pln""]"
2512__0,2512,0,kaskus,2016-10-15 05:33:41,indonesia,overlap,"[""indonesia""]"
2513__0,2513,0,kaskus,2016-10-15 05:25:00,uap,overlap,"[""uap""]"
2514__0,2514,0,kaskus,2016-10-15 05:20:32,daerah,overlap,"[""daerah"", ""pulau"", ""pembangkit""]"
2515__0,2515,0,kaskus,2016-10-15 05:15:13,air,rb,"[""air""]"
2516__0,2516,0,kaskus,2016-10-15 05:08:27,pemerintah,overlap,"[""pemerintah""]"
2516__1,2516,1,kaskus,2016-10-15 05:08:27,otak,rb,"[""otak""]"
2516__2,2516,2,kaskus,2016-10-15 05:08:27,batubara,overlap,"[""batubara""]"
2516__3,2516,3,kaskus,2016-10-15 05:08:27,rakyat,overlap,"[""rakyat""]"
2517__0,2517,0,kaskus,2016-10-15 04:45:03,geo,overlap,"[""geo"", ""plt""]"
2518__0,2518,0,kaskus,2016-10-15 04:30:06,gunung,overlap,"[""gunung"", ""bencana""]"
2518__1,2518,1,kaskus,2016-10-15 04:30:06,dogma,overlap,"[""dogma""]"
2519__0,2519,0,kaskus,2016-10-15 04:24:26,pltu,overlap,"[""pltu""]"
2520__0,2520,0,kaskus,2016-10-15 04:18:34,chevron,overlap,"[""chevron""]"
2521__0,2521,0,kaskus,2016-10-15 04:14:46,bumi,overlap,"[""bumi""]"
2522__0,2522,0,kaskus,2016-10-15 03:16:58,geotermal,overlap,"[""geotermal""]"
2523__0,2523,0,kaskus,2016-10-15 02:57:54,magma gunung,rb,"[""magma gunung"", ""gunung api"", ""api"", ""magma""]"
2524__0,2524,0,kaskus,2016-10-15 02:17:08,energi alternatif,rb,"[""energi alternatif"", ""minyak bumi"", ""bumi"", ""1thumbup"", ""minyak""]"
2525__0,2525,0,kaskus,2016-10-15 02:16:17,,empty,[]
2525__1,2525,1,kaskus,2016-10-15 02:16:17,minyak bumi,rb,"[""minyak bumi"", ""bumi"", ""minyak""]"
2525__2,2525,2,kaskus,2016-10-15 02:16:17,kasihan,overlap,"[""kasihan"", ""cucu""]"
2525__3,2525,3,kaskus,2016-10-15 02:16:17,img,overlap,"[""img""]"
2525__4,2525,4,kaskus,2016-10-15 02:16:17,penghasil cewe,rb,"[""penghasil cewe"", ""cewe panas""]"
2526__0,2526,0,kaskus,2016-10-15 02:15:04,pecinta,overlap,"[""pecinta"", ""konspirasi""]"
2527__0,2527,0,kaskus,2016-10-15 02:07:33,konon,rb,"[""konon""]"
2528__0,2528,0,kaskus,2016-10-15 02:06:09,ntr,rb,"[""ntr""]"
2528__1,2528,1,kaskus,2016-10-15 02:06:09,energi,overlap,"[""energi"", ""sumber""]"
2529__0,2529,0,kaskus,2016-10-15 02:05:24,pemain,overlap,"[""pemain""]"
2529__1,2529,1,kaskus,2016-10-15 02:05:24,energi,overlap,"[""energi"", ""geothermal"", ""power""]"
2529__2,2529,2,kaskus,2016-10-15 02:05:24,ppa,overlap,"[""ppa""]"
2529__3,2529,3,kaskus,2016-10-15 02:05:24,pln,overlap,"[""pln"", ""batubara"", ""pltu""]"
2530__0,2530,0,kaskus,2016-10-14 17:37:54,negara,overlap,"[""negara"", ""geothermal""]"
2531__0,2531,0,kaskus,2016-10-14 17:21:39,pltu,overlap,"[""pltu"", ""indonesia"", ""biaya"", ""pln"", ""politik""]"
2531__1,2531,1,kaskus,2016-10-14 17:21:39,biaya,overlap,"[""biaya"", ""mata""]"
2531__2,2531,2,kaskus,2016-10-14 17:21:39,titik,overlap,"[""titik""]"
2531__3,2531,3,kaskus,2016-10-14 17:21:39,uap,overlap,"[""uap""]"
2531__4,2531,4,kaskus,2016-10-14 17:21:39,jalan,overlap,"[""jalan"", ""mata""]"
2531__5,2531,5,kaskus,2016-10-14 17:21:39,software,rb,"[""software"", ""hardware pendeteksi"", ""pendeteksi cadangan"", ""cadangan panas bumi"", ""bumi""]"
2531__6,2531,6,kaskus,2016-10-14 17:21:39,harga milyar,rb,"[""harga milyar"", ""milyar""]"
2531__7,2531,7,kaskus,2016-10-14 17:21:39,ahli,overlap,"[""ahli"", ""masyarakat"", ""tenaga"", ""listrik""]"
2531__8,2531,8,kaskus,2016-10-14 17:21:39,pln,overlap,"[""pln""]"
2531__9,2531,9,kaskus,2016-10-14 17:21:39,pltu,overlap,"[""pltu"", ""indonesia""]"
2531__10,2531,10,kaskus,2016-10-14 17:21:39,uap,overlap,"[""uap"", ""pltp""]"
2531__11,2531,11,kaskus,2016-10-14 17:21:39,bad,overlap,"[""bad"", ""sorry""]"
2532__0,2532,0,kaskus,2016-10-14 14:41:58,laut,overlap,"[""laut""]"
2533__0,2533,0,kaskus,2016-10-14 13:28:24,laut,overlap,"[""laut"", ""pembangkit""]"
2533__1,2533,1,kaskus,2016-10-14 13:28:24,indonesia,overlap,"[""indonesia"", ""dunia""]"
2533__2,2533,2,kaskus,2016-10-14 13:28:24,pantai,overlap,"[""pantai"", ""selatan"", ""yogyakarta""]"
2533__3,2533,3,kaskus,2016-10-14 13:28:24,laut,overlap,"[""laut""]"
2533__4,2533,4,kaskus,2016-10-14 13:28:24,ombak,overlap,"[""ombak""]"
2533__5,2533,5,kaskus,2016-10-14 13:28:24,energi,overlap,"[""energi""]"
2533__6,2533,6,kaskus,2016-10-14 13:28:24,laut,overlap,"[""laut"", ""energi""]"
2534__0,2534,0,kaskus,2016-10-14 11:25:05,negara,overlap,"[""negara"", ""dunia"", ""fosil"", ""potensi"", ""energi""]"
2535__0,2535,0,kaskus,2016-10-14 08:05:36,dunia,overlap,"[""dunia"", ""indonesia"", ""energi""]"
