comment_id,comment_ori,seg_id,source,date,seg_text_processed,seg_text_clean,interj_removed,aspect_terms_rb_raw,aspect_terms_rb,aspect_terms_rb_clean,rb_lang_used,seg_text,seg_key
1781,"Nah, gw udah bilang. Bikinnya di tempat yang kagak beresiko ada kejadian buruk. Personilnya bikin seketat mungkin. Bisa kok. Banyak ahli nuklir di Indonesia yang tau harus seketat apa isinya PLTN itu. Bolot banget dah dibilangin dr tadi. :cd Kagak pernah kuliah manajemen resiko ya? Lw pikir yg dipikirin 100 taun ke depan apanya? Energinya? KAGAK! Yg dipikirin manajemen pengelolaan limbah, resiko pengolahan dan pembuangan limbahnya, dll. Energi yg lw kasih jadinya 100 taun kedepan, bahkan 1000 taun? Butuh listriknya sekarang tong! Paling kagak 20 taun ke depan. Lw pikir teknologinya ada sekarang? Lw pikir nyiptain teknologi gitu gampang? :cd Efisiensinya jauh banget gan. Angin sama ombak itu kerasanya kenceng, tapi sebenernya energinya ga banyak-banyak banget kalo ga punya ladang angin/ombak.",1,kaskus,2012-10-16 14:13:30,Bikinnya di tempat yang tidak beresiko ada kejadian buruk.,Bikinnya di tempat yang tidak beresiko ada kejadian buruk.,[],"['tempat', 'kejadian buruk', 'kejadian']","['tempat', 'kejadian buruk', 'kejadian']","['kejadian buruk', 'kejadian']",id,Bikinnya di tempat yang kagak beresiko ada kejadian buruk.,1781__1
1345,"awal 1990-an, OSART (The Operational Savety Review Team) sudah melaporkan adanya keretakan pada reaktor di fukushima tapi fakta yg ada malah diputar-balikkan ama TEPCO (Tokyo Electric Power)...bahkan NSC (Nuclear Safety Commission) sudah lama mengkritisi sikap komunitas Nuklir Jepang yg telah mengisolasi dirinya dr peraturan global terkait keselamatan dan keamanan nuklir sesuai dgn standar internasional...IAEA sendiri jg menyatakan bahwa Peraturan Keselamatan Nuklir sudah diabaikan oleh para pejabat pemerintahan Jepang terkait program pembangunan nuklir...<<<<bagi ane, semuanya itu termasuk tindakan lalai :)",3,kaskus,2015-04-13 12:40:29,"Keamanan nuklir sesuai dengan standar internasional.iaea sendiri juga menyatakan bahwa peraturan keselamatan nuklir sudah diabaikan oleh para pejabat pemerintahan jepang terkait program pembangunan nuklir. Bagi saya, semuanya itu termasuk tindakan lalai","Keamanan nuklir sesuai dengan standar internasional.iaea sendiri juga menyatakan bahwa peraturan keselamatan nuklir sudah diabaikan oleh para pejabat pemerintahan jepang terkait program pembangunan nuklir. Bagi saya, semuanya itu termasuk tindakan lalai",[],"['Keamanan nuklir sesuai', 'nuklir', 'standar internasional.iaea', 'internasional.iaea', 'peraturan keselamatan', 'keselamatan nuklir', 'pejabat pemerintahan', 'pemerintahan', 'jepang', 'program pembangunan', 'pembangunan nuklir', 'tindakan lalai', 'Keamanan', 'peraturan', 'pejabat', 'program', 'tindakan']","['Keamanan nuklir sesuai', 'nuklir', 'standar internasional.iaea', 'internasional.iaea', 'peraturan keselamatan', 'keselamatan nuklir', 'pejabat pemerintahan', 'pemerintahan', 'jepang', 'program pembangunan', 'pembangunan nuklir', 'tindakan lalai', 'Keamanan', 'peraturan', 'pejabat', 'program', 'tindakan']","['keamanan nuklir', 'nuklir', 'standar internasional.iaea', 'internasional.iaea', 'peraturan keselamatan', 'keselamatan nuklir', 'pejabat pemerintahan', 'pemerintahan', 'jepang', 'program pembangunan', 'pembangunan nuklir', 'tindakan lalai', 'keamanan', 'peraturan', 'pejabat', 'program', 'tindakan']",id,"keamanan nuklir sesuai dgn standar internasional...IAEA sendiri jg menyatakan bahwa Peraturan Keselamatan Nuklir sudah diabaikan oleh para pejabat pemerintahan Jepang terkait program pembangunan nuklir...<<<<bagi ane, semuanya itu termasuk tindakan lalai",1345__3
1471,thorium fluoride(TH-232) belinya dimana ?,0,kaskus,2014-02-20 16:53:25,Thorium fluoride th-232 belinya dimana,Thorium fluoride th-232 belinya dimana,[],"['Thorium', 'fluoride th-232', 'th-232']","['Thorium', 'fluoride th-232', 'th-232']","['thorium', 'fluoride th-232', 'th-232']",id,thorium fluoride(TH-232) belinya dimana ?,1471__0
2062,"anda masih harus mengatasi masalah penyimpanan daya, [I]intermittency[/I] dan transmisi yang super muahal. lihat dari kegagalan Jerman-Denmark dan anda akan sadar betapa absurdnya usaha menggunakan ""enertgi terbarukan"" untuk mengatasi masalah iklim. nuklir adalah jalan paling [I]viable[/I], jalan lain terlalu [I]complicated[/I], mahal dan tidak bisa diandalkan. gunakan pemodelan dan matematika, jangan cuma retorika.",3,kaskus,2017-03-27 14:27:29,"Gunakan pemodelan dan matematika, jangan cuma retorika.","Gunakan pemodelan dan matematika, jangan cuma retorika.",[],"['pemodelan', 'matematika', 'retorika']","['pemodelan', 'matematika', 'retorika']","['pemodelan', 'matematika', 'retorika']",id,"gunakan pemodelan dan matematika, jangan cuma retorika.",2062__3
1665,"[SPOILER=Jepang Ingatkan Indonesia Soal Reaktor Nuklir] KBR68H – Sejumlah ahli di Jepang mengingatkan Indonesia tentang rencana penggunaan energi nuklir. Sebagai negara kepulauan, Indonesia rawan terhadap bencana alam sehingga akan membahayakan pembangkit tenaga nuklir. Ahli nuklir Heizo Takenaka dan Yoichi Funabashi mengatakan, Jepang yang sudah mempunyai teknologi lebih canggih dibandingkan Indonesia juga masih bermasalah dengan bencana alam. Tahun lalu, Tsunami melanda Jepang dan membuat pembangkit nuklir di Fukushima bocor. Takenaka mengatakan, rencana Indonesia menggunakan nuklir sangat berbahaya karena negeri itu berada di Lingkaran Api di Pasifik. Ini membuat Indonesia rentan terhadap bencana. Dampak dari radiasi akan berlangsung lebih lama, karena itu harus ada pertimbangan khusus sebelum pemerintah Indonesia memutuskan membangun reaktot nuklir. Selain itu, Indonesia juga harus memikirkan biaya, keamanan dan juga restorasi apabila terjadi bencana. Menurut Takenakan, pembangunan reaktor nuklir memerlukaj biaya yang sangat banyak dan sangat menghabiskan waktu. (Asiaone)[/SPOILER] [SPOILER=Ratusan PLTN Eropa bermasalah]Ratusan masalah ditemukan di pembangkit nuklir Eropa yang membutuhkan perbaikan senilai 25 miliar euro. Dalam sebuah daftar laporan yang bocor ke media disebutkan bahwa pemeriksaan dilakukan pasca bencana nuklir Fukushima, Jepang, dengan tujuan menilai bagaimana pembangkit nuklir Eropa bisa mengatasi keadaan darurat. Laporan akhir Komisi Pemeriksaan Uni Eropa yang akan diterbitkan pada Kamis (04/10), menyatakan hampir sekitar 143 pembangkit nuklir Uni Eropa butuh perbaikan. Sementara kelompok anti-nuklir menyatakan peringatan dari laporan tersebut tidak akan berjalan jauh. Badan keamanan nuklir Eropa mendesak Komisi Pemeriksaan tidak menggunakan bahasa yang bisa merusak kepercayaan publik. Kegagalan Prancis Beberapa kata dalam laporan mungkin akan diubah sebelum versi akhir akan dipublikasikan Kamis nanti. Dalam laporan disebutkan bahwa di Uni Eropa ada 47 PLTN dengan 111 reaktor yang berlokasi di sekitar pemukiman 100.000 penduduk dalam radius 30km. ""Atas dasar hasil uji tekanan, praktis semua PLTN butuh perbaikan keamanan"" ""Atas dasar hasil uji tekanan, praktis semua PLTN butuh perbaikan keamanan,'' kata bocoran laporan tersebut. ""Menyusul kecelakaan di Pulau Three Mile dan Chernobyl, kebijakan mendesak untuk melindungi PLTN disepakati. Tetapi uji tekanan menunjukkan bahkan pada hari ini, pelaksanaannya masih ditunda di sejumlah negara anggota.'' Empat reaktor di dua negara yang dirahasiakan membutuhkan waktu kurang dari sejam untuk mengembalikan fungsi keamanan jika kehilangan tenaga listrik, demikian tambah laporan itu. Di Prancis, produsen tenaga nuklir terbesar Eropa yang bergantung pada 58 reaktor nuklir untuk 80% kebutuhan listik, ditemukan adanya kegagalan yang ditemukan di semua 58 reaktor nuklir. Awal bulan ini, sebuah ledakan melukai dua orang di PLTN Fessenheim di timur Prancis - salah satu reaktor tertua negara ini yang sering menjadi target protes anti nuklir-. Fessenheim, dekat perbatasan Prancis dengan Jerman dan Swiss, dibuka tahun 1977 dan mengambil air untuk pendinginan dari sungai Rhine, tetapi lokasinya dikritik pegiat rentan aktifitas gempa dan banjir. Kerusakan juga dilaporkan terjadi di pembangkit nuklir di Inggris. Kebanyakan PLTN di Inggris disebutkan kurang memiliki ruang pengawas alternatif darurat yang digunakan jika ruang utama terkontaminasi radiasi tinggi. Namun Departemen Energy mengatakan tidak ada bukti bahwa fasilitas nuklir mereka tidak aman. ""Bagaimanapun, pemerintah berkomitmen untuk melakukan perbaikan terus menerus,'' kata juru bicara kepada BBC. ""Kami bekerja erat dengan Kantor Pengaturan Nuklir untuk menjamin bahwa operator menjalankan semua situs pembangkit dengan peraturan Inggris yang ketat, yang mengharuskan operator untuk mengambil semua langkah praktis untuk mengurangi risiko dan mencari perbaikan terus menerus untuk keselamatan."" Desakan penutupan Pegiat mendesak agar PLTN bermasalah ditutup, seperti yang terletak di perbatasan Prancis-Jerman. Di saat uji tekanan menemukan adanya kekurangan di banyak reaktor nuklir Eropa, para pegiat mengatakan bahwa laporan ini gagal untuk menyampaikan resiko dalam isu penting, seperti teknologi yang termakan usia, serangan teroris atau kesalahan manusia. ""Jika uji tekanan dilakukan serius, Komisi semestinya merekomendasikan penutupan reaktor yang tidak aman dan tua,'' kata Rebecca Harms, wakil presiden Aliansi Eropa Hijau di Parlemen Eropa. ""Setidaknya, Komisi semestinya menekan pada kekurangan keselamatan yang teridentifikasi di dalam laporan untuk diperbaiki.'' Pada Juni, semua 143 PLTN di Uni Eropa harus kembali dinilai dengan menggunakan kriteria yang meliputi bencana alam dan kesalahan manusia. [B]Sejumlah pemerintah telah mengkaji ulang strategi energi nuklir mereka setelah terjadi bencana Fukushima tahun lalu, dengan Jerman memutuskan untuk meninggalkan energi nuklir untuk teknologi hijau dan gas bersih dan pembangkit batubara pada tahun 2022.[/B] Yang lainnya seperti Prancis, meningkatkan investasi dalam pembangkit nuklir sejak melelehnya PLTN Fukushima. Sistem pendingin PLTN Fukushima Daiichi rusak akibat gempa dan tsunami 11 Maret 2011 di Jepang. Bencana alam itu menyebabkan tiga reaktornya meleleh.[/SPOILER] terlepas dr pro kontra di indonesia, ane setuju di adakannya referendum nasional terkait NUKLIR nasional, biar sama2 punya tanggung jawab moral [size=""6""]Pemerintah Diminta Gelar Referendum Soal PLTN[/size] [B][/B] KBR68H, Jakarta - Pemerintah disarankan menggelar jajak pendapat atau referendum nasional terkait rencana pembangunan Pembangkit Listrik Tenaga Nuklir (PLTN). Bekas Menteri Lingkungan Hidup Sonny Keraf mengatakan langkah itu harus diambil jika pemerintah tetap ngotot meneruskan rencana pembangunan PLTN. Pasalnya, dia khawatir PLTN dapat berdampak buruk akibat terjadi kebocoran radiasi nuklir seperti di Jepang. ""Dampaknya kan luas. Kalau hanya dampak fisik, orang yang jauh dari lokasi PLTN mungkin tidak terdampak langsung. Tapi secara psikologis, orang akan ketakutan. Secara ekonomi, juga akan mengganggu perekonomian secara nasional. Produk ekspor kita, misalnya, Siapa yang bisa menggaransi pembeli dari luar percaya produk kita tidak terkontaminasi (radiasi nuklir -red)"" Bekas Menteri Lingkungan Hidup Sonny Keraf menambahkan referendum PLTN pernah dilakukan oleh Italia pasca terjadinya krisis nuklir Jepang. Hasilnya, mayoritas warga Italia menolak penggunaan PLTN. Sebanyak lima daerah di Indonesia direncanakan bakal dibangun PLTN. Daerah itu yakni Bangka Belitung, Madura, Sulawesi Selatan, Kalimantan Selatan, dan Jepara di Jawa Tengah. Penolakan terhadap PLTN paling kencang disuarakan masyarakat Jepara dan Bangka Belitung.",31,kaskus,2012-10-24 12:34:51,"Di saat uji tekanan menemukan adanya kekurangan di banyak reaktor nuklir eropa, para pegiat mengatakan bahwa laporan ini gagal untuk menyampaikan resiko dalam isu penting, seperti teknologi yang termakan usia,","Di saat uji tekanan menemukan adanya kekurangan di banyak reaktor nuklir eropa, para pegiat mengatakan bahwa laporan ini gagal untuk menyampaikan resiko dalam isu penting, seperti teknologi yang termakan usia,",[],"['saat', 'uji tekanan', 'tekanan', 'kekurangan', 'reaktor nuklir', 'nuklir', 'eropa', 'pegiat', 'laporan', 'resiko', 'isu penting', 'teknologi', 'usia', 'uji', 'reaktor']","['saat', 'uji tekanan', 'tekanan', 'kekurangan', 'reaktor nuklir', 'nuklir', 'eropa', 'pegiat', 'laporan', 'resiko', 'isu penting', 'teknologi', 'usia', 'uji', 'reaktor']","['uji tekanan', 'tekanan', 'kekurangan', 'reaktor nuklir', 'nuklir', 'eropa', 'pegiat', 'laporan', 'resiko', 'isu', 'teknologi', 'usia', 'uji', 'reaktor']",id,"Di saat uji tekanan menemukan adanya kekurangan di banyak reaktor nuklir Eropa, para pegiat mengatakan bahwa laporan ini gagal untuk menyampaikan resiko dalam isu penting, seperti teknologi yang termakan usia,",1665__31
2204,"wah seneng banget nih ada ahli dan praktisi dari listrik tenaga nuklir. jujur saya udah lama cuma jadi silent reader di kaskus, sudah tidak banyak thread yang memancing saya untuk berkomentar, tapi yang satu ini kontroversial banget. saya sendiri ahli dan praktisi di listrik tenaga matahari. dan kelihatannya saya harus berkomentar disini untuk berbagi pemahaman mengenai solusi energi kalau yang saya lihat dari thread, kelihatannya yang agan jelaskan baru garis besar dan kesimpulan nya saja ayng sudah agan pelajari selama ini. dengan menarik jumlah emisi karbon di suatu negara sebagai tolak ukur keberhasilan jenis pembangkit energi yang digunakannya. saya rasa ini merupakan cara yang paling cepat untuk mengukur tingkat keberhasilannya. tapi sama seperti kepala daerah, tingkat keberhasilan nya diukur dari berbagai macam sisi. bukan hanya dari nilai pendapatan daerah yang meningkat saja. ada yang menilai dari berkurangnya angka pengangguran, ada pula yang menilai dari pembangunan insfrastrukturnya, dan lain lain. begitu pula halnya dengan komparasi jenis solusi energi sebelum saya jelaskan lebih jauh, perlu kita sadari bersama komparasi solusi energi antara minyak bumi, batu bara, nuklir, angin, panas bumi , dan tenaga matahari tidak komprehensif. kenapa saya katakan begitu. karena memang kalau kita telusuri bagaimana solusi energy itu didapat dan diolah semuanya benar benar berbeda. kalau kita mencoba mengerti lebih jauh mengenai dari mana sebenarnya sumber sumber solusi energi itu di dapatkan, kita akan bisa memutuskan mana yang sebenarnya lebih efisien untuk kita misalnya minyak bumi, gas alam, dan batu bara, saya jadikan satu karena semuanya merupakan energy yang disimpan di dalam bumi dan merupakan sumber daya alam yang terbatas. kenapa saya sebut "" disimpan di dalam bumi"". karena sebenarnya minyak bumi dan kawan kawannya itu merupakan battery alami yang terbentuk akibat tekanan dan panas, dan baik tekanan dan panas itu sebenarnya sumbernya dari matahari. dengan tingkat konversi energi nya hanya 0.000005% ( nilai jumlah keseluruhan energi fosil dibagi jumlah energy yang diterima bumi dari matahari ) untuk panas bumi dan angin merupakan energy yang di tangkap dari proses lanjutan yang didapatkan dari energi matahari. untuk komparasi secara kalkulasi memang agak sulit karena menggunakan satuan yang berbeda untuk energi nuklir sendiri saya masih awam, dan tidak mengerti apakah energi nuklir ini didapatkan murni dari pengolahan manusia, atau termasuk salah satu jenis energi yang ikut menyimpan energi di dalam bumi selama proses bumi menerima energi dari matahari seperti energy fosil jadi jika dikomparasi efisiensi energy dari sumbernya (matahari) ke jenis energi yang kita pakai sekarang ( listrik ) energi fosil hanya 0.000001% energi solarcell saat ini sudah mencapai 19-20% energi panas bumi dan angin ?? energi nuklir ?? disini sudah bisa kita komparasikan nilai efisiensi energy dari berbagai jenis solusi energi lalu diawal sudah saya sampaikan bahwa energi fosil/nuklir tidak bisa di komparasikan dengan energi angin dan matahari. karena memang jika kita lihat dari prosesnya bahwa energi fosil dan nuklir adalah proses mengolah energi dari storage system / battery yang ada di alam. menjadi listrik sedangkan solusi energi angin dan matahari adalah proses konversi dari sumber energi langsung menjadi listrik, tanpa mengubahnya terlebih dahulu menjadi storage system lalu yang menjadi komparasi yang seimbang adalah ketika system tenaga matahari atau angin itu dilengkapi dengan storage system juga. baru bisa di komparasikan kehandalannya dengan jenis solusi energi yang berbasis mengubah battery alam menjadi listrik sebagai gambaran storage system / battery yang saat ini kita pakai rata rata memiliki efisiensi 95%, jauh sekali dibandingkan efisiensi storage system / battery alam yang hanya 0.000005% atau meningkat 4 juta kali lipat lebih efisien kita tinggalkan sejenak mengenai perbandingan efisiensi. dan lebih mendalami apa yang sebenarnya kita butuhkan. listrik dengan system sentralisasi sudah berjalan selama puluhan tahun, system sentralisasi seperti ini terkesan lebih mudah di maintenance, karena cuma perlu merawat 1 buah system besar. namun kabar buruknya saat satu bagian kecil saja dari system besar itu terjadi masalah, maka seluruh pengguna listrik akan merasakan akibatnya. dan semakin lama 1 buah system yang besar itu tidak akan bisa semakin simple, justru akan semakin rumit dengan bertambahnya jumlah jaringan. jawaban dari semua itu adalah kemandirian solusi energi yang ada di setiap rumah / pabrik. karena sumber energi yang sebenarnya masih terpapar dengan jumlah energi yang massif, gratis, dan menunggu untuk kita gunakan. dan perawatan nya bisa dilakuan secara mandiri oleh orang yang menggunakan, saya rasa tanggung jawab secara mandiri ini adalah yang paling baik alasan lain adalah dengan sistem sentralisasi seperti ini, maka selamanya akan selalu ada ketimpangan antara daerah yang satu dengan yang lain. misalnya ada suatu pulau di antara sulawesi dan papua. seluruh penduduknya adalah nelayan, jumlah penduduk di pulau tersebut 100 KK, apakah ada nilai ekonomisnya untuk membangun pembangkit listrik tenaga nuklir disana, atau bahkan dalam sistem sentralisasi, apakah mungkin dalam nilai komersil menarik kabel dari pulau jawa ke pulau tersebut? dan saya rasa kenapa indonesia belum menggunakan pembangkit listrik tenaga matahari karena akhirnya para praktisi energi dan teknologi akan berkumpul untuk memutskan mana yang terbaik. jangan sampai suatu saat nanti indonesia baru mulai membangun pembangkit listrik tenaga nuklir, saat negara lain sudah meninggalkannya. secara development akan berat mahal dan sulit",3,kaskus,2017-03-10 10:15:18,Saya sendiri ahli dan praktisi di listrik tenaga matahari.,Saya sendiri ahli dan praktisi di listrik tenaga matahari.,[],"['ahli', 'praktisi', 'listrik tenaga', 'tenaga matahari', 'matahari']","['ahli', 'praktisi', 'listrik tenaga', 'tenaga matahari', 'matahari']","['ahli', 'praktisi', 'listrik tenaga', 'tenaga matahari', 'matahari']",id,saya sendiri ahli dan praktisi di listrik tenaga matahari.,2204__3
759,Hampir sama sih dengan profit sharing Diberitanya ada PSC antara Pertamina dengan Chevron hanya saat transisi saja Cara ini juga sama kayak di block Mahakam yang diambil alih pemerintah lewat Pertamina Dari Total Prancis,1,kaskus,2018-08-02 13:34:35,Di block mahakam yang diambil alih pemerintah lewat pertamina dari total perancis,Di block mahakam yang diambil alih pemerintah lewat pertamina dari total perancis,[],"['block mahakam', 'mahakam', 'alih pemerintah', 'pemerintah', 'pertamina', 'total', 'perancis', 'alih']","['block mahakam', 'mahakam', 'alih pemerintah', 'pemerintah', 'pertamina', 'total', 'perancis', 'alih']","['block mahakam', 'mahakam', 'alih pemerintah', 'pemerintah', 'pertamina', 'total', 'perancis', 'alih']",id,di block Mahakam yang diambil alih pemerintah lewat Pertamina Dari Total Prancis,759__1
706,"Dulu waktu mau diterapkan pajak progresif kepemilikan mobil ke 2 dst, juga banyak jargon2 seolah2 pajak progresif tersebut untuk mengatasi polusi udara, mengurangi pencemaran dll Tapi kenyataannya pajak malah digunakan untuk menaikkan tukin pegawai negri meningkatkan fasilitas para pejabat dan lembaga tinggi negara serta presiden Tidak ada hubungan langsung antara pengenaan pajak progresif kepemilikan mobil dengan anggaran perbaikan lingkungan hidup Dan saat ini , strategy yang sama diulang kembali, membuat berbagai propaganda untuk membenarkan penambahan pajak baru dan kenaikan tarif pajak, padahal tidak ada yang berubah dari peruntukan pajaknya",3,kaskus,2021-11-17 09:42:36,"Membuat berbagai propaganda untuk membenarkan penambahan pajak baru dan kenaikan tarif pajak,","Membuat berbagai propaganda untuk membenarkan penambahan pajak baru dan kenaikan tarif pajak,",[],"['propaganda', 'penambahan pajak', 'pajak baru', 'kenaikan tarif', 'tarif pajak', 'pajak', 'penambahan']","['propaganda', 'penambahan pajak', 'pajak baru', 'kenaikan tarif', 'tarif pajak', 'pajak', 'penambahan']","['propaganda', 'penambahan pajak', 'pajak', 'kenaikan tarif', 'tarif pajak', 'penambahan']",id,"membuat berbagai propaganda untuk membenarkan penambahan pajak baru dan kenaikan tarif pajak,",706__3
2065,"Bro, kok anda kayak ngajak berantem? Santai aja. Yuk deh, lagi sibuk.",2,kaskus,2017-03-27 11:40:02,"Yuk deh, lagi sibuk.",Yuk lagi sibuk.,['deh'],['Yuk lagi sibuk'],['Yuk lagi sibuk'],['yuk sibuk'],en,"Yuk deh, lagi sibuk.",2065__2
2213,"Ini kesalahan yang umum di benak orang Indonesia. Faktor lokasi khatulistiwa memang nilai plus, tapi anda harus ingat juga bahwa Indonesia adalah daerah subur dan salah satu sebab kenapa Indonesia itu subur adalah tiap tahun sekitar 5-6 bulan adalah musim hujan. Hasil observasi saya dengan menggunakan panel surya yang disambungkan ke kilowattmeter adalah saat musim hujan hasil rata-rata panel surya adalah 1/3 saat musim kemarau. Itu untuk lokasi Surabaya. Mungkin ada lokasi di Indonesia yang cenderung kering kerontang tak berawan, tapi untuk rata-rata lokasi, dropnya kapasitas jadi cuma 1/3 selama setengah tahun itu sangat signifikan. Dan yang repot itu pas musim hujan hasil itu sangat tidak stabil. Kalau hari kebetulan cerah pas siangnya, maka output normal. Kalau seharian mendung, output mungkin cuma 10%. Dan ini sulit diprediksi. Sori, data mentahnya sudah saya buang, sebab ini cuma penelitian iseng pribadi pas tahun 2015 lalu. Tapi yang mau nyoba silahkan bisa eksperimen sendiri. Siapa tahu bisa jadi makalah. Balik ke topik, makanya dic.thorium mengangkat masalah ini jadi trit. Karena naik turunnya output panel surya itu harus dikompensasi. Ini ada beberapa cara, dan di Jerman ditutupnya PLTN mengakibatkan kompensasi yang digunakan adalah batubara dan gas. Ini menurut saya menggagalkan upaya pelestarian lingkungan dan memperparah perubahan iklim. Harusnya energi terbarukan itu bukan diadu melawan energi nuklir, tapi dipadukan dengan energi nuklir. Makanya istilahnya itu energi baru terbarukan di mana nuklir adalah salah satu bentuk energi baru buat kita. Yang harus dikurangi itu justru penggunaan energi fosil seperti minyak bumi, batubara, dan gas bumi.",13,kaskus,2017-03-10 09:37:40,"Sori, data mentahnya sudah saya buang, sebab ini cuma penelitian iseng pribadi tepat tahun 2015 lalu.","Sori, data mentahnya sudah saya buang, sebab ini cuma penelitian iseng pribadi tepat tahun 2015 lalu.",[],"['Sori', 'data mentah', 'mentah', 'penelitian iseng tepat tahun', 'iseng pribadi', 'tahun lalu', 'data']","['Sori', 'data mentah', 'mentah', 'penelitian iseng tepat tahun', 'iseng pribadi', 'tahun lalu', 'data']","['data mentah', 'mentah', 'penelitian iseng', 'iseng pribadi', 'data']",id,"Sori, data mentahnya sudah saya buang, sebab ini cuma penelitian iseng pribadi pas tahun 2015 lalu.",2213__13
1031,pasti nyalain pengamat sdh sop:wkwkwk,0,kaskus,2015-12-28 08:39:13,Pasti nyalakan pengamat sudah sop wkwkwk,Pasti nyalakan pengamat sudah sop,['wkwkwk'],"['pengamat', 'sop']","['pengamat', 'sop']","['pengamat', 'sop']",id,pasti nyalain pengamat sdh sop:wkwkwk,1031__0
142,"Saya asumiin yang anda maksud itu MSR, dan ya itu aman banget sistem keamanannya udah dibikin simpel dan pakai hukum alam biar kalo fasilitas mati bisa tetep buang bahan bakar ke tempat aman (masih didalem bangunan) pakai gravitasi doang. Masih ada banyak sistem kemanan canggih lainnya yang ada, tapi saya gak begitu mendalami. MSR untuk saat ini masih dalam tahap R&D sayangnya, dan yang paling rame juga sih risetnya, lagi banyak yang bikin paper mengenai sistem kemanan MSR.",0,reddit,2023,"Saya mengasumsikan yang anda maksud itu msr, dan ya itu aman sekali sistem keamanannya sudah dibikin sederhana dan pakai hukum alam biar kalau fasilitas mati bisa tetap buang bahan bakar","Saya mengasumsikan yang anda maksud itu msr, dan ya itu aman sekali sistem keamanannya sudah dibikin sederhana dan pakai hukum alam biar kalau fasilitas mati bisa tetap buang bahan bakar",[],"['msr', 'sistem keamanan', 'keamanan', 'hukum alam', 'alam', 'fasilitas mati', 'bahan bakar', 'bakar', 'sistem', 'hukum', 'fasilitas', 'bahan']","['msr', 'sistem keamanan', 'keamanan', 'hukum alam', 'alam', 'fasilitas mati', 'bahan bakar', 'bakar', 'sistem', 'hukum', 'fasilitas', 'bahan']","['msr', 'sistem keamanan', 'keamanan', 'hukum alam', 'alam', 'fasilitas mati', 'bahan bakar', 'bakar', 'sistem', 'hukum', 'fasilitas', 'bahan']",id,"Saya asumiin yang anda maksud itu MSR, dan ya itu aman banget sistem keamanannya udah dibikin simpel dan pakai hukum alam biar kalo fasilitas mati bisa tetep buang bahan bakar",142__0
1190,setuju gan pas itu mungkin yg existing aja gan yang ada di buku dulu teknologi nuklir belum semaju sekarang lagian di Indo masih banyak ini itunya harusnya di buku pelajaran memuat juga apa saja yang bisa dijadikan pembangkit listrik,0,kaskus,2015-03-20 14:16:25,Setuju gan tepat itu mungkin yang existing saja gan yang ada di buku dulu teknologi nuklir belum semaju sekarang lagi pula di indonesia masih banyak ini itunya harusnya di buku pelajaran,Setuju gan tepat itu mungkin yang existing saja gan yang ada di buku dulu teknologi nuklir belum semaju sekarang lagi pula di indonesia masih banyak ini itunya harusnya di buku pelajaran,[],"['gan', 'buku dulu teknologi', 'dulu', 'teknologi nuklir semaju', 'nuklir', 'sekarang', 'indonesia', 'buku pelajaran', 'pelajaran', 'buku']","['gan', 'buku dulu teknologi', 'dulu', 'teknologi nuklir semaju', 'nuklir', 'sekarang', 'indonesia', 'buku pelajaran', 'pelajaran', 'buku']","['buku teknologi', 'teknologi nuklir semaju', 'nuklir', 'indonesia', 'buku pelajaran', 'pelajaran', 'buku']",id,setuju gan pas itu mungkin yg existing aja gan yang ada di buku dulu teknologi nuklir belum semaju sekarang lagian di Indo masih banyak ini itunya harusnya di buku pelajaran,1190__0
296,"Kalau ngitung gitu sih terlihat 'Murah' tapi belum memikirkan biaya logistik, maintenance, training, facility, riset daerah, riset kebutuhan, gaji karyawan, asuransi, dan lain-lain. Bisa jadi biayanya 10x lipat lebih besar, bahkan lebih. Belum lagi harus tetap memikirkan operasional PLN di semua daerah Indonesia. Kalau dengan dalih sedikit demi sedikit sih ya boleh, cuman efisien kah seperti itu?",1,reddit,2023,"Bisa jadi biayanya 10x lipat lebih besar, bahkan lebih.","Bisa jadi biayanya 10x lipat lebih besar, bahkan lebih.",[],"['biaya lipat besar', 'lipat', 'biaya']","['biaya lipat besar', 'lipat', 'biaya']","['biaya lipat', 'lipat', 'biaya']",id,"Bisa jadi biayanya 10x lipat lebih besar, bahkan lebih.",296__1
2051,"Om tonyc, Ane agak oot, dan setuju2 aja sih sama thorium atau nuclear. Yang ane soroti sebenarnya banyak potensi yg belum maksimal dilakukan sama bangsa kita .. bukan masalah nuclear atau tidak. Misalnya masalah jarak .. rural area, mau nuclear atau tidak tetep aja narik kabel jauh itu cost juga .. apalagi bukan hanya rural tapi isolated area. Ane liat sendiri di salah satu daerah di Lampung .. Area nya harus di tempuh beberapa jam dari ibukota Kabupatennya, ditambah naik ojek off road karena kondisi jalan yang sangat sulit, apalagi jika musim penghujan. Ongkos ojeknya aja bisa 50ribu sd 100 ribu. Apa yang ane lihat disana adalah bahwa masyarakat sudah dibuatkan program microhydro, ane gak tau apakah itu swadaya atau bantuan. Tapi microhydro sudah ada. Dan sudah ada kabel2 penghubungnya ke rumah warga disana. Permasalahannya adalah programnya terlalu sederhana, dan gak dikembangkan. Jadi karena microhydro dan selama air mengalir.. lampu2 mereka nyalain terus, baik pagi, siang sore dan malam. Gak dimatiin. Kelihatanannya jadi pemborosan. Padahal karena teknologinya yang terlalu sederhana. Imho, harusnya yang kayak gini diamomodasi dulu sama pemerintah/PLN, dibuatkan atau dibelikan alat penyimpannya dll .. Yang terjadi akhirnya adalah PLN tiba2 masuk dan pasang tiang2 lagi .. Dan penduduk rame2 ikut daftar PLN. Dan listrik yang dihasilkan oleh microhydro jadi kayak siasia.. Padahal ane pernah nonton di jepang, sustainable energy nya dibuat terhubung satu sama lain, sehingga misalnya solar panel yang Kelebihan disatu rumah bisa dipakai dirumah yang kekurangan. Yang kayak2 gini indonesia sangat kurang.. sayang sekali.",20,kaskus,2017-05-03 00:38:41,"Imho, harusnya yang seperti begini diamomodasi dulu sama pemerintah pln, dibuatkan atau dibelikan alat penyimpannya dll","Imho, harusnya yang seperti begini diamomodasi dulu sama pemerintah pln, dibuatkan atau dibelikan alat penyimpannya dll",[],"['Imho', 'begini', 'dulu sama', 'pemerintah', 'pln', 'alat penyimpan', 'penyimpan', 'dll', 'dulu', 'alat']","['Imho', 'begini', 'dulu sama', 'pemerintah', 'pln', 'alat penyimpan', 'penyimpan', 'dll', 'dulu', 'alat']","['pemerintah', 'pln', 'alat penyimpan', 'penyimpan', 'alat']",id,"Imho, harusnya yang kayak gini diamomodasi dulu sama pemerintah/PLN, dibuatkan atau dibelikan alat penyimpannya dll ..",2051__20
2399,"Tahu gak gan? Pada tahun 2025 diproyeksikan geothermal Indonesia dapat menghasilkan panas bumi sebesar 9500 MW atau setara dengan 400 ribu barel oil equivalen (boe) per harinya... Mantap kan gan.... :toast Yuk kenal lebih dekat energi panas bumi gan >> [URL=""http://www.andikaprasetia.com/2017/08/mengenal-lebih-dekat-energi-panas-bumi.html""]http://www.andikaprasetia.com/2017/08/mengenal-lebih-dekat-energi-panas-bumi.html[/URL]",3,kaskus,2017-08-19 06:30:02,Yuk kenal lebih dekat energi panas bumi gan url url,Yuk kenal lebih dekat energi panas bumi gan url url,[],"['dekat energi panas bumi', 'bumi gan', 'gan url', 'url url', 'url', 'energi']","['dekat energi panas bumi', 'bumi gan', 'gan url', 'url url', 'url', 'energi']","['energi panas bumi', 'bumi', 'url', 'url url', 'energi']",id,:toast Yuk kenal lebih dekat energi panas bumi gan >> URL <URL>,2399__3
1764,pasti ada feasibility study soal lokasi lah... kan gak serta merta membangun seperti bikin gudang pabrik.. kita mengoperasikan reaktor dan berpengalaman... orang2 BATAN yang berpengalaman bisa disupervisi oleh IAEA.. karena IAEA udah kasih lampu hijau buat kita bikin PLTN.. kalo perlu yang membangun juga kontraktornya IAEA.. diawasi dengan ketat.. negeri ini gak segitu buruknya sampai semua komponen dikorupsi...,5,kaskus,2012-10-16 15:59:14,Kalau perlu yang membangun juga kontraktornya iaea.,Kalau perlu yang membangun juga kontraktornya iaea.,[],"['kontraktor iaea', 'iaea', 'kontraktor']","['kontraktor iaea', 'iaea', 'kontraktor']","['kontraktor iaea', 'iaea', 'kontraktor']",id,kalo perlu yang membangun juga kontraktornya IAEA..,1764__5
1009,"Perasaan pernah dibahas di trit yang lain (tentang listrik tenaga surya), kalau EBT dari sinar matahari masih belum ekonomis dan efisien untuk penggunaan massif, setidaknya untuk sekarang. Seluruh daratan Indonesia bisa2 ditutupi panel surya.",2,kaskus,2017-09-23 20:10:21,Seluruh daratan indonesia bisa ditutupi panel surya.,Seluruh daratan indonesia bisa ditutupi panel surya.,[],"['daratan', 'indonesia', 'panel surya', 'surya', 'panel']","['daratan', 'indonesia', 'panel surya', 'surya', 'panel']","['daratan', 'indonesia', 'panel surya', 'surya', 'panel']",id,Seluruh daratan Indonesia bisa2 ditutupi panel surya.,1009__2
518,indonesia emang potensi panas buminya ajib dah,0,kaskus,2013-12-03 16:26:03,Indonesia memang potensi panas buminya ajib sudah,Indonesia memang potensi panas buminya ajib sudah,[],"['Indonesia', 'potensi panas ajib', 'bumi']","['Indonesia', 'potensi panas ajib', 'bumi']","['indonesia', 'potensi panas ajib', 'bumi']",id,indonesia emang potensi panas buminya ajib dah,518__0
865,"makin k sini, makin suram aja ni pemerintahan",0,kaskus,2016-02-28 09:16:45,"Makin k sini, makin suram saja ni pemerintahan","Makin k sini, makin suram saja pemerintahan",['ni'],"['sini', 'pemerintahan']","['sini', 'pemerintahan']",['pemerintahan'],id,"makin k sini, makin suram aja ni pemerintahan",865__0
1453,semoga bikin bom nuke jg..... biar tetangga panas dingin.,1,kaskus,2013-12-03 11:37:24,Biar tetangga panas dingin.,Biar tetangga panas dingin.,[],['tetangga panas dingin'],['tetangga panas dingin'],['tetangga panas dingin'],id,biar tetangga panas dingin.,1453__1
506,"halo gan, kebetulan ane pengamat geothermal dan doakan untuk project geothermal yang akan ane jalankan ini :) Potensi energi panas bumi di Indonesia mencapai 27 Gwe sangat erat kaitannya dengan posisi Indonesia dalam kerangka tektonik dunia. Ditinjau dari munculnya panas bumi di permukaan per satuan luas, Indonesia menempati urutan ke empat dunia. Bahkan dari segi temperatur yang tinggi, merupakan ke dua di dunia. Indonesia terletak di pertemuan tiga lempeng aktif yang memungkinkan panas bumi dari kedalaman ditransfer ke permukaan melalui sistem rekahan. Posisi strategis ini menempatkan Indonesia sebagai negara paling kaya dengan energi panas bumi sistem hidrotermal yang tersebar di sepanjang busur vulkanik. Sehingga sebagian besar sumber panas bumi di Indonesia tergolong mempunyai entalpi yang tinggi. Panas bumi merupakan sumber daya energi baru terbarukan yang ramah lingkungan (clean energy) dibandingkan dengan sumber energi fosil. Dalam proses ekplorasi dan eksploitasinya tidak membutuhkan lahan permukaan yang terlalu besar. Energi panas bumi bersifat tidak dapat diekspor, maka sangat cocok untuk memenuhi kebutuhan energi di dalam negeri. Berdasarkan RENCANA UMUM KETENAGALISTRIKAN, sebanyak 256 area panas bumi telah di identifikasi melalui inventarisasi dan ekploitasi. Dari jumlah lokasi tersebut mempunyai total potensi sumber daya dan cadangan panas bumi sebesar sekitar 27.357 Mwe (2008-2027) da merupakan potensi terbesar di dunia yakni 40%. Dari total potensi tersebut hanya sekitar 3.8% yang telah dimanfaatkan sebagai energi listrik dan menymbangkan sekitar 2% untuk pemakaian energi listrik nasional. Mengacu pada UU no 27/2003 dan UU no. 20/2002 tersebut telah dibuat suatu peta perjalanan (road map) panas bumi sebagai pedoman dan pola tetap pengembangan dan pemanfaatan energi panas bumi di Indonesia. Industri panas bumi yang diinginkan yang tertuang dalam peta erjalanan tersebut antara lain pemanfaatan untuk tenaga listrik sebesar 6000 Mwe dan berkembangnya pemanfaatan langsung (angrobisnis, pariwisata, dll) pada tahun 2020. Mengapa Memilih Energi Panas Bumi Sebagai Alternatif Pembangkit Listrik? 1. Energi Panas Bumi Ramah Lingkungan • Energi panas bumi merupakan energi yang ramah lingkungan karena fluida panas bumi setelah diolah / dikonversikan menjadi listrik dikembalikan ke bawah permukaan (reservoir) melalui sumur injeksi. Ini suatu keharusan untuk menjaga keseimbangan masa sehingga memperlambat penurunan tekanan reservoir dan mencegah terjadinya subsidence. • Emisi dari PLTP sangat rendah bila dibandingkan dengan minyak dan batubara. Karena emisinya rendah, energi panas bumi memiliki kesempatan untuk memanfaatkan Clean Development Mechanism (CDM) produk kyoto protocol. Mekanisme ini menetapkan bahwa negara maju harus mengurangi emisi gas rumah kaca (GRK) sebesar 5.2 % terhadap emisi tahun 1990, dapat melalui pembelian energi bersih dari negara berkembang yang proyeknya dibangun diatas tahun 2000. Energi bersih tersebut termasuk panas bumi. 2. Energi Panas Bumi Memiliki Faktor Kapasitas (Capacity Factor) lebih besar Keunggulan lain adalah faktor kapasitas, yaitu perbandingan antara beban rata-rata yang dibangkitkan oleh pembangkit dalam suatu periode (average load generated in period) dengan beban maksimum yang dapat dibangktkan oleh PLTP tersebut (maximum load). Faktor kapasitas dari PLTP rata2 adalah 95%, jauh lebih tinggi bila dibandingkan dengan faktor kapasitas dari pembangkit listrik yang menggunakan batu bara, yang besarnya hanya 60-70% ( U.S Departement of Energy) Ketetapan Dan Peraturan Pemerintah Terkait dengan Panas Bumi Pemerintah bermaksud untuk mempercepat pengembangan panas bumi. Untuk itu pemerintah bermaksud untuk meningkatkan iklim investasi baik untuk pengembang yang ada serta pendatang baru di sektor panas bumi di indonesia. 1. UU no. 27/2003 tentang regulasi pemerintah dan panas bumi no. 59/2007 tentang peraturan pemerintah Kegiatan usaha panas bumi no. 70/2010 adalah dasar dari pengembangan panas bumi Indonesia. 2. Peraturan Presiden no. 04/2010 Peraturan menteri no. 01/2012 Sebagai revisi dari peraturan menteri no. 15/2010 (tahap kedua dari crash program 10.000 MW) Dalam rangka untuk mempercepat pengembangan panas bumi 3. Kebijakan Harga 1. Keputusan Menteri ESDM no. 02/2011 tentang struktur harga panas bumi. Menteri memberikan kepastian pada harga listrik dari pembangkit listrik tenaga panas bumi: • Harga listrik sebagai hasil dari Tender Geothermal Working Area (GWA), adalah mewakili harga pembelian oleh PLN di dalam Power Purchase Agreement (PPA), yang bersifat final dan tidak dapat dinegosiasikan. • Plafon harga untuk energi panas bumi: US$ 9.7 cents/Kwh • Jika harga melebihi US$ 9.7 cents /KWh, maka diperlukan negosiasi antara kedua belah pihak. 2. Fiskal Insentif untuk pengembangan panas bumi (sesuai dengan keputusan pemerintah no. 62/2008 dan no. 1 /2007): • 30% dari pajak pendapatan perusahaan • 10% dari pajak nilai tambah yang dibayarkan oleh pemerintah • Pembebasan bea masuk untuk pengembang panas bumi • 25% per tahun depresiasi selama 8 tahun dengan metode saldo menurun ganda • Kredit pajak investasi 5 % per tahun untuk 6 tahun 3. Saat ini mekanisme dari feed in tariff untuk tiap2 GWA sedang dikembangkan oleh pemerintah dalam rangka untuk membuat bisnis panas bumi lebih atraktif untuk investor. 4. Akses ke sumber daya panas bumi untuk investor a. Pemerintah menawarkan preliminary survey assigment (survey pendahuluan) kepada pihak ke 3 (investor) yang menyediakan “first right refusal” b. Pemerintah menetapkan GWA baru dan kesempatan yang terbuka bagi investor untuk berpartisipasi dalam bisnis panas bumi melalui mekanisme tender GWAs 5. Untuk mempercepat proses tender baru GWA, kebijakan yang mengatur proses penawaran yang sedang direvisi untuk membuat tender lebih sederhana, transparan dan bankable 6. Berkoordinasi dengan semua pihak terkait untuk mempercepat dan menyederhanakan proses perizinan. 7. Terkait dengan isu-isu kehutanan, saat ini ESDM dan Departemen hutan telah menandatangani MoU mengenai percepatan izin pemanfaatan panas bumi dalam hutan produksi, hutan lindung, dan konservasi hutan. 8. Pemerintah telah mengeluarkan Keputusan Presiden yang menjamin dukungan untuk investasi dalam proyek infrastruktur panas bumi (PR no. 13/2010 jo PR no. 67/2005 dan PR no. 78/2010) dan keputusan menteri keuangan no. 139 /2011 (PMK no. 139/2011) yang menjamin kelayakan bisnis PT PLN untuk mengembangkan listrik dari energi terbarukan, batubara dan gas melalui kerja sama dengan Independent Power Producers (IPP).",43,kaskus,2013-04-03 09:12:35,Adalah mewakili harga pembelian oleh pln di dalam power purchase agreement ppa yang bersifat final dan tidak dapat dinegosiasikan.,Adalah mewakili harga pembelian oleh pln di dalam power purchase agreement ppa yang bersifat final dan tidak dapat dinegosiasikan.,[],"['harga pembelian', 'pembelian', 'pln', 'power agreement', 'purchase', 'agreement ppa', 'ppa', 'final', 'harga']","['harga pembelian', 'pembelian', 'pln', 'power agreement', 'purchase', 'agreement ppa', 'ppa', 'final', 'harga']","['harga pembelian', 'pembelian', 'pln', 'power agreement', 'purchase', 'agreement ppa', 'ppa', 'final', 'harga']",id,"adalah mewakili harga pembelian oleh PLN di dalam Power Purchase Agreement (PPA), yang bersifat final dan tidak dapat dinegosiasikan.",506__43
1686,"setuju aja, asal pengadaannya benar-benar bebas kkn , oke aja",0,kaskus,2012-10-22 15:50:25,"Setuju saja, asal pengadaannya benar-benar bebas kkn baik saja","Setuju saja, asal pengadaannya benar-benar bebas kkn baik saja",[],"['asal pengadaan', 'pengadaan', 'asal']","['asal pengadaan', 'pengadaan', 'asal']",['pengadaan'],id,"setuju aja, asal pengadaannya benar-benar bebas kkn , oke aja",1686__0
1418,"Air harusnya termasuk salah satu yang murah, dibanding angin dan surya, satu lagi yang kita banyak adalah geothermal.. ini juga harusnya bisa murah..",1,kaskus,2013-12-03 12:57:15,Ini juga harusnya bisa murah.,Ini juga harusnya bisa murah.,[],[],[],[],none,ini juga harusnya bisa murah..,1418__1
1550,"mo penelitian mo buat pembangkit listrik tokh SAMA AJA kok :p sama2 pake Uranium, sama2 pembelahan inti, cuma outputnya aja yang BEDA :) dan sebenarnya di reaktor2 riset itu tetap menghasilkan listrik juga kok, cuma bedanya listrik yg dihasilkan merupakan produk sampingan semata bukan yg utama kek di PLTN :D klau mang takut ma limbah, itu negara2 maju pade mau kok nampung limbahnya :p itupun klau masih ada warga yg TAKUT ma nuklir :ngakaks klau enggak... tuh Kepala Batan Tekno (Dr Ir Yudi Utomo), dalam penelitian desertasinya berhasil [URL=""http://kepustakaan-presiden.pnri.go.id/article_clipping/?box=detail&id=986&from_box=list_6XX_245&hlm=1&search_6XX=Yudi%20Utomo%20Imardjoko&presiden_id=3&presiden=suharto""]membuat wadah kontainer untuk penyimpanan limbah radioaktif nuklir yg aman[/URL] :) Klau TAKUT ntar spek dikurangi atau teledor pengoperasiannya itu PLTN, gimana klau di Subkontrakkan aja semua mulai dr perencanaan-studi kelayakan-pembangunan-pengoperasian-pengamanan ama negara2 luar yg maju ? :p yang bikin perencanaan Hyundai, studi kelayakan Mitsubishi Corp trus yang bangun General Electric atau Westinghouse, yang operasiin KEPCO, yang jaga keamanan Blackwater :p ntar Indonesia cuma beli listriknya doang :ngakak itupun klau gak ada monyet2 ababil tereak2 lagi masalah sumber daya energi diserahkan ke ASING lagi :p :ngakaks",5,kaskus,2012-12-21 23:46:35,"Aman url kalau takut nanti spek dikurangi atau teledor pengoperasiannya itu pltn, bagaimana kalau di subkontrakkan saja semua mulai dari perencanaan-studi kelayakan-pembangunan-pengoperasian-pengamanan sama negara luar yang maju","Aman url kalau takut nanti spek dikurangi atau teledor pengoperasiannya itu pltn, bagaimana kalau di subkontrakkan saja semua mulai dari perencanaan-studi kelayakan-pembangunan-pengoperasian-pengamanan sama negara luar yang maju",[],"['url', 'spek', 'teledor pengoperasian pltn', 'pengoperasian', 'pltn', 'perencanaan-studi kelayakan-pembangunan-pengoperasian-pengamanan', 'kelayakan-pembangunan-pengoperasian-pengamanan sama negara', 'negara', 'luar', 'perencanaan-studi']","['url', 'spek', 'teledor pengoperasian pltn', 'pengoperasian', 'pltn', 'perencanaan-studi kelayakan-pembangunan-pengoperasian-pengamanan', 'kelayakan-pembangunan-pengoperasian-pengamanan sama negara', 'negara', 'luar', 'perencanaan-studi']","['url', 'spek', 'teledor pengoperasian pltn', 'pengoperasian', 'pltn', 'perencanaan-studi kelayakan-pembangunan-pengoperasian-pengamanan', 'kelayakan-pembangunan-pengoperasian-pengamanan negara', 'negara', 'perencanaan-studi']",id,"aman /URL :) Klau TAKUT ntar spek dikurangi atau teledor pengoperasiannya itu PLTN, gimana klau di Subkontrakkan aja semua mulai dr perencanaan-studi kelayakan-pembangunan-pengoperasian-pengamanan ama negara2 luar yg maju ?",1550__5
2152,"Tentunya pemerintah dan kroninya menyingkirkan pesaing bukan cuma dengan satu izin doang. Banyak izin lain yang kelihatannya gak berhubungan tapi mengakibatkan pesaing sukar masuk. Seperti yang bisa dibaca pada [URL=""https://mises.org/library/myth-natural-monopoly""]sejarah listrik dan gas di Amerika[/URL] pada abad 19 sempat terjadi bukan cuma dua atau tiga, tapi puluhan perusahaan listrik dan gas yang melayani satu kota. Dan itu berlangsung hingga puluhan tahun, dan tidak ada itu yang namanya natural monopoly. Perusahaan yang kalah bisa bekerja sama dengan perusahaan lain untuk menggabungkan permodalan dan melakukan penetrasi ke pasar perusahaan pemenang. Tetapi masuk abad 20, sedikit demi sedikit perusahaan-perusahaan tersebut berkurang. Kenapa? Bukan karena natural monopoly. Tapi karena banyak peraturan pemerintah yang berdampak pada pengukuhan monopoli dari perusahaan yang terkuat. Salah satunya bahkan dikasih nama undang-undang anti monopoli .. Sherman Anti Trust Act, yang menyebabkan perusahaan yang kalah bersaing tidak bisa menggabungkan kekuatan mereka untuk melawan perusahaan yang sedang kuat. Aneh tapi nyata, undang-undang anti monopoli justru menghasilkan monopoli (gw yakin keputusan KPPU mengenai motor matic baru-baru ini juga bakal mengukuhkan dominasi Honda-Yamaha di pasar motor matic). Swasta memang ahlinya cari duit. Tapi mereka bisa dapat duit itu bukan dengan merampok (kecuali kalo dikasih kesempatan oleh pemerintah), tapi dengan menciptakan layanan yang diinginkan oleh masyarakat. Dan layanan yang dapat mereka ciptakan selalu lebih baik dari waktu ke waktu. Tentunya ada timbal baliknya. Kalo ada sebagian orang yang memilih tinggal di tempat terpencil, ya jangan minta dapat fasilitas seperti masyarakat sisanya. Apakah pak tonny mau bilang bahwa persetan dengan 99% penduduk yang terjebak dalam pelayanan kelas kambing asalkan yang 1% di daerah terpencil bisa mendapatkan layanan yang sama? So communism very equal much nasty many dogmatic wow .. Reputasi jelek apa yang dimaksud? Karena kritik pada Mises adalah tidak mampu meramalkan siklus boom-bust dengan tepat. Tapi itu nitpicking karena sampai sekarang TIDAK ADA yang bisa meramalkan dengan tepat, bahkan para ""pengkritik"" tersebut juga tidak bisa. Jadi reputasi jelek apa yang dimaksud? Don't parroting words you do not understand. Lho, dibaca dulu artikelnya lengkap ... kan di situ disebutkan contohnya, bahwa industri energi pernah hingga puluhan perusahaan di satu kota. Tapi masuk abad 20, dengan naik daunnya fasisme dan komunisme, maka pemerintah dan kroninya banyak mendapat ide mengenai bagaimana menghilangkan persaingan. Yang diomongkan di artikel itu pake banyak bukti empiris, bahkan pake daftar pustaka segala :hammers Contoh-contoh yang dikasih pak tonny kan setelah persaingan dihilangkan dan kesempatan tumbuhnya dimatikan. Jadi sudah tidak relevan lagi dijadikan bukti. gw juga setuju kalo oot .. so .. agree to disagree :nyepi",2,kaskus,2017-03-11 09:41:13,Seperti yang bisa dibaca pada url url listrik dan gas di amerika url pada abad 19 sempat terjadi bukan,Seperti yang bisa dibaca pada url url listrik dan gas di amerika url pada abad 19 sempat terjadi bukan,[],"['url url', 'url listrik', 'listrik', 'gas', 'amerika', 'url', 'abad']","['url url', 'url listrik', 'listrik', 'gas', 'amerika', 'url', 'abad']","['url url', 'url listrik', 'listrik', 'gas', 'amerika', 'url', 'abad']",id,Seperti yang bisa dibaca pada URL <URL> listrik dan gas di Amerika /URL pada abad 19 sempat terjadi bukan,2152__2
575,"Saya kurang tau lokasi kantornya Sarulla gan, maklum saya nggak ngantor di sana, hehe. Saya coba jawab ya gan. Selain punya kelebihan sesuai penjabaran di dalam thread ini, geothermal tentunya juga punya kekurangan antara lain : [list=1] Nilai investasi awal yang besar dibutuhkan untuk proyek pembangkit listrik menggunakan energi geothermal mulai dari pemboran sumur, fasilitasi pemipaan, hingga pembangkit itu sendiri. [/list][list=2] Lokasi pembangkit listrik geothermal (PLTP) harus berada di dekat dengan sumber geothermal berada. Karena sebagian besar geothermal berada di pegunungan dan cenderung remote area, maka usaha yang diperlukan untuk pengembangan lapangan geothermal cukuplah besar. Semakin remote suatu area geothermal tersebut maka jalur tranmisi untuk distribusi listrik dari pembangkit yang diperlukan juga semakin panjang, maka nilai investasi yang dibutuhkan juga semakin tinggi. Hal ini berbeda dengan PLTU yang penempatan lokasi pembangkitan lebih dapat disesuaikan. [/list][list=3] Uap geothermal yang dimanfaatkan merupakan uap yang keluar dari perut bumi, sehingga kita tidak bisa megontrol apa saja kandungan kimia uap panas bumi tersebut. Dibeberapa lapangan geothermal ditemui uap dengan kandungan asam yang cukup tinggi, sehingga kandungan yang bersifat korosif tersebut menyebabkan cepat rusaknya fasilitas pemipaan dan pembangkit (turbin). [/list][list=4] Geothermal merupakan sumber energi yang sustainable, namun dengan catatan pengembang benar-benar menjaga siklus geothermal di lokasi tersebut. Untuk itu, selain mencari sumur-sumur produksi baru untuk menghasilkan uap yang dibutuhkan untuk pembangkitan, pengembang juga harus mencari sumur-sumur injeksi dengan lokasi dan kedalaman yang tepat untuk menginjeksikan air hasil pemisahan uap (brine & kondesat). Pengembang juga harus menjaga kelestarian vegetasi di area geothermal di lokasi tersebut. [/list][list=5] Waktu yang dibutuhkan juntuk mengembangkan lapangan geothermal mulai dari eksplorasi sampai dengan eksploitasi bisa dibilang relatif lama, yaitu berkisar 5-7 tahun (itu pun dengan catatan apabila pemboran berhasil & menghasilkan uap yang diharapkan). [/list] Sekian gan, semoga bermanfaat :toast",12,kaskus,2016-01-20 17:54:07,"List list 4 geothermal merupakan sumber energi yang sustainable, namun dengan catatan pengembang benar-benar menjaga siklus geothermal di lokasi tersebut.","List list 4 geothermal merupakan sumber energi yang sustainable, namun dengan catatan pengembang benar-benar menjaga siklus geothermal di lokasi tersebut.",[],"['List geothermal', 'list', 'geothermal', 'sumber energi', 'energi', 'catatan pengembang', 'pengembang', 'benar-benar', 'siklus geothermal', 'lokasi', 'sumber', 'catatan', 'siklus']","['List geothermal', 'list', 'geothermal', 'sumber energi', 'energi', 'catatan pengembang', 'pengembang', 'benar-benar', 'siklus geothermal', 'lokasi', 'sumber', 'catatan', 'siklus']","['list geothermal', 'list', 'geothermal', 'sumber energi', 'energi', 'catatan pengembang', 'pengembang', 'benar-benar', 'siklus geothermal', 'lokasi', 'sumber', 'catatan', 'siklus']",id,"/list list 4 Geothermal merupakan sumber energi yang sustainable, namun dengan catatan pengembang benar-benar menjaga siklus geothermal di lokasi tersebut.",575__12
2306,"Ndak gagal. Kalau lihat dr data itu memang sama sekali tidak menghasilkan angka yang wah. Malah cenderung sangat buruk. Tapi ingat, Jerman ini fair kalau soal pengembangan teknologi. Mereka menyerukan nggak pakai nuklir ya beneran mereka nggak pakai. Nuklir punya resiko paling besar dan unsustainable ketika radioaktifnya bocor atau meledak. Intinya mereka tetap optimis pada energi alternatif yang bebas resiko. Mungkin suatu saat Amrik banyak memakai paten atau lisensi teknologi dr Jerman terkait energi terbarukan. Dan bahkan negara lain juga? Just my 2 cents.",3,kaskus,2017-03-09 20:51:31,"Tapi ingat, jerman ini fair kalau soal pengembangan teknologi.","Tapi ingat, jerman ini fair kalau soal pengembangan teknologi.",[],"['jerman', 'soal pengembangan', 'pengembangan teknologi', 'teknologi']","['jerman', 'soal pengembangan', 'pengembangan teknologi', 'teknologi']","['jerman', 'pengembangan', 'pengembangan teknologi', 'teknologi']",id,"Tapi ingat, Jerman ini fair kalau soal pengembangan teknologi.",2306__3
727,"daripada palak karbon mending kasi insentip swastol untuk mengembangin teknologi tangkap karbon/carbon capture kalo jadi menkeu cuma buat palak palak dan palak mah ngapain rekrut lulusan illinois, rentenir desa jg bisa :o",0,kaskus,2023-02-08 20:48:42,Daripada peras karbon sebaiknya memberi insentip swastol untuk mengembangin teknologi tangkap karbon carboncapture kalau,Daripada peras karbon sebaiknya memberi insentip swastol untuk mengembangin teknologi tangkap karbon carboncapture kalau,[],"['peras karbon', 'karbon sebaik', 'insentip swastol', 'swastol', 'teknologi tangkap', 'tangkap karbon', 'karbon carboncapture', 'carboncapture', 'peras', 'insentip', 'teknologi']","['peras karbon', 'karbon sebaik', 'insentip swastol', 'swastol', 'teknologi tangkap', 'tangkap karbon', 'karbon carboncapture', 'carboncapture', 'peras', 'insentip', 'teknologi']","['peras karbon', 'karbon', 'insentip swastol', 'swastol', 'teknologi tangkap', 'tangkap karbon', 'karbon carboncapture', 'carboncapture', 'peras', 'insentip', 'teknologi']",id,daripada palak karbon mending kasi insentip swastol untuk mengembangin teknologi tangkap karbon/carbon capture kalo,727__0
374,"Beda tujuan. EV untuk mengurangi ketergantungan minyak bumi. Transportasi Publik untuk mengurangi kemacetan. Pemerintah Pusat sedang ngepush EV sekaligus transisi Pembangkit Listriknya, lihat aja rencana-rencana tentang pembangunan PLTS/PLTB/reneawble lainnya sekaligus penonaktifan PLTU/PLTD.",2,reddit,2023,Transportasi publik untuk mengurangi kemacetan.,Transportasi publik untuk mengurangi kemacetan.,[],"['Transportasi publik', 'publik', 'kemacetan']","['Transportasi publik', 'publik', 'kemacetan']","['transportasi publik', 'publik', 'kemacetan']",id,Transportasi Publik untuk mengurangi kemacetan.,374__2
2345,"Katanya global warming, kok dengan panel surya jd gk guna hehehe? Btw saya pake panel surya , bermanfaat sih tp untuk kelas dc nya sih karna gk ada inverter hehehe",1,kaskus,2017-03-09 19:40:41,Btw saya pakai panel surya bermanfaat sih tapi untuk kelas dc nya sih karena tidak ada inverter hehehe,Btw saya pakai panel surya bermanfaat tapi untuk kelas dc nya karena tidak ada inverter hehehe,"['sih', 'sih']","['Btw', 'panel surya', 'surya', 'kelas dc', 'dc', 'inverter', 'panel', 'kelas']","['Btw', 'panel surya', 'surya', 'kelas dc', 'dc', 'inverter', 'panel', 'kelas']","['panel surya', 'surya', 'kelas dc', 'dc', 'inverter', 'panel', 'kelas']",id,"Btw saya pake panel surya , bermanfaat sih tp untuk kelas dc nya sih karna gk ada inverter hehehe",2345__1
358,"Desperate to become Engineer distribusi bukan konversi. lagipula PLTU dipindahin jauh nggak ngaruh ke biaya, toh sistem distribusinya udah siap, kamu pikir listrik di Jakarta sumbernya dari mana? Jawa Timur & Banten, mana nutup pembangkit listrik di Jakarta buat supply sendiri. kamu tau nggak distribusi listrik gimana? pernah liat SUTET & GITET menghasilkan polusi udara kaya truk bbm?",1,reddit,2023,"Lagipula pltu dipindahin jauh tidak berpengaruh ke biaya, toh sistem distribusinya sudah siap, kamu pikir listrik di jakarta sumbernya dari mana?","Lagipula pltu dipindahin jauh tidak berpengaruh ke biaya, sistem distribusinya sudah siap, kamu pikir listrik di jakarta sumbernya dari mana?",['toh'],"['pltu', 'biaya', 'sistem distribusi', 'distribusi', 'listrik', 'jakarta sumber', 'sumber', 'sistem']","['pltu', 'biaya', 'sistem distribusi', 'distribusi', 'listrik', 'jakarta sumber', 'sumber', 'sistem']","['pltu', 'biaya', 'sistem distribusi', 'distribusi', 'listrik', 'jakarta sumber', 'sumber', 'sistem']",id,"lagipula PLTU dipindahin jauh nggak ngaruh ke biaya, toh sistem distribusinya udah siap, kamu pikir listrik di Jakarta sumbernya dari mana?",358__1
2306,"Ndak gagal. Kalau lihat dr data itu memang sama sekali tidak menghasilkan angka yang wah. Malah cenderung sangat buruk. Tapi ingat, Jerman ini fair kalau soal pengembangan teknologi. Mereka menyerukan nggak pakai nuklir ya beneran mereka nggak pakai. Nuklir punya resiko paling besar dan unsustainable ketika radioaktifnya bocor atau meledak. Intinya mereka tetap optimis pada energi alternatif yang bebas resiko. Mungkin suatu saat Amrik banyak memakai paten atau lisensi teknologi dr Jerman terkait energi terbarukan. Dan bahkan negara lain juga? Just my 2 cents.",1,kaskus,2017-03-09 20:51:31,Kalau lihat dari data itu memang sama sekali tidak menghasilkan angka yang wah.,Kalau lihat dari data itu memang sama sekali tidak menghasilkan angka yang wah.,[],"['data', 'angka']","['data', 'angka']","['data', 'angka']",id,Kalau lihat dr data itu memang sama sekali tidak menghasilkan angka yang wah.,2306__1
2127,"Wah, anda salah tangkap. Saya gak bilang kalau energi surya dan bayu itu tidak cocok untuk perkotaan. Bahkan saya mendukung program semacam feed-in tariff dan subsidi untuk pemasangan panel surya semacam yang dilakukan Jerman. Itu cocok untuk orang kota yang cenderung lebih berduit daripada orang desa. Yang saya berusaha jelaskan adalah bahwa nuklir dan tenaga matahari/angin itu sifatnya komplementer. Saling melengkapi. Sebab ada kesalahpahaman besar di masyarakat yang menganggap bahwa nuklir dan energi terbarukan itu musuh. Bahwa kalau ada energi terbarukan maka energi nuklir tidak dibutuhkan dan jika ada energi nuklir maka energi terbarukan akan tersingkir. Itu yang saya berusaha luruskan. Faktanya negara yang paling getol membangun PLTN adalah negara yang industri panel suryanya paling besar di dunia, yakni Tiongkok. Uni Emirat Arab yang kaya minyak malah sedang membangun PLTS dan PLTN bersamaan. Prancis lagi giat menaikkan porsi energi terbarukan mereka, tapi PLTN jalan terus. Sekali lagi, energi terbarukan dan energi nuklir itu sebenarnya saling melengkapi. Jangan malah diadu. Kalau diadu justru pebisnis energi fosil yang senang, sebab faktanya setiap ada PLTN yang ditutup atau dibatalkan, konsumsi energi fosil meningkat.",14,kaskus,2017-03-12 13:20:36,"Kalau diadu justru pebisnis energi fosil yang senang, sebab faktanya setiap ada pltn yang ditutup atau dibatalkan, konsumsi energi fosil meningkat.","Kalau diadu justru pebisnis energi fosil yang senang, sebab faktanya setiap ada pltn yang ditutup atau dibatalkan, konsumsi energi fosil meningkat.",[],"['pebisnis energi', 'energi fosil', 'fosil', 'fakta', 'pltn', 'konsumsi energi', 'pebisnis', 'konsumsi']","['pebisnis energi', 'energi fosil', 'fosil', 'fakta', 'pltn', 'konsumsi energi', 'pebisnis', 'konsumsi']","['pebisnis energi', 'energi fosil', 'fosil', 'fakta', 'pltn', 'konsumsi energi', 'pebisnis', 'konsumsi']",id,"Kalau diadu justru pebisnis energi fosil yang senang, sebab faktanya setiap ada PLTN yang ditutup atau dibatalkan, konsumsi energi fosil meningkat.",2127__14
423,"wkwkwk, agan ini keknya sensi banget ya ke Yth. Anggota DPR.. 😂😂 ayok gan, majuo.. ane dukung 👊 dan bantu doa 🙏",2,kaskus,2017-08-29 04:46:22,"Ayok gan, majuo.","Ayok gan, majuo.",[],"['Ayok majuo', 'majuo']","['Ayok majuo', 'majuo']","['ayok majuo', 'majuo']",id,"ayok gan, majuo..",423__2
2246,padahal negara jawara loh tapi bisa gagal juga,0,kaskus,2017-03-10 07:15:09,Padahal negara jawara loh tapi bisa gagal juga,Padahal negara jawara tapi bisa gagal juga,['loh'],"['negara jawara', 'jawara']","['negara jawara', 'jawara']","['negara jawara', 'jawara']",id,padahal negara jawara loh tapi bisa gagal juga,2246__0
2230,TRIT JUALAN TERSELUBUNG. SOFT SELLING. ENTE SALES NUKLIR ? INI LOUNGE. KALO MO JUALAN NUKLIR DI FJB !,3,kaskus,2017-03-10 08:40:12,Ini lounge.,Ini lounge.,[],['lounge'],['lounge'],['lounge'],id,INI LOUNGE.,2230__3
1975,tenaga asing lah bos... tp tetep percaya kepada kemampuan bangsa sendiri... kita bukan bangsa yang bodoh :cendols,1,kaskus,2012-10-12 19:28:22,Tapi tetap percaya kepada kemampuan bangsa sendiri.,Tapi tetap percaya kepada kemampuan bangsa sendiri.,[],"['kemampuan bangsa', 'bangsa sendiri', 'kemampuan']","['kemampuan bangsa', 'bangsa sendiri', 'kemampuan']","['kemampuan bangsa', 'bangsa', 'kemampuan']",id,tp tetep percaya kepada kemampuan bangsa sendiri...,1975__1
2163,"Pak, franchise yang Bapak sebut itu bisa dibilang sebagai ijin usaha, dan itu boleh dibilang normal di semua bidang. Dan franchise tersebut kalau tersebut [URL=""http://www.chanrobles.com/republicactno9209.html""]sama sekali tidak memberikan monopoli secara hukum atau hak eksklusif untuk suatu daerah[/URL] (baca pasal 17 soal non-eksklusivitas). Jadi kalau misalnya ada perusahaan lain yang mau masuk ke Manila, bisa meminta franchise untuk daerah Manila dan sekitarnya. Tidak dilarang. Dan kalau mau bicara soal politik praktis, bisa saja perusahaan itu sogok politikus biar dapat franchisenya. Tapi kenyataannya tidak ada yang mau. Makanya saya bilang, ujung-ujungnya itu kartelisasi. Secara hukum tidak ada yang melarang kompetisi, tapi kenyataannya semua pihak lalu sepakat membagi daerah. Positifnya itu dari segi apa? Laba? Kan sudah saya bilang, kriteria efisiensi itu dari segi apa? Kalau yang dikejar itu adalah duit, serahkan ke swasta. Mereka ahlinya. Tapi kalau yang dikejar itu adalah jumlah masyarakat yang terlayani, pemerataan pelayanan, akses di daerah terpencil, swasta itu jelek, karena yang akan terjadi adalah pemotongan layanan besar-besaran agar margin laba tetap besar, Betul sekali. Jaman selalu berubah, oleh karena itu bersedialah mengubah pikiran mengikuti perkembangan jaman. Jangan terpaku ke ideologi tertentu. Lihat fakta empirisnya. Pak, dari tadi saya sudah bilang, mana contoh negaranya. Jangan terpaku ke ideologi. Sains itu empiris. Institut Von Mises reputasinya itu kurang baik, karena prediksi ekonomi mereka kurang tepat. Tapi kita kesampingkan dulu soal reputasi. Oke, Institut Von Mises bilang tidak ada yang namanya [I]natural monopoly[/I]. Terus? Buktinya mana? Saya bilang distribusi listrik itu natural monopoly. Ujungnya itu ada dua pilihan. Monopoli nasional, atau kartelisasi, yang juga merupakan suatu bentuk monopoli. Saya sudah kasih beberapa contoh: Filipina: kartel Singapura: monopoli nasional. Amerika Serikat: kartel Mau ditambah apa lagi? Tiongkok: monopoli nasional. BUMN bernama State Grid. Vietnam: listriknya lebih murah daripada kita. Dimonopoli BUMN. Singapura itu negara paling maju di Asia Tenggara. Distribusi listrik mereka dimonopoli BUMN. Mau nuduh Singapura gak ngerti ekonomi? Nyatanya sistem monopoli nasional distribusi listrik mereka lancar dan efisien. Secara global Amerika adalah negara dengan ekonomi terbesar saat ini. Mereka sistemnya kartel. Negara mana yang lebih kapitalis daripada Amerika sehingga gak ada natural monopoly-nya? Tunjukkan. Negara dengan ekonomi terbesar ke-dua itu Tiongkok. Distribusi listrik dipegang State Grid. Itu BUMN. Mau bilang bahwa pertumbuhan ekonomi mereka kurang bagus? Mau dilanjutin? Vietnam? Monopoli lewat BUMN, tapi listrik lebih murah (tapi subsidi sih). Jepang? Konsumen mau beli listrik dari siapa terserah, tapi sistem transmisi cuma ada 10 perusahaan yang masing-masing pegang satu wilayah. Alias kartel. Bukti empiris, Pak. Bukti empiris. Institut Von Mises mau ngomong apa itu tidak penting, karena sains itu berdasarkan bukti empiris, bukan ideologi. Di negara mana yang ada sistem yang bisa ada dua atau tiga atau sepuluh kabel penyalur listrik ke satu daerah? Kalau memang itu lebih efisien dan kalau memang monopoli alami itu tidak ada, tentu anda tidak akan kesulitan memberikan contoh. Gak usah ngomongin tiang Telkom, gak usah ngomongin peraturan pemerintah Indonesia. Tunjukkan bahwa di dunia internasional itu ada yang pakai sistem yang anda gambarkan itu dan sistemnya jalan lancar efisien. Saya sudah kasih contoh Singapura dan Tiongkok sebagai bukti bahwa distribusi listrik yang dimonopoli pemerintah itu bisa sukses. PLN memang punya banyak kekurangan dan memang ada banyak PR untuk membereskan urusan listrik di Indonesia, tapi masalahnya itu bukan di urusan monopoli jaringan kabel listrik. Kalau memang mau perbaiki PLN, tunjuk Dahlan Iskan atau orang sekelasnya sebagai Dirut lalu jangan diganggu secara politik dan biarkan dia rombak dan bersihkan PLN. Soal monopoli jaringan listrik itu gak ngefek. Lha wong Singapura juga pakai monopoli nyatanya lancar jaya. Dah ah, kita itu off-topic. Kalau Pak Peyotpetot mau bikin [I]counter-argument[/I], monggo bikin argumen penutup, akan saya baca dengan seksama tapi saya gak bakal balas lho kalau masih ngomongin distribusi listrik PLN, sungkan sama dic.thorium. Dic.thorium, ntar saya utang kamu cendol sama saya usahakan bantu balas-balas postingan di trit ini. Pak Peyotpetot juga tolong bantu. Yuk kita lanjutin ngobrol soal energi nuklir dan energi terbarukan.",60,kaskus,2017-03-10 19:08:47,Lha orang singapura juga pakai monopoli nyatanya lancar jaya.,orang singapura juga pakai monopoli nyatanya lancar jaya.,['lha'],"['orang', 'singapura', 'monopoli nyata lancar', 'nyata', 'monopoli']","['orang', 'singapura', 'monopoli nyata lancar', 'nyata', 'monopoli']","['singapura', 'monopoli nyata lancar', 'nyata', 'monopoli']",id,Lha wong Singapura juga pakai monopoli nyatanya lancar jaya.,2163__60
506,"halo gan, kebetulan ane pengamat geothermal dan doakan untuk project geothermal yang akan ane jalankan ini :) Potensi energi panas bumi di Indonesia mencapai 27 Gwe sangat erat kaitannya dengan posisi Indonesia dalam kerangka tektonik dunia. Ditinjau dari munculnya panas bumi di permukaan per satuan luas, Indonesia menempati urutan ke empat dunia. Bahkan dari segi temperatur yang tinggi, merupakan ke dua di dunia. Indonesia terletak di pertemuan tiga lempeng aktif yang memungkinkan panas bumi dari kedalaman ditransfer ke permukaan melalui sistem rekahan. Posisi strategis ini menempatkan Indonesia sebagai negara paling kaya dengan energi panas bumi sistem hidrotermal yang tersebar di sepanjang busur vulkanik. Sehingga sebagian besar sumber panas bumi di Indonesia tergolong mempunyai entalpi yang tinggi. Panas bumi merupakan sumber daya energi baru terbarukan yang ramah lingkungan (clean energy) dibandingkan dengan sumber energi fosil. Dalam proses ekplorasi dan eksploitasinya tidak membutuhkan lahan permukaan yang terlalu besar. Energi panas bumi bersifat tidak dapat diekspor, maka sangat cocok untuk memenuhi kebutuhan energi di dalam negeri. Berdasarkan RENCANA UMUM KETENAGALISTRIKAN, sebanyak 256 area panas bumi telah di identifikasi melalui inventarisasi dan ekploitasi. Dari jumlah lokasi tersebut mempunyai total potensi sumber daya dan cadangan panas bumi sebesar sekitar 27.357 Mwe (2008-2027) da merupakan potensi terbesar di dunia yakni 40%. Dari total potensi tersebut hanya sekitar 3.8% yang telah dimanfaatkan sebagai energi listrik dan menymbangkan sekitar 2% untuk pemakaian energi listrik nasional. Mengacu pada UU no 27/2003 dan UU no. 20/2002 tersebut telah dibuat suatu peta perjalanan (road map) panas bumi sebagai pedoman dan pola tetap pengembangan dan pemanfaatan energi panas bumi di Indonesia. Industri panas bumi yang diinginkan yang tertuang dalam peta erjalanan tersebut antara lain pemanfaatan untuk tenaga listrik sebesar 6000 Mwe dan berkembangnya pemanfaatan langsung (angrobisnis, pariwisata, dll) pada tahun 2020. Mengapa Memilih Energi Panas Bumi Sebagai Alternatif Pembangkit Listrik? 1. Energi Panas Bumi Ramah Lingkungan • Energi panas bumi merupakan energi yang ramah lingkungan karena fluida panas bumi setelah diolah / dikonversikan menjadi listrik dikembalikan ke bawah permukaan (reservoir) melalui sumur injeksi. Ini suatu keharusan untuk menjaga keseimbangan masa sehingga memperlambat penurunan tekanan reservoir dan mencegah terjadinya subsidence. • Emisi dari PLTP sangat rendah bila dibandingkan dengan minyak dan batubara. Karena emisinya rendah, energi panas bumi memiliki kesempatan untuk memanfaatkan Clean Development Mechanism (CDM) produk kyoto protocol. Mekanisme ini menetapkan bahwa negara maju harus mengurangi emisi gas rumah kaca (GRK) sebesar 5.2 % terhadap emisi tahun 1990, dapat melalui pembelian energi bersih dari negara berkembang yang proyeknya dibangun diatas tahun 2000. Energi bersih tersebut termasuk panas bumi. 2. Energi Panas Bumi Memiliki Faktor Kapasitas (Capacity Factor) lebih besar Keunggulan lain adalah faktor kapasitas, yaitu perbandingan antara beban rata-rata yang dibangkitkan oleh pembangkit dalam suatu periode (average load generated in period) dengan beban maksimum yang dapat dibangktkan oleh PLTP tersebut (maximum load). Faktor kapasitas dari PLTP rata2 adalah 95%, jauh lebih tinggi bila dibandingkan dengan faktor kapasitas dari pembangkit listrik yang menggunakan batu bara, yang besarnya hanya 60-70% ( U.S Departement of Energy) Ketetapan Dan Peraturan Pemerintah Terkait dengan Panas Bumi Pemerintah bermaksud untuk mempercepat pengembangan panas bumi. Untuk itu pemerintah bermaksud untuk meningkatkan iklim investasi baik untuk pengembang yang ada serta pendatang baru di sektor panas bumi di indonesia. 1. UU no. 27/2003 tentang regulasi pemerintah dan panas bumi no. 59/2007 tentang peraturan pemerintah Kegiatan usaha panas bumi no. 70/2010 adalah dasar dari pengembangan panas bumi Indonesia. 2. Peraturan Presiden no. 04/2010 Peraturan menteri no. 01/2012 Sebagai revisi dari peraturan menteri no. 15/2010 (tahap kedua dari crash program 10.000 MW) Dalam rangka untuk mempercepat pengembangan panas bumi 3. Kebijakan Harga 1. Keputusan Menteri ESDM no. 02/2011 tentang struktur harga panas bumi. Menteri memberikan kepastian pada harga listrik dari pembangkit listrik tenaga panas bumi: • Harga listrik sebagai hasil dari Tender Geothermal Working Area (GWA), adalah mewakili harga pembelian oleh PLN di dalam Power Purchase Agreement (PPA), yang bersifat final dan tidak dapat dinegosiasikan. • Plafon harga untuk energi panas bumi: US$ 9.7 cents/Kwh • Jika harga melebihi US$ 9.7 cents /KWh, maka diperlukan negosiasi antara kedua belah pihak. 2. Fiskal Insentif untuk pengembangan panas bumi (sesuai dengan keputusan pemerintah no. 62/2008 dan no. 1 /2007): • 30% dari pajak pendapatan perusahaan • 10% dari pajak nilai tambah yang dibayarkan oleh pemerintah • Pembebasan bea masuk untuk pengembang panas bumi • 25% per tahun depresiasi selama 8 tahun dengan metode saldo menurun ganda • Kredit pajak investasi 5 % per tahun untuk 6 tahun 3. Saat ini mekanisme dari feed in tariff untuk tiap2 GWA sedang dikembangkan oleh pemerintah dalam rangka untuk membuat bisnis panas bumi lebih atraktif untuk investor. 4. Akses ke sumber daya panas bumi untuk investor a. Pemerintah menawarkan preliminary survey assigment (survey pendahuluan) kepada pihak ke 3 (investor) yang menyediakan “first right refusal” b. Pemerintah menetapkan GWA baru dan kesempatan yang terbuka bagi investor untuk berpartisipasi dalam bisnis panas bumi melalui mekanisme tender GWAs 5. Untuk mempercepat proses tender baru GWA, kebijakan yang mengatur proses penawaran yang sedang direvisi untuk membuat tender lebih sederhana, transparan dan bankable 6. Berkoordinasi dengan semua pihak terkait untuk mempercepat dan menyederhanakan proses perizinan. 7. Terkait dengan isu-isu kehutanan, saat ini ESDM dan Departemen hutan telah menandatangani MoU mengenai percepatan izin pemanfaatan panas bumi dalam hutan produksi, hutan lindung, dan konservasi hutan. 8. Pemerintah telah mengeluarkan Keputusan Presiden yang menjamin dukungan untuk investasi dalam proyek infrastruktur panas bumi (PR no. 13/2010 jo PR no. 67/2005 dan PR no. 78/2010) dan keputusan menteri keuangan no. 139 /2011 (PMK no. 139/2011) yang menjamin kelayakan bisnis PT PLN untuk mengembangkan listrik dari energi terbarukan, batubara dan gas melalui kerja sama dengan Independent Power Producers (IPP).",13,kaskus,2013-04-03 09:12:35,Mengacu pada uu 27 2003 dan uu,Mengacu pada uu 27 2003 dan uu,[],['uu'],['uu'],['uu'],id,Mengacu pada UU no 27/2003 dan UU no.,506__13
1066,"wuisss...katanya mau mandiri, katanya mau swasembada segalanya, katanya nasionalis, katanya anti asing...kok segala macem masih impor?? :ngakaks akhirnya logika mengalahkan bacotan pepesan kosong.....kalau gitu kampanye yang lalu cuman ""tong kosong nyaring bunyinya"" dooong?? makanye dulu jangan suka menghina barang impor, sekarang?? masih tetep impor khan??.....:ngakaks",3,kaskus,2016-01-29 16:01:34,Masih tetap impor khan.,Masih tetap impor khan.,[],"['impor khan', 'khan']","['impor khan', 'khan']",['impor'],id,masih tetep impor khan??.....:ngakaks,1066__3
829,"Mungkin yang menganggap ini terlalu muluk karena capek dikasih janji terus. Apalagi untuk ketahanan energi kan butuh waktu dan biaya. Takutnya putus di tengah jalan, tau sendiri lah yg namanya putus ditengah jalan itu sakitnya ampe kesini :mewek",0,kaskus,2017-05-30 14:21:32,Mungkin yang menganggap ini terlalu muluk karena lelah dikasih janji terus.,Mungkin yang menganggap ini terlalu muluk karena lelah dikasih janji terus.,[],['janji'],['janji'],['janji'],id,Mungkin yang menganggap ini terlalu muluk karena capek dikasih janji terus.,829__0
383,"kalau masalah nyaman2an sih gw nyaman aja. Masalahnya naik mobil udah pasti macet, bisa berjam2. Kalau motor itu asap, gw nggak kuat sama asap jalanan Jakarta. Yg kurang itu halte dan stasiun. Karena sering kali kalau ngikutin jalur yg udah ada malah muter jadinya lebih lama.",0,reddit,2023,Kalau masalah nyaman2an sih saya nyaman saja.,Kalau masalah nyaman2an saya nyaman saja.,['sih'],"['masalah nyaman2an nyaman', 'nyaman2an']","['masalah nyaman2an nyaman', 'nyaman2an']","['nyaman2an nyaman', 'nyaman2an']",id,kalau masalah nyaman2an sih gw nyaman aja.,383__0
2407,"Menurut awak, ga begitu guna ngembangin geothermal sekarang kalo turbinnya aja masih impor dari luar. :D apalagi kondensat itu bikin blade turbinnya cepet rusak. semakin tinggi biaya operasi, semakin tinggi juga harga jual listrik ke PLN. dan PLN jual ke end user(konsumen) makin besar. :D solusi ya harus berani Pertamina dan PLN atau kontraktor2 punya anak perusahaan/vendor lokal sendiri. supaya listrik makin murah dan terjangkau masyarakat. IMHO",1,kaskus,2016-12-30 21:37:51,Di apalagi kondensat itu membuat blade turbinnya cepat rusak.,Di apalagi kondensat itu membuat blade turbinnya cepat rusak.,[],"['kondensat', 'blade turbin rusak', 'turbin', 'blade']","['kondensat', 'blade turbin rusak', 'turbin', 'blade']","['kondensat', 'blade turbin rusak', 'turbin', 'blade']",id,:D apalagi kondensat itu bikin blade turbinnya cepet rusak.,2407__1
1383,orang kita emang aneh listrik byarpet ribut tetapi membangun PLTN nggak mau...:ngakak kenapa nggak bikin yang skala besar sekalian..:D PLTN terapung mahal coy..:p kan kita dikasih reaktornya...:D v v v jangan dibuang ane saja masih mau kok..:D,0,kaskus,2014-01-06 04:06:22,Orang kita memang aneh listrik pemadaman ribut tetapi membangun pltn tidak mau. Kenapa tidak membuat yang skala besar sekalian. Di pltn terapung mahal coy. Kan kita dikasih reaktornya. Di v v v,Orang kita memang aneh listrik pemadaman ribut tetapi membangun pltn tidak mau. Kenapa tidak membuat yang skala besar sekalian. Di pltn terapung mahal coy. Kan kita dikasih reaktornya. Di v v v,[],"['Orang', 'listrik pemadaman', 'pemadaman ribut', 'ribut', 'pltn', 'skala besar', 'pltn terapung', 'terapung mahal', 'reaktor', 'v', 'skala']","['Orang', 'listrik pemadaman', 'pemadaman ribut', 'ribut', 'pltn', 'skala besar', 'pltn terapung', 'terapung mahal', 'reaktor', 'v', 'skala']","['listrik pemadaman', 'pemadaman ribut', 'ribut', 'pltn', 'skala', 'pltn terapung', 'terapung mahal', 'reaktor']",id,orang kita emang aneh listrik byarpet ribut tetapi membangun PLTN nggak mau...:ngakak kenapa nggak bikin yang skala besar sekalian..:D PLTN terapung mahal coy..:p kan kita dikasih reaktornya...:D v v v,1383__0
2060,"Teknologi energi nuklir sama seperti energi panas bumi, angin, surya, dll CAPEXnya besar sementara OPEXnya kecil. PLTN itu isi bahan bakarnya rata-rata antara 1,5 - 2 tahun sekali. Kalau berapa jumlah bahan bakar nuklirnya sekali isi, itu sangat bervariasi tergantung tipe PLTN-nya, tapi hitungannya itu antara 1-10 ton sekali isi, tergantung tipe dan besar PLTN. Akhirnya OPEXnya kecil. Soal kekhawatiran anda bahwa energi vital akan dikuasai sektor swasta, mmmm, maaf, relevansinya dengan energi nuklir apa? Kalau memang khawatir ya tinggal sarankan pemerintah bikin BUMN untuk PLTN. Kalau kita bisa dapat harga ekspor $6,75/MMbtu, itu sangat bagus, karena harga internasional gas bumi saat ini adalah sekitar $3/MMbtu. Soal kok bisa PLN Sumut bisa kena $13,9/MMbtu, itu kita tidak tahu. Saya juga heran kok bisa. Tapi ini tidak ada hubungannya dengan energi nuklir. Soal kenapa bisa ada selisih segitu harus ditanyakan ke PLN dan Pertamina, sebab kita yang di sini juga tidak tahu. Cadangan gas bumi kita yang 151 TCF itu sedikit. Cadangan gas bumi kita itu cuma 2% cari cadangan gas bumi dunia. Kita [U]bukan[/U] negara yang kaya energi fosil. Saya malah barusan baca Wamen ESDM Pak Arcandra yang bilang kalau [URL=""http://bisnis.liputan6.com/read/2899680/enam-fakta-migas-indonesia-yang-wajib-kamu-tahu""]cadangan terbukti itu cuma 101,2 TCF[/URL]. Kita juga tidak bisa sekadar membagi jumlah cadangan dengan produksi tahunan dan bilang cukup sekian tahun, karena kebutuhan kita itu meningkat pesat, sehingga produksi harus ngikut (atau kalau tidak bisa ikut, impor). Wamen ESDM itu sudah bilang kalau [URL=""http://bisniskeuangan.kompas.com/read/2017/03/13/141753826/arcandra.tahar.prediksi.indonesia.akan.impor.gas.pada.2019""]2019 itu kita bakal impor gas bumi[/URL]. Memang ada yang bilang 2024, ada yang bilang 2030. Tapi intinya sama saja. Kebutuhan besar, produksi tidak bisa ngikut, impor. Atau kalau produksi digenjot, maka cadangan bakal lebih cepat habis, habis itu impor.",22,kaskus,2017-03-31 22:32:11,"Kebutuhan besar, produksi tidak bisa ngikut, impor.","Kebutuhan besar, produksi tidak bisa ngikut, impor.",[],"['Kebutuhan besar', 'produksi', 'impor']","['Kebutuhan besar', 'produksi', 'impor']","['kebutuhan', 'produksi', 'impor']",id,"Kebutuhan besar, produksi tidak bisa ngikut, impor.",2060__22
2333,di indonesia khan banyak panas bumi kenapa gak di manfaatin yaa.. kalo untuk nuklir asal bukan daerah yang rawan gempa tidak masalah,1,kaskus,2017-03-09 19:55:16,Kalau untuk nuklir asal bukan daerah yang rawan gempa tidak masalah,Kalau untuk nuklir asal bukan daerah yang rawan gempa tidak masalah,[],"['nuklir', 'daerah gempa', 'rawan gempa masalah', 'masalah']","['nuklir', 'daerah gempa', 'rawan gempa masalah', 'masalah']","['nuklir', 'daerah gempa', 'rawan gempa']",id,kalo untuk nuklir asal bukan daerah yang rawan gempa tidak masalah,2333__1
1441,"yang penting dicari lokasi yang resiko gempanya paling kecil di Sumatra, walau memang gak mudah tapi pastinya ada kan?",0,kaskus,2013-12-03 12:14:32,"Yang penting dicari lokasi yang resiko gempanya paling kecil di sumatera, walau memang tidak mudah tapi pastinya ada kan?","Yang penting dicari lokasi yang resiko gempanya paling kecil di sumatera, walau memang tidak mudah tapi pastinya ada kan?",[],"['lokasi', 'resiko gempa kecil', 'gempa', 'sumatera']","['lokasi', 'resiko gempa kecil', 'gempa', 'sumatera']","['lokasi', 'resiko gempa', 'gempa', 'sumatera']",id,"yang penting dicari lokasi yang resiko gempanya paling kecil di Sumatra, walau memang gak mudah tapi pastinya ada kan?",1441__0
2106,"Ya jelas kebanyakan perumahan diisi indihome, lha dia yang modalnya paling kuat jaringannya juga lebih lama ada. Yang harus dilihat apa yang akan terjadi kalo gak ada saingan dari ISP lain ... bakalan kayak telkom zaman orba, jumlah sambungan dibatasi sehingga kalo mau pasang internet mesti nyembah-nyembah orang telkom, ngasih duit ""rokok"" beberapa juta batang supaya dapat jatah sambungan, tiap bulan bayarnya ngantre kayak orang gak ada kerjaan lain, tarifnya juga paling mahal sedunia ... Walaupun para pesaing itu kecil, tapi bisa membuat telkom cukup kuatir sehingga tingkahnya agak mendingan saat ini. Tentunya keberadaan pesaing harus yang benar-benar diperbolehkan bersaing kapan pun dan di mana pun. Kalo pesaingnya dijatah cuma di satu daerah ya sama saja dengan yang terjadi di air minum Jakarta .. gak kuatir wilayahnya diserbu, blangsak diteruskan ... Loe baca artikel di mises, model regulasi dan penetapan harga adalah solusi tambal sulam akibat konsekuensi dari pemaksaan natural monopoly, dan walaupun di atas kertas dibilang demi konsumen, tapi di belakang panggung sejatinya adalah menjamin keuntungan bagi pemegang monopoli. Padahal selama puluhan tahun sebelumnya tidak diperlukan adanya campur tangan pemerintah untuk menetapkan harga dan harganya tidak jauh berbeda dengan wilayah-wilayah yang harganya ditetapkan oleh pemerintah. Yang berbeda adalah konsumen benar-benar dilindungi dalam masalah harga dan pelayanan. Bukan oleh perusahaan yang memberikan layanan (gak bakalan mungkin terjadi) tapi oleh perusahaan pesaingnya. Masih belum bisa dijadikan pedoman. Yang di Kalifornia juga memakai cara yang sama, sering black out. Yang menjadi kendala adalah kalo pemilik jaringan (yang merupakan monopoli) merasa keuntungannya kurang, maka ia bisa menekan ke dua pihak, produsen dan konsumen. Bukankah itu sama dengan yang terjadi pada agan solenoprime di atas. Tentu saja dia cerita dari sisi pln, bagaimana dengan cerita dari sisi produsennya? Hal tersebut bisa dihindari kalo jaringan distribusi tidak dimonopoli, dan dengan demikian pln (yup, kalo ada pertengkaran antara pemegang monopoli dan kliennya, gw yakin kalo 99% biang keladinya adalah pemegang monopoli) tidak bisa seenaknya memaksa produsen memasok listrik dengan harga yang terlalu rendah. Perusahaan mana yang dengan sukarela merusak peralatannya sendiri? Perusahaan yang sudah patah arang berurusan dengan monopoli. btw, itu contoh nyata? Soalnya kalo di tempat gw, first media dan telkom masuk, sedangkan mnc play memang cuma sampe di rw tetangga, belum masuk, myrepublic malah cuma sampe kelurahan sebelah. Di rumah adik gw indihome - first media - mnc play sudah masuk juga .. myrepublic masih sibuk di jalan besar luar kampung. Jadi tidak ada monopoli isp. setidaknya di kampung gw dan di kampung adik gw (satu kota beda kecamatan:hammers)",15,kaskus,2017-03-14 10:25:55,Masih belum bisa dijadikan pedoman.,Masih belum bisa dijadikan pedoman.,[],['pedoman'],['pedoman'],['pedoman'],id,Masih belum bisa dijadikan pedoman.,2106__15
1911,hmm.. ane rasa pltn masih cukup berbahaya jika ada di negaranya.... karena di negara kita ini masih kurang penguasaan tehnologi dan kualitas SDA nya :) hmm...,0,kaskus,2012-10-13 17:56:28,Saya rasa pltn masih cukup berbahaya jika ada di negaranya.,Saya rasa pltn masih cukup berbahaya jika ada di negaranya.,[],"['rasa pltn', 'pltn', 'negara']","['rasa pltn', 'pltn', 'negara']","['pltn', 'negara']",id,ane rasa pltn masih cukup berbahaya jika ada di negaranya....,1911__0
2093,"nek cuma takok tok wes tahu, jarene yo ngono iku nek wong ireng ketemu karo wong ireng :toast",0,kaskus,2017-03-15 14:40:25,"Nek cuma takok tok wes tahu, jarene yo ngono iku nek orang ireng ketemu karo orang ireng","Nek cuma takok tok wes tahu, jarene yo ngono iku nek orang ireng ketemu karo orang ireng",[],"['Nek', 'tok wes', 'wes', 'jarene', 'yo', 'ngono', 'iku nek', 'nek orang', 'orang ireng', 'ireng', 'karo orang', 'tok', 'karo']","['Nek', 'tok wes', 'wes', 'jarene', 'yo', 'ngono', 'iku nek', 'nek orang', 'orang ireng', 'ireng', 'karo orang', 'tok', 'karo']","['nek', 'tok', 'jarene', 'yo', 'ngono', 'iku nek', 'ireng', 'karo']",id,"nek cuma takok tok wes tahu, jarene yo ngono iku nek wong ireng ketemu karo wong ireng :toast",2093__0
2050,"Memang pemanfaatan energi terbarukan di Indonesia itu kurang. Tapi itu sebenarnya hal yang sebenarnya tidak begitu terkait dengan energi nuklir. Mau energi terbarukan dimanfaatkan maksimal juga kagak bakal bisa memenuhi kebutuhan kita, karena jumlah penduduk kita itu 250 juta jiwa yang akan menembus 300 juta jiwa bahkan 320 juta jiwa sebelum stabil. Dan kita berusaha mengejar tingkat penghasilan per kapita yang tinggi. Untuk bisa menggapai itu untuk seluruh rakyat Indonesia, industri dan bisnis harus dimaksimalkan, dan itu bakal perlu energi buanyak pol. Nah, untuk industri dan bisnis itu, potensi energi terbarukan kita yang stabil itu gak cukup. Geothermal itu 30000 MW. Kita lihat kayaknya besar. Katanya nomor satu di dunia, tapi kebutuhan kita itu di tahun 2050 itu 10x lipatnya. Hidro ingat saya 95 GW. Besar, tapi tetap kurang. Sumber lain seperti sinar matahari atau angin memang ada, tapi sifat mereka yang kadang ada kadang tidak ada itu bikin mereka tidak cocok untuk industri. Kalau ini mau dimitigasi, harus dibikinkan penyimpanan, tapi amdalnya gimana? Biaya berapa? Yang umum dilakukan itu energi terbarukan yang sifatnya tersela begitu digabung dengan sumber energi yang sifatnya stabil. Nah, di kasus Jerman itu ternyata sumber energi yang dipakai itu batubara dan gas. Itu yang sama dic.thorium dibilang fraud. Katanya prihatin dengan perubahan iklim dan mau melindungi lingkungan kok malah batubara yang dipiara. Buat Indonesia, saya mendukung energi nuklir untuk menggantikan batubara dan gas. Jadi kalau dibilang mikrohidro gak maksimal, ya memang, tapi nuklir tidak bakal mengusik mikrohidro. Toh desa yang make mikrohidro gak bakal makai nuklir. Begitu juga dengan Solar Home System. Itu kan biasa dipakai di tempat yang belum ada jaringan listrik. Tempat gitu kan kebutuhan listriknya kecil, tidak cocok untuk dibangun PLTN. Jadi ya silahkan saja energi terbarukan jalan bersama dengan energi nuklir. Mereka itu saling melengkapi. Mari maksimalkan energi terbarukan, tapi mari juga maksimalkan energi baru dari nuklir. Kan namanya EBT. Energi baru terbarukan.",29,kaskus,2017-05-03 12:16:27,"Mari maksimalkan energi terbarukan, tapi mari juga maksimalkan energi baru dari nuklir.","Mari maksimalkan energi terbarukan, tapi mari juga maksimalkan energi baru dari nuklir.",[],"['energi terbarukan', 'energi baru', 'nuklir', 'energi']","['energi terbarukan', 'energi baru', 'nuklir', 'energi']","['energi terbarukan', 'energi', 'nuklir']",id,"Mari maksimalkan energi terbarukan, tapi mari juga maksimalkan energi baru dari nuklir.",2050__29
2120,"Bukan alasan ideologi, tapi seperti yang gw bahas sebelumnya, terdapat bukti sejarah. Sepanjang abad 19 terjadi persaingan antara puluhan, bukan cuma dua atau tiga tapi puluhan, perusahaan energi yang waktu itu meliputi perusahaan gas dan perusahaan listrik, yang bersaing dalam satu kota. Dan tidak ada yang bilang kalo natural monopoli harus ada atau diperlukan keberadaannya. Baru setelah masuk ke abad 20, dengan munculnya fasisme dan komunisme, maka pemerintah dan kroninya mendapat banyak ide baru untuk menyingkirkan persaingan dan memaksakan natural monopoli kepada masyarakat. Pada abad 19, tidak ada pembedaan antara produsen dan distributor dalam jaringan listrik. Kalo agan punya perusahaan listrik, agan harus bikin sendiri jaringan agan, karena kalo agan pake jaringan perusahaan lain, bakalan sukar laku karena harganya jadi mahal kena ongkos sewa jaringan. Pemisahan antara produsen dan distributor listrik adalah fenomena baru pasca keruntuhan komunisme di mana timbul tuntutan untuk deregulasi terhadap berbagai monopoli. Di Amerika Serikat, baru tahun 1992 dipisahkan antara produsen dan distributor (Indonesia beberapa tahun kemudian juga ikut menggunakan model tersebut), di mana perusahaan produsen bisa masuk ke berbagai jaringan yang sudah ada tapi distribusi tetap dipertahankan menjadi monopoli di wilayahnya masing-masing dengan menggunakan argumen natural monopoli seperti yang digunakan oleh pak tonny. Artinya separuh dari argumen yang menyarankan natural monopoli sudah dimentahkan oleh situasi di real life. atau dikembalikan ke model awal saja, produsen sekaligus menangani distribusi ................................... :ngacir:",13,kaskus,2017-03-13 08:58:47,Artinya separuh dari argumen yang menyarankan natural monopoli sudah dimentahkan oleh situasi di real life.,Artinya separuh dari argumen yang menyarankan natural monopoli sudah dimentahkan oleh situasi di real life.,[],"['Arti separuh', 'argumen', 'monopoli', 'situasi', 'real', 'life', 'Arti']","['Arti separuh', 'argumen', 'monopoli', 'situasi', 'real', 'life', 'Arti']","['arti separuh', 'argumen', 'monopoli', 'situasi', 'real', 'life', 'arti']",id,Artinya separuh dari argumen yang menyarankan natural monopoli sudah dimentahkan oleh situasi di real life.,2120__13
717,"trus kalo udah bayar, lu bersihinnya gimana? dengan deforestasi? :lehuga atau duitnya buat bayarin pegawai kemenkeu?gaji ditinggi tinggin tapi masih korupsi 😊",1,kaskus,2021-11-17 09:19:09,Dengan deforestasi?,Dengan deforestasi?,[],['deforestasi'],['deforestasi'],['deforestasi'],id,dengan deforestasi?,717__1
1509,"Alasan yang gak logis kalo hanya karena, melimpahnya Uranium dan Plutonium lalu PLTN dibangun di Babel, emang sebanyak apa sih material yang dibutuhkan untuk PLTN. kalo menurut aku alasan yang paling logis untuk membangun PLTN disuatu daerah adalah tingkat kerawanan bencana di daerah itu khususnya Gempa Bumi",2,kaskus,2013-07-30 14:11:03,Kalau menurut aku alasan yang paling logis untuk membangun pltn disuatu daerah adalah tingkat kerawanan bencana di daerah itu khususnya gempa bumi,Kalau menurut aku alasan yang paling logis untuk membangun pltn disuatu daerah adalah tingkat kerawanan bencana di daerah itu khususnya gempa bumi,[],"['alasan', 'pltn', 'daerah', 'tingkat kerawanan', 'kerawanan bencana', 'bencana', 'gempa bumi', 'bumi']","['alasan', 'pltn', 'daerah', 'tingkat kerawanan', 'kerawanan bencana', 'bencana', 'gempa bumi', 'bumi']","['alasan', 'pltn', 'daerah', 'tingkat kerawanan', 'kerawanan bencana', 'bencana', 'gempa bumi', 'bumi']",id,kalo menurut aku alasan yang paling logis untuk membangun PLTN disuatu daerah adalah tingkat kerawanan bencana di daerah itu khususnya Gempa Bumi,1509__2
847,"Lip service sudah, kalau ada kepentingan gak usah bohong, gak usah juga menjilat, hari ini hijau besok pelangi. :beer: Embrace the global warming embrace the accelerationism. :linux2:",1,kaskus,2022-06-07 11:30:46,Embrace global warming embrace accelerationism.,Embrace global warming embrace accelerationism.,[],"['Embrace', 'global', 'warming', 'accelerationism']","['Embrace', 'global', 'warming', 'accelerationism']","['embrace', 'global', 'warming', 'accelerationism']",id,:beer: Embrace the global warming embrace the accelerationism.,847__1
2210,"Ok, gw gak tahu situasinya di manila bagaimana :hammer tapi yang gw baca dari beberapa artikel di internet, seluruh filipina dibagi dalam wilayah ""franchise"" dan kongres filipina memiliki kekuasaan untuk mengalokasikan wilayah franchise itu, dengan kata lain menggunakan alasan natural monopoli untuk mengenyahkan persaingan (persaingan sih, masih ada ... dalam hal menyogok anggota kongres :hammers) Mmm .. kalo gw baca di wikipedia kok katanya swastanisasi British Railway hasilnya kebanyakan positif :bingung Zaman selalu berubah, sekarang sudah banyak jalan raya dan bus yang melayani transportasi hingga ke pelosok, maka kalo kereta api tidak mampu dan tidak mau melayani, kenapa harus dipaksakan? Inilah salah satu contoh tidak efisiennya bumn/bumd ... memaksakan suatu layanan yang sudah ada penggantinya yang lebih layak, dengan akibat perusahaan tersebut berkurang kemampuannya mengikuti perkembangan teknologi dan pergeseran pasar karena banyak dananya yang (kalo gak dikorupsi) digunakan untuk membiayai layanan yang merugi. Dan persilahkanlah pakai genset. Lebih mahal? Memang. Aturan dari mana bahwa listrik seluruh Indonesia harus sama harganya? Itulah yang membuat PLN tidak efisien dan penetrasi jaringan listrik berjalan sangat lambat. Kita bicara soal telepon, bukan cuma telepon kabel. Peduli amat mau pake kabel atau pake gelombang selular, yang dibutuhkan oleh konsumen adalah sarana komunikasi. Sama seperti kalo kita lapar, memangnya menolak kalo ada yang traktir burger karena kita kepingin pizza? Mengapa harus pake ""tesla tower""? Pak Tony bisa lihat sendiri bahwa ada dua jenis tiang yang menancap di pinggir jalan ... tiang telkom dan tiang pln. Selain peraturan pemerintah, apa halangannya kalo tiang telkom juga menyalurkan listrik dan tiang pln juga melayani telepon? Apa juga halangannya kalo perusahaan listrik baru menyalurkan lewat bawah tanah? Peraturan pemerintah. Kita membaca buku yang berbeda. Keberadaan natural monopoly cuma dipercayai oleh ekonom yang beraliran sosialisme. Coba google ""mises natural monopoly"" untuk mencari tahu mengapa natural monopoly dianggap hoax oleh ekonom yang tidak beraliran sosialisme. Memang begitu. Karena telkom tidak membuat tiangnya dengan spesifikasi yang sama dengan pln. Tapi sebagai pemegang izin menancapkan tiang di tempat tersebut, telkom bisa saja melakukan peningkatan spesifikasi tiangnya agar juga bisa menyalurkan listrik. Mengapa tidak dilakukan? Peraturan pemerintah. OK, mengenai distribusi listrik sepertinya belum ada yang menerapkan persaingan. Tapi alasannya bukan karena tidak mungkin. Alasannya adalah peraturan pemerintah. Secara teknis, keberadaan dua, tiga, atau sepuluh kabel yang menyalurkan listrik ke suatu wilayah bukan sesuatu yang mustahil dilakukan. Yang menghalangi adalah kekolotan birokrasi. Quote dari website Mises ini mungkin bisa memberikan gambaran ..",27,kaskus,2017-03-10 09:53:23,"Tapi sebagai pemegang izin menancapkan tiang di tempat tersebut, telkom bisa saja melakukan peningkatan spesifikasi tiangnya agar juga bisa menyalurkan listrik.","Tapi sebagai pemegang izin menancapkan tiang di tempat tersebut, telkom bisa saja melakukan peningkatan spesifikasi tiangnya agar juga bisa menyalurkan listrik.",[],"['pemegang izin', 'izin', 'tiang', 'tempat', 'telkom', 'peningkatan spesifikasi', 'spesifikasi tiang', 'listrik', 'pemegang', 'peningkatan']","['pemegang izin', 'izin', 'tiang', 'tempat', 'telkom', 'peningkatan spesifikasi', 'spesifikasi tiang', 'listrik', 'pemegang', 'peningkatan']","['pemegang izin', 'izin', 'tiang', 'telkom', 'peningkatan spesifikasi', 'spesifikasi tiang', 'listrik', 'pemegang', 'peningkatan']",id,"Tapi sebagai pemegang izin menancapkan tiang di tempat tersebut, telkom bisa saja melakukan peningkatan spesifikasi tiangnya agar juga bisa menyalurkan listrik.",2210__27
1665,"[SPOILER=Jepang Ingatkan Indonesia Soal Reaktor Nuklir] KBR68H – Sejumlah ahli di Jepang mengingatkan Indonesia tentang rencana penggunaan energi nuklir. Sebagai negara kepulauan, Indonesia rawan terhadap bencana alam sehingga akan membahayakan pembangkit tenaga nuklir. Ahli nuklir Heizo Takenaka dan Yoichi Funabashi mengatakan, Jepang yang sudah mempunyai teknologi lebih canggih dibandingkan Indonesia juga masih bermasalah dengan bencana alam. Tahun lalu, Tsunami melanda Jepang dan membuat pembangkit nuklir di Fukushima bocor. Takenaka mengatakan, rencana Indonesia menggunakan nuklir sangat berbahaya karena negeri itu berada di Lingkaran Api di Pasifik. Ini membuat Indonesia rentan terhadap bencana. Dampak dari radiasi akan berlangsung lebih lama, karena itu harus ada pertimbangan khusus sebelum pemerintah Indonesia memutuskan membangun reaktot nuklir. Selain itu, Indonesia juga harus memikirkan biaya, keamanan dan juga restorasi apabila terjadi bencana. Menurut Takenakan, pembangunan reaktor nuklir memerlukaj biaya yang sangat banyak dan sangat menghabiskan waktu. (Asiaone)[/SPOILER] [SPOILER=Ratusan PLTN Eropa bermasalah]Ratusan masalah ditemukan di pembangkit nuklir Eropa yang membutuhkan perbaikan senilai 25 miliar euro. Dalam sebuah daftar laporan yang bocor ke media disebutkan bahwa pemeriksaan dilakukan pasca bencana nuklir Fukushima, Jepang, dengan tujuan menilai bagaimana pembangkit nuklir Eropa bisa mengatasi keadaan darurat. Laporan akhir Komisi Pemeriksaan Uni Eropa yang akan diterbitkan pada Kamis (04/10), menyatakan hampir sekitar 143 pembangkit nuklir Uni Eropa butuh perbaikan. Sementara kelompok anti-nuklir menyatakan peringatan dari laporan tersebut tidak akan berjalan jauh. Badan keamanan nuklir Eropa mendesak Komisi Pemeriksaan tidak menggunakan bahasa yang bisa merusak kepercayaan publik. Kegagalan Prancis Beberapa kata dalam laporan mungkin akan diubah sebelum versi akhir akan dipublikasikan Kamis nanti. Dalam laporan disebutkan bahwa di Uni Eropa ada 47 PLTN dengan 111 reaktor yang berlokasi di sekitar pemukiman 100.000 penduduk dalam radius 30km. ""Atas dasar hasil uji tekanan, praktis semua PLTN butuh perbaikan keamanan"" ""Atas dasar hasil uji tekanan, praktis semua PLTN butuh perbaikan keamanan,'' kata bocoran laporan tersebut. ""Menyusul kecelakaan di Pulau Three Mile dan Chernobyl, kebijakan mendesak untuk melindungi PLTN disepakati. Tetapi uji tekanan menunjukkan bahkan pada hari ini, pelaksanaannya masih ditunda di sejumlah negara anggota.'' Empat reaktor di dua negara yang dirahasiakan membutuhkan waktu kurang dari sejam untuk mengembalikan fungsi keamanan jika kehilangan tenaga listrik, demikian tambah laporan itu. Di Prancis, produsen tenaga nuklir terbesar Eropa yang bergantung pada 58 reaktor nuklir untuk 80% kebutuhan listik, ditemukan adanya kegagalan yang ditemukan di semua 58 reaktor nuklir. Awal bulan ini, sebuah ledakan melukai dua orang di PLTN Fessenheim di timur Prancis - salah satu reaktor tertua negara ini yang sering menjadi target protes anti nuklir-. Fessenheim, dekat perbatasan Prancis dengan Jerman dan Swiss, dibuka tahun 1977 dan mengambil air untuk pendinginan dari sungai Rhine, tetapi lokasinya dikritik pegiat rentan aktifitas gempa dan banjir. Kerusakan juga dilaporkan terjadi di pembangkit nuklir di Inggris. Kebanyakan PLTN di Inggris disebutkan kurang memiliki ruang pengawas alternatif darurat yang digunakan jika ruang utama terkontaminasi radiasi tinggi. Namun Departemen Energy mengatakan tidak ada bukti bahwa fasilitas nuklir mereka tidak aman. ""Bagaimanapun, pemerintah berkomitmen untuk melakukan perbaikan terus menerus,'' kata juru bicara kepada BBC. ""Kami bekerja erat dengan Kantor Pengaturan Nuklir untuk menjamin bahwa operator menjalankan semua situs pembangkit dengan peraturan Inggris yang ketat, yang mengharuskan operator untuk mengambil semua langkah praktis untuk mengurangi risiko dan mencari perbaikan terus menerus untuk keselamatan."" Desakan penutupan Pegiat mendesak agar PLTN bermasalah ditutup, seperti yang terletak di perbatasan Prancis-Jerman. Di saat uji tekanan menemukan adanya kekurangan di banyak reaktor nuklir Eropa, para pegiat mengatakan bahwa laporan ini gagal untuk menyampaikan resiko dalam isu penting, seperti teknologi yang termakan usia, serangan teroris atau kesalahan manusia. ""Jika uji tekanan dilakukan serius, Komisi semestinya merekomendasikan penutupan reaktor yang tidak aman dan tua,'' kata Rebecca Harms, wakil presiden Aliansi Eropa Hijau di Parlemen Eropa. ""Setidaknya, Komisi semestinya menekan pada kekurangan keselamatan yang teridentifikasi di dalam laporan untuk diperbaiki.'' Pada Juni, semua 143 PLTN di Uni Eropa harus kembali dinilai dengan menggunakan kriteria yang meliputi bencana alam dan kesalahan manusia. [B]Sejumlah pemerintah telah mengkaji ulang strategi energi nuklir mereka setelah terjadi bencana Fukushima tahun lalu, dengan Jerman memutuskan untuk meninggalkan energi nuklir untuk teknologi hijau dan gas bersih dan pembangkit batubara pada tahun 2022.[/B] Yang lainnya seperti Prancis, meningkatkan investasi dalam pembangkit nuklir sejak melelehnya PLTN Fukushima. Sistem pendingin PLTN Fukushima Daiichi rusak akibat gempa dan tsunami 11 Maret 2011 di Jepang. Bencana alam itu menyebabkan tiga reaktornya meleleh.[/SPOILER] terlepas dr pro kontra di indonesia, ane setuju di adakannya referendum nasional terkait NUKLIR nasional, biar sama2 punya tanggung jawab moral [size=""6""]Pemerintah Diminta Gelar Referendum Soal PLTN[/size] [B][/B] KBR68H, Jakarta - Pemerintah disarankan menggelar jajak pendapat atau referendum nasional terkait rencana pembangunan Pembangkit Listrik Tenaga Nuklir (PLTN). Bekas Menteri Lingkungan Hidup Sonny Keraf mengatakan langkah itu harus diambil jika pemerintah tetap ngotot meneruskan rencana pembangunan PLTN. Pasalnya, dia khawatir PLTN dapat berdampak buruk akibat terjadi kebocoran radiasi nuklir seperti di Jepang. ""Dampaknya kan luas. Kalau hanya dampak fisik, orang yang jauh dari lokasi PLTN mungkin tidak terdampak langsung. Tapi secara psikologis, orang akan ketakutan. Secara ekonomi, juga akan mengganggu perekonomian secara nasional. Produk ekspor kita, misalnya, Siapa yang bisa menggaransi pembeli dari luar percaya produk kita tidak terkontaminasi (radiasi nuklir -red)"" Bekas Menteri Lingkungan Hidup Sonny Keraf menambahkan referendum PLTN pernah dilakukan oleh Italia pasca terjadinya krisis nuklir Jepang. Hasilnya, mayoritas warga Italia menolak penggunaan PLTN. Sebanyak lima daerah di Indonesia direncanakan bakal dibangun PLTN. Daerah itu yakni Bangka Belitung, Madura, Sulawesi Selatan, Kalimantan Selatan, dan Jepara di Jawa Tengah. Penolakan terhadap PLTN paling kencang disuarakan masyarakat Jepara dan Bangka Belitung.",21,kaskus,2012-10-24 12:34:51,"Awal bulan ini, sebuah ledakan melukai dua orang di pltn fessenheim di timur perancis - salah satu reaktor tertua negara ini yang sering menjadi target protes anti nuklir-.","Awal bulan ini, sebuah ledakan melukai dua orang di pltn fessenheim di timur perancis - salah satu reaktor tertua negara ini yang sering menjadi target protes anti nuklir-.",[],"['Awal bulan', 'ledakan', 'orang', 'pltn fessenheim', 'fessenheim', 'timur', 'perancis', 'reaktor tertua negara', 'negara', 'target protes', 'protes anti nuklir-', 'nuklir-', 'bulan', 'target']","['Awal bulan', 'ledakan', 'orang', 'pltn fessenheim', 'fessenheim', 'timur', 'perancis', 'reaktor tertua negara', 'negara', 'target protes', 'protes anti nuklir-', 'nuklir-', 'bulan', 'target']","['ledakan', 'pltn fessenheim', 'fessenheim', 'timur', 'perancis', 'reaktor tertua negara', 'negara', 'target protes', 'protes anti nuklir', 'nuklir', 'target']",id,"Awal bulan ini, sebuah ledakan melukai dua orang di PLTN Fessenheim di timur Prancis - salah satu reaktor tertua negara ini yang sering menjadi target protes anti nuklir-.",1665__21
419,"hehehe nuhun gan affu, boleh juga usulnya. hari ini ane nulis tentang Potong 10% nih gan, kampanye hemat energi dari ESDM, Kurleb isinya Rasanya pada 13 hari pertama #15HariCeritaEnergi ini, saya hanya bercerita tentang energi terbarukan khususnya pembangkit listrik tenaga surya, mikrohidro, angin, dan baru sekali menyinggung energi baru. Saya takut bercerita dan membagi informasi tentang bukan hal yang saya mengerti seperti bioenergi atau pun panas bumi. Satu komponen lainnya dari kerja nya menyelamatkan negara dari krisis listrik dan bumi dari penuan adalah konservasi energi. Meski tidak terlalu memahami subsektor ini karena memang sehari-harinya saya bekerja pada subsektor lainnya di sektor EBTKE ini, saya bangga untuk berkampenya program ini sebisa saya. Seperti memakai simbol ini ketika mengikuti lomba lari, rekan-rekan dapat melihat koleksi saya berkampenya Potong 10% ini pada akun facebook saya di tautan ini. Yang mengatur, membina, dan mengawas kegiatan konservasi dan penghematan energi di Indonesia adalah Direktorat Konservasi Energi, Direktorat Jenderal EBTKE, Kementerian ESDM dengan dipimpin seorang pejabat tinggi madya. Jika rekan-rekan masih asing dengan kata-kata konservasi dari pada penghematan, sedikit saya ingatkan kembali bahwa berdasarkan Peraturan Pemerintah Nomor 79 Tahun 2014, Konservasi Energi adalah upaya sistematis, terencana, dan terpadu guna melestarikan Sumber Daya Energi dalam negeri serta meningkatkan efisiensi pemanfaatannya. Konservasi Energi dilakukan baik dari sisi hulu sampai hilir, meliputi pengelolaan Sumber Daya Energi dan seluruh tahapan eksplorasi, produksi, transportasi, distribusi, dan pemanfaatan Energi dan Sumber Energi. Pada PP tersebut juga disebutkan bahwa pemerintah dan pemerintah daerah sesuai dengan kewenangannya menetapkan pedoman dan penerapan kebijakan Konservasi Energi khususnya di bidang hemat Energi, paling sedikit meliputi: a. kewajiban standardisasi dan labelisasi semua peralatan pengguna Energi; b. kewajiban manajemen Energi termasuk audit Energi bagi pengguna Energi; c. kewajiban penggunaan teknologi pembangkit listrik dan peralatan konversi Energi yang efisien; d. sosialisasi budaya hemat Energi; e. mewujudkan iklim usaha bagi berkembangnya usaha jasa Energi sebagai investor dan penyedia Energi secara hemat; f. mempercepat penerapan dan/atau pengalihan ke sistem transportasi massal, baik transportasi perkotaan maupun antar kota yang efisien; g. mempercepat penerapan jalan berbayar (electronic road pricing) untuk mengurangi kemacetan yang ditimbulkan oleh kendaraan pribadi; dan h. penetapan target konsumsi bahan bakar di sektor transportasi dilakukan secara terukur dan bertahap untuk peningkatan efisiensi. Maka demi memenuhi amanat rakyat, Direktorat Konservasi Energi menetapkan sebuah program Potong 10%. Menurut Menteri ESDM 2014-2016, Bapak Sudirman Said, yang menjadi salah satu inisiator kampanye ini lengkapnya ada di [url]https://ridhoarisyadi.wordpress.com/2017/08/30/15hariceritaenergi-potong10-saya-hemat-energi-14/[/url] Nuhun",21,kaskus,2017-08-30 16:48:50,"Maka demi memenuhi amanat rakyat, direktorat konservasi energi menetapkan sebuah program potong 10","Maka demi memenuhi amanat rakyat, direktorat konservasi energi menetapkan sebuah program potong 10",[],"['amanat rakyat', 'rakyat', 'direktorat konservasi', 'konservasi energi', 'energi', 'program potong', 'potong', 'amanat', 'direktorat', 'program']","['amanat rakyat', 'rakyat', 'direktorat konservasi', 'konservasi energi', 'energi', 'program potong', 'potong', 'amanat', 'direktorat', 'program']","['amanat rakyat', 'rakyat', 'direktorat konservasi', 'konservasi energi', 'energi', 'program potong', 'potong', 'amanat', 'direktorat', 'program']",id,"Maka demi memenuhi amanat rakyat, Direktorat Konservasi Energi menetapkan sebuah program Potong 10%.",419__21
1457,"ngaco... :nohope: Iran yg dipermasalahkan itu proses PENGAYAANNYA bukan PLTN nya :p karna klau menguasai Iptek Pengayaan ya bisa bikin buat bahan baku PLTN (2-20% saja) atau buat Bom Nuklir (80-90%) :army lah selama ini juga limbahnya dikubur kok di.... SERPONG (jadi area penguburan limbah Radioactive bekas medis dan 3 reaktor lain di seluruh Indo sejak 1987) :p tapi sampai kini tuh daerah AMAN aja, bahkan harganya kian melambung kini :ngakaks",1,kaskus,2013-12-03 11:04:19,Pltn 2-20 saja atau buat bom nuklir 80-90 lah selama ini juga limbahnya dikubur kok di.,Pltn 2-20 saja atau buat bom nuklir 80-90 selama ini juga limbahnya dikubur kok di.,['lah'],"['Pltn', 'bom nuklir', 'nuklir', 'limbah']","['Pltn', 'bom nuklir', 'nuklir', 'limbah']","['pltn', 'bom nuklir', 'nuklir', 'limbah']",id,PLTN (2-20% saja) atau buat Bom Nuklir (80-90%) :army lah selama ini juga limbahnya dikubur kok di....,1457__1
6,"Large scale storage belum ada bro. Kalau pakai lithium mahal minta ampun. Tapi emang byk yg lagi dikembangin, kaya liquid metal battery. Semoga aja ada yg beneran jadi secepatnya.",3,reddit,2022,Semoga saja ada yang yakin jadi secepatnya.,Semoga saja ada yang yakin jadi secepatnya.,[],[],[],[],none,Semoga aja ada yg beneran jadi secepatnya.,6__3
2347,"Ente kacung nya bos minyak ya? Takut kalo minyak bakalan ga laku ya? Post ente lah yg total fraud. Energi terbarukan adalah solusi untuk masa depan, sekarang sedang pengembangan, wajar saja belum sempurna.",2,kaskus,2017-03-09 19:39:19,Post kamu lah yang total fraud.,Post kamu yang total fraud.,['lah'],"['Post', 'fraud']","['Post', 'fraud']","['post', 'fraud']",id,Post ente lah yg total fraud.,2347__2
833,"(Berita Daerah – Nasional) Asosiasi Pemerintah Kabupaten Seluruh Indonesia (APKASI) menggelar kembali Apkasi Trade and International Summit (AITIS) 2014, setelah sukses di AITIS 2013. AITIS 2014 yang telah digelar pada tanggal 14-17 April 2014 bertempat di Jakarta International Expo (JIE), Kemayoran-Jakarta ini akan menjadi ajang promosi unggulan daerah yang ditunggu kehadirannya oleh daerah maupun para investor dari dalam dan luar negeri. AITIS 2014 yang dihadiri oleh Menteri Koordinator Bidang Perekonomian Hatta Rajasa, Menteri Dalam Negeri Gamawan Fauzi, Menteri Pertanian Suswono, Wakil Menteri ESDM Susilo Siswoutomo, Kepala BKPM Mahendra Siregar, Ketua Umum Apksai Isran Noor, serta para Gubernur dan Bupati dari seluruh Indonesia. AITIS 2014 diikuti 176 Kabupaten, 10 Provinsi, 25 Pemerintah Kota, 15 Kementerian, 30 BUMN serta pihak swasta. Ketua Apkasi Isran Noor mengatakan sanggat percaya bahwa potensi potensi yang ada didaerah, sumber sumber perekonomian negara mampu memberikan dampak positif bagi perekonomian Indonesia. Namun hal itu tidak akan memberikan dampak apabila dikelola dikembangkan secara bersama sama oleh masyarakat yang ada didaerah, pemerintah daerah, pemerintah provinsi dan pusat, termasuk dilakukan kerjasama yang efektif dan efesien oleh semua kalangan, baik para pengusaha termasuk dengan negara negara sahabat termasuk juga para pengusaha pengusaha negara negara sahabat yang selama ini telah menjalani perekonomian secara luas di Indonesia. Diperkirakan pada tahun 2014 investasi indonesia dapat mencapai pada angka 456 triliun yang akan tumbuh sekitar 18 persen demikian juga dengan perdagangan Indonesia diperkirakan ekpor dari 5,03 persen pada 2013, akan meningkat menjadi 6,1 persen. Komsumsi bahan pangan Indonesia juga akan meningkat dari 5,20 persen di tahun 2013, menjadi 5,5 persen di tahun ini. Kekayaan Indonesia dari Sabang sampai Merauke tak habis-habisnya menjadi daya tarik bagi para investor-investor asing untuk melakukan bisnis, dan menanamkan modal mereka di Indonesia. Laju pergerakan investasi dalam negeri saat ini sedang mengalami perkembangan sangat pesat. Demikian juga pertumbuhan Penanaman Modal Dalam Negeri (PMDN) sampai saat ini terus memberikan tren pertumbuhan yang cukup baik. Jika tren investasi yang baik tersebut dapat ditingkatkan dikalangan daerah daerah di Indonesia, dapat membawa dampak positif. Maka diyakini 5 hingga 7 tahun belakangan ini memperlihatkan perkembangan yang luar biasa. Perkembangan daerah untuk menerima investasi dari luar untuk melakukan pembangunan daerahpun sudah semakin baik. Dari data BPKM mencatat 524 kabupaten/kota di Indonesia, kurang lebih sekitar 435 kabupaten/kota telah memiliki PTSP atau Pelayanan Terpadu Satu Pintu sudah diterapkan untuk meningkatkan iklim investasi daerah. [img]http://cdn.kaskus.com/images/2014/04/21/5911102_20140421113426.jpg[/img] Sumber :http://beritadaerah.com/2014/04/19/potensi-daerah-mampu-memberi-dampak-perekonomian-nasional/",5,kaskus,2014-04-21 11:35:31,"Aitis 2014 diikuti 176 kabupaten, 10 provinsi, 25 pemerintah kota, 15 kementerian, 30 bumn serta pihak swasta.","Aitis 2014 diikuti 176 kabupaten, 10 provinsi, 25 pemerintah kota, 15 kementerian, 30 bumn serta pihak swasta.",[],"['Aitis', 'kabupaten', 'provinsi', 'pemerintah kota', 'kota', 'kementerian', 'bumn', 'pihak swasta']","['Aitis', 'kabupaten', 'provinsi', 'pemerintah kota', 'kota', 'kementerian', 'bumn', 'pihak swasta']","['aitis', 'kabupaten', 'provinsi', 'pemerintah kota', 'kota', 'kementerian', 'bumn', 'swasta']",id,"AITIS 2014 diikuti 176 Kabupaten, 10 Provinsi, 25 Pemerintah Kota, 15 Kementerian, 30 BUMN serta pihak swasta.",833__5
103,When we can't protect ourselves anymore. We do Chernobyl.,1,reddit,2023,Chernobyl.,Chernobyl.,[],['Chernobyl'],['Chernobyl'],['chernobyl'],id,We do Chernobyl.,103__1
198,"Ini sangat memungkinkan dan masuk akal di Indonesia, untuk memasok pulau-pulau ukuran sedang di daerah Nusa Tenggara dan Maluku yang rawan gempa. Untuk pengganti pasokan ketika grid battery pulau tersebut lagi maintenance atau diganti, realistis jika mau.",1,reddit,2022,"Untuk pengganti pasokan ketika grid baterai pulau tersebut lagi maintenance atau diganti, realistis jika mau.","Untuk pengganti pasokan ketika grid baterai pulau tersebut lagi maintenance atau diganti, realistis jika mau.",[],"['pengganti pasokan maintenance', 'pasokan', 'grid baterai', 'baterai pulau', 'pulau', 'pengganti', 'grid']","['pengganti pasokan maintenance', 'pasokan', 'grid baterai', 'baterai pulau', 'pulau', 'pengganti', 'grid']","['pengganti pasokan maintenance', 'pasokan', 'grid baterai', 'baterai pulau', 'pulau', 'pengganti', 'grid']",id,"Untuk pengganti pasokan ketika grid battery pulau tersebut lagi maintenance atau diganti, realistis jika mau.",198__1
1089,thahaja asia akan menerangi seluruh semesta. ga perlu pake setrum listrik!,1,kaskus,2016-01-22 22:25:19,Tidak perlu pakai setrum listrik!,Tidak perlu pakai setrum listrik!,[],"['setrum listrik', 'listrik', 'setrum']","['setrum listrik', 'listrik', 'setrum']","['setrum listrik', 'listrik', 'setrum']",id,ga perlu pake setrum listrik!,1089__1
195,"Bangun di Papua aja dulu, yang deket sama sumber uranium.",0,reddit,2022,"Bangun di papua saja dulu, yang dekat sama sumber uranium.","Bangun di papua saja dulu, yang dekat sama sumber uranium.",[],"['papua', 'sumber uranium', 'uranium', 'sumber']","['papua', 'sumber uranium', 'uranium', 'sumber']","['papua', 'sumber uranium', 'uranium', 'sumber']",id,"Bangun di Papua aja dulu, yang deket sama sumber uranium.",195__0
1739,"Jerman udah rencana mau stop, bebeapa negara mengevaluasi ulang pembangunan. Situasi fukushima, cari aja beritanya, susah didapet, diblokir,ada undang2 bahkan di jepang buat yang buka aib fukushima dan hal terkait adalah pidana. Kecuali nyari beritanya di tempat2 yang aman,banyak fakta mengejutkan tentang fukushima, termasuk dari ilmuwan dan petinggi pemerintah. Kedengeran enteng pendingin ga bekerja, masalahnya pendinginnya pake aer laut yang disirkulasi terus menerus dan menyebar ke seluruh dunia. Masalahnya, siapa yang berani jamin secara penuh, bukan hanya pada rakyat indonesia, tapi buat warga dunia seperti kasus jepang yang ditutup-tutupi hampir semua media utama dunia? Trus kalopun ngeyel pengen reaktor model gitu,reaktor generasi ke 4, kenapa ga pilih tipe2 yang bisa pake thorium yang lebih aman dan banyak kelebihan lainnya,dan termasuk pengembangan 4th gen yang populer sekarang oleh negara2 maju? Lagian di indonesia masih banyak alternatif lain kaya pemanfaatan panas bumi dan tenaga gelombang, atau plta? Tapi menurut ane yang nentuin bandar dibelakangnya, kalo ngomong iaea, kemungkinan perusahaan yang bikin dari amerika ato groupnya nato. Lagu lama kenapa pilih uranium dan bahan sejenisnya, yang limbahnya jadi pemasukan gede buat mereka,dengan alesan limbahnya mereka urus, padahal limbahnya dipake buat bikin senjata nukllir ato campuran rudal. Kenapa ga pake thorium, karena limbahnya ga punya nilai ekonomis strategis.",6,kaskus,2012-10-17 06:58:29,"Terus kalopun ngeyel ingin reaktor model begitu,reaktor generasi ke 4, kenapa tidak pilih tipe yang bisa pakai thorium yang lebih aman dan banyak kelebihan lainnya,dan termasuk pengembangan 4th gen yang","Terus kalopun ngeyel ingin reaktor model begitu,reaktor generasi ke 4, kenapa tidak pilih tipe yang bisa pakai thorium yang lebih aman dan banyak kelebihan lainnya,dan termasuk pengembangan 4th gen yang",[],"['reaktor model', 'model', 'reaktor generasi', 'generasi', 'tipe', 'thorium', 'kelebihan lainnya', 'pengembangan gen', 'gen', 'reaktor', 'pengembangan']","['reaktor model', 'model', 'reaktor generasi', 'generasi', 'tipe', 'thorium', 'kelebihan lainnya', 'pengembangan gen', 'gen', 'reaktor', 'pengembangan']","['reaktor model', 'model', 'reaktor generasi', 'generasi', 'tipe', 'thorium', 'kelebihan', 'pengembangan gen', 'gen', 'reaktor', 'pengembangan']",id,"Trus kalopun ngeyel pengen reaktor model gitu,reaktor generasi ke 4, kenapa ga pilih tipe2 yang bisa pake thorium yang lebih aman dan banyak kelebihan lainnya,dan termasuk pengembangan 4th gen yang",1739__6
1243,"kalo apa apa belum siap, apa apa takut resiko, kapan kalimantan bakalan bebas pemadaman mas bro :malus tenaga angin di kaltim ? paling cuma bisa buat sekelurahan. tenaga air ? kalimantan udah punya pembangkit listrik tenaga air PLTA Pengeran Moh. Nor, kisaran produksi listrik PLTA ini hanya 20 – 22 MW saja, sementara kebutuhan listrik buat 2 daerah aja 300MW dan seterusnya. Kalimantan nggak punya potensi panas bumi. Lain kali kalau mau komen, cari info dulu ya mas bro :malus",2,kaskus,2015-03-18 20:52:03,Tenaga air,Tenaga air,[],"['Tenaga air', 'air']","['Tenaga air', 'air']","['tenaga air', 'air']",id,tenaga air ?,1243__2
987,"matahari kita hampir sepanjang tahun sih, boleh juga dicoba",0,kaskus,2017-09-23 22:08:53,"Matahari kita hampir sepanjang tahun sih, boleh juga dicoba",Matahari kita hampir sepanjang tahun boleh juga dicoba,['sih'],"['Matahari', 'tahun']","['Matahari', 'tahun']",['matahari'],id,"matahari kita hampir sepanjang tahun sih, boleh juga dicoba",987__0
2073,"Gue bukan TS tapi gue pingin sih jalan-jalan ke Chile. Belikan tiket PP dong. :p Tapi kita kalau mau bandingin itu harus ""apple to apple"". Chile itu penduduk sekitar 18 juta jiwa. Kita penduduknya 250 juta jiwa. Chile kapasitas terpasang listriknya sekitar 20 GW, yang berarti per orang ada ""jatah"" kapasitas 1,1 kw. Kita sekitar 53 GW, mungkin sampai 55 GW sekarang. Anggap aja 55 GW. Itu dibagi 250 juta dapatnya cuma 0,22 kw per orang. Kalau penduduk kita cuma 20 jutaan orang, ya gampang memang ngurusnya. Potensi energi terbarukan kita cukup kalau cuma buat 20 juta jiwa. Tapi rakyat kita itu 250 juta jiwa. Hitungannya beda jauh. Kita kalau mau ngejar Chile yang bisa ngasih ""jatah"" kapasitas listrik sebesar 1,1 kw per orang maka kapasitas listrik total kita harus dikalikan lima. Alias dari 55 GW harus dinaikkan jadi 275 GW. Itu 275 ribu MW lho, bukan angka yang kecil. Potensi energi terbarukan kita akan dimanfaatkan sebisanya, tapi faktanya tidak bakal cukup. Skandinavia itu kasusnya juga rada mirip sama Chile. Negara-negara di sana penduduknya kalau ditotal cuma 21-22 juta jiwa. Jerman bukan negara Skandinavia. Penduduknya 80 juta. Tapi faktanya setelah PLTN ditutup emisi CO2 meningkat, yang menunjukkan bahwa konsumsi bahan bakar fosil meningkat. Saya sudah beberapa kali bilang, bahan bakar fosil kita itu sebenarnya sedikit kalau buat 250 juta jiwa. Minyak bumi sudah jadi net importir. Gas bumi dalam sepuluh tahun ini bakal jadi net importir. Batubara masih agak lama tapi kurang lebih 30 tahunan lah. Sekarang ini masih cukup, tapi kalau kita tidak siap-siap maka kita akan mengalami krisis energi. Potensi energi terbarukan kita gak cukup, Bro. Kita bakal manfaatkan sebisanya tapi masih tetap gak cukup. Makanya energi nuklir harus dimasukkan sekarang dan sebisa mungkin dikuasai sebelum sekitar 2030. Kalau enggak ya posisi kita sebagai pengimpor minyak bumi bakal diulangi lagi untuk gas bumi dan batubara. Ada PLTN pun kita bakal tetap impor gas bumi dan mungkin batubara, tapi minimal ada pengurangan signifikan baik dari segi polusi maupun devisa yang lari ke luar. Kita kalau mau serius bandingkan Indonesia dengan negara lain soal kebutuhan energi, coba bandingkan dengan negara yang jumlah penduduknya 100 juta lebih. Lihat strategi energi mereka bagaimana.",7,kaskus,2017-03-25 12:00:08,Anggap saja 55 saya.,Anggap saja 55 saya.,[],"['Anggap', 'Anggap saja', 'saja saya']","['Anggap', 'Anggap saja', 'saja saya']",['anggap'],en,Anggap aja 55 GW.,2073__7
2522,geotermal mbaru denger :),0,kaskus,2016-10-15 03:16:58,Geotermal baru dengar,Geotermal baru dengar,[],['Geotermal'],['Geotermal'],['geotermal'],id,geotermal mbaru denger :),2522__0
288,"Mau ikut jawab sebagai orang yang kadang suka berkecimpung di bidang Renewable Energy. Mau contohin dari rencana di salah satu daerah di Indonesia, yaitu IKN Nusantara. Sebenernya di IKN udah ada rencana untuk membuat ibukotanya menggunakan Renewable Energy sepenuhnya, tetapi udah pasti ini ga 100% dari Panel Surya karena efisiensinya yang kurang, contohnya kalau udah malam hari, jadinya ini lebih baik diimplementasikan untuk beberapa rumah atau grid saja. Sisanya akan diisi dengan Hydro, Solar, Wind, Geothermal, dll, dimana Indonesia menjadi tempat yang pas akan Renewable Energy alternatifnya seperti Geothermal dimana kita berada di Ring of Fire yang sangat beneficial untuk Pembangkit Listrik. Selain itu, ada juga Ocean Energy yang biasanya menggunakan wave apalagi karena posisi IKN Nusantara dekat dengan pesisir bisa menjadi opsi yang bagus dan pemerintah rencananya akan mengimplementasikan berbagai kombinasi Renewable Energy juga. Tapi semua ini ga black-and-white dan pasti akan banyak consideration akan mana yang lebih efektif untuk meraih efisiensi yang tinggi dengan budget yang terbatas dan sesuai dengan kondisi geografis Indonesia. Jadi intinya, IYA Indonesia sekarang sedikit demi sedikit sedang menuju transisi ke Renewable Energy tapi kita tidak bisa depend pada satu jenis saya dimana disini dituliskan Solar Panel. Kita juga harus memanfaatkan SDA Indonesia untuk memaksimalkan energi yang tergenerasi, karena setiap Pembangkit Listrik Terbarukan menghasilkan besar listrik yang berbeda-beda dan efisiensi jangka panjangnya juga berbeda-beda. TL",5,reddit,2023,Kita berada di ring fire yang sangat beneficial untuk pembangkit listrik.,Kita berada di ring fire yang sangat beneficial untuk pembangkit listrik.,[],"['ring fire', 'fire', 'pembangkit listrik', 'listrik', 'ring', 'pembangkit']","['ring fire', 'fire', 'pembangkit listrik', 'listrik', 'ring', 'pembangkit']","['ring fire', 'fire', 'pembangkit listrik', 'listrik', 'ring', 'pembangkit']",id,kita berada di Ring of Fire yang sangat beneficial untuk Pembangkit Listrik.,288__5
1362,di kalimantan banyak uranium [url]http://techno.okezone.com/read/2014/08/15/56/1024922/indonesia-miliki-60-ribu-ton-kandungan-uranium-yang-terlupakan[/url],0,kaskus,2015-04-12 19:40:17,Di kalimantan banyak uranium url url,Di kalimantan banyak uranium url url,[],"['kalimantan', 'uranium', 'url']","['kalimantan', 'uranium', 'url']","['kalimantan', 'uranium', 'url']",id,di kalimantan banyak uranium url <URL>,1362__0
2291,"Setelah saya telaah dengan seksama dalam sunyinya malam, bre, mungkin masalahnye ada di penguasa. Negara yg pake nuklir banyak yg protes, tapi penguasanye adem ayem aje kagak nggubris yg protes. Kalo di sini udah takut duluan sama LSM bre. Mungkin orang sini mikirnye kalo nuklir itu bahaya padahal sama sumber energi laen sama bahayanya bre. Orang kita kebanyakan liat demo anti nuklir bre :lehuga",4,kaskus,2017-03-09 21:47:47,Orang kita kebanyakan lihat demonstrasi anti nuklir bre,Orang kita kebanyakan lihat demonstrasi anti nuklir bre,[],"['Orang', 'demonstrasi anti nuklir', 'nuklir bre', 'bre', 'demonstrasi']","['Orang', 'demonstrasi anti nuklir', 'nuklir bre', 'bre', 'demonstrasi']","['demonstrasi anti nuklir', 'nuklir', 'demonstrasi']",id,Orang kita kebanyakan liat demo anti nuklir bre :lehuga,2291__4
2535,"Dan 40% energi panas bumi di dunia ada di Indonesia, luar biasa Btw Pertamax",0,kaskus,2016-10-14 08:05:36,"Dan 40 energi panas bumi di dunia ada di indonesia, luar biasa btw pertamax","Dan 40 energi panas bumi di dunia ada di indonesia, luar biasa btw pertamax",[],"['energi panas bumi', 'bumi', 'dunia', 'indonesia', 'luar', 'biasa pertamax', 'energi', 'pertamax']","['energi panas bumi', 'bumi', 'dunia', 'indonesia', 'luar', 'biasa pertamax', 'energi', 'pertamax']","['energi panas bumi', 'bumi', 'dunia', 'indonesia', 'pertamax', 'energi']",id,"Dan 40% energi panas bumi di dunia ada di Indonesia, luar biasa Btw Pertamax",2535__0
2106,"Ya jelas kebanyakan perumahan diisi indihome, lha dia yang modalnya paling kuat jaringannya juga lebih lama ada. Yang harus dilihat apa yang akan terjadi kalo gak ada saingan dari ISP lain ... bakalan kayak telkom zaman orba, jumlah sambungan dibatasi sehingga kalo mau pasang internet mesti nyembah-nyembah orang telkom, ngasih duit ""rokok"" beberapa juta batang supaya dapat jatah sambungan, tiap bulan bayarnya ngantre kayak orang gak ada kerjaan lain, tarifnya juga paling mahal sedunia ... Walaupun para pesaing itu kecil, tapi bisa membuat telkom cukup kuatir sehingga tingkahnya agak mendingan saat ini. Tentunya keberadaan pesaing harus yang benar-benar diperbolehkan bersaing kapan pun dan di mana pun. Kalo pesaingnya dijatah cuma di satu daerah ya sama saja dengan yang terjadi di air minum Jakarta .. gak kuatir wilayahnya diserbu, blangsak diteruskan ... Loe baca artikel di mises, model regulasi dan penetapan harga adalah solusi tambal sulam akibat konsekuensi dari pemaksaan natural monopoly, dan walaupun di atas kertas dibilang demi konsumen, tapi di belakang panggung sejatinya adalah menjamin keuntungan bagi pemegang monopoli. Padahal selama puluhan tahun sebelumnya tidak diperlukan adanya campur tangan pemerintah untuk menetapkan harga dan harganya tidak jauh berbeda dengan wilayah-wilayah yang harganya ditetapkan oleh pemerintah. Yang berbeda adalah konsumen benar-benar dilindungi dalam masalah harga dan pelayanan. Bukan oleh perusahaan yang memberikan layanan (gak bakalan mungkin terjadi) tapi oleh perusahaan pesaingnya. Masih belum bisa dijadikan pedoman. Yang di Kalifornia juga memakai cara yang sama, sering black out. Yang menjadi kendala adalah kalo pemilik jaringan (yang merupakan monopoli) merasa keuntungannya kurang, maka ia bisa menekan ke dua pihak, produsen dan konsumen. Bukankah itu sama dengan yang terjadi pada agan solenoprime di atas. Tentu saja dia cerita dari sisi pln, bagaimana dengan cerita dari sisi produsennya? Hal tersebut bisa dihindari kalo jaringan distribusi tidak dimonopoli, dan dengan demikian pln (yup, kalo ada pertengkaran antara pemegang monopoli dan kliennya, gw yakin kalo 99% biang keladinya adalah pemegang monopoli) tidak bisa seenaknya memaksa produsen memasok listrik dengan harga yang terlalu rendah. Perusahaan mana yang dengan sukarela merusak peralatannya sendiri? Perusahaan yang sudah patah arang berurusan dengan monopoli. btw, itu contoh nyata? Soalnya kalo di tempat gw, first media dan telkom masuk, sedangkan mnc play memang cuma sampe di rw tetangga, belum masuk, myrepublic malah cuma sampe kelurahan sebelah. Di rumah adik gw indihome - first media - mnc play sudah masuk juga .. myrepublic masih sibuk di jalan besar luar kampung. Jadi tidak ada monopoli isp. setidaknya di kampung gw dan di kampung adik gw (satu kota beda kecamatan:hammers)",6,kaskus,2017-03-14 10:25:55,Tentunya keberadaan pesaing harus yang benar-benar diperbolehkan bersaing kapan pun dan di mana pun.,Tentunya keberadaan pesaing harus yang benar-benar diperbolehkan bersaing kapan pun dan di mana pun.,[],"['keberadaan pesaing', 'pesaing', 'keberadaan']","['keberadaan pesaing', 'pesaing', 'keberadaan']","['keberadaan pesaing', 'pesaing', 'keberadaan']",id,Tentunya keberadaan pesaing harus yang benar-benar diperbolehkan bersaing kapan pun dan di mana pun.,2106__6
1721,emangnya lu juga ga main tebak2an apa pasti si pltn bakal aman sentosa padahal di masa lalu sampe sekarang tuh pltn tetap kena kecelakaan juga mo coba2 sampe satu benua jadi gersang gitu? :nohope: listrik butuh sekarang....lu bangun tuh pltn emang jamin semua dapet pasokan apa? :nohope: itu klo energi alternatif satu2 ya ga bakal bisa bantu banyak soal energi...lu bayangin kalau dikombinasiin semua..nuklir juga lewat :cool: dan gw kasi tau aja pemerintah kita ini ga ada niat yang bener2 juga buat kembangin energi...sampe sekarang cuma mau bangun pltn yang kata lu berguna itu ga jadi2 cuma gara2 penolakan orang macam gw.....:fuck: eh lu mau contoh yang gpp abis kena terjang tsunami ya gw kasih..lu mau cari yg lain ya silahkan...:fuck: siapa sih yang goblok sekarang..kasi ide bangun masjid deket pltn? :fuck3: klo u baca komen org lain di ats di Indonesia belum ada tuh yang namanya pltn resmi..baru reaktor buat penelitian atau buat prototype....jelas beda skala lah tod! :gila: ud kita sama2 ga bawa data ga usa saling menjatuhkan..lu bawa juga ga ngaruh...emang ini forum ilimah atau rapat pejabat apa? :berbusa: bikin di tempat yang ga beresiko tinggi ya....ha suka2 lu aja deh nentuin tempat mana beresiko atau ngga..sekali kena tuh resiko kecil atau ngga..kacau semua...itu yang gw maksud....:nohope: mending ya itu pltn kenapa2 cuma bakar lahan doang.1 minggu bisa tumbuh lagi tanaman....sayangnya klo celaka nyebar racun sampe berabad2 :nohope: bener tuh yang di bold gw pikirin itunya.....so? kita semua dapet energi sekarang buat 100 taun...sisanya banyak limbah....lu urusin semuanya 1 milenium ke depan? kata lu ga gampang juga nyiptain teknologi...:nohope: napa gan? ga tau mau ngomong apa jadinya inget chiki yang lu makan ya? :gila: buat penutup karena gw ga mau ini jadi ajang bacod sampai jari beler....gw juga bukan orang yang pinter2 amat atau ilmuwan....gw ga setuju sama nih pltn karena ga ada solusi kalau itu pltn kenapa2 nantinya....cuma ada solusi buat mencegah si pltn ga kenapa2 yang selama ini terbukti ga bisa 100%....tetep lolos 1-2 biji kasus..padahal buat bantai 6 milyar manusia lebih dan lingkungan cuma butuh jumlah kecelakaan yang hitungannya ga lebih dari jumlah jari di tangan...:nohope: itu baru pltn belum senjata2 nuklir yang lain klo ad aperang...pada tau lah biar ada 100 orang dan 99 nya pinter cuma butuh 1 org bego buat kecelakaan nuklir dan semuanya jadi kacau.....:nohope: so kalau ada solusi klo tuh nuklir uda kecelakaan bisa diatasi..baru dah gw setuju dibangun buat ke depannya...:D dah cabut gw...peduli amat dibalas atau ngga..:ngacir: :ngacir,7,kaskus,2012-10-17 23:57:49,Cuma gara penolakan orang macam saya. Eh kamu mau contoh yang tidak apa-apa habis kena terjang tsunami ya saya kasih.kamu mau cari yang lain ya silahkan. Siapa sih yang bodoh sekarang.memberi,Cuma gara penolakan orang macam saya. kamu mau contoh yang tidak apa-apa habis kena terjang tsunami ya saya kasih.kamu mau cari yang lain ya silahkan. Siapa yang bodoh sekarang.memberi,"['eh', 'sih']","['gara penolakan', 'penolakan orang', 'orang macam', 'macam', 'contoh', 'terjang tsunami', 'tsunami', 'kasih', 'sekarang', 'gara', 'terjang']","['gara penolakan', 'penolakan orang', 'orang macam', 'macam', 'contoh', 'terjang tsunami', 'tsunami', 'kasih', 'sekarang', 'gara', 'terjang']","['penolakan', 'contoh', 'terjang tsunami', 'tsunami', 'kasih', 'terjang']",id,cuma gara2 penolakan orang macam gw.....:fuck: eh lu mau contoh yang gpp abis kena terjang tsunami ya gw kasih..lu mau cari yg lain ya silahkan...:fuck: siapa sih yang goblok sekarang..kasi,1721__7
2305,"Indonesia sangat mampu membangun reaktor nuklir untuk pembangkit listrik (baik dari segi dana maupun sdm) Tapi dunia ini hanya sementara, jadi ga usah neko2.terus ibadah dan berdoa. Karena kehidupan abadi hanya ada di akherat",1,kaskus,2017-03-09 20:52:16,"Tapi dunia ini hanya sementara, jadi tidak usah aneh.","Tapi dunia ini hanya sementara, jadi tidak usah aneh.",[],['dunia'],['dunia'],['dunia'],id,"Tapi dunia ini hanya sementara, jadi ga usah neko2.",2305__1
1824,"setuju sekali gan... :D :iloveindonesias sekalian titip pesen kapal selam nuklir 10 biji ... he3x :iloveindonesias tenaga nuklir itu tenaga masa depan... tiap sumber energi ada plus minus nya... kalo ada proyeknya ntar saya ngelamar dah, biar bisa belajar design reaktornya.... :iloveindonesias saya setuju dengan agan diatas bangun dulu satu di kalimantan... biasa ribut2 diawal doank kalo negara kita tuh, udah jalan juga pada diem... :D",6,kaskus,2012-10-16 07:46:47,"Biasa ribut diawal saja kalau negara kita itu, sudah jalan juga pada diam.","Biasa ribut diawal saja kalau negara kita itu, sudah jalan juga pada diam.",[],"['ribut diawal', 'diawal', 'negara', 'diam', 'ribut']","['ribut diawal', 'diawal', 'negara', 'diam', 'ribut']","['ribut diawal', 'diawal', 'negara', 'diam', 'ribut']",id,"biasa ribut2 diawal doank kalo negara kita tuh, udah jalan juga pada diem...",1824__6
466,"Ane juga kurang yakin sih, gan. Mungkin karena pakek prasyarat WKP (Wilayah Kerja Pertambangan). Jadi kalau pihak swasta musti harus urus WKP. Kalau ane jadi bos, kagak mau lah ngurus WKP panas bumi. Mending ngambil WKP di Sulawesi utk eksplorasi Nickel. Uang yg keluar lebih sedikit, profit lebih gede. CMIIW Simak pendapat ane terkait Panas Bumi sbg satu-satunya solusi mencapai target 23% penggunaan RBT pada th 2025 di http://www.kompasiana.com/fuaffughofur/59998e3dd59a26134003dd42/melipir-ke-energi-panas-bumi",3,kaskus,2017-08-22 02:05:06,"Kalau saya jadi bos, tidak mau lah ngurus wkp panas bumi.","Kalau saya jadi bos, tidak mau ngurus wkp panas bumi.",['lah'],"['bos', 'wkp panas bumi', 'bumi', 'wkp']","['bos', 'wkp panas bumi', 'bumi', 'wkp']","['wkp panas bumi', 'bumi', 'wkp']",id,"Kalau ane jadi bos, kagak mau lah ngurus WKP panas bumi.",466__3
1082,"Biar aja ngimpor, yg di jawa enak ga pernah ngerasain byar pet. Rumah gw kemaren byarpet tengah malam pas musim kemarau parah, rasanya mau matiii ga bisa napas di kamar saking panasnya. Gw gak dukung jokowi, semua pemerintah gagal memenuhi kebutuhan dasar rakyat seperti air bersih dan listrik di daerah non jawa, kalo mau ngimpor listrik dr luar buruuu, gw makan nasionalisme gw drpd listrik byarpet kayak org minum obat. Fyi, di desa2 di daerah gw masih banyak yg blom dapat listrik. Jd bayangkan betapa kesalnya kita di sini ketika pemerintah menganggap sampai ke bandung dr jakarta dengan cepat prioritasnya lebih tinggi drpd memenuhi kebutuhan listrik seluruh indo.",3,kaskus,2016-01-23 23:49:54,"Ngimpor listrik dari luar buruuu, saya makan nasionalisme saya daripada listrik pemadaman seperti orang minum obat.","Ngimpor listrik dari luar buruuu, saya makan nasionalisme saya daripada listrik pemadaman seperti orang minum obat.",[],"['Ngimpor listrik', 'listrik', 'luar', 'buruuu', 'nasionalisme', 'listrik pemadaman', 'pemadaman', 'orang minum', 'minum obat', 'obat', 'Ngimpor']","['Ngimpor listrik', 'listrik', 'luar', 'buruuu', 'nasionalisme', 'listrik pemadaman', 'pemadaman', 'orang minum', 'minum obat', 'obat', 'Ngimpor']","['ngimpor listrik', 'listrik', 'buruuu', 'nasionalisme', 'listrik pemadaman', 'pemadaman', 'minum', 'minum obat', 'obat', 'ngimpor']",id,"ngimpor listrik dr luar buruuu, gw makan nasionalisme gw drpd listrik byarpet kayak org minum obat.",1082__3
9,"Biomass hands down. If you're Javanese you might not notice THAT much, but if you really pay attention to Kalimantan/Sumatera, it's literally sawit everywhere. Terus hal yang jadi advantage biomass adalah energinya bisa dijadiin dalam bentuk liquid/cair yang mana artinya fleksibel banget. Kebanyakan opsi elu adalah energi terbarukan yang finalnya cuma bisa dipindah pake listrik. Oke lah kalo buat lokal, tapi kalo buat mencukupi Indonesia dalam skala besar kayak yang OP bilang agak susah mengingat Indonesia itu negara gede, elu harus pertimbangin juga energy loss-nya, ga cuma besar-besaran angka. Sama menurut gua, skala besar itu ga berarti satu daerah/pulau bisa memasok kebutuhan satu Indonesia, nope. Lebih bagus lagi adalah daerah-daerah yang relatif kecil kayak yang masih ngandelin pertanian bisa memasok kebutuhan energinya sendiri sehingga ga terlalu bergantung sama daerah lain. Hasil sampingnya kan biomass tuh, jadi ya berpotensial banget sebenernya. Sebenernya masih banyak yang bisa dibahas sih soal EBT, terutama soal ke-""fanatikan"" netizen sama tenaga nuklir padahal ga tau realitas aslinya di Indo kek begimana wkwkwk",11,reddit,2022,"Sebenarnya masih banyak yang bisa dibahas sih soal ebt, terutama soal ke- fanatikan netizen sama tenaga nuklir","Sebenarnya masih banyak yang bisa dibahas soal ebt, terutama soal ke- fanatikan netizen sama tenaga nuklir",['sih'],"['soal ebt', 'ebt', 'soal', 'fanatikan netizen', 'netizen sama tenaga', 'tenaga nuklir', 'nuklir']","['soal ebt', 'ebt', 'soal', 'fanatikan netizen', 'netizen sama tenaga', 'tenaga nuklir', 'nuklir']","['ebt', 'fanatikan netizen', 'netizen tenaga', 'tenaga nuklir', 'nuklir']",id,"Sebenernya masih banyak yang bisa dibahas sih soal EBT, terutama soal ke- fanatikan netizen sama tenaga nuklir",9__11
427,"Maksud pertanyaannya gimana nih? Langsung dr pohon misalnya kayak yg di boom media 'Listrik Kedongdong' ntu, apa dr pohon utk PLTU biomassa? misalnya pohon kaliandra merah, pohon lamtoro, pohon akasia, pohon mahoni, dkk? hehehe",1,kaskus,2017-08-28 21:51:07,"Langsung dari pohon misalnya seperti yang di boom media listrik kedongdong ntu, apa dari pohon utk pltu biomassa?","Langsung dari pohon misalnya seperti yang di boom media listrik kedongdong ntu, apa dari pohon utk pltu biomassa?",[],"['pohon misal', 'misal', 'media listrik', 'listrik kedongdong', 'kedongdong', 'pohon utk', 'utk pltu', 'pltu biomassa', 'biomassa']","['pohon misal', 'misal', 'media listrik', 'listrik kedongdong', 'kedongdong', 'pohon utk', 'utk pltu', 'pltu biomassa', 'biomassa']","['pohon', 'media listrik', 'listrik kedongdong', 'kedongdong', 'pltu', 'pltu biomassa', 'biomassa']",id,"Langsung dr pohon misalnya kayak yg di boom media Listrik Kedongdong ntu, apa dr pohon utk PLTU biomassa?",427__1
1716,"Reaktornya make apa sih ? jenisnya apa ? Terus terang ane lihat bagian yang ini agak nggak masuk..hmm Seperti yang kita ketahui sekarang rata-rata reaktor nuklir untuk tujuan komersial itu adalah dari jenis pressurized water reactor yang tidak bisa diisi waktu reaktornya masih jalan. Kenapa kok reaktor komersial semacam itu tidak bisa digunakan ? Karena untuk menggantikan elemen bahan bakar .. reaktor harus dimatikan (bahkan terus mati sampai beberapa minggu sampai batang bahan bakar bisa diambil seluruhnya) sementara untuk produksi plutonium diperlukan penggantian bahan bakar secara cepat. Bilamana tidak demikian ya hasilnya adalah Plutonium-239 yang terkontaminasi oleh Plutonium 240 lebih dari 7% dan plutonium model begini nggak bisa dipake senjata. Sekarang ada nggak reaktor komersial yang bisa bikin plutonium ? ada tapi penyebarannya tidak terlalu luas..contoh RBMK (yang meledak di Chernobyl tahun 1986) lalu Magnox yang sudah tidak digunakan dan tidak lagi diekspor. lalu limbah nuklir..mis sisa batang bahan bakar apa ya ""semudah itu"" bisa diolah lagi jadi bahan senjata nuklir.. ane lihat ya enggak..coba lihat di AS, Prancis, Rusia .. itu jumlahnya Breeding reactor buat ngolah batang bahan bakar sisa biar bisa jadi ""fertil"" lagi itu ada berapa ? Malah ane lebih sering denger kalau limbah nuklirnya itu ya dikubur.. kalau di Prancis.. batang bahan bakar yang sudah tidak dipakai direndam dalam asam.. lalu diproses sehingga menghasilkan padatan berupa kristal lalu dikubur. Kesimpulan ya jelas kalau mau bikin Senjata nuklir ya Bukan make limbahnya... tapi ya bikin itu reaktor model-model RBMK atau Magnox... atau bikin pengayaan uranium.",9,kaskus,2012-10-18 03:23:02,Ada tapi penyebarannya tidak terlalu luas.contoh rbmk yang meledak di chernobyl tahun 1986 lalu magnox yang sudah tidak digunakan dan tidak lagi diekspor.,Ada tapi penyebarannya tidak terlalu luas.contoh rbmk yang meledak di chernobyl tahun 1986 lalu magnox yang sudah tidak digunakan dan tidak lagi diekspor.,[],"['penyebaran luas.contoh', 'rbmk', 'chernobyl', 'tahun', 'magnox']","['penyebaran luas.contoh', 'rbmk', 'chernobyl', 'tahun', 'magnox']","['penyebaran luas.contoh', 'rbmk', 'chernobyl', 'magnox']",id,ada tapi penyebarannya tidak terlalu luas..contoh RBMK (yang meledak di Chernobyl tahun 1986) lalu Magnox yang sudah tidak digunakan dan tidak lagi diekspor.,1716__9
2077,"Renawable Energy saat ini di Indonesia memang masih banyak kendala, tapi ya tetep harus dimulai, supaya bisa merasakan sendiri scr langsung gak cuma teori, supaya bs jadi pengetahuan untuk saudara2 yg lain se bangsa & se tanah air Indonesia Raya sejak 2011 kami mulai nekat terjun ke dunia Renewable Energy facebook page: EnArchi Energy tahun 2014 kami nekat mulai project ini di kota jogja: [youtube]VkbybF_BT40[/youtube] baru bisa running 10+ KWH per day dari target 70+ KWH per day (turbine #1 + PV) & 200+ KWH per day (turbine #1 + turbine #2 + PV), statistic nya: durasi tiupan angin ""cut in speed"" 2 m/s (start charging) rata2 cuma 13 - 15 jam per day per tahun durasi sinar matahari rata2 cuma 3 - 4 jam per day per tahun [img]https://s.kaskus.id/images/2017/03/24/8625100_201703241030080081.jpg[/img] [img]https://s.kaskus.id/images/2017/03/24/8625100_201703241040380431.jpg[/img] masih banyak trial & error, maklum krn gak makan sekolah, very low budget, support minimum semoga teman2 bisa cepat2 lbh maju & lbh baik lg dari kami di jogja mari bersama2 berjuang maju terus pantang mundur merdeka atau mati pokoke gass poll rem blong.. salam FREE Energy",8,kaskus,2017-03-24 10:50:18,"Low budget, support minimum semoga teman bisa cepat lebih maju lebih baik lagi dari kami di yogyakarta mari bersama berjuang maju","Low budget, support minimum semoga teman bisa cepat lebih maju lebih baik lagi dari kami di yogyakarta mari bersama berjuang maju",[],"['Low', 'budget', 'teman', 'yogyakarta']","['Low', 'budget', 'teman', 'yogyakarta']","['low', 'budget', 'teman', 'yogyakarta']",id,"very low budget, support minimum semoga teman2 bisa cepat2 lbh maju lbh baik lg dari kami di jogja mari bersama2 berjuang maju",2077__8
315,Kalo tiap rumah harus satu bisa bikin NDA,0,reddit,2023,Kalau tiap rumah harus satu bisa membuat nda,Kalau tiap rumah harus satu bisa membuat nda,[],"['rumah', 'nda']","['rumah', 'nda']","['rumah', 'nda']",id,Kalo tiap rumah harus satu bisa bikin NDA,315__0
461,"Halo. Beberapa hari ini subforum Sains dan Teknologi sering dikunjungi penulis-penulis yang ikut lomba #15HariCeritaEnergi yang diselenggarakan Kementerian ESDM. Tapi saya dan beberapa penghuni subforum ini sudah beberapa kali ngobrolin masalah energi dan listrik Indonesia dan kita jadi sadar kalau hal ini tidak bisa dilihat secara sepotong-sepotong, tapi harus dilihat secara holistik. Tahukah anda berapa gigawatt kapasitas pembangkit listrik yang dibutuhkan Indonesia di 2050? Itu baru listrik. Kalau energi secara total? Tahukah anda berapa potensi geothermal dan hidro Indonesia? Tahukah anda berapa persen dari potensi itu yang dianggap realistis direalisasikan? Tahukah anda berapa harga sistem PLTS? Berapa harga sistem PLTB? Berapa harga per kwh pemenang lelang PLTS tahun lalu? Berapa harga sistem baterai dan berapa lama masa pakainya? Tahukah anda sistem baterai macam apa yang dipakai di desa yang tak terjangkau jaringan listrik dan berapa lama masa pakainya? Berapa watt sistemnya? Kementerian ESDM itu mensyaratkan agar topik tulisan itu EBT. Energi Baru Terbarukan. Tapi yang saya lihat, artikel-artikel peserta #15HariCeritaEnergi di subforum Sains dan Teknologi melulu tentang ET, energi terbarukan. Huruf B-nya mana? Artikel energi barunya mana? Anda sudah dekat di artikel ini sedikit membahas kebutuhan EBT secara keseluruhan, tapi artikel anda lainnya masih cuma membahas energi terbarukan, belum ada yang soal energi baru. Masih ada semingguan sebelum lomba berakhir. Coba tulis satu-dua artikel soal energi baru. RDE BATAN misalnya. EBT itu ada huruf B-nya. Kalau kita mau jadi negara maju maka kita membutuhkan energi dalam jumlah sangat besar. Kalau huruf B di EBT itu diterlantarkan, huruf T-nya tok gak bakal ngejar.",11,kaskus,2017-08-22 23:15:07,Berapa harga per kwh pemenang lelang plts tahun lalu?,Berapa harga per kwh pemenang lelang plts tahun lalu?,[],"['harga', 'kwh pemenang', 'pemenang lelang tahun', 'lelang plts', 'plts', 'tahun lalu']","['harga', 'kwh pemenang', 'pemenang lelang tahun', 'lelang plts', 'plts', 'tahun lalu']","['harga', 'kwh pemenang', 'pemenang lelang', 'lelang plts', 'plts']",id,Berapa harga per kwh pemenang lelang PLTS tahun lalu?,461__11
1806,"bukan hanya limbah yang dibawa2 (ini hal yang gak boleh dikesampingkan dan keharusan dalam penanganannya ) ,tapi juga gak cost effective , PLTN itu super mahal . dibanding dengan turbine gas dan Hidroelektric, hidro electrik kan banyak macamnya . jelas yang berbahaya itu leak dari radioactive kebanyakan failure juga leak radioactivnya, long term damage itu resikonya. gak usah dipungkiri. dibanding yang lain. turn over investasi juga lama. coba cari cost pembuatan PLTN dengan yang lain , lihat perbedaanya. udah banyak kasus failure di PLTN. leak radioactive sudah banyak terjadi akibat dari segi human error , bencana alam . kenapa patokan cuma pada fukusima saja? udah banyak kok bencana nuklir yang terjadi . jangan menutup mata. [url]http://en.wikipedia.org/wiki/List_of_civilian_nuclear_accidents[/url] [url]http://en.wikipedia.org/wiki/Lists_of_nuclear_disasters_and_radioactive_incidents[/url] seperti contoh : ""March 6, 2006  INES Level 2[46] - Erwin, Tennessee, United States - Nuclear material leak Thirty-five litres of a highly enriched uranium solution leaked during transfer into a lab at Nuclear Fuel Services Erwin Plant. The incident caused a seven-month shutdown.[B] A required public hearing on the licensing of the plant was not held due to the absence of public notification[/B]"" dan kuranya keterbukaan pihak PLTN yang mengalami failure juga banyak, sehingga banyak ditutup2i dampaknya.",13,kaskus,2012-10-16 11:30:59,"Url url url url seperti contoh march 6, 2006 ines level 2 46 - erwin, tennessee, united states - nuklir material leak thirty-five litres highly enriched uranium","Url url url url seperti contoh march 6, 2006 ines level 2 46 - erwin, tennessee, united states - nuklir material leak thirty-five litres highly enriched uranium",[],"['Url', 'contoh', 'march ines', 'ines level', 'level', 'erwin', 'tennessee', 'united material', 'states nuklir', 'nuklir', 'material leak', 'leak', 'thirty-five', 'litres', 'highly', 'enriched', 'uranium']","['Url', 'contoh', 'march ines', 'ines level', 'level', 'erwin', 'tennessee', 'united material', 'states nuklir', 'nuklir', 'material leak', 'leak', 'thirty-five', 'litres', 'highly', 'enriched', 'uranium']","['url', 'contoh', 'march ines', 'ines level', 'level', 'erwin', 'tennessee', 'united material', 'states nuklir', 'nuklir', 'material leak', 'leak', 'thirty-five', 'litres', 'highly', 'enriched', 'uranium']",id,"url <URL> url <URL> seperti contoh : March 6, 2006 INES Level 2 46 - Erwin, Tennessee, United States - Nuclear material leak Thirty-five litres of a highly enriched uranium",1806__13
2483,"Setau ane emang harusnya udah di terapin, kalo gak salah kayanya listrik aja udah bisa pake energi matahari kan ya? Cmiiw :D #nobully #peace",1,kaskus,2016-10-15 09:25:54,Koreksi saya di nobully peace,Koreksi saya di nobully peace,[],"['Koreksi', 'nobully', 'peace']","['Koreksi', 'nobully', 'peace']","['koreksi', 'nobully', 'peace']",id,Cmiiw :D nobully peace,2483__1
1676,"setuju aja, asal perawatannya sesuai standar internasional jgn seperti rawat jalan tambal bolong, rawat drainase dibiarin mampet, rawat pesawat tempur sampai jatuh terus inget kalau nuklir jebol, korbannya jauh lebih banyak",0,kaskus,2012-10-24 10:38:53,"Setuju saja, asal perawatannya sesuai standar internasional jangan seperti rawat jalan tambal bolong, rawat drainase dibiarin mampet, rawat pesawat tempur sampai jatuh","Setuju saja, asal perawatannya sesuai standar internasional jangan seperti rawat jalan tambal bolong, rawat drainase dibiarin mampet, rawat pesawat tempur sampai jatuh",[],"['asal perawatan standar', 'perawatan', 'rawat jalan', 'jalan tambal', 'tambal bolong', 'bolong', 'rawat drainase', 'drainase', 'rawat pesawat', 'pesawat tempur', 'tempur', 'asal']","['asal perawatan standar', 'perawatan', 'rawat jalan', 'jalan tambal', 'tambal bolong', 'bolong', 'rawat drainase', 'drainase', 'rawat pesawat', 'pesawat tempur', 'tempur', 'asal']","['perawatan standar', 'perawatan', 'rawat jalan', 'jalan tambal', 'tambal bolong', 'bolong', 'rawat drainase', 'drainase', 'rawat pesawat', 'pesawat tempur', 'tempur']",id,"setuju aja, asal perawatannya sesuai standar internasional jgn seperti rawat jalan tambal bolong, rawat drainase dibiarin mampet, rawat pesawat tempur sampai jatuh",1676__0
837,"JAKARTA (Pos Kota)-Ketua Asosiasi Pemerintah Kabupaten Seluruh Indonesia (Apkasi ), Isran Noor, mengaku prihatin atas eksploitasi yang berlebihan terhadap sumber daya alam di Indonesia oleh perusahaan, khususnya perusahaan asing. “Kekayaan alam kita dikuras asing. Ini ujian terhadap integritas bangsa kita. Integritas kita seharusnya dijaga seperti kita menyayangi diri sendiri,” katanya. Contohnya, kata dia, Provinsi Kalimantan Timur yang menyumbang hampir 30% dari total devisa negara, namun tidak ada putra Kaltim yang ditunjuk menjadi pemimpin di pusat. “SDA kita dikuras. Kita sudah mengetahui ketatanegaraan dan proses demokrasi politik dengan baik. Kalau tidak ada orang yang berani berbicara lantang, maka kita akan tetap stagnan seperti sekarang,” Isran yang juga Bupati Kalimantan Timur ini. Sebagai bupati, dia mengaku berani memutus perusahaan asing di Indonesia. “Sudah tiga kali saya menghentikan perusahaan asing. Tahun 2008, saya memutus perusahaan Australia dan Inggris sampai arbitrase di Singapura. Sekarang dalam proses pending karena pemerintah mencabut dukungan, tapi saya lanjutkan ke tingkat internasional di Washington. Insya Allah pertengahan Februari sudah ada pengumuman hasil arbitase,” jelas Isran. Perlawanannya terhadap korporasi asing yang dianggap tidak benar dalam menjalankan usahanya di wilayah Kutai Timur ditunjukkan dengan menggugat dua perusahaan tambang raksasa dunia, Rio Tinto (Australia) dan Beyond Petroleum (Inggris), pemilik awal PT Kaltim Prima Coal (KPC) di ICSID (International Center Settlement Investment of Disputes. Bahkan ia sempat menutup operasi KPC dan menghentikan izin perusahaan tambang batubara Churchill Mining. Menurut dia, kekayaan alam di bumi ini adalah milik bangsa dan hak kedaulatan negara, sehingga harus dikuasai negara dan untuk kedaulatan rakyat, sesuai dengan amanah UUD 45. Sumber :http://m.poskotanews.com/2014/02/05/apkasi-prihatin-eksploitasi-sda-oleh-asing/",5,kaskus,2014-03-15 13:38:06,Namun tidak ada putra kaltim yang ditunjuk menjadi pemimpin di pusat.,Namun tidak ada putra kaltim yang ditunjuk menjadi pemimpin di pusat.,[],"['putra kaltim', 'kaltim', 'pemimpin', 'pusat', 'putra']","['putra kaltim', 'kaltim', 'pemimpin', 'pusat', 'putra']","['putra kaltim', 'kaltim', 'pemimpin', 'pusat', 'putra']",id,namun tidak ada putra Kaltim yang ditunjuk menjadi pemimpin di pusat.,837__5
469,"Pertama, biaya investasi yang juga seabreg. kedua, jika adapun perusahaan yang mau menginvestasikan ke geothermal, mereka HARUS menjual listriknya kepada PLN. menurut rumor yang beredar, harga yang di beli PLN itu kurang menguntungkan. Tapi bukan berarti rugi ya, tapi kurang menguntungkan, hehehe.",1,kaskus,2017-08-22 00:03:17,"Kedua, jika adapun perusahaan yang mau menginvestasikan ke geothermal, mereka harus menjual listrik kepada pln.","Kedua, jika adapun perusahaan yang mau menginvestasikan ke geothermal, mereka harus menjual listrik kepada pln.",[],"['perusahaan', 'geothermal', 'listrik', 'pln']","['perusahaan', 'geothermal', 'listrik', 'pln']","['perusahaan', 'geothermal', 'listrik', 'pln']",id,"kedua, jika adapun perusahaan yang mau menginvestasikan ke geothermal, mereka HARUS menjual listriknya kepada PLN.",469__1
1842,"kok keren2an sih :bingung mlh nuklir lbh mahal lah, baik pembangunan,operasional bahkan pasca operasional belum lagi kalo ada ""kecelakaan"" (amit2 deh..) juga baca2 disini ttg perbandingan cost energi lainnya [URL=""http://www.eia.gov/oiaf/beck_plantcosts/""]http://www.eia.gov/oiaf/beck_plantcosts/[/URL] msh byk kok energi alternatif yg murah meriah yg ramah lingkungan :recsel tempat ane (kalbar) ada namanya PLTMH, zero emision en murah meriah, cukup jaga hutan utk menjaga debit air nya [URL=""http://www.forclime.org/index.php/in/news/8-news/52-micro-hydro-power-plant-mhpp-""]PLTMH[/URL] :o",1,kaskus,2012-10-16 00:46:46,Bahkan pasca operasional belum lagi kalau ada kecelakaan amit deh. Juga baca di sini tentang perbandingan cost energi lainnya url url masih byk kok energi alternatif yang murah meriah yang ramah,Bahkan pasca operasional belum lagi kalau ada kecelakaan amit Juga baca di sini tentang perbandingan cost energi lainnya url url masih byk kok energi alternatif yang murah meriah yang ramah,['deh'],"['pasca operasional', 'kecelakaan amit', 'amit', 'perbandingan cost url', 'cost energi', 'energi lainnya', 'url url', 'url', 'energi alternatif', 'kecelakaan', 'perbandingan']","['pasca operasional', 'kecelakaan amit', 'amit', 'perbandingan cost url', 'cost energi', 'energi lainnya', 'url url', 'url', 'energi alternatif', 'kecelakaan', 'perbandingan']","['pasca operasional', 'kecelakaan amit', 'amit', 'perbandingan cost url', 'cost energi', 'energi', 'url url', 'url', 'energi alternatif', 'kecelakaan', 'perbandingan']",id,bahkan pasca operasional belum lagi kalo ada kecelakaan (amit2 deh..) juga baca2 disini ttg perbandingan cost energi lainnya URL <URL> msh byk kok energi alternatif yg murah meriah yg ramah,1842__1
1725,"waduhh, thorium aja masih dalam tahap riset, butuh bertahun-tahun pasti belum lagi nanti reaktornya, ya kalo urusan politik sih emang negara ini gampang disetir, makanya IAEA ngasih ijin Indonesia buat bangun PLTN, coba kalo negara ini pemerintahannya keras kayak Iran... tapi PLTN lah yang paling realistis untuk ngatasin krisis energi di Indonesia, kalo orang awam yang gak ngerti apa2 diajak debat soal PLTN ya pasti gak setuju Indonesia ngomongnya banyak laut, ombak, angin, air terjun :D, batubara, gas bumi, dll....padahal pembangkit2 tersebut butuh bahan bakar lain yang justru gak efisien, karena inputnya gak stabil outputnya pasti gak realistis buat dijadiin pembangkit :D....",3,kaskus,2012-10-17 19:44:12,"Tapi pltn lah yang paling realistis untuk ngatasin krisis energi di indonesia, kalau orang awam yang tidak mengerti apa diajak debat soal pltn ya pasti tidak setuju indonesia ngomongnya banyak","Tapi pltn yang paling realistis untuk ngatasin krisis energi di indonesia, kalau orang awam yang tidak mengerti apa diajak debat soal pltn ya pasti tidak setuju indonesia ngomongnya banyak",['lah'],"['pltn', 'krisis energi', 'energi', 'indonesia', 'orang awam', 'debat soal', 'soal pltn', 'krisis', 'orang', 'debat']","['pltn', 'krisis energi', 'energi', 'indonesia', 'orang awam', 'debat soal', 'soal pltn', 'krisis', 'orang', 'debat']","['pltn', 'krisis energi', 'energi', 'indonesia', 'awam', 'debat', 'krisis']",id,"tapi PLTN lah yang paling realistis untuk ngatasin krisis energi di Indonesia, kalo orang awam yang gak ngerti apa2 diajak debat soal PLTN ya pasti gak setuju Indonesia ngomongnya banyak",1725__3
2505,"Ane sangat tertarik nih sama thread ginian,, ampe ane nyalain laptop dlu buat ngemulti quote.. :ngakak Ntar ane bikin lah thread tandingan nya... :ngakak yap tepat dan benar, biaya untuk membangun sebuah ""PLTU"" (atau kami lebih suka menyebutnya PLTP) itu sangat mahal,, mulai dari research sampai keluar uap itu tidaklah murah, blom lagi biaya akomodasi material pembangunan pembangkit yang harus melewati pegunungan (kebanyakan PLTP ada digunung). untuk masalah monopoli, mungkin agan akan faham jika agan adalah bagian dari PLN, PLN memonopoli kelistrikan tidak semata ingin untuk tapi untuk menstabilkan harga juga, untuk contoh kelistrikan di negara Filipina itu di lepas (tidak dimonopoli) akhirnya harga listrik disana lebih mahal dari sebelumnya, Indonesia masih kebilang murah gan. [url]http://finance.detik.com/energi/d-3086846/membandingkan-tarif-listrik-ri-dengan-negara-di-asean[/url] yap agan ini benar sekali, Medco Energy yang di Sarulla sana adalah PLTP terbesar se Indonesia gan, sebenarnya bkn karna harga murah di Batubara nya tapi Elite POLITIK di atas PLN yang mempermainkannya. wah klo minyak bumi mah PLN Group udah sedikit-sedikit bisa move on, soal nya ga kuat harganya euy. bkn cuma chevron masih ada yg lain gan, PLN juga banyak geothermal nya, ada Indonesia Power, ada geodipa, ada tangkuban perahu geothermal ada medoc, ada Pertamina geothermal dan masih banyak yg lainnya. Garut ada PLTU? hmm,,,, Kamojang kang? Bkn kang. itu PLTP masih punya PLN dan disana juga ada Chevron dan Pertamina. maaf sebelum nya gan atas kerusakan alam di tanah kalimantan dan sumatera sana. :mewek Insya Allah ga bakalan abis gan,, soalnya uap yang telah digunakan kita ubah lagi jadi air dan air itu masih di suntikan ke dalam perut bumi. Ide yang bagus gan,, tapi kembali ke point pertama, biaya,, hehe,, tapi sudah ada contoh nya kok,, di PLTP Ulumbu di pulau Flores NTT adalah salah satu pioner PLTP di sana. benar gan,, uap nya banyak,, dan pipa nya banyak dan gede-gede, cuma sumur nya ga banyak, paling cuma beberapa aja sumur nya. Setuju sama agan ini. Pejuang Kelistrikan juga gan? sejauh ini PLTP sangat lah ramah lingkugan gan, dan minim limbah.",7,kaskus,2016-10-15 06:49:47,"Url url yap anda ini benar sekali, medco energi yang di sarulla sana adalah pltp terbesar se indonesia gan, sebenarnya bukan karena harga murah di batubara nya","Url url anda ini benar sekali, medco energi yang di sarulla sana adalah pltp terbesar se indonesia gan, sebenarnya bukan karena harga murah di batubara nya",['yap'],"['Url', 'medco energi', 'energi', 'sarulla', 'sana', 'benar pltp terbesar', 'indonesia', 'harga murah', 'batubara']","['Url', 'medco energi', 'energi', 'sarulla', 'sana', 'benar pltp terbesar', 'indonesia', 'harga murah', 'batubara']","['url', 'medco energi', 'energi', 'sarulla', 'pltp terbesar', 'indonesia', 'harga murah', 'batubara']",id,"url <URL> yap agan ini benar sekali, Medco Energy yang di Sarulla sana adalah PLTP terbesar se Indonesia gan, sebenarnya bkn karna harga murah di Batubara nya",2505__7
1773,"Komen lu ababil banget, biasa aja kenapa? Anda ga bisa bawa tabel, ga perlu tabel perbandingan, tapi kok sudah tau mana yg lebih efektif? Anda ga main tebak2an kan? Kan kita butuh listriknya sekarang dek, bukan 10-20 taun lagi. Kalo anda mau nunggu segitu lama nya utk menghasilkan energi alternatif, bgmn dgn sektor industri dan manufaktur yg membutuhkan energi listrik utk mendorong kemajuan ekonomi kita? Eh, kok jadi bawa contoh masjid diterjang tsunami gpp? Jadi maksudnya di PLTN nanti dibangun masjid juga biar aman kalo diterjang tsunami?",6,kaskus,2012-10-16 15:20:27,Jadi maksudnya di pltn nanti dibangun masjid juga biar aman kalau diterjang tsunami?,Jadi maksudnya di pltn nanti dibangun masjid juga biar aman kalau diterjang tsunami?,[],"['pltn', 'nanti', 'masjid', 'tsunami']","['pltn', 'nanti', 'masjid', 'tsunami']","['pltn', 'masjid', 'tsunami']",id,Jadi maksudnya di PLTN nanti dibangun masjid juga biar aman kalo diterjang tsunami?,1773__6
2525,Yoi bray.. Jangan cuma ngandelin minyak bumi aja bray.. Kasian anak cucu ngga kebagian.. [img]http://s.kaskus.id/images/2016/10/15/2096791_201610150216150952.gif[/img] Ruar biasa endonesah.. Penghasil cewe panas juga kan bray?? :lehuga,3,kaskus,2016-10-15 02:16:17,Img url ruar biasa endonesah.,Img url ruar biasa endonesah.,[],"['Img', 'url ruar', 'endonesah']","['Img', 'url ruar', 'endonesah']","['img', 'url ruar', 'endonesah']",id,img <URL> Ruar biasa endonesah..,2525__3
552,"gw mo nambahin deh, Indonesia ini sebenernya kaya akan energi, pegunungan ada mikrohidro, pesisir pantai ada wind turbine, dikelilingi ring of fire ada geothermal, iklim tropis ada solar panel. terus kita bertanya salahnya ada dimana ketika ada energi gratis dikasih, tapi seolah olah ga mau ada yg kelola. jawabanya ada di batu bara. yup, para taipan2 yg [B]nyogok[/B] ke pemerintah agar energi terbarukan itu gak diberdayakan.",0,kaskus,2019-01-05 22:33:08,"Saya mo nambahin deh, indonesia ini sebenarnya kaya akan energi, pegunungan ada mikrohidro, pesisir pantai ada wind turbine, dikelilingi ring fire ada geothermal, iklim tropis ada surya panel.","Saya mo nambahin indonesia ini sebenarnya kaya akan energi, pegunungan ada mikrohidro, pesisir pantai ada wind turbine, dikelilingi ring fire ada geothermal, iklim tropis ada surya panel.",['deh'],"['nambahin', 'indonesia', 'energi', 'pegunungan', 'mikrohidro', 'pesisir pantai', 'pantai', 'wind', 'turbine', 'ring', 'fire', 'geothermal', 'iklim tropis', 'surya panel', 'panel', 'pesisir', 'iklim', 'surya']","['nambahin', 'indonesia', 'energi', 'pegunungan', 'mikrohidro', 'pesisir pantai', 'pantai', 'wind', 'turbine', 'ring', 'fire', 'geothermal', 'iklim tropis', 'surya panel', 'panel', 'pesisir', 'iklim', 'surya']","['nambahin', 'indonesia', 'energi', 'pegunungan', 'mikrohidro', 'pesisir pantai', 'pantai', 'wind', 'turbine', 'ring', 'fire', 'geothermal', 'iklim tropis', 'surya panel', 'panel', 'pesisir', 'iklim', 'surya']",id,"gw mo nambahin deh, Indonesia ini sebenernya kaya akan energi, pegunungan ada mikrohidro, pesisir pantai ada wind turbine, dikelilingi ring of fire ada geothermal, iklim tropis ada solar panel.",552__0
2268,Saya tidak anti Jerman dan Denmark. Saya anti kebijakan energi yang tidak memperhitungkan sains. Radiasi di Chernobyl dan Fukushima itu overrated. Agan bisa datang ke kedua kota itu tanpa pakai pakaian pelindung dan tinggal di sana bertahun-tahun dengan aman. Radiasi nuklir level rendah itu tidak berbahaya. Ketakutan akan radiasi nuklir lah yang berbahaya.,5,kaskus,2017-03-09 23:21:38,Ketakutan akan radiasi nuklir lah yang berbahaya.,Ketakutan akan radiasi nuklir yang berbahaya.,['lah'],"['Ketakutan', 'radiasi nuklir', 'nuklir']","['Ketakutan', 'radiasi nuklir', 'nuklir']","['ketakutan', 'radiasi nuklir', 'nuklir']",id,Ketakutan akan radiasi nuklir lah yang berbahaya.,2268__5
679,"seharusnya industri otomotif yang distop. pajak lu naik, maka harga barang juga akan naik, ini orang pintar tapi goblok nya minta ampon. sudah tahu industri otomotif memberatkan subsidi bbm. bukan nya distop malah pajak yang dinaiki. naik pajak artinya naiki harga barang.",1,kaskus,2023-02-13 15:39:16,"Pajak kamu naik, maka harga barang juga akan naik, ini orang pintar tapi bodoh nya minta ampon.","Pajak kamu naik, maka harga barang juga akan naik, ini orang pintar tapi bodoh nya minta ampon.",[],"['Pajak', 'harga barang', 'barang', 'orang pintar', 'bodoh', 'ampon', 'harga']","['Pajak', 'harga barang', 'barang', 'orang pintar', 'bodoh', 'ampon', 'harga']","['pajak', 'harga barang', 'barang', 'pintar', 'bodoh', 'ampon', 'harga']",id,"pajak lu naik, maka harga barang juga akan naik, ini orang pintar tapi goblok nya minta ampon.",679__1
2132,"100mSv? yah tidak berlebihan, apakah kurang dari itu aman ? itu sebuah pertanyaan... radiasi background di tokyo cuma sekitar .04 μSv/h, saat ini di fukushima bisa diliat di [URL=""http://www.tepco.co.jp/en/nu/fukushima-np/f1/index-e.html""]Radiation Dose measured at Monitoring Post of Fukushima Daiichi Nuclear Power Station[/URL] [URL=""http://www.tif.ne.jp/lang/en/radioactivity_map/index.html""]fukushima radiation[/URL] rata rata 10-100x lipat, ntah yang terbawa air laut masuk biota laut, apakah level segitu aman ? aman jangka panjang? pegawai tepco dan penduduk Fukushima yang bisa menjawab..lumayan sudah 6 tahun sejak terjadinya... bahkan FDA mamarika 2017 masih tidak sepakat soal aman tidaknya ini.. [URL=""http://www.accessdata.fda.gov/cms_ia/importalert_621.html""]Import alert on Products from Japan Due to Radionuclide Contamination[/URL] .cuman kadang kita bangsa Indonesia sangat permisif..itu saja..",3,kaskus,2017-03-11 17:26:27,"Fukushima daiichi nuklir power station url url url radiation url rata rata 10-100x lipat, entah yang terbawa air laut masuk biota laut, apakah level seperti itu aman","Fukushima daiichi nuklir power station url url url radiation url rata rata 10-100x lipat, entah yang terbawa air laut masuk biota laut, apakah level seperti itu aman",[],"['Fukushima entah', 'daiichi nuklir', 'nuklir', 'power', 'station', 'url', 'radiation', 'lipat', 'lipat entah', 'air laut', 'laut', 'biota laut', 'level aman', 'air', 'biota']","['Fukushima entah', 'daiichi nuklir', 'nuklir', 'power', 'station', 'url', 'radiation', 'lipat', 'lipat entah', 'air laut', 'laut', 'biota laut', 'level aman', 'air', 'biota']","['fukushima', 'daiichi nuklir', 'nuklir', 'power', 'station', 'url', 'radiation', 'lipat', 'air laut', 'laut', 'biota laut', 'level aman', 'air', 'biota']",id,"of Fukushima Daiichi Nuclear Power Station /URL URL <URL> radiation /URL rata rata 10-100x lipat, ntah yang terbawa air laut masuk biota laut, apakah level segitu aman ?",2132__3
1944,"ya udah mending dibangunnya di eks lahan gambut 1 juta hektar aja :p trus 10-15 tahun kemudian dibangun kota didekat2 situ, ntar liat 20 tahun kemudian orang2 yg tinggal disitu pade TAKUT lagi kek loe2 pade sekarang pa enggak ma yg namanya Nuklir :siul: :siul: Coba tanya orang2 penduduk Kota Bandung, Kota Yogyakarta, dan Ser[ong Kab Tangsel, apakah mereka TAKUT tinggal dekat2 PLTN/Instalasi nuklir saat ini ? :p Apakah harga tanah diseputar situ jadi anjlok akibat ada inst nuklir ? :ngakaks TERBALIK mas, yg dah feasible itu FISI (pembelahan inti) sedangkan yg masih penelitian untuk tingkat feasibility itu FUSI (penggabungan inti) :) diperkirakan akan masuk tahap ekonomis untuk dikembangkan paling cepat 2020-2030 attau paling telat 2050 :o IMHO, setau gw mah PLTN iu TIDAK BISA meledak :o yang ada itu cuma Reaktor MELELEH akibat inti terus berkonversi jadi energi sedangkan pendingin macet gak bisa masuk (Fukushima) atau batang pengendali chain reaction (grafit) gak berfungsi akibat berbagai sebab (Chernobyl) :takuts",8,kaskus,2012-10-12 21:38:05,Jadi energi sedangkan pendingin macet tidak bisa masuk fukushima atau batang pengendali chain reaction grafit tidak berfungsi akibat berbagai,Jadi energi sedangkan pendingin macet tidak bisa masuk fukushima atau batang pengendali chain reaction grafit tidak berfungsi akibat berbagai,[],"['energi', 'pendingin macet', 'macet', 'fukushima', 'batang pengendali', 'pengendali chain', 'chain reaction', 'reaction grafit', 'akibat', 'pendingin']","['energi', 'pendingin macet', 'macet', 'fukushima', 'batang pengendali', 'pengendali chain', 'chain reaction', 'reaction grafit', 'akibat', 'pendingin']","['energi', 'pendingin macet', 'macet', 'fukushima', 'batang pengendali', 'pengendali chain', 'chain reaction', 'reaction grafit', 'akibat', 'pendingin']",id,jadi energi sedangkan pendingin macet gak bisa masuk (Fukushima) atau batang pengendali chain reaction (grafit) gak berfungsi akibat berbagai,1944__8
451,Lebih simplenya ya gitu... bentrok kepentingan. Emangnya para pengusaha kakap bidang batubara dan minyak bumi bersedia digeser gitu aja? Kaga bakalan kayaknya :ngakak,1,kaskus,2017-08-27 20:30:12,Bentrok kepentingan.,Bentrok kepentingan.,[],"['Bentrok kepentingan', 'kepentingan']","['Bentrok kepentingan', 'kepentingan']","['bentrok kepentingan', 'kepentingan']",id,bentrok kepentingan.,451__1
1058,Mangkanya impor aja semua.... gampang... gak usah repot repot swasembada.... Dari jaman orba juga ud sering impor kan.... ngapain sekarang susah susah capek capek swasembada....impor aja... gampang... gak capek... gak perlu usaha lebih.. cukup bayar.... Tuh contohnya daging sapi.... impor aja lah lebih gampang... daripada susah susah miara sapi.... Yang realistis ya impor semua.... otak indo mah gak sanggup buat berswasembada.... yang paling realistis buat indo mah impor.... gak usah mikir dan gak capek kerja.... Negara kita masih kaya gan... wkwkwk....,0,kaskus,2016-01-30 11:04:16,Mangkanya impor saja semua.,Mangkanya impor saja semua.,[],['impor'],['impor'],['impor'],id,Mangkanya impor aja semua....,1058__0
1342,Kalo china pake pltn ga? India? Setau ane pemakai energiterbesar di dunia ya cina dan india. Kalo saya vote no. Ato setuju dengan sarat. Sarat saya kalo setuju : pltn dibangun dekat dengan tempat tinggal pembuat kebijakan. Jadi saya setuju pltn asal dibangunnya di sebelah gedung dpr ato istana merdeka. Jadi pemimpin negarajuga mikir2 kalo mau masukim agt keluarganya yang goblok2 ke sana jadi pejabat pltn(krn gajinya pasti diatas plta pltu dan pln dgn alasan risiko gede jad pasti jadi inceran banyak tikus mafia jabatan). Kalo ditaro di tempat2 jauh macem selatan jawa nanti mrk merasa aman dan jau shg nempatn prang sembarangan asal taruhi biaroun tidak qualified dan kalo ada kebocoran cuma saling tuding.,8,kaskus,2015-04-14 08:00:50,Jadi inceran banyak tikus mafia jabatan,Jadi inceran banyak tikus mafia jabatan,[],"['inceran', 'tikus mafia', 'mafia jabatan', 'jabatan']","['inceran', 'tikus mafia', 'mafia jabatan', 'jabatan']","['inceran', 'tikus mafia', 'mafia jabatan', 'jabatan']",id,jadi inceran banyak tikus mafia jabatan).,1342__8
116,"Karena PLTN itu high risk high return gak sih? Kalo aman ya gpp, sekali something wrong langsung jadi bencana. Kalo PLTS kan lebih aman yak.",0,reddit,2023,Karena pltn itu high risk high return tidak sih?,Karena pltn itu high risk high return tidak,['sih'],"['pltn', 'high', 'return']","['pltn', 'high', 'return']","['pltn', 'high', 'return']",id,Karena PLTN itu high risk high return gak sih?,116__0
287,"Bruh, meteran listrik aja ada NDA dan w belum pernah Nemu kasus ada yang tamper. Lebih mudah pin point pencuri baterai kalau ditaruh rumah karena kita tahu dimana rumahnya dan siapa pemiliknya jadi kita bisa ancem penjara si pemilik rumah kalau ketahuan baterainya ilang IMHO.",0,reddit,2023,"Bruh, meteran listrik saja ada nda dan aku belum pernah menemukan kasus ada yang tamper.","Bruh, meteran listrik saja ada nda dan aku belum pernah menemukan kasus ada yang tamper.",[],"['Bruh meteran', 'meteran listrik', 'listrik', 'nda', 'kasus', 'Bruh']","['Bruh meteran', 'meteran listrik', 'listrik', 'nda', 'kasus', 'Bruh']","['meteran', 'meteran listrik', 'listrik', 'nda']",id,"Bruh, meteran listrik aja ada NDA dan w belum pernah Nemu kasus ada yang tamper.",287__0
330,"PLTN Gen 3+ yg dipasang core catcher dan Gen 4 udh nggak masalah sama gempa Segede fukushima Daichi pun nggak masalah Ya sebenarnya Gen 2 tahun 60an pun nggak masalah asal preventive measure dan crisis managementnya bagus macam Fukushima Daini. Tapi di generasi baru udh built in fitur safetynya, nggak perlu intervensi operator buat selamatin reaktornya",2,reddit,2023,"Tapi di generasi baru sudah built fitur safetynya, tidak perlu intervensi operator buat menyelamatkan reaktornya","Tapi di generasi baru sudah built fitur safetynya, tidak perlu intervensi operator buat menyelamatkan reaktornya",[],"['generasi baru', 'fitur safety', 'safety', 'intervensi operator', 'operator', 'reaktor', 'generasi', 'fitur', 'intervensi']","['generasi baru', 'fitur safety', 'safety', 'intervensi operator', 'operator', 'reaktor', 'generasi', 'fitur', 'intervensi']","['generasi', 'fitur safety', 'safety', 'intervensi operator', 'operator', 'reaktor', 'fitur', 'intervensi']",id,"Tapi di generasi baru udh built in fitur safetynya, nggak perlu intervensi operator buat selamatin reaktornya",330__2
575,"Saya kurang tau lokasi kantornya Sarulla gan, maklum saya nggak ngantor di sana, hehe. Saya coba jawab ya gan. Selain punya kelebihan sesuai penjabaran di dalam thread ini, geothermal tentunya juga punya kekurangan antara lain : [list=1] Nilai investasi awal yang besar dibutuhkan untuk proyek pembangkit listrik menggunakan energi geothermal mulai dari pemboran sumur, fasilitasi pemipaan, hingga pembangkit itu sendiri. [/list][list=2] Lokasi pembangkit listrik geothermal (PLTP) harus berada di dekat dengan sumber geothermal berada. Karena sebagian besar geothermal berada di pegunungan dan cenderung remote area, maka usaha yang diperlukan untuk pengembangan lapangan geothermal cukuplah besar. Semakin remote suatu area geothermal tersebut maka jalur tranmisi untuk distribusi listrik dari pembangkit yang diperlukan juga semakin panjang, maka nilai investasi yang dibutuhkan juga semakin tinggi. Hal ini berbeda dengan PLTU yang penempatan lokasi pembangkitan lebih dapat disesuaikan. [/list][list=3] Uap geothermal yang dimanfaatkan merupakan uap yang keluar dari perut bumi, sehingga kita tidak bisa megontrol apa saja kandungan kimia uap panas bumi tersebut. Dibeberapa lapangan geothermal ditemui uap dengan kandungan asam yang cukup tinggi, sehingga kandungan yang bersifat korosif tersebut menyebabkan cepat rusaknya fasilitas pemipaan dan pembangkit (turbin). [/list][list=4] Geothermal merupakan sumber energi yang sustainable, namun dengan catatan pengembang benar-benar menjaga siklus geothermal di lokasi tersebut. Untuk itu, selain mencari sumur-sumur produksi baru untuk menghasilkan uap yang dibutuhkan untuk pembangkitan, pengembang juga harus mencari sumur-sumur injeksi dengan lokasi dan kedalaman yang tepat untuk menginjeksikan air hasil pemisahan uap (brine & kondesat). Pengembang juga harus menjaga kelestarian vegetasi di area geothermal di lokasi tersebut. [/list][list=5] Waktu yang dibutuhkan juntuk mengembangkan lapangan geothermal mulai dari eksplorasi sampai dengan eksploitasi bisa dibilang relatif lama, yaitu berkisar 5-7 tahun (itu pun dengan catatan apabila pemboran berhasil & menghasilkan uap yang diharapkan). [/list] Sekian gan, semoga bermanfaat :toast",17,kaskus,2016-01-20 17:54:07,5-7 tahun itu pun dengan catatan apabila pemboran berhasil menghasilkan uap yang diharapkan,5-7 tahun itu pun dengan catatan apabila pemboran berhasil menghasilkan uap yang diharapkan,[],"['tahun', 'catatan', 'pemboran', 'uap']","['tahun', 'catatan', 'pemboran', 'uap']","['catatan', 'pemboran', 'uap']",id,5-7 tahun (itu pun dengan catatan apabila pemboran berhasil menghasilkan uap yang diharapkan).,575__17
1718,"kalo menurut gw sih lebih bagus kalo pake energy terbarukan yg banyak di Indonesia yaitu [B]sinar matahari[/B] aplikasinya bukan dengan membentuk PLTS tapi mengganti atap2 rumah warga menjadi panel surya. listrik yg dihasilkan tersebut kemudian di simpan dalam tempat penyimpanan misal aki ato lain lain (maap gaptek tw nya aki doank) yg terkoneksi dengan tiang tiang listrik fungsi tiang tiang listrik adalah membeli listrik dari PLN dan dapat pula menjual listrik KE PLN yg dihitung /KwH menggunakan alat penghitung khusus yg menghitung brp jumlah listrik yg kita jual ke PLN nah jadinya kan kalo listrik yg kita ga pake bisa di jual. org jg termotivasi untuk menghemat pemakaian listrik mereka sendiri. nah perlu jg diketahui bahwa sbgian besar pembangkit listrik kita masih memakai bahan bakar minyak yg harganya terus meroket... sebaiknya bahan bakarnya diganti dgn batu bara yg melimpah saya jg sbnernya mendukung PLTN karena merupakan sumber energy yg relatif murah, tapi kalo2 bocor gmn?? sapa yg mo tanggung jawab? dan apakah sepadan dgn resiko itu sndiri?? sekali terjadi bencara radiasi , tanah yg di sekitar pln ga bs dipake lagi... kyk di chernobyl gtu. sekian dari saya... :P",6,kaskus,2012-10-18 02:45:05,Nah perlu juga diketahui bahwa sbgian besar pembangkit listrik kita masih memakai bahan bakar minyak yang harganya terus meroket.,Nah perlu juga diketahui bahwa sbgian besar pembangkit listrik kita masih memakai bahan bakar minyak yang harganya terus meroket.,[],"['sbgian besar pembangkit', 'pembangkit listrik', 'listrik', 'bahan bakar', 'bakar minyak', 'minyak', 'harga', 'sbgian', 'bahan']","['sbgian besar pembangkit', 'pembangkit listrik', 'listrik', 'bahan bakar', 'bakar minyak', 'minyak', 'harga', 'sbgian', 'bahan']","['sbgian pembangkit', 'pembangkit listrik', 'listrik', 'bahan bakar', 'bakar minyak', 'minyak', 'harga', 'sbgian', 'bahan']",id,nah perlu jg diketahui bahwa sbgian besar pembangkit listrik kita masih memakai bahan bakar minyak yg harganya terus meroket...,1718__6
2407,"Menurut awak, ga begitu guna ngembangin geothermal sekarang kalo turbinnya aja masih impor dari luar. :D apalagi kondensat itu bikin blade turbinnya cepet rusak. semakin tinggi biaya operasi, semakin tinggi juga harga jual listrik ke PLN. dan PLN jual ke end user(konsumen) makin besar. :D solusi ya harus berani Pertamina dan PLN atau kontraktor2 punya anak perusahaan/vendor lokal sendiri. supaya listrik makin murah dan terjangkau masyarakat. IMHO",2,kaskus,2016-12-30 21:37:51,"Semakin tinggi biaya operasi, semakin tinggi juga harga jual listrik ke pln.","Semakin tinggi biaya operasi, semakin tinggi juga harga jual listrik ke pln.",[],"['tinggi biaya operasi', 'operasi', 'tinggi harga jual', 'jual listrik', 'listrik', 'pln']","['tinggi biaya operasi', 'operasi', 'tinggi harga jual', 'jual listrik', 'listrik', 'pln']","['biaya operasi', 'operasi', 'harga jual', 'jual listrik', 'listrik', 'pln']",id,"semakin tinggi biaya operasi, semakin tinggi juga harga jual listrik ke PLN.",2407__2
2238,"Definisi monopoli yang dipakai apa? Tidak ada larangan atau peraturan di Manila yang mencegah Pak Peyotpetot untuk mendirikan perusahaan listrik baru di Manila. Tidak ada kontrak eksklusif antara Meralco dan Manila. Berarti secara hukum tidak ada monopoli. Tapi dari sisi konsumen Manila, pilihan cuma ada Meralco atau genset. Makanya saya bilang ujung-ujungnya kartelisasi. Swastanisasi bukan selalu jawaban yang benar. Itu yang di Jakarta seperti anda bilang sendiri hasilnya sama saja. Mending diambil balik aja ditangani PDAM. BUMN/BUMD cenderung tidak efisien? Ini masalahnya bukan di kepemilikan badan usahanya, tapi di pelakunya dan kriteria penilaiannya. Pertama, kita bisa melihat sendiri banyak contoh di luar negeri di mana setelah suatu BUMN/BUMD diprivatisasi, kualitas layanan malah anjlok. British Railway, misalnya. Coba kalau ada waktu ditelusuri ceritanya. Kedua, kebalikannya juga ada. Perusahaan kereta api Jepang, misalnya, unik karena sebenarnya adalah konsorsium dari perusahaan swasta dan pemerintah, tapi yang milik pemerintah pun ternyata yahud pelayanannya. Terakhir, efisien atau tidak itu kriterianya apa dulu? Sebab kalau swasta itu kriterianya ada ROI. Ini oke kalau bisnisnya adalah garmen atau motor, tapi listrik bisa dilihat sebagai layanan masyarakat. Kalau kita menilai suatu layanan masyarakat dengan kriteria swasta alias laba, maka akan terjadi beberapa langkah efisiensi yang tidak melayani masyarakat. Kalau di British Railway, layanan ke daerah yang bukan kota besar dikurangi atau malah dihapus, karena memang duitnya di kota besar, bukan di daerah pelosok. Kalau kita terapkan di Jakarta, maka lebih efisien jika layanan listrik difokuskan ke ddaerah-daerah orang kaya, sebab duitnya di sana. Kalau pemukiman kumuh, ROI-nya jelek. Kalau diterapkan secara nasional, Jawa enak, sebab duitnya di sana. Tapi Maluku dan Nusa Tenggara yang pusing, sebab pulaunya banyak penduduknya sedikit. Ini dibikinkan BUMD pun tidak akan banyak membantu, sebab BUMD listrik yang di Jawa dengan yang di Ternate bakal jomplang. Yang di Jawa enak, bahkan yang di desa pun ada listrik. Yang di Ternate bakal cuma kotanya yang dapat listrik, sementara yang di desa silahkan pakai genset. Jaringan telepon yang menggunakan kabel sampai sekarang masih menjadi monopoli praktis Telkom, Pak. Apanya yang bubar? Yang terjadi itu adalah munculnya teknologi baru yakni telepon genggam yang bisa menikung bisnis telepon kabel tradisional. Nah kalau anda mau bilang bahwa listrik juga bisa begitu, mana teknologinya dulu? Mau bikin Tesla Tower? Monggo dicoba. Kalau memang teknologinya sudah siap dikomersialisasikan, kenapa di Amerika, Jerman, Tiongkok, Jepang, dll. semuanya masih pakai kabel? Natural monopoly kok dibilang akal-akalan pemerintah. Itu konsep ekonomi. Berlaku secara universal ketika ""barrier of entry"" tinggi. Bisa dicari ulasannya di buku-buku ekonomi. Anda coba cari bagaimana kerjanya sistem listrik di Amerika Serikat deh. Cuma perhatikan pembedaan antara siapa yang memegang jaringan listrik dan siapa yang memegang pembangkit listrik. Lalu cari juga contoh negara lain di mana satu daerah ada dua jaringan listrik dan konsumen bisa gonta-ganti kabel kayak pindah dari MNC ke Firstmedia. Saya bicara itu berdasarkan realita. Faktanya itu jaringan listrik jauh lebih kompleks dan mahal daripada jaringan kabel. Jadi kalau anda tanya, sama-sama pakai tiang dan kabel kenapa TV kabel bisa tapi listrik gak bisa, saya enggan menjawab (tapi ya itu, listrik kalau ada korslet orang bisa mampus, TV kabel korslet palingan cuma gak bisa nonton TV), tapi faktanya di dunia itu begitu. Jadi kalau anda yakin bahwa satu-satunya hal yang mencegah adanya kompetisi di jaringan kabel listrik itu peraturan pemerintah, tunjukkan buktinya. Di negara mana yang ada lebih dari satu jaringan listrik yang bisa dipilih konsumen. Tebakan saya, Pak Peyotpetot salah paham mengira bahwa bisnis listrik antara distribusi (alias jaringan kabel) dan pembangkitan/generasi (alias pembangkit listrik) adalah sama. Itu beda, Pak. Di Singapura misalnya ada beberapa penyedia listrik dan anda bisa pilih-pilih, tapi yang punya kabel listrik cuma satu, Singapore Power yang adalah BUMN Singapura. Makanya dari awal saya berulang-ulang bilang jaringan kabel listrik itu monopoli alami. Kalau Pak Peyotpetot masih tidak percaya ya silahkan dicarikan contoh negara mana.",51,kaskus,2017-03-10 07:56:26,Di negara mana yang ada lebih dari satu jaringan listrik yang bisa dipilih konsumen.,Di negara mana yang ada lebih dari satu jaringan listrik yang bisa dipilih konsumen.,[],"['negara', 'jaringan listrik', 'listrik', 'konsumen', 'jaringan']","['negara', 'jaringan listrik', 'listrik', 'konsumen', 'jaringan']","['negara', 'jaringan listrik', 'listrik', 'konsumen', 'jaringan']",id,Di negara mana yang ada lebih dari satu jaringan listrik yang bisa dipilih konsumen.,2238__51
2105,"contoh dr mises itu ratusan tahun yg lalu, dan dia menskip peraturan apa yg membuat jaringan listrik jd monopoli. Kemungkinan besar ya gara2 konsolidasi stlh booming listrik usai byk perusahaan bangkrut, ga ada jg aturan yg melarang perusahaan lain pasang jaringan baru justru aturan yg dituduh monopoli itu aturan yg memaksa pemain lama tdk menerapkan harga sewenang2 setelah diamati pemain baru tindak kunjung dtg dan pemain lama menikmati status near monopoli california kan blackout gara2 heatwave, dan dia ga trmsk states yg bisa ganti provider ini kisah nyata dan buktinya bisa diliat sendiri, firstmedia itu aslinya pemain lama jg dulu namanya kabelvision. Bisa diliat dia nguasain jakarta aja ga bisa, udh nyari di kota lain. Diliat jg wilayah yg bisa dilalui 2-3 provider itu umumnya elit atau kos2an, sisanya? monopoli wilayah internet fiber ini ibaratnya lg booming, byk provider berlomba2 masuk tp ga diimbangi kualitas. Akhirnya byk yg pasang harga nipu2, misal 6bl kemudian menaikkan harga diam2, fup, lemot ga sesuai promosi, sering dc, bahkan mati. PLN klo make standar isp indonesia bisa ditimpukin kantornya (pernah kejadian di medan, ceritanya pak dahlan) standar blackout pln skrg itungannya menit beda ama internet yg harus diancam putus dl baru teknisinya dtg",6,kaskus,2017-03-14 22:57:18,"Diliat juga wilayah yang bisa dilalui 2-3 provider itu umumnya elit atau kos2an, sisanya?","Diliat juga wilayah yang bisa dilalui 2-3 provider itu umumnya elit atau kos2an, sisanya?",[],"['wilayah', 'provider', 'elit sisa', 'kos2an', 'sisa']","['wilayah', 'provider', 'elit sisa', 'kos2an', 'sisa']","['wilayah', 'provider', 'elit sisa', 'kos2an', 'sisa']",id,"Diliat jg wilayah yg bisa dilalui 2-3 provider itu umumnya elit atau kos2an, sisanya?",2105__6
353,"Asap PLTU nggak dhitung? Itu dijabodetabek ya asapnya dari PLTU juga, nggak ada bedanya. Ya kan lagi ngomongin di jalanan, ya kali lu bawa PLTU setiap kali lu bawa EV. Kalau masalah asapnya kan bisa dipindah, sekarang aja produksi PLTU kebanyakan di Jawa Timur. Lebih mudah daripada maksa mindahin puluhan juta IC, nanti dipaksa pindah pada koar-koar HAM-HIM-HUM. kalau mau bilang PLTU ada filter, ya kalau mobil juga ada Euro 5. Nah itu balik lagi ke komentar di atas, lebih gampang mana? Pasang filter/penangkap karbon di 1000 PLTU?; ATAU Pasang filter di puluhan juta IC supaya jadi EURO 6?",3,reddit,2023,"Kalau masalah asapnya kan bisa dipindah, sekarang saja produksi pltu kebanyakan di jawa timur.","Kalau masalah asapnya kan bisa dipindah, sekarang saja produksi pltu kebanyakan di jawa timur.",[],"['masalah asap', 'asap', 'produksi pltu kebanyakan', 'pltu', 'jawa timur', 'timur', 'masalah', 'produksi', 'jawa']","['masalah asap', 'asap', 'produksi pltu kebanyakan', 'pltu', 'jawa timur', 'timur', 'masalah', 'produksi', 'jawa']","['asap', 'produksi pltu kebanyakan', 'pltu', 'jawa timur', 'timur', 'produksi', 'jawa']",id,"Kalau masalah asapnya kan bisa dipindah, sekarang aja produksi PLTU kebanyakan di Jawa Timur.",353__3
1029,"Kalau BBM murah terus, kapan lengangnya jalan2, dan riset EBT berjalan? Energi Baru dan Terbarukan (EBT), yg kebayang kok Sawit atau Solyndra :think: [spoiler=][b][size=""6""]Machine Gunning a Tesla[/size][/b] There is an episode of the TV show Top Gear involving a Prius hybrid and automatic weapons. God, I wish I could afford to do the same to a Tesla. Unfortunately, I (and thee) are too poor to afford a Tesla. But that doesn’t mean we won’t continue to be forced to “help” Elon Musk build these mobile – just barely (and briefly) monuments to crony capitalism. This is a company that bleeds money like a machine-gunned hemophiliac, yet doesn’t die because fresh transfusions are always available. Just last week it was announced the company lost another $100 million and change while delivering fewer than 10,000 cars. Tesla has yet to earn – properly speaking – a single honest dollar. The money it takes in (a very different thing) is obtained chiefly via carbon tax credits ($130 million from the state of California alone; that is to say, from the pockets of the taxpayers of the state of California) and everyone knows all about the $7,500 per car subsidy Uncle dangles in front of prospects to lure them into buying one of these flashy, yet functionally useless, electric Edsels. There are in addition state-level subsidies (in 23 states) ranging from $1,000 to $5,000 per “sale.” [img]http://s.kaskus.id/images/2015/12/28/2079851_20151228083445.jpeg[/img] Do you know what a “carbon tax credit” is? It’s a tax, first of all – only one paid to an entity (I won’t call it a company, as companies are businesses and Tesla is neither) like Tesla rather than to the government. Here’s how it works. I own a business that makes things people are actually willing to buy without being coerced or subsidized. But, alas, my manufacture of this product results in “greenhouse gasses” – carbon dioxide having been decreed the primary one (even though it is far less of one than several other gasses, such as methane and also water vapor; but we’ll leave that aside for now). Well, I want to make the thing and you want to buy the thing, but in order for me to be allowed to make it, I must send money to an entity like Tesla as a kind of (no, an actual) kickback. Because Tesla is “green” while I am not – except of course as regards the color of the money that’s been transferred to Elon Musk’s ever-growing bank account – which is very green indeed. The argument is that each Tesla built with these kickback dollars amounts to “x” quantity of carbon dioxide negated overall. I’m allowed to build my economically viable product, so long as I “help” Tesla manufacture his not-economically viable products. But they are “green,” right? Certainly. In the same way that an outhouse is clean… before you use it. Only with Tesla, it’s the reverse. The finished car may not produce any noxious emissions, but it took a lot of noxious emissions to build the thing. Do American haters of internal combustion ever stop to wonder why Tesla is building factories in… China? Where there is no EPA? [img]http://s.kaskus.id/images/2015/12/28/2079851_20151228083809.jpg[/img] Do you know what goes into making a Tesla’s lithium-ion electric battery pack? Caustic, highly reactive solvents and cobalt oxide, a nasty compound that is uber poisonous and carcinogenic. Carbon dioxide and water vapor have been accused of triggering “global warming” (oops, “climate change” now) but breathing either will not give you cancer or neurological problems. Cobalt, on the other hand… . And how do you get cobalt? By mining other materials such as nickel and copper. Then, using various noxious processes to separate out the cobalt, such as “froth flotation,” “roasting” and “leaching” with sulfuric acid. [img]http://s.kaskus.id/images/2015/12/28/2079851_20151228084005.jpeg[/img] Mmmm mmmmm good! This form of Gaia-rape is ok, though, because it does not occur within sight of Al Gore’s house. Most of the cobalt needed to make Tesla and other electric batteries is located in places like China, Afghanistan and Africa. Those parts of the earth are ok to fist and finger. Battery production (like sausage making) is an aspect of EVs that is routinely overlooked – deliberately. Because the picture isn’t pretty. In addition to the environmental nastiness of the materials, it takes a great deal of un-green energy to transform those materials into the finished product (a battery). Nearly twice the energy that goes into making a conventional (internal combustion engined) car, as it turns out. Where does this energy come from? Like mountain oysters, you really don’t want to know. But maybe you should. Coal and oil. Which are used to run the heavy industry plants that make the damned things. And which also make most of the electricity that powers the damned things. Did you know that electric cars that depend on coal and electric utilities are actually 17-26 percent worse, in terms of their total “carbon footprint, than a gas or diesel-engined car? (Those interested in more will find this study worth a look.) Captain Planet, phone your office. Meanwhile, Elon Musk continues to suckle the teat of Uncle. Which he must, because his operation is fundamentally a con. Without the force of government backing him, he’d have to bankroll this epic failure himself – which a smart guy like Musk would be unlikely to do. If we had a free market, he’d have no choice but to do that… or shut down. Instead, he does the corporatist thing. Which would less obnoxious if he didn’t constantly preen about the virtues of lightening the wallets of millions of average people so as to further fatten the wallets of millionaires and billionaires, who are the only people buying Teslas and profiting from their existence. Throw ’em in the Woods. [url]http://ericpetersautos.com/2015/02/19/machine-gunning-tesla/[/url][/spoiler]",12,kaskus,2015-12-28 09:18:03,"Addition state-level subsidies 23 states ranging 1,000 5,000 per sale.","Addition state-level subsidies 23 states ranging 1,000 5,000 per sale.",[],"['Addition', 'sale']","['Addition', 'sale']","['addition', 'sale']",id,"There are in addition state-level subsidies (in 23 states) ranging from 1,000 to 5,000 per sale.",1029__12
2127,"Wah, anda salah tangkap. Saya gak bilang kalau energi surya dan bayu itu tidak cocok untuk perkotaan. Bahkan saya mendukung program semacam feed-in tariff dan subsidi untuk pemasangan panel surya semacam yang dilakukan Jerman. Itu cocok untuk orang kota yang cenderung lebih berduit daripada orang desa. Yang saya berusaha jelaskan adalah bahwa nuklir dan tenaga matahari/angin itu sifatnya komplementer. Saling melengkapi. Sebab ada kesalahpahaman besar di masyarakat yang menganggap bahwa nuklir dan energi terbarukan itu musuh. Bahwa kalau ada energi terbarukan maka energi nuklir tidak dibutuhkan dan jika ada energi nuklir maka energi terbarukan akan tersingkir. Itu yang saya berusaha luruskan. Faktanya negara yang paling getol membangun PLTN adalah negara yang industri panel suryanya paling besar di dunia, yakni Tiongkok. Uni Emirat Arab yang kaya minyak malah sedang membangun PLTS dan PLTN bersamaan. Prancis lagi giat menaikkan porsi energi terbarukan mereka, tapi PLTN jalan terus. Sekali lagi, energi terbarukan dan energi nuklir itu sebenarnya saling melengkapi. Jangan malah diadu. Kalau diadu justru pebisnis energi fosil yang senang, sebab faktanya setiap ada PLTN yang ditutup atau dibatalkan, konsumsi energi fosil meningkat.",6,kaskus,2017-03-12 13:20:36,Sebab ada kesalahpahaman besar di masyarakat yang menganggap bahwa nuklir dan energi terbarukan itu musuh.,Sebab ada kesalahpahaman besar di masyarakat yang menganggap bahwa nuklir dan energi terbarukan itu musuh.,[],"['kesalahpahaman besar', 'masyarakat', 'nuklir', 'energi terbarukan', 'terbarukan', 'musuh', 'kesalahpahaman']","['kesalahpahaman besar', 'masyarakat', 'nuklir', 'energi terbarukan', 'terbarukan', 'musuh', 'kesalahpahaman']","['kesalahpahaman', 'masyarakat', 'nuklir', 'energi terbarukan', 'terbarukan', 'musuh']",id,Sebab ada kesalahpahaman besar di masyarakat yang menganggap bahwa nuklir dan energi terbarukan itu musuh.,2127__6
2271,"bayangin aja gan. kalo pake pltn dan sukses di indo, taipan taipan tmbang batubara bakal loyo penjualan nya.. lagi lagi kembali ke kebijakan politik presiden kita",1,kaskus,2017-03-09 22:59:18,"Kalau pakai pltn dan sukses di indonesia, pengusaha pengusaha tmbang batubara akan loyo penjualan nya.","Kalau pakai pltn dan sukses di indonesia, pengusaha pengusaha tmbang batubara akan loyo penjualan nya.",[],"['pltn', 'indonesia', 'pengusaha pengusaha', 'pengusaha tmbang', 'tmbang batubara', 'batubara', 'penjualan', 'pengusaha']","['pltn', 'indonesia', 'pengusaha pengusaha', 'pengusaha tmbang', 'tmbang batubara', 'batubara', 'penjualan', 'pengusaha']","['pltn', 'indonesia', 'pengusaha pengusaha', 'pengusaha tmbang', 'tmbang batubara', 'batubara', 'penjualan', 'pengusaha']",id,"kalo pake pltn dan sukses di indo, taipan taipan tmbang batubara bakal loyo penjualan nya..",2271__1
200,"Paling masuk akal itu di deket laut, jadi murah pendingin reaktor nya. Dan please diperkuat keamanan nya",0,reddit,2022,"Paling masuk akal itu di dekat laut, jadi murah pendingin reaktor nya.","Paling masuk akal itu di dekat laut, jadi murah pendingin reaktor nya.",[],"['dekat laut', 'murah pendingin reaktor', 'reaktor', 'laut', 'pendingin']","['dekat laut', 'murah pendingin reaktor', 'reaktor', 'laut', 'pendingin']","['laut', 'murah pendingin reaktor', 'reaktor', 'pendingin']",id,"Paling masuk akal itu di deket laut, jadi murah pendingin reaktor nya.",200__0
225,"Daripada senjata nuklir, energi PLTN ini kembangin aja buat bisa menghasilkan energi listrik dengan tenaga yang besar, dan hasilnya kita bisa bikin Railgun, Laser Beam gun atau, High density particle gun (bayangin kita punya meriam Railgun yang jangkauannya bisa hit on target setara rudal balistik)",1,reddit,2022,"Railgun, laser beam gun atau, high density particle gun bayangkan kita punya meriam railgun yang jangkauannya bisa terpopuler target setara rudal balistik","Railgun, laser beam gun atau, high density particle gun bayangkan kita punya meriam railgun yang jangkauannya bisa terpopuler target setara rudal balistik",[],"['Railgun', 'laser beam', 'beam gun', 'gun', 'high', 'density particle', 'particle gun', 'meriam railgun', 'jangkauan', 'target setara rudal', 'rudal balistik', 'meriam', 'target']","['Railgun', 'laser beam', 'beam gun', 'gun', 'high', 'density particle', 'particle gun', 'meriam railgun', 'jangkauan', 'target setara rudal', 'rudal balistik', 'meriam', 'target']","['railgun', 'laser beam', 'beam gun', 'gun', 'high', 'density particle', 'particle gun', 'meriam railgun', 'jangkauan', 'target setara rudal', 'rudal balistik', 'meriam', 'target']",id,"Railgun, Laser Beam gun atau, High density particle gun (bayangin kita punya meriam Railgun yang jangkauannya bisa hit on target setara rudal balistik)",225__1
242,"itu salah satu alasannya karena overregulation. Yg bagiku ga masalah, tapi regulasinya cuma untuk PLTN yg jadi masalah, kalo PLTU batubara dikasih regulasi PLTN mana ada yg lulus dibangun di indo. Radiasi PLTU itu lebih gede dari yang dibolehin untuk PLTN.",0,reddit,2023,Itu salah satu alasannya karena overregulation.,Itu salah satu alasannya karena overregulation.,[],"['alasan', 'overregulation']","['alasan', 'overregulation']","['alasan', 'overregulation']",id,itu salah satu alasannya karena overregulation.,242__0
1781,"Nah, gw udah bilang. Bikinnya di tempat yang kagak beresiko ada kejadian buruk. Personilnya bikin seketat mungkin. Bisa kok. Banyak ahli nuklir di Indonesia yang tau harus seketat apa isinya PLTN itu. Bolot banget dah dibilangin dr tadi. :cd Kagak pernah kuliah manajemen resiko ya? Lw pikir yg dipikirin 100 taun ke depan apanya? Energinya? KAGAK! Yg dipikirin manajemen pengelolaan limbah, resiko pengolahan dan pembuangan limbahnya, dll. Energi yg lw kasih jadinya 100 taun kedepan, bahkan 1000 taun? Butuh listriknya sekarang tong! Paling kagak 20 taun ke depan. Lw pikir teknologinya ada sekarang? Lw pikir nyiptain teknologi gitu gampang? :cd Efisiensinya jauh banget gan. Angin sama ombak itu kerasanya kenceng, tapi sebenernya energinya ga banyak-banyak banget kalo ga punya ladang angin/ombak.",8,kaskus,2012-10-16 14:13:30,"Yang dipikirin manajemen pengelolaan limbah, resiko pengolahan dan pembuangan limbahnya, dll.","Yang dipikirin manajemen pengelolaan limbah, resiko pengolahan dan pembuangan limbahnya, dll.",[],"['manajemen pengelolaan', 'pengelolaan limbah', 'limbah', 'resiko pengolahan', 'pengolahan', 'pembuangan limbah', 'dll', 'manajemen']","['manajemen pengelolaan', 'pengelolaan limbah', 'limbah', 'resiko pengolahan', 'pengolahan', 'pembuangan limbah', 'dll', 'manajemen']","['manajemen pengelolaan', 'pengelolaan limbah', 'limbah', 'resiko pengolahan', 'pengolahan', 'pembuangan limbah', 'manajemen']",id,"Yg dipikirin manajemen pengelolaan limbah, resiko pengolahan dan pembuangan limbahnya, dll.",1781__8
2204,"wah seneng banget nih ada ahli dan praktisi dari listrik tenaga nuklir. jujur saya udah lama cuma jadi silent reader di kaskus, sudah tidak banyak thread yang memancing saya untuk berkomentar, tapi yang satu ini kontroversial banget. saya sendiri ahli dan praktisi di listrik tenaga matahari. dan kelihatannya saya harus berkomentar disini untuk berbagi pemahaman mengenai solusi energi kalau yang saya lihat dari thread, kelihatannya yang agan jelaskan baru garis besar dan kesimpulan nya saja ayng sudah agan pelajari selama ini. dengan menarik jumlah emisi karbon di suatu negara sebagai tolak ukur keberhasilan jenis pembangkit energi yang digunakannya. saya rasa ini merupakan cara yang paling cepat untuk mengukur tingkat keberhasilannya. tapi sama seperti kepala daerah, tingkat keberhasilan nya diukur dari berbagai macam sisi. bukan hanya dari nilai pendapatan daerah yang meningkat saja. ada yang menilai dari berkurangnya angka pengangguran, ada pula yang menilai dari pembangunan insfrastrukturnya, dan lain lain. begitu pula halnya dengan komparasi jenis solusi energi sebelum saya jelaskan lebih jauh, perlu kita sadari bersama komparasi solusi energi antara minyak bumi, batu bara, nuklir, angin, panas bumi , dan tenaga matahari tidak komprehensif. kenapa saya katakan begitu. karena memang kalau kita telusuri bagaimana solusi energy itu didapat dan diolah semuanya benar benar berbeda. kalau kita mencoba mengerti lebih jauh mengenai dari mana sebenarnya sumber sumber solusi energi itu di dapatkan, kita akan bisa memutuskan mana yang sebenarnya lebih efisien untuk kita misalnya minyak bumi, gas alam, dan batu bara, saya jadikan satu karena semuanya merupakan energy yang disimpan di dalam bumi dan merupakan sumber daya alam yang terbatas. kenapa saya sebut "" disimpan di dalam bumi"". karena sebenarnya minyak bumi dan kawan kawannya itu merupakan battery alami yang terbentuk akibat tekanan dan panas, dan baik tekanan dan panas itu sebenarnya sumbernya dari matahari. dengan tingkat konversi energi nya hanya 0.000005% ( nilai jumlah keseluruhan energi fosil dibagi jumlah energy yang diterima bumi dari matahari ) untuk panas bumi dan angin merupakan energy yang di tangkap dari proses lanjutan yang didapatkan dari energi matahari. untuk komparasi secara kalkulasi memang agak sulit karena menggunakan satuan yang berbeda untuk energi nuklir sendiri saya masih awam, dan tidak mengerti apakah energi nuklir ini didapatkan murni dari pengolahan manusia, atau termasuk salah satu jenis energi yang ikut menyimpan energi di dalam bumi selama proses bumi menerima energi dari matahari seperti energy fosil jadi jika dikomparasi efisiensi energy dari sumbernya (matahari) ke jenis energi yang kita pakai sekarang ( listrik ) energi fosil hanya 0.000001% energi solarcell saat ini sudah mencapai 19-20% energi panas bumi dan angin ?? energi nuklir ?? disini sudah bisa kita komparasikan nilai efisiensi energy dari berbagai jenis solusi energi lalu diawal sudah saya sampaikan bahwa energi fosil/nuklir tidak bisa di komparasikan dengan energi angin dan matahari. karena memang jika kita lihat dari prosesnya bahwa energi fosil dan nuklir adalah proses mengolah energi dari storage system / battery yang ada di alam. menjadi listrik sedangkan solusi energi angin dan matahari adalah proses konversi dari sumber energi langsung menjadi listrik, tanpa mengubahnya terlebih dahulu menjadi storage system lalu yang menjadi komparasi yang seimbang adalah ketika system tenaga matahari atau angin itu dilengkapi dengan storage system juga. baru bisa di komparasikan kehandalannya dengan jenis solusi energi yang berbasis mengubah battery alam menjadi listrik sebagai gambaran storage system / battery yang saat ini kita pakai rata rata memiliki efisiensi 95%, jauh sekali dibandingkan efisiensi storage system / battery alam yang hanya 0.000005% atau meningkat 4 juta kali lipat lebih efisien kita tinggalkan sejenak mengenai perbandingan efisiensi. dan lebih mendalami apa yang sebenarnya kita butuhkan. listrik dengan system sentralisasi sudah berjalan selama puluhan tahun, system sentralisasi seperti ini terkesan lebih mudah di maintenance, karena cuma perlu merawat 1 buah system besar. namun kabar buruknya saat satu bagian kecil saja dari system besar itu terjadi masalah, maka seluruh pengguna listrik akan merasakan akibatnya. dan semakin lama 1 buah system yang besar itu tidak akan bisa semakin simple, justru akan semakin rumit dengan bertambahnya jumlah jaringan. jawaban dari semua itu adalah kemandirian solusi energi yang ada di setiap rumah / pabrik. karena sumber energi yang sebenarnya masih terpapar dengan jumlah energi yang massif, gratis, dan menunggu untuk kita gunakan. dan perawatan nya bisa dilakuan secara mandiri oleh orang yang menggunakan, saya rasa tanggung jawab secara mandiri ini adalah yang paling baik alasan lain adalah dengan sistem sentralisasi seperti ini, maka selamanya akan selalu ada ketimpangan antara daerah yang satu dengan yang lain. misalnya ada suatu pulau di antara sulawesi dan papua. seluruh penduduknya adalah nelayan, jumlah penduduk di pulau tersebut 100 KK, apakah ada nilai ekonomisnya untuk membangun pembangkit listrik tenaga nuklir disana, atau bahkan dalam sistem sentralisasi, apakah mungkin dalam nilai komersil menarik kabel dari pulau jawa ke pulau tersebut? dan saya rasa kenapa indonesia belum menggunakan pembangkit listrik tenaga matahari karena akhirnya para praktisi energi dan teknologi akan berkumpul untuk memutskan mana yang terbaik. jangan sampai suatu saat nanti indonesia baru mulai membangun pembangkit listrik tenaga nuklir, saat negara lain sudah meninggalkannya. secara development akan berat mahal dan sulit",40,kaskus,2017-03-10 10:15:18,Jawaban dari semua itu adalah kemandirian solusi energi yang ada di setiap rumah pabrik.,Jawaban dari semua itu adalah kemandirian solusi energi yang ada di setiap rumah pabrik.,[],"['Jawaban', 'kemandirian solusi', 'solusi energi', 'energi', 'rumah pabrik', 'pabrik', 'rumah']","['Jawaban', 'kemandirian solusi', 'solusi energi', 'energi', 'rumah pabrik', 'pabrik', 'rumah']","['kemandirian solusi', 'solusi energi', 'energi', 'rumah pabrik', 'pabrik', 'rumah']",id,jawaban dari semua itu adalah kemandirian solusi energi yang ada di setiap rumah / pabrik.,2204__40
1723,"[FONT=""Arial Narrow""]kalo menurut ane sih, selain mempersiapkan infrastruktur yang baik, harus ada perawatan yang baik setelahnya. terus ya selain itu harus sedia payung sebelum hujan juga kalo misalnya ada sesuatu yang ga diinginkan terjadi. Kalo dari semua hal itu udah ready, lets we 'go nuklir'[/FONT]w",1,kaskus,2012-10-17 20:27:07,Terus ya selain itu harus sedia payung sebelum hujan juga kalau misalnya ada sesuatu yang tidak diinginkan terjadi.,Terus ya selain itu harus sedia payung sebelum hujan juga kalau misalnya ada sesuatu yang tidak diinginkan terjadi.,[],"['payung', 'hujan', 'misal']","['payung', 'hujan', 'misal']","['payung', 'hujan']",id,terus ya selain itu harus sedia payung sebelum hujan juga kalo misalnya ada sesuatu yang ga diinginkan terjadi.,1723__1
2122,"ane jadi tergelitik mengikuti debat pak peyot dan tonnyc, mohon maaf kalo membuka luka lama upss... debat lama sejujurnya ane setuju kalo segala bentuk monopoli itu hrs dienyahkan, termasuk infrastruktur publik tapi setelah ane searching2, ternyata emang bener untuk infrastruktur publik yg membutuhkan jaringan di negara paling bebas sekalipun, jaringanya di monopoli tp provider listriknya banyak dan masyarakat bisa gonta-ganti provider As a result, 85% of Texas power consumers (those served by a company not owned by a municipality or a utility cooperative) can choose their electricity service from a variety of retail electric providers (REPs), including the incumbent utility. The incumbent utility in the area still owns and maintains the local power lines (and is the company to call in the event of a power outage) and is not subject to deregulation. nah kenapa jaringan listrik ga sekalian dibebaskan? kemungkinan krn biaya investasi membangun jaringan besar atau pemilik jalan ga mau terlalu banyak kabel dan pipa di jalannya. kalau pendapat saya sih untuk jaringan listrik yg cenderung dimonopoli, ya saya kasih pengawasan ketat aja. Boleh buat jaringan disini tp ada standard minimal kualitas dan batas atas harga. Jadi biarpun swasta pemain satu2nya diwilayah itu dia ga bisa masang harga tinggi2 atau sengaja membiarkan jaringannya ga keurus. Kalau ada kabel putus dia yg tanggung jawab contoh di mises itu kurang jelas, cuma bilang ratusan tahun yg lalu di tiap kota ada puluhan provider listrik, tp ga dijelasin model pasar listriknya seperti apa bisa aja 1 jaringan banyak provider, spt texas atau perwilayah kecamatan udah dikuasai jaringan dan provider sendiri2, ini malah lbh buruk jdnya monopoli wilayah alasan komunis dan fasis itu alasan fanatik ideologi tertentu, tanpa melihat praktik dilapangan padahal ada ratusan negara dgn berbagai kondisi yg berbeda, masak semua bisa sepakat memnopoli jaringan listrik kecuali emang monopoli jaringan sifatnya inevitable",8,kaskus,2017-03-12 21:59:39,Kemungkinan karena biaya investasi membangun jaringan besar atau pemilik jalan tidak mau terlalu banyak kabel dan pipa di jalannya.,Kemungkinan karena biaya investasi membangun jaringan besar atau pemilik jalan tidak mau terlalu banyak kabel dan pipa di jalannya.,[],"['Kemungkinan', 'biaya investasi', 'investasi', 'jaringan besar', 'pemilik jalan', 'jalan', 'kabel', 'pipa', 'biaya', 'jaringan']","['Kemungkinan', 'biaya investasi', 'investasi', 'jaringan besar', 'pemilik jalan', 'jalan', 'kabel', 'pipa', 'biaya', 'jaringan']","['biaya investasi', 'investasi', 'jaringan', 'pemilik jalan', 'jalan', 'kabel', 'pipa', 'biaya']",id,kemungkinan krn biaya investasi membangun jaringan besar atau pemilik jalan ga mau terlalu banyak kabel dan pipa di jalannya.,2122__8
2108,"melihat ke jaman dulu itu ga realistis, wong di artikel itu aja ga bisa menjelaskan scr rinci model penjualannya? harganya brp? sering mati lampu apa enggak? kalo mau berkaca ama internet, liat dulu sbrp banyak wilayah dialiri byk provider internet. Jakarta per kota emang dialiri puluhan isp, tp perumahan mayoritas masih dimonopoli indihome. Misal rt sebelah udah dialirin myrepublic, ga bisa rumah kita minta dipasang walaupun cuma beda sejengkal. Ini kan namanya monopoli wilayah ini mirip kasus tol swasta, swasta bisa menikmati monopoli jalur, tp sbg gantinya pemerintah menetapkan batas mutu dan harga. Mirip saran gue, swasta boleh bikin jaringan baru tp ada batas mutu dan harga untk mencegah kenaikan harga yg selangit deregulasi texas itu bisa jd contoh krn kita tahu hasilnya positif, harga listrik di texas dibawah rata2 harga nasional, jarang black out, dan konsumen bisa bebas milih. Bisa studi banding jg... :ngacir:",8,kaskus,2017-03-13 17:13:52,"Tapi ada batas mutu dan harga untk mencegah kenaikan harga yang selangit deregulasi texas itu bisa jadi contoh karena kita tahu hasilnya positif, harga listrik di texas dibawah rata harga","Tapi ada batas mutu dan harga untk mencegah kenaikan harga yang selangit deregulasi texas itu bisa jadi contoh karena kita tahu hasilnya positif, harga listrik di texas dibawah rata harga",[],"['batas mutu', 'mutu', 'harga', 'kenaikan harga deregulasi', 'deregulasi texas', 'texas', 'contoh', 'hasil positif', 'harga listrik', 'listrik', 'texas rata', 'batas', 'kenaikan', 'hasil']","['batas mutu', 'mutu', 'harga', 'kenaikan harga deregulasi', 'deregulasi texas', 'texas', 'contoh', 'hasil positif', 'harga listrik', 'listrik', 'texas rata', 'batas', 'kenaikan', 'hasil']","['batas mutu', 'mutu', 'harga', 'kenaikan harga deregulasi', 'deregulasi texas', 'texas', 'contoh', 'hasil positif', 'harga listrik', 'listrik', 'batas', 'kenaikan', 'hasil']",id,"tp ada batas mutu dan harga untk mencegah kenaikan harga yg selangit deregulasi texas itu bisa jd contoh krn kita tahu hasilnya positif, harga listrik di texas dibawah rata2 harga",2108__8
1691,"kincir2 atau giant white propeller di Eropa itu cuman jadi bahan tertawaan gan, udah gede banget, makan tempat banyak, suaranya ribut banget tapi cuman bisa generate listrik kecil....tetep aja pada pake apa coba? ya nuklir",3,kaskus,2012-10-20 06:37:28,Ya nuklir,Ya nuklir,[],['nuklir'],['nuklir'],['nuklir'],id,ya nuklir,1691__3
344,"Rest of the world Nuclear ya..... Yang paling jadi masalah emang keamanannya sih. Ga boleh setengah2. Ada juga masalah nuclear waste nya, harus cari tempat buat gali tambang pembuangan nya. Kalau mau kerja sama dengan Rusia, kalau yang bangun mereka bisa request juga supaya bisa naro limbah nuclear nya di tambang anti radiasi mereka. Di sisi lain, di daerah mana saat ini yang butuh tenaga besar dari nuclear? Yang kepikiran di sekitar Kalimantan soalnya ibu kota juga mau dipindah kesana, kemungkinan kebutuhan energi akan meningkat pesat.",0,reddit,2019,Rest world nuklir ya.,Rest world nuklir ya.,[],"['Rest', 'world nuklir', 'nuklir']","['Rest', 'world nuklir', 'nuklir']","['rest', 'world nuklir', 'nuklir']",id,Rest of the world Nuclear ya.....,344__0
1551,setuju banget ane dampaknya sangat besar. resiko terburuknya juga besar,1,kaskus,2012-12-21 16:29:49,Resiko terburuknya juga besar,Resiko terburuknya juga besar,[],['Resiko terburuk besar'],['Resiko terburuk besar'],['resiko terburuk'],id,resiko terburuknya juga besar,1551__1
2138,Kalo panas bumi masih banyak penolakan dr masyarak juga gan.. Yg msh anget pro kontra pembangunab PLTPB di gunung lawu.,0,kaskus,2017-03-11 15:52:36,Kalau panas bumi masih banyak penolakan dari masyarak juga gan.,Kalau panas bumi masih banyak penolakan dari masyarak juga gan.,[],"['bumi', 'panas penolakan', 'masyarak', 'gan']","['bumi', 'panas penolakan', 'masyarak', 'gan']","['bumi', 'panas penolakan', 'masyarak']",id,Kalo panas bumi masih banyak penolakan dr masyarak juga gan..,2138__0
2438,"Sebenarnya PLTP di Indonesia itu sudah terbilang cukup lama gan, khususnya di tempat ane nih ada yang namanye PT. PGE AG KAMOJANG / PT. IP UBP KAMOJANG. coba search aja, itu awal mula sejarah berdirinya Panas Bumi di Indonesia. lebih rincinya cari tau sendiri aja dah di Kak Wikipedia.co.id :bikini:ngacir:",2,kaskus,2016-10-15 18:21:00,Ip ubp kamojang.,Ip ubp kamojang.,[],"['Ip', 'ubp', 'kamojang']","['Ip', 'ubp', 'kamojang']","['ip', 'ubp', 'kamojang']",id,IP UBP KAMOJANG.,2438__2
931,"-Geothermal buat diindonesia bagus bgt tapi kurang maju karena terkadang lokasinya diwilayah konservasi -Wind turbine masih banyak kendala karena kecepatan angin kita pas-pasan cutoff turbin angin biasanya 2,5 m/s, dan banyak di indonesia yg mepet kecuali beberapa tempat -Water turbine solusi bagus, dulu pas kuliah ane di lab mekanika fluida salah satu profesor ane bergerak dibidang itu Pico hydro turbine, cocok bgt buat indonesia karena banyak potensi well... akhirnya cuma bisa menanti keputusan pemerintah aja dan pihak yang mau bangkitin listrik :hammer",3,kaskus,2017-09-30 09:32:47,"Solusi bagus, dulu tepat kuliah saya di lab mekanika fluida salah satu profesor saya bergerak dibidang itu pico hydro turbine, cocok sangat buat indonesia","Solusi bagus, dulu tepat kuliah saya di lab mekanika fluida salah satu profesor saya bergerak dibidang itu pico hydro turbine, cocok sangat buat indonesia",[],"['Solusi bagus tepat', 'dulu', 'kuliah', 'lab mekanika', 'mekanika fluida', 'fluida', 'profesor', 'pico', 'hydro', 'turbine', 'indonesia', 'lab']","['Solusi bagus tepat', 'dulu', 'kuliah', 'lab mekanika', 'mekanika fluida', 'fluida', 'profesor', 'pico', 'hydro', 'turbine', 'indonesia', 'lab']","['solusi bagus', 'kuliah', 'lab mekanika', 'mekanika fluida', 'fluida', 'profesor', 'pico', 'hydro', 'turbine', 'indonesia', 'lab']",id,"solusi bagus, dulu pas kuliah ane di lab mekanika fluida salah satu profesor ane bergerak dibidang itu Pico hydro turbine, cocok bgt buat indonesia",931__3
1070,ngapain nanya SBY? emang sekarang presidennya siapa? dongok aja lu. neh hasil karya presiden kebanggaan lu :D [img]http://s.kaskus.id/images/2016/01/29/8457975_20160129031403.jpg[/img],1,kaskus,2016-01-29 15:25:19,Memang sekarang presidennya siapa?,Memang sekarang presidennya siapa?,[],['presiden'],['presiden'],['presiden'],id,emang sekarang presidennya siapa?,1070__1
1746,"Klo gw setuju. Jika anda tidak setuju tidak masalah. Tapi jangan halangi niat baik kami untuk kemajuan energi di Indonesia. Jika anda takut maka buat Company WhistleBlowernya PLTN agar PLTN dapat bekerja lebih baik. Jangan cuma takut dan galau gan. Kalau gak ngerti apa-apa lebih baik diam dan jangan buat isu yang aneh-aneh. Kami mengerti dan kami paham. PLTN juga gak bakal di buat dibelakang rumah ente... memangnya lahan di belakang rumah ente berapa hektar dengan kondisi geografis seperti apa? Kamu pikir kami (para perintis PLTN indonesia) kgk pernah memikirkan dampak buruk oleh operator dengan kemampuan minimum? Woi, yang pertama kali merasakan dampak negatif PLTN itu penduduk indonesia atau petugasnya? Pikir dengan cermat, boleh kritik tapi jangan menghina apalagi mengejek",3,kaskus,2012-10-16 21:51:57,Jika anda takut maka buat company whistleblowernya pltn agar pltn dapat bekerja lebih baik.,Jika anda takut maka buat company whistleblowernya pltn agar pltn dapat bekerja lebih baik.,[],"['whistleblowernya pltn', 'pltn']","['whistleblowernya pltn', 'pltn']","['whistleblowernya pltn', 'pltn']",id,Jika anda takut maka buat Company WhistleBlowernya PLTN agar PLTN dapat bekerja lebih baik.,1746__3
506,"halo gan, kebetulan ane pengamat geothermal dan doakan untuk project geothermal yang akan ane jalankan ini :) Potensi energi panas bumi di Indonesia mencapai 27 Gwe sangat erat kaitannya dengan posisi Indonesia dalam kerangka tektonik dunia. Ditinjau dari munculnya panas bumi di permukaan per satuan luas, Indonesia menempati urutan ke empat dunia. Bahkan dari segi temperatur yang tinggi, merupakan ke dua di dunia. Indonesia terletak di pertemuan tiga lempeng aktif yang memungkinkan panas bumi dari kedalaman ditransfer ke permukaan melalui sistem rekahan. Posisi strategis ini menempatkan Indonesia sebagai negara paling kaya dengan energi panas bumi sistem hidrotermal yang tersebar di sepanjang busur vulkanik. Sehingga sebagian besar sumber panas bumi di Indonesia tergolong mempunyai entalpi yang tinggi. Panas bumi merupakan sumber daya energi baru terbarukan yang ramah lingkungan (clean energy) dibandingkan dengan sumber energi fosil. Dalam proses ekplorasi dan eksploitasinya tidak membutuhkan lahan permukaan yang terlalu besar. Energi panas bumi bersifat tidak dapat diekspor, maka sangat cocok untuk memenuhi kebutuhan energi di dalam negeri. Berdasarkan RENCANA UMUM KETENAGALISTRIKAN, sebanyak 256 area panas bumi telah di identifikasi melalui inventarisasi dan ekploitasi. Dari jumlah lokasi tersebut mempunyai total potensi sumber daya dan cadangan panas bumi sebesar sekitar 27.357 Mwe (2008-2027) da merupakan potensi terbesar di dunia yakni 40%. Dari total potensi tersebut hanya sekitar 3.8% yang telah dimanfaatkan sebagai energi listrik dan menymbangkan sekitar 2% untuk pemakaian energi listrik nasional. Mengacu pada UU no 27/2003 dan UU no. 20/2002 tersebut telah dibuat suatu peta perjalanan (road map) panas bumi sebagai pedoman dan pola tetap pengembangan dan pemanfaatan energi panas bumi di Indonesia. Industri panas bumi yang diinginkan yang tertuang dalam peta erjalanan tersebut antara lain pemanfaatan untuk tenaga listrik sebesar 6000 Mwe dan berkembangnya pemanfaatan langsung (angrobisnis, pariwisata, dll) pada tahun 2020. Mengapa Memilih Energi Panas Bumi Sebagai Alternatif Pembangkit Listrik? 1. Energi Panas Bumi Ramah Lingkungan • Energi panas bumi merupakan energi yang ramah lingkungan karena fluida panas bumi setelah diolah / dikonversikan menjadi listrik dikembalikan ke bawah permukaan (reservoir) melalui sumur injeksi. Ini suatu keharusan untuk menjaga keseimbangan masa sehingga memperlambat penurunan tekanan reservoir dan mencegah terjadinya subsidence. • Emisi dari PLTP sangat rendah bila dibandingkan dengan minyak dan batubara. Karena emisinya rendah, energi panas bumi memiliki kesempatan untuk memanfaatkan Clean Development Mechanism (CDM) produk kyoto protocol. Mekanisme ini menetapkan bahwa negara maju harus mengurangi emisi gas rumah kaca (GRK) sebesar 5.2 % terhadap emisi tahun 1990, dapat melalui pembelian energi bersih dari negara berkembang yang proyeknya dibangun diatas tahun 2000. Energi bersih tersebut termasuk panas bumi. 2. Energi Panas Bumi Memiliki Faktor Kapasitas (Capacity Factor) lebih besar Keunggulan lain adalah faktor kapasitas, yaitu perbandingan antara beban rata-rata yang dibangkitkan oleh pembangkit dalam suatu periode (average load generated in period) dengan beban maksimum yang dapat dibangktkan oleh PLTP tersebut (maximum load). Faktor kapasitas dari PLTP rata2 adalah 95%, jauh lebih tinggi bila dibandingkan dengan faktor kapasitas dari pembangkit listrik yang menggunakan batu bara, yang besarnya hanya 60-70% ( U.S Departement of Energy) Ketetapan Dan Peraturan Pemerintah Terkait dengan Panas Bumi Pemerintah bermaksud untuk mempercepat pengembangan panas bumi. Untuk itu pemerintah bermaksud untuk meningkatkan iklim investasi baik untuk pengembang yang ada serta pendatang baru di sektor panas bumi di indonesia. 1. UU no. 27/2003 tentang regulasi pemerintah dan panas bumi no. 59/2007 tentang peraturan pemerintah Kegiatan usaha panas bumi no. 70/2010 adalah dasar dari pengembangan panas bumi Indonesia. 2. Peraturan Presiden no. 04/2010 Peraturan menteri no. 01/2012 Sebagai revisi dari peraturan menteri no. 15/2010 (tahap kedua dari crash program 10.000 MW) Dalam rangka untuk mempercepat pengembangan panas bumi 3. Kebijakan Harga 1. Keputusan Menteri ESDM no. 02/2011 tentang struktur harga panas bumi. Menteri memberikan kepastian pada harga listrik dari pembangkit listrik tenaga panas bumi: • Harga listrik sebagai hasil dari Tender Geothermal Working Area (GWA), adalah mewakili harga pembelian oleh PLN di dalam Power Purchase Agreement (PPA), yang bersifat final dan tidak dapat dinegosiasikan. • Plafon harga untuk energi panas bumi: US$ 9.7 cents/Kwh • Jika harga melebihi US$ 9.7 cents /KWh, maka diperlukan negosiasi antara kedua belah pihak. 2. Fiskal Insentif untuk pengembangan panas bumi (sesuai dengan keputusan pemerintah no. 62/2008 dan no. 1 /2007): • 30% dari pajak pendapatan perusahaan • 10% dari pajak nilai tambah yang dibayarkan oleh pemerintah • Pembebasan bea masuk untuk pengembang panas bumi • 25% per tahun depresiasi selama 8 tahun dengan metode saldo menurun ganda • Kredit pajak investasi 5 % per tahun untuk 6 tahun 3. Saat ini mekanisme dari feed in tariff untuk tiap2 GWA sedang dikembangkan oleh pemerintah dalam rangka untuk membuat bisnis panas bumi lebih atraktif untuk investor. 4. Akses ke sumber daya panas bumi untuk investor a. Pemerintah menawarkan preliminary survey assigment (survey pendahuluan) kepada pihak ke 3 (investor) yang menyediakan “first right refusal” b. Pemerintah menetapkan GWA baru dan kesempatan yang terbuka bagi investor untuk berpartisipasi dalam bisnis panas bumi melalui mekanisme tender GWAs 5. Untuk mempercepat proses tender baru GWA, kebijakan yang mengatur proses penawaran yang sedang direvisi untuk membuat tender lebih sederhana, transparan dan bankable 6. Berkoordinasi dengan semua pihak terkait untuk mempercepat dan menyederhanakan proses perizinan. 7. Terkait dengan isu-isu kehutanan, saat ini ESDM dan Departemen hutan telah menandatangani MoU mengenai percepatan izin pemanfaatan panas bumi dalam hutan produksi, hutan lindung, dan konservasi hutan. 8. Pemerintah telah mengeluarkan Keputusan Presiden yang menjamin dukungan untuk investasi dalam proyek infrastruktur panas bumi (PR no. 13/2010 jo PR no. 67/2005 dan PR no. 78/2010) dan keputusan menteri keuangan no. 139 /2011 (PMK no. 139/2011) yang menjamin kelayakan bisnis PT PLN untuk mengembangkan listrik dari energi terbarukan, batubara dan gas melalui kerja sama dengan Independent Power Producers (IPP).",9,kaskus,2013-04-03 09:12:35,"Energi panas bumi bersifat tidak dapat diekspor, maka sangat cocok untuk memenuhi kebutuhan energi di dalam negeri.","Energi panas bumi bersifat tidak dapat diekspor, maka sangat cocok untuk memenuhi kebutuhan energi di dalam negeri.",[],"['Energi panas bumi', 'bumi', 'kebutuhan energi', 'energi', 'negeri', 'kebutuhan']","['Energi panas bumi', 'bumi', 'kebutuhan energi', 'energi', 'negeri', 'kebutuhan']","['energi panas bumi', 'bumi', 'kebutuhan energi', 'energi', 'negeri', 'kebutuhan']",id,"Energi panas bumi bersifat tidak dapat diekspor, maka sangat cocok untuk memenuhi kebutuhan energi di dalam negeri.",506__9
909,Nunggu pesawat terbang yang pake listrik,0,kaskus,2021-12-08 16:02:08,Tunggu pesawat terbang yang pakai listrik,Tunggu pesawat terbang yang pakai listrik,[],"['pesawat terbang', 'terbang', 'listrik', 'pesawat']","['pesawat terbang', 'terbang', 'listrik', 'pesawat']","['pesawat terbang', 'terbang', 'listrik', 'pesawat']",id,Nunggu pesawat terbang yang pake listrik,909__0
595,"Kebetulan ane kerja di bidang pembangkit listrik. Ane pernah gan overhoul di PLTP Lahendong Manado dengan kapasitas 2x20 MW. PLTP sistem kerjanya sangat simple tdk seperti PLTU yg banyak sistem pendukungnya. Oh ya gan tambahan, klo listrik padam yg sabar ya. Ga semuanya kesalahan dari PLN. Karena tiap tahun itu pembangkit harus dilakukan service berkala. Dan yg pasti pembangkit itu shut down ketika dilakukan service. Sehingga harus dilakukan berbagai manuver untuk memenuhi kebutuhan listrik. Agar para agan2 tetap bisa posting di kaskus hehehehe Save energy for a future",7,kaskus,2015-08-12 12:08:15,Sehingga harus dilakukan berbagai manuver untuk memenuhi kebutuhan listrik.,Sehingga harus dilakukan berbagai manuver untuk memenuhi kebutuhan listrik.,[],"['manuver', 'kebutuhan listrik', 'listrik', 'kebutuhan']","['manuver', 'kebutuhan listrik', 'listrik', 'kebutuhan']","['manuver', 'kebutuhan listrik', 'listrik', 'kebutuhan']",id,Sehingga harus dilakukan berbagai manuver untuk memenuhi kebutuhan listrik.,595__7
2383,Mungkin kita harus membuat dyson sphere supaya tidak bergantung pada energi fosil. Kalau bisa...,0,kaskus,2017-03-08 13:52:21,Mungkin kita harus membuat dyson sphere supaya tidak bergantung pada energi fosil.,Mungkin kita harus membuat dyson sphere supaya tidak bergantung pada energi fosil.,[],"['dyson sphere', 'sphere', 'energi fosil', 'fosil', 'dyson', 'energi']","['dyson sphere', 'sphere', 'energi fosil', 'fosil', 'dyson', 'energi']","['dyson sphere', 'sphere', 'energi fosil', 'fosil', 'dyson', 'energi']",id,Mungkin kita harus membuat dyson sphere supaya tidak bergantung pada energi fosil.,2383__0
2190,"sejak kapan limbah radioaktif bukan masalah hehe...tidak lebih sulit dari limbah kimia ??? come on...hehe kalau limbahnya segitu mudahnya tidak perlu sampai ada protokol sekian ruwetnya contoh bagaimana limbah nuklir masih masalah, semua masih dispose, dikubur dalam dalam ditanah...bukan masalah hm... belum lagi kalau limbahnya bocor, masi ingat Chernobyl? puluhan tahun saja masih bersih bersih dan tidak layak huni, masi ingat yang belum lama Fukushima 6 th lalu ? masi banyak yang inhabitable dan masih banyak case leukimia dan kontaminasi lingkungan...tentu saja tidak bisa semudah limbah kimia... itu hanya kepentingan para birokrat dan calo proyek nuklir yang berharap dapat fee dana dengan mengiming imingin publik seakan akan nuklir itu solusi pamungkas untuk seluruh kebutuhan energy negeri ini, sementara negara negara maju sendiri terbukti tidak mengandalkan energy nuklir sebagai sumber utama, hanya kurang dari 10 persen energy dunia menggunakan nuklir, selebihnya adalah batu bara, bbm, gas, hydro dan sedikit renewable yang digunakan,",7,kaskus,2017-03-10 11:25:05,"Kurang dari 10 persen energi dunia menggunakan nuklir, lebihnya adalah batubara, bbm, gas, hydro dan sedikit terbarukan yang digunakan,","Kurang dari 10 persen energi dunia menggunakan nuklir, lebihnya adalah batubara, bbm, gas, hydro dan sedikit terbarukan yang digunakan,",[],"['persen', 'energi dunia', 'dunia', 'nuklir', 'batubara', 'bbm', 'gas', 'hydro', 'terbarukan', 'energi']","['persen', 'energi dunia', 'dunia', 'nuklir', 'batubara', 'bbm', 'gas', 'hydro', 'terbarukan', 'energi']","['persen', 'energi dunia', 'dunia', 'nuklir', 'batubara', 'bbm', 'gas', 'hydro', 'terbarukan', 'energi']",id,"kurang dari 10 persen energy dunia menggunakan nuklir, selebihnya adalah batu bara, bbm, gas, hydro dan sedikit renewable yang digunakan,",2190__7
1755,"SDA banyak dari mana ? buku IPA jaman jebot tahun kapan ? :hammer: lihat dulu di kalimantan luas area hutan hujan tropis berapa ? lalu 1 dekade ini jadi apa disana ? kebun sawit. liat lagi karawang yg jadi lumbung beras nasional...1 dekade lalu luas lahan tanam berapa ribu hektar, sekarang berapa hektar yg berubah jadi pemukiman dan industri ?. lihat pencemaran laut dengan kadar timbal tinggi hasil sisa pengolahan limbah nikel di newmont. itu ikan mati dan masyarakat pada penyakitan disana..liat juga hutan jati di jogja yg jadi sentra jati dan batu ukir, dah berubah jadi lahan tanam palawija. manusia mengandalkan alam doang ya manusia yg habis gan..resources terbatas, demand manusia tiap hari makin bejibun. situ siap ngga makan tiwul tiap hari, siap ngga makan papeda tiap hari kyk di papua ? gw aja makan 2 makanan itu dulu ampe bosen :hammer: kalo di kota mah enak, tinggal liat buku masih bertuliskan ""gemah ripah loh jinawi"" langsung percaya. begitu turun ke lapangan dan liat sendiri baru dah miris :D Singapura aja dah nimbun BBM di bungker bawah tanahnya...lha kita boros2an malah",8,kaskus,2012-10-16 17:54:53,Itu ikan mati dan masyarakat pada penyakitan disana.lihat juga hutan jati di yogyakarta yang,Itu ikan mati dan masyarakat pada penyakitan disana.lihat juga hutan jati di yogyakarta yang,[],"['ikan mati', 'masyarakat', 'penyakitan disana.lihat', 'disana.lihat', 'hutan', 'jati', 'yogyakarta']","['ikan mati', 'masyarakat', 'penyakitan disana.lihat', 'disana.lihat', 'hutan', 'jati', 'yogyakarta']","['ikan mati', 'masyarakat', 'penyakitan disana.lihat', 'disana.lihat', 'hutan', 'jati', 'yogyakarta']",id,itu ikan mati dan masyarakat pada penyakitan disana..liat juga hutan jati di jogja yg,1755__8
1849,"Gak setuju ane gan , selama masih dipegang ama PLN apalagi pemerintah :fuck: gak bakalan aman , PLN ini bobrok. lagian masih banyak alternatif lain tapi pln aja yang gak maksimal karena proyek banyak dikorup . dan PLTN itu tidak juga murah apalagi dari segi maintenance :cd kalo mau yang bersih kenapa gak pake pembangkit hidroelectric ?, dinegara kita memenuhi buat dibangun pembangkit hidro elektrik yang ringan dari segi maintenance tanpa polusi ,tapi emang agak mahal dari segi biaya. potensi bencana nuklir gak bisa dijamin 100% aman. dari pada ngambil resiko mending Hidroelektrik dah . siapa bilang limbah nuklir lebih aman dari industri lain ? bencana akibat dari nuklir sudah banyak jangan cuma fukusima dan chernobil aja jadi acuan banyak sudah bencana pembangkit listrik dari beberapa negara dari eropa, asia dan amerika sudah pernah mengalami namanya bencana nuklir [URL=""http://en.wikipedia.org/wiki/List_of_civilian_nuclear_accidents""]http://en.wikipedia.org/wiki/List_of_civilian_nuclear_accidents[/URL] potensi bencana PLTN gak bisa dijamin 100 % biar dengan pengawasan ketat sekalipun. kesimpulan ane : indonesia tidak / belum perlu menggunakan PLTN . masih banyak alternatif seperti hidro elektrik yang bebas polusi dan ringan maintenance.",3,kaskus,2012-10-16 00:10:07,Kita memenuhi buat dibangun pembangkit hidro elektrik yang ringan dari segi maintenance tanpa polusi,Kita memenuhi buat dibangun pembangkit hidro elektrik yang ringan dari segi maintenance tanpa polusi,[],"['pembangkit hidro', 'hidro elektrik', 'elektrik', 'segi maintenance', 'maintenance', 'polusi', 'pembangkit', 'segi']","['pembangkit hidro', 'hidro elektrik', 'elektrik', 'segi maintenance', 'maintenance', 'polusi', 'pembangkit', 'segi']","['pembangkit hidro', 'hidro elektrik', 'elektrik', 'segi maintenance', 'maintenance', 'polusi', 'pembangkit', 'segi']",id,"kita memenuhi buat dibangun pembangkit hidro elektrik yang ringan dari segi maintenance tanpa polusi ,",1849__3
1029,"Kalau BBM murah terus, kapan lengangnya jalan2, dan riset EBT berjalan? Energi Baru dan Terbarukan (EBT), yg kebayang kok Sawit atau Solyndra :think: [spoiler=][b][size=""6""]Machine Gunning a Tesla[/size][/b] There is an episode of the TV show Top Gear involving a Prius hybrid and automatic weapons. God, I wish I could afford to do the same to a Tesla. Unfortunately, I (and thee) are too poor to afford a Tesla. But that doesn’t mean we won’t continue to be forced to “help” Elon Musk build these mobile – just barely (and briefly) monuments to crony capitalism. This is a company that bleeds money like a machine-gunned hemophiliac, yet doesn’t die because fresh transfusions are always available. Just last week it was announced the company lost another $100 million and change while delivering fewer than 10,000 cars. Tesla has yet to earn – properly speaking – a single honest dollar. The money it takes in (a very different thing) is obtained chiefly via carbon tax credits ($130 million from the state of California alone; that is to say, from the pockets of the taxpayers of the state of California) and everyone knows all about the $7,500 per car subsidy Uncle dangles in front of prospects to lure them into buying one of these flashy, yet functionally useless, electric Edsels. There are in addition state-level subsidies (in 23 states) ranging from $1,000 to $5,000 per “sale.” [img]http://s.kaskus.id/images/2015/12/28/2079851_20151228083445.jpeg[/img] Do you know what a “carbon tax credit” is? It’s a tax, first of all – only one paid to an entity (I won’t call it a company, as companies are businesses and Tesla is neither) like Tesla rather than to the government. Here’s how it works. I own a business that makes things people are actually willing to buy without being coerced or subsidized. But, alas, my manufacture of this product results in “greenhouse gasses” – carbon dioxide having been decreed the primary one (even though it is far less of one than several other gasses, such as methane and also water vapor; but we’ll leave that aside for now). Well, I want to make the thing and you want to buy the thing, but in order for me to be allowed to make it, I must send money to an entity like Tesla as a kind of (no, an actual) kickback. Because Tesla is “green” while I am not – except of course as regards the color of the money that’s been transferred to Elon Musk’s ever-growing bank account – which is very green indeed. The argument is that each Tesla built with these kickback dollars amounts to “x” quantity of carbon dioxide negated overall. I’m allowed to build my economically viable product, so long as I “help” Tesla manufacture his not-economically viable products. But they are “green,” right? Certainly. In the same way that an outhouse is clean… before you use it. Only with Tesla, it’s the reverse. The finished car may not produce any noxious emissions, but it took a lot of noxious emissions to build the thing. Do American haters of internal combustion ever stop to wonder why Tesla is building factories in… China? Where there is no EPA? [img]http://s.kaskus.id/images/2015/12/28/2079851_20151228083809.jpg[/img] Do you know what goes into making a Tesla’s lithium-ion electric battery pack? Caustic, highly reactive solvents and cobalt oxide, a nasty compound that is uber poisonous and carcinogenic. Carbon dioxide and water vapor have been accused of triggering “global warming” (oops, “climate change” now) but breathing either will not give you cancer or neurological problems. Cobalt, on the other hand… . And how do you get cobalt? By mining other materials such as nickel and copper. Then, using various noxious processes to separate out the cobalt, such as “froth flotation,” “roasting” and “leaching” with sulfuric acid. [img]http://s.kaskus.id/images/2015/12/28/2079851_20151228084005.jpeg[/img] Mmmm mmmmm good! This form of Gaia-rape is ok, though, because it does not occur within sight of Al Gore’s house. Most of the cobalt needed to make Tesla and other electric batteries is located in places like China, Afghanistan and Africa. Those parts of the earth are ok to fist and finger. Battery production (like sausage making) is an aspect of EVs that is routinely overlooked – deliberately. Because the picture isn’t pretty. In addition to the environmental nastiness of the materials, it takes a great deal of un-green energy to transform those materials into the finished product (a battery). Nearly twice the energy that goes into making a conventional (internal combustion engined) car, as it turns out. Where does this energy come from? Like mountain oysters, you really don’t want to know. But maybe you should. Coal and oil. Which are used to run the heavy industry plants that make the damned things. And which also make most of the electricity that powers the damned things. Did you know that electric cars that depend on coal and electric utilities are actually 17-26 percent worse, in terms of their total “carbon footprint, than a gas or diesel-engined car? (Those interested in more will find this study worth a look.) Captain Planet, phone your office. Meanwhile, Elon Musk continues to suckle the teat of Uncle. Which he must, because his operation is fundamentally a con. Without the force of government backing him, he’d have to bankroll this epic failure himself – which a smart guy like Musk would be unlikely to do. If we had a free market, he’d have no choice but to do that… or shut down. Instead, he does the corporatist thing. Which would less obnoxious if he didn’t constantly preen about the virtues of lightening the wallets of millions of average people so as to further fatten the wallets of millionaires and billionaires, who are the only people buying Teslas and profiting from their existence. Throw ’em in the Woods. [url]http://ericpetersautos.com/2015/02/19/machine-gunning-tesla/[/url][/spoiler]",10,kaskus,2015-12-28 09:18:03,"California alone say, pockets taxpayers state california everyone knows 7,500 per car subsidy uncle dangles","California alone say, pockets taxpayers state california everyone knows 7,500 per car subsidy uncle dangles",[],"['California', 'alone', 'say', 'car', 'subsidy', 'uncle', 'dangles']","['California', 'alone', 'say', 'car', 'subsidy', 'uncle', 'dangles']","['california', 'alone', 'car', 'subsidy', 'uncle', 'dangles']",id,"of California alone; that is to say, from the pockets of the taxpayers of the state of California) and everyone knows all about the 7,500 per car subsidy Uncle dangles",1029__10
8,Geothermal dan hidro terbatas lokasi Ak tinggal disuatu provinsi di negara yang pake hydro sumber utama energi nya. Jarak kota ke sumber PLTA nya lumayan jauh 80-100 km. tetap bisa pakai Tower2 listrik yang besar itu.,0,reddit,2022,Geothermal dan hidro terbatas lokasi ak tinggal disuatu provinsi di negara yang pakai hydro sumber utama energi nya.,Geothermal dan hidro terbatas lokasi ak tinggal disuatu provinsi di negara yang pakai hydro sumber utama energi nya.,[],"['Geothermal', 'hidro', 'lokasi ak', 'ak', 'provinsi', 'negara', 'hydro sumber', 'sumber utama energi', 'energi', 'lokasi', 'hydro']","['Geothermal', 'hidro', 'lokasi ak', 'ak', 'provinsi', 'negara', 'hydro sumber', 'sumber utama energi', 'energi', 'lokasi', 'hydro']","['geothermal', 'hidro', 'lokasi', 'provinsi', 'negara', 'hydro sumber', 'sumber utama energi', 'energi', 'hydro']",id,Geothermal dan hidro terbatas lokasi Ak tinggal disuatu provinsi di negara yang pake hydro sumber utama energi nya.,8__0
1859,PLTN di indonesia kalo menurut ane sudah sangat dibutuhkan... Kerena katanya ongkos produksinya lebih murah dari minyak fosil... Itupun harus di kelola secara sangat amat profesional. . . .,2,kaskus,2012-10-15 23:38:03,Itupun harus di kelola secara sangat amat profesional.,Itupun harus di kelola secara sangat amat profesional.,[],[],[],[],none,Itupun harus di kelola secara sangat amat profesional.,1859__2
1197,"capet lah dibangun cepat jd..nyawa dah muyak mati lampu tegak minum obat..dan semoga bener2 terealisasi...... jangan sampai jadi tegak proyek pemda,pemkot dan pemprov... proyek jembatan sampai skarang lum kelar2 malah rubuh satu..semoga pembangunanny safety dan berguna bagi masyarakat kalimantan..kalimantan timur khususnya...",0,kaskus,2015-03-20 12:49:41,Capet lah dibangun cepat jadi.nyawa sudah muyak mati lampu tegak minum obat.dan semoga benar terealisasi.,Capet dibangun cepat jadi.nyawa sudah muyak mati lampu tegak minum obat.dan semoga benar terealisasi.,['lah'],"['Capet', '.nyawa', 'lampu tegak', 'obat']","['Capet', '.nyawa', 'lampu tegak', 'obat']","['capet', 'nyawa', 'lampu tegak', 'obat']",id,capet lah dibangun cepat jd..nyawa dah muyak mati lampu tegak minum obat..dan semoga bener2 terealisasi......,1197__0
1699,"Kebanyakan masih takut dengan bahaya nuklir takut kaya kejadian2 yg dulu pernah terjadi. Padahal dengan kewaspadaan dan mengerti bagaimana penanggulangannnya hal2 seperti itu bisa dihindari. Sebetulnya Indonesia sudah siap dari teknolgi dan infrastruktur pun tinggal jalan sebenarnya. Hanya halangan2 dari pihak2 tertentu yg tentunya ada yg mendalangi serta masih takutnya masyarakat awam tentng bahayanya. Itu saja yg menyebabkan Indonesia blom bangun PLTN. Di Jepang yg sering gempa bumi bahkan lebih sering dari Indonesia aja punya bberapa PLTN padahal negaranya lebih kecil luasnya dari Indonesia. Sementara kita, banyak yg masih merasakan listrik byar pet.. Menunggu solusi PLT baru tidak kunjung usai. Banyak permasalahan masalah bahan bakar, dll. Kalo misalnya takut SDM kurang mumpuni bisalah ambil tenaga asing, dan orang lokal kita belajar dsana. Yang terpenting pembangunan PLTN infrastruktur harus sama dan sesuai spek, tau sendiri orang2 kita spesifikasi dikurangi demi dapat sedikit keuntungan pribadi. Ane sih mendukung adanya PLTN, semoga dari ujung barat ampe timur Indonesia semuanya sudah terakmodasi listrik yg tidak bbyar pet, tidak bergiliran pemadamannya.",6,kaskus,2012-10-19 13:14:09,"Sementara kita, banyak yang masih merasakan listrik pemadaman.","Sementara kita, banyak yang masih merasakan listrik pemadaman.",[],"['listrik pemadaman', 'pemadaman', 'listrik']","['listrik pemadaman', 'pemadaman', 'listrik']","['listrik pemadaman', 'pemadaman', 'listrik']",id,"Sementara kita, banyak yg masih merasakan listrik byar pet..",1699__6
2239,"aelah kalau mnrt fakanya make energi terbarukan, tapi msh pake cadangan yg ngkotorin buat apa. cuma setidaknya dua negara ini udh coba buat komitbmake energi yg terbarukan, patut di apresiasi dah 😎",1,kaskus,2017-03-10 07:52:29,"Cuma setidaknya dua negara ini sudah coba buat komitbmake energi yang terbarukan, patut di apresiasi sudah","Cuma setidaknya dua negara ini sudah coba buat komitbmake energi yang terbarukan, patut di apresiasi sudah",[],"['negara', 'komitbmake energi', 'energi', 'komitbmake']","['negara', 'komitbmake energi', 'energi', 'komitbmake']","['negara', 'komitbmake energi', 'energi', 'komitbmake']",id,"cuma setidaknya dua negara ini udh coba buat komitbmake energi yg terbarukan, patut di apresiasi dah",2239__1
547,Teknologi masih tertinggal sementara butuh biaya besar untuk riset dan eksplorasi. Jadinya masih setengah hati karena ada alternatif lain yang lebih mudah dan murah.,1,kaskus,2024-12-04 08:44:46,Jadinya masih setengah hati karena ada alternatif lain yang lebih mudah dan murah.,Jadinya masih setengah hati karena ada alternatif lain yang lebih mudah dan murah.,[],"['Jadi', 'setengah hati', 'alternatif lain', 'alternatif']","['Jadi', 'setengah hati', 'alternatif lain', 'alternatif']","['hati', 'alternatif']",id,Jadinya masih setengah hati karena ada alternatif lain yang lebih mudah dan murah.,547__1
2106,"Ya jelas kebanyakan perumahan diisi indihome, lha dia yang modalnya paling kuat jaringannya juga lebih lama ada. Yang harus dilihat apa yang akan terjadi kalo gak ada saingan dari ISP lain ... bakalan kayak telkom zaman orba, jumlah sambungan dibatasi sehingga kalo mau pasang internet mesti nyembah-nyembah orang telkom, ngasih duit ""rokok"" beberapa juta batang supaya dapat jatah sambungan, tiap bulan bayarnya ngantre kayak orang gak ada kerjaan lain, tarifnya juga paling mahal sedunia ... Walaupun para pesaing itu kecil, tapi bisa membuat telkom cukup kuatir sehingga tingkahnya agak mendingan saat ini. Tentunya keberadaan pesaing harus yang benar-benar diperbolehkan bersaing kapan pun dan di mana pun. Kalo pesaingnya dijatah cuma di satu daerah ya sama saja dengan yang terjadi di air minum Jakarta .. gak kuatir wilayahnya diserbu, blangsak diteruskan ... Loe baca artikel di mises, model regulasi dan penetapan harga adalah solusi tambal sulam akibat konsekuensi dari pemaksaan natural monopoly, dan walaupun di atas kertas dibilang demi konsumen, tapi di belakang panggung sejatinya adalah menjamin keuntungan bagi pemegang monopoli. Padahal selama puluhan tahun sebelumnya tidak diperlukan adanya campur tangan pemerintah untuk menetapkan harga dan harganya tidak jauh berbeda dengan wilayah-wilayah yang harganya ditetapkan oleh pemerintah. Yang berbeda adalah konsumen benar-benar dilindungi dalam masalah harga dan pelayanan. Bukan oleh perusahaan yang memberikan layanan (gak bakalan mungkin terjadi) tapi oleh perusahaan pesaingnya. Masih belum bisa dijadikan pedoman. Yang di Kalifornia juga memakai cara yang sama, sering black out. Yang menjadi kendala adalah kalo pemilik jaringan (yang merupakan monopoli) merasa keuntungannya kurang, maka ia bisa menekan ke dua pihak, produsen dan konsumen. Bukankah itu sama dengan yang terjadi pada agan solenoprime di atas. Tentu saja dia cerita dari sisi pln, bagaimana dengan cerita dari sisi produsennya? Hal tersebut bisa dihindari kalo jaringan distribusi tidak dimonopoli, dan dengan demikian pln (yup, kalo ada pertengkaran antara pemegang monopoli dan kliennya, gw yakin kalo 99% biang keladinya adalah pemegang monopoli) tidak bisa seenaknya memaksa produsen memasok listrik dengan harga yang terlalu rendah. Perusahaan mana yang dengan sukarela merusak peralatannya sendiri? Perusahaan yang sudah patah arang berurusan dengan monopoli. btw, itu contoh nyata? Soalnya kalo di tempat gw, first media dan telkom masuk, sedangkan mnc play memang cuma sampe di rw tetangga, belum masuk, myrepublic malah cuma sampe kelurahan sebelah. Di rumah adik gw indihome - first media - mnc play sudah masuk juga .. myrepublic masih sibuk di jalan besar luar kampung. Jadi tidak ada monopoli isp. setidaknya di kampung gw dan di kampung adik gw (satu kota beda kecamatan:hammers)",12,kaskus,2017-03-14 10:25:55,Padahal selama puluhan tahun sebelumnya tidak diperlukan adanya campur tangan pemerintah untuk menetapkan harga dan harganya tidak jauh berbeda dengan wilayah-wilayah yang harganya ditetapkan oleh pemerintah.,Padahal selama puluhan tahun sebelumnya tidak diperlukan adanya campur tangan pemerintah untuk menetapkan harga dan harganya tidak jauh berbeda dengan wilayah-wilayah yang harganya ditetapkan oleh pemerintah.,[],"['tahun', 'campur tangan', 'tangan pemerintah', 'pemerintah', 'harga', 'wilayah-wilayah']","['tahun', 'campur tangan', 'tangan pemerintah', 'pemerintah', 'harga', 'wilayah-wilayah']","['campur tangan', 'tangan pemerintah', 'pemerintah', 'harga', 'wilayah-wilayah']",id,Padahal selama puluhan tahun sebelumnya tidak diperlukan adanya campur tangan pemerintah untuk menetapkan harga dan harganya tidak jauh berbeda dengan wilayah-wilayah yang harganya ditetapkan oleh pemerintah.,2106__12
2113,"nika niki koyok wong kumat ... gak iso diwoco babar blas .... pancene kenek opo kok wong kene gak oleh ngindon-ngindono awake dhewe? iku wong ireng ndhik amerika yo nigga nigga no wonge dhewe iku ngono jenenge self criticism ... nek awakmu ngeroso gak trimo, iku artine awakmu kurang dewoso, alam pikirane sek menganut loyalitas buta. :betty",0,kaskus,2017-03-13 11:43:49,Nika niki koyok orang kumat,Nika niki koyok orang kumat,[],"['Nika niki koyok', 'niki', 'koyok orang', 'orang kumat']","['Nika niki koyok', 'niki', 'koyok orang', 'orang kumat']","['nika niki koyok', 'niki', 'koyok', 'kumat']",id,nika niki koyok wong kumat ...,2113__0
139,"Pemerintah bangun pembangkit listrik yang renewable, masih aja dijulidin. Udah bagus nggak bangun PLTU mulu.",1,reddit,2023,Sudah bagus tidak bangun pltu terus.,Sudah bagus tidak bangun pltu terus.,[],['pltu'],['pltu'],['pltu'],id,Udah bagus nggak bangun PLTU mulu.,139__1
1840,"investasi buat PLTN itu gede jangan dikira lebih murah , belum lagi biaya maintenance , negara eropa aja pusing dengan pltn mereka yang memakan biaya besar , padahal banyak alternatif lain seperti Hidroelectric dan gas turbine yang mana pada gas turbine ini panas yang dihasilkan bisa dipakai juga buat generate power dan lebih murah dan efisien. mengutip perkataan [URL=""http://en.wikipedia.org/wiki/Paul_Ekins""]Professor Paul Ekins[/URL], head of the Environment Group at the Policy Studies Institute tentang dead end nuclear fusion power plant. [I]""I think I would agree with that because we havent just talked about fusion and fission, we have spent enormous sums of money on researching them. Overall budgets on research into renewables pale into insignificance when you compare them with the decades of support nuclear has had with fairly modest gains in cost-reduction. In fact, all the evidence suggests fission reactors are more expensive now than before, which is in stark contrast to the progress of renewables. The UK research council is now saying fusion will only be viable by 2080  so its not even 30 years away, its more like 50 or 60. If you look at what fusion and fission have achieved per pound invested, the return on renewables has been very much higher. Furthermore, because renewable technologies are newer, there might still be stones unturned in terms of research. While thats not impossible with nuclear, the longer one researches a topic without success, the less likely there is something to find.""[/I] mengenai nilai ekonomis PLTN bisa dilihat : [url]http://en.wikipedia.org/wiki/Economics_of_new_nuclear_power_plants[/url] ""[I][B]One of the big problems with nuclear power is the enormous upfront cost. These reactors are extremely expensive to build. While the returns may be very great, they're also very slow. It can sometimes take decades to recoup initial costs. Since many investors have a short attention span, they don't like to wait that long for their investment to pay off[/B][/I]"" masih ngotot?",10,kaskus,2012-10-16 01:03:46,"Furthermore, terbarukan technologies newer, might still stones unturned terms research.","Furthermore, terbarukan technologies newer, might still stones unturned terms research.",[],"['Furthermore', 'technologies', 'newer', 'still', 'stones', 'unturned', 'terms', 'terms research']","['Furthermore', 'technologies', 'newer', 'still', 'stones', 'unturned', 'terms', 'terms research']","['furthermore', 'technologies', 'newer', 'still', 'stones', 'unturned', 'terms', 'terms research']",id,"Furthermore, because renewable technologies are newer, there might still be stones unturned in terms of research.",1840__10
668,"solusi energi terbarukan sampai skrg blm ada penemuan baru, energi alternatif selalu lebih besar biayanya, di jerman & perancis, malah pemerintahnya minta dr nuklir, krn saat ini yg termurah hanya ini, tenaga matahari, panas bumi, gelombang panas dll selalu jd pencitraan padahal biayanya jauh lebih besar & energi yg dihasilkan tdk sepadan.utk batere, pengembangan negara maju, bahannya sdh dikuasai negara maju bbrp thn yg lalu, bahkan rare earth di bbrp daerah di Ind sdh bukan milik negara.",0,kaskus,2017-09-03 22:15:37,"Solusi energi terbarukan sampai sekarang blm ada penemuan baru, energi alternatif selalu lebih besar biayanya, di jerman perancis, malah pemerintahnya minta dari nuklir, karena saat ini yang termurah hanya ini,","Solusi energi terbarukan sampai sekarang blm ada penemuan baru, energi alternatif selalu lebih besar biayanya, di jerman perancis, malah pemerintahnya minta dari nuklir, karena saat ini yang termurah hanya ini,",[],"['Solusi energi', 'energi terbarukan', 'sekarang', 'penemuan baru', 'energi alternatif besar biaya', 'biaya', 'jerman', 'perancis', 'pemerintah', 'nuklir', 'saat termurah', 'Solusi', 'penemuan', 'saat']","['Solusi energi', 'energi terbarukan', 'sekarang', 'penemuan baru', 'energi alternatif besar biaya', 'biaya', 'jerman', 'perancis', 'pemerintah', 'nuklir', 'saat termurah', 'Solusi', 'penemuan', 'saat']","['solusi energi', 'energi terbarukan', 'penemuan', 'energi alternatif biaya', 'biaya', 'jerman', 'perancis', 'pemerintah', 'nuklir', 'termurah', 'solusi']",id,"solusi energi terbarukan sampai skrg blm ada penemuan baru, energi alternatif selalu lebih besar biayanya, di jerman perancis, malah pemerintahnya minta dr nuklir, krn saat ini yg termurah hanya ini,",668__0
2436,"Setahu ane emang udah lama gan.. Di Tapanuli Utara, sekarang ada baru jalan. Mulai tahun 2013 kmrn. Masih proses instalasi.. Medco Energy tuh yg megang (plus beberapa investor raksasa luar) Padahal kajian untuk itu udah dari tahun 90 an setahu ane.. Keknya alasan kenapa jadi lama, seperti yg disebut di page2 sebelumnya..:o Btw, yg di tempat ente, dampak positif ke masyarakat nya terasa tidaksetelah proses/tshap produksi..? Masyarakat sekitar lokasi lho mksd ane gan..",7,kaskus,2016-10-15 18:59:21,Masyarakat sekitar lokasi lho maksud saya gan.,Masyarakat sekitar lokasi maksud saya gan.,['lho'],"['Masyarakat', 'lokasi maksud', 'maksud gan', 'gan']","['Masyarakat', 'lokasi maksud', 'maksud gan', 'gan']","['masyarakat', 'lokasi maksud', 'maksud']",id,Masyarakat sekitar lokasi lho mksd ane gan..,2436__7
464,"Mijon bekas, gan.. Hehehe. Regulasi Permen ESDM 12/2017 tt tarif pembelian oleh PLN hanya maksimal 85% dr BPP Pembangkitan setempat.. Pusing dah tuh.. Masalahnya sih bukan pada besaran tariff gan. Tp kudu ngejual listrik ke PLN selaku pemilik dan pengembang mutlak jaringan (grid). Nah kalau agan misal bisa bikin PLTMH sendiri, ya gt kudu ngejual ke PLN.. Padahal pengennya bisa ngejual langsung ke warga biar lbh murah. Hehehe CMIIW.",2,kaskus,2017-08-22 07:09:19,Pusing sudah itu.,Pusing sudah itu.,[],['Pusing'],['Pusing'],['pusing'],id,Pusing dah tuh..,464__2
1389,akhirnya indonesia bisa punya PLTN... bangunnya di perbatasan australia aja...,1,kaskus,2014-01-05 21:54:23,Bangunnya di perbatasan australia saja.,Bangunnya di perbatasan australia saja.,[],"['perbatasan', 'australia']","['perbatasan', 'australia']","['perbatasan', 'australia']",id,bangunnya di perbatasan australia aja...,1389__1
912,Saham vendor sollar panel :army:,0,kaskus,2021-12-08 15:25:54,Saham vendor sollar panel,Saham vendor sollar panel,[],"['Saham vendor', 'vendor sollar', 'sollar panel', 'panel']","['Saham vendor', 'vendor sollar', 'sollar panel', 'panel']","['saham vendor', 'vendor sollar', 'sollar panel', 'panel']",id,Saham vendor sollar panel :army:,912__0
591,"[CENTER][color=green][B][size=""6""]|POTENSI GEOTHERMAL DI INDONESIA|[/size][/B][/color][/CENTER] [CENTER]Indonesia mempunyai potensi panas bumi sangat besar di dunia, yaitu sekitar 27.500 MW atau 30-40% potensi sumberdaya panas bumi dunia, tersebar di kepulauan Indonesia. Survei panas bumi mengindikasikan adanya 265 area prospek panas bumi di Indonesia, yaitu 84 prospek di Pulau Sumatera, 76 prospek di Pulau Jawa, 51 prospek di Pulau Sulawesi, 21 prospek di Nusatenggara, 3 prospek di Irian Jaya, 15 prospek di Maluku dan 5 prospek di Kalimantan (Gambar 1). Sistem panas bumi di Indonesia umumnya sistem hidrothermal yang mempunyai temperatur tinggi (>225oC), hanya beberapa diantaranya yang mempunyai temperatur sedang (125-225oC), sehingga sangat potensial apabila diusahakan untuk pembangkit listrik. Potensi sumberdaya dan cadangan panas bumi Indonesia diperkirakan sebesar 28.170 MWe (Tabel 1). Cadangan diperkirakan setara dengan 14.730 MWe, terdiri dari cadangan terbukti 2.288 MWe, cadangan mungkin 1.050 MWe dan cadangan terduga 11.392 MWe [6].[/CENTER] [CENTER][spoiler=""Potensi geothermal di Indonesia""][CENTER][URL=http://s110.photobucket.com/user/raptor_oid89/media/Untitled_zps162d9b41.png.html][IMG]http://i110.photobucket.com/albums/n83/raptor_oid89/Untitled_zps162d9b41.png[/IMG][/URL][/CENTER][/spoiler][/CENTER]",7,kaskus,2014-06-01 09:01:10,"Cadangan diperkirakan setara dengan 14.730 mwe, terdiri dari cadangan terbukti 2.288 mwe, cadangan mungkin 1.050 mwe dan cadangan terduga 11.392 mwe 6","Cadangan diperkirakan setara dengan 14.730 mwe, terdiri dari cadangan terbukti 2.288 mwe, cadangan mungkin 1.050 mwe dan cadangan terduga 11.392 mwe 6",[],"['Cadangan', 'mwe', 'cadangan mwe']","['Cadangan', 'mwe', 'cadangan mwe']","['cadangan', 'mwe', 'cadangan mwe']",id,"Cadangan diperkirakan setara dengan 14.730 MWe, terdiri dari cadangan terbukti 2.288 MWe, cadangan mungkin 1.050 MWe dan cadangan terduga 11.392 MWe 6 .",591__7
1840,"investasi buat PLTN itu gede jangan dikira lebih murah , belum lagi biaya maintenance , negara eropa aja pusing dengan pltn mereka yang memakan biaya besar , padahal banyak alternatif lain seperti Hidroelectric dan gas turbine yang mana pada gas turbine ini panas yang dihasilkan bisa dipakai juga buat generate power dan lebih murah dan efisien. mengutip perkataan [URL=""http://en.wikipedia.org/wiki/Paul_Ekins""]Professor Paul Ekins[/URL], head of the Environment Group at the Policy Studies Institute tentang dead end nuclear fusion power plant. [I]""I think I would agree with that because we havent just talked about fusion and fission, we have spent enormous sums of money on researching them. Overall budgets on research into renewables pale into insignificance when you compare them with the decades of support nuclear has had with fairly modest gains in cost-reduction. In fact, all the evidence suggests fission reactors are more expensive now than before, which is in stark contrast to the progress of renewables. The UK research council is now saying fusion will only be viable by 2080  so its not even 30 years away, its more like 50 or 60. If you look at what fusion and fission have achieved per pound invested, the return on renewables has been very much higher. Furthermore, because renewable technologies are newer, there might still be stones unturned in terms of research. While thats not impossible with nuclear, the longer one researches a topic without success, the less likely there is something to find.""[/I] mengenai nilai ekonomis PLTN bisa dilihat : [url]http://en.wikipedia.org/wiki/Economics_of_new_nuclear_power_plants[/url] ""[I][B]One of the big problems with nuclear power is the enormous upfront cost. These reactors are extremely expensive to build. While the returns may be very great, they're also very slow. It can sometimes take decades to recoup initial costs. Since many investors have a short attention span, they don't like to wait that long for their investment to pay off[/B][/I]"" masih ngotot?",14,kaskus,2012-10-16 01:03:46,"Returns may great, also slow.","Returns may great, also slow.",[],"['Returns', 'may', 'great', 'also', 'slow']","['Returns', 'may', 'great', 'also', 'slow']","['returns', 'may', 'great', 'also', 'slow']",id,"While the returns may be very great, they re also very slow.",1840__14
2061,"agan...saya tidak mempermasalahkan asal energinya, mau fosil, EBT atau nuklir bahkan induksi listrik tesla kalau untuk kemakmuran rakyat silahkan. saya lebih khawatir kalau sektor energi vital dikuasahi oleh sektor swasta yg mementingkan return of money bukan kesejahteraan. Kemudian saya menyoroti energi panas bumi, angin, surya karena dari sisi ekonomi hanya butuh CAPEX sedangkan Opexnya kecil karena tidak perlu beli batu-bara atau minyak yg harganya fluktuatif sebagai kebutuhan energinya, sehingga energi ini seharusnya lebih murah setelah mencapai BEP. Energi nuklir saat ini menyumbang 6% dr energy total dunia, pertanyaannya kenapa belum maksimal? dinegara2 eropa hanya perancis yg paling banyak menggunakannya, bahkan di jerman akibat bencana fukushima beberapa reaktor nuklir akan ditutup di 2022.*) Mungkin karena belum kefefet dan dampak lingkungannya yg berbahaya (kec, emisi carbon tidak ada) jenis ini masih belum banyak difungsikan. Saat ini ada energi dari gas alam (CH4) yg emisi karbonya lebih rendah, dan diindonesia banyak sekali cadangannya 151 TCF, produksi tahunan indonesia 3.17 TCF artinya bisa bertahan sampai 50 thn kedepan. namun gas alam kita lebih banyak di ekspor dengan harga murah, harga ekspor US$ 6,75/MMbtu harga buat PLN Sumut US$ 13,9/MMbtu, bagaimana bisa? **) Problem dari gas ini adalah distribusi dari pusat sumber nya ke konsumen, memerlukan fasilitas regasifikasi dan pipeline sedangkan diindonesia masih sangat minim. *)[url]https://id.wikipedia.org/wiki/Pembangkit_nuklir_berdasarkan_negara[/url] **) [url]https://finance.detik.com/energi/3281459/ini-perbandingan-harga-gas-tangguh-yang-dijual-ke-sumut-dan-china[/url]",4,kaskus,2017-03-31 15:10:02,"Sedangkan opexnya kecil karena tidak perlu beli batubara atau minyak yang harganya fluktuatif sebagai kebutuhan energinya,","Sedangkan opexnya kecil karena tidak perlu beli batubara atau minyak yang harganya fluktuatif sebagai kebutuhan energinya,",[],"['opexnya kecil', 'batubara', 'minyak', 'harga fluktuatif', 'kebutuhan energi', 'energi', 'opexnya', 'kebutuhan']","['opexnya kecil', 'batubara', 'minyak', 'harga fluktuatif', 'kebutuhan energi', 'energi', 'opexnya', 'kebutuhan']","['opexnya', 'batubara', 'minyak', 'harga fluktuatif', 'kebutuhan energi', 'energi', 'kebutuhan']",id,"sedangkan Opexnya kecil karena tidak perlu beli batu-bara atau minyak yg harganya fluktuatif sebagai kebutuhan energinya,",2061__4
1093,Yg udah2 gmn bray? :malu: Itu proyek mobnasnya si Hendro priyono sama proton gmn? Apalagi ASEMKA yg dulu digembar gemborkan :malu: Yg anda ntar importnya malah keterusan :ngakak Rezim presiden goblok msh dipercaya :ngakak [img]http://s.kaskus.id/images/2016/01/22/2261172_20160122060609.jpg[/img],2,kaskus,2016-01-22 18:06:26,Apalagi asemka yang dulu digembar gemborkan yang anda nanti importnya malah keterusan rezim presiden bodoh masih dipercaya img url,Apalagi asemka yang dulu digembar gemborkan yang anda nanti importnya malah keterusan rezim presiden bodoh masih dipercaya img url,[],"['asemka', 'import', 'rezim presiden', 'presiden bodoh', 'img url', 'url', 'rezim', 'img']","['asemka', 'import', 'rezim presiden', 'presiden bodoh', 'img url', 'url', 'rezim', 'img']","['asemka', 'import', 'rezim presiden', 'presiden bodoh', 'img url', 'url', 'rezim', 'img']",id,Apalagi ASEMKA yg dulu digembar gemborkan :malu: Yg anda ntar importnya malah keterusan :ngakak Rezim presiden goblok msh dipercaya :ngakak img <URL>,1093__2
2057,"Iya, setuju. Persepsi bahwa energi nuklir dan energi terbarukan itu musuhan adalah salah kaprah besar. Sebab sejatinya dua-dua ya bisa jalan bersamaan. Makanya dalam perencanaan nasional itu istilahnya pakai EBT. Energi baru dan terbarukan. Energi nuklir adalah salah satu bentuk dari energi baru. (Kenapa energi baru, karena ada beberapa perkembangan teknologi di bidang tenaga nuklir yang cukup drastis dibandingkan teknologi nuklir lama.) Harusnya kita semua ini fokus ke bagaimana mengurangi ketergantungan terhadap energi fosil. Alasan pertama, polusi energi fosil itu sangat tinggi. Alasan ke-dua, cadangan energi fosil kita rendah. Coba cek tahun berapa kira-kira kita akan mengimpor gas bumi. Ada beberapa perkiraan, tapi semuanya gak terlalu jauh. Habis itu sekalian cek kapan kita akan mulai impor batubara. Kira-kira jamannya cucu kita. Alasan ke-3, energi nuklir kalau sudah dikuasai sebenarnya murah. Memang bayarnya mahal di depan, tapi kalau ditotal 60 tahun (umur PLTN modern), ternyata murah. Tapi ya kita harus konsisten usaha agar menguasai.",4,kaskus,2017-04-08 22:01:41,Energi baru dan terbarukan.,Energi baru dan terbarukan.,[],['Energi baru'],['Energi baru'],['energi'],id,Energi baru dan terbarukan.,2057__4
1021,"Negara dengan tingkat rawan bencana yang tinggi memang perlu strategic petroleum reserve (untuk tim sar>basarnas jika bencana skala besar),juga cocok jika ada suatu hal (misalnya perang yang mengganggu distribusi impor) nantinya bisa dipakai. Oya buat aturan mainnya yang jelas dulu,pala banyak yang sudah pusing kalo masalah pungutan uang.",2,kaskus,2016-07-06 10:24:21,Misalnya perang yang mengganggu distribusi impor nantinya bisa dipakai.,Misalnya perang yang mengganggu distribusi impor nantinya bisa dipakai.,[],"['Misalnya perang', 'perang', 'distribusi impor nanti', 'impor', 'nanti', 'Misalnya', 'distribusi']","['Misalnya perang', 'perang', 'distribusi impor nanti', 'impor', 'nanti', 'Misalnya', 'distribusi']","['perang', 'distribusi impor', 'impor', 'distribusi']",id,misalnya perang yang mengganggu distribusi impor) nantinya bisa dipakai.,1021__2
2085,"ok gan ini terakhir, mohon maaf sudah membajak perdebatan anda semoga aja debat kusir kilat nyontek wikipedia dan google saya bisa memberi inspirasi kaskuser lain :malus kayanya banyak yg mantau thread ini trmsk orang pln sendiri :D bukan sekalian dibikin monopoli, gue liat sih ga ada aturan yg melarang jaringan baru masuk ga dilarang masuk tp ga ada yg mau krn natural monopoly cuma ada regulasi ketentuan menjaga kualitas dan harga aja gini gan, maksud ane bukan ngomongin gimana perusahaan bisa mendapat untung sebesar2nya tp gimana konsumer bisa mendapat harga semurah2nya dengan kualitas sebaik2nya sekarang states di amerika ada 50, ditambah model negara lain ada ratusan terus lo merasa yg paling baik model amerika ratusan tahun yg lalu? :bingungs buktinya apa? artikel agan cuma bilang model ini pernah eksis, tp ga membeberkan harga, kualitas dan detil model penjualannya praktek yg jaman sekarang, jelas harga dan kualitasnya. Bisa dibandingkan dgn model negara lain kalifornia sering blackout? ya jangan ditiru, simple toh? sama ky thread dic.thorium membongkar fraud PLN jerman dan denmark lengkap ada perbandingan harga listrik, persentase tenaga pembangkit, emisi CO2 negara eropa, dll masih mending saya milih texas dgn pertimbangan kebebasan memilih, drpd cina sama2 murah tp ga bisa milih",4,kaskus,2017-03-16 00:10:56,"Cuma ada regulasi ketentuan menjaga kualitas dan harga saja begini gan, maksud saya bukan membicarakan bagaimana perusahaan bisa mendapat untung sebesar2nya","Cuma ada regulasi ketentuan menjaga kualitas dan harga saja begini gan, maksud saya bukan membicarakan bagaimana perusahaan bisa mendapat untung sebesar2nya",[],"['regulasi ketentuan', 'ketentuan', 'kualitas', 'harga gan', 'gan', 'perusahaan', 'sebesar2', 'regulasi']","['regulasi ketentuan', 'ketentuan', 'kualitas', 'harga gan', 'gan', 'perusahaan', 'sebesar2', 'regulasi']","['regulasi ketentuan', 'ketentuan', 'kualitas', 'harga', 'perusahaan', 'sebesar2', 'regulasi']",id,"cuma ada regulasi ketentuan menjaga kualitas dan harga aja gini gan, maksud ane bukan ngomongin gimana perusahaan bisa mendapat untung sebesar2nya",2085__4
2,"Solar cuma bisa saat siang hari, di mana keperluan listrik lebih sedikit. Angin gak konsisten, tergantung musim. Geothermal dan hidro terbatas lokasi. Nuklir yg paling efisien, walau tehnical expertise nya jadi tantangan. Baiknya leverage dan gunakan semua sesuai kondisi utk kurangi ketergantungan pada fossil fuel.",4,reddit,2022,Baiknya leverage dan gunakan semua sesuai kondisi utk kurangi ketergantungan pada fossil fuel.,Baiknya leverage dan gunakan semua sesuai kondisi utk kurangi ketergantungan pada fossil fuel.,[],"['leverage', 'kondisi', 'ketergantungan', 'fossil fuel', 'fuel']","['leverage', 'kondisi', 'ketergantungan', 'fossil fuel', 'fuel']","['leverage', 'kondisi', 'ketergantungan', 'fossil fuel', 'fuel']",id,Baiknya leverage dan gunakan semua sesuai kondisi utk kurangi ketergantungan pada fossil fuel.,2__4
107,"Dude, technology has advanced exponentially to minimize the risk. What else do you want?",1,reddit,2023,Else want?,Else want?,[],"['Else', 'want']","['Else', 'want']","['else', 'want']",id,What else do you want?,107__1
918,"Berita taun berapa ya itu? Udah baca berita terbaru belum tak? :o [B]Jonan Turunkan Target Energi Terbarukan 2025 Jadi 20 Persen[/B] https://kumparan.com/@kumparanbisnis/jonan-turunkan-target-energi-terbarukan-2025-jadi-20-persen-1542263510713846826 Ngerti ga kalo udah nyerah mencapai target 23%? Dia sendiri loh yg menurunkan target. :o Segitunya membela junjungan? :o Loh, katanya dengan rooftop bakal ada bauran energi. Jonan sama Archanda bikin rooftop loh https://ekbis.sindonews.com/read/1328970/34/dukung-bauran-energi-rumah-archandra-tahar-pakai-solar-pv-rooftop-1533790400 Terus keluar aturan baru dan akhirnya http://iesr.or.id/2018/12/siaran-pers-permen-esdm-no-49-2018/ [B] Permen ESDM No. 49/2018 Menurunkan Minat Investasi Masyarakat dan Industri[/B] [B]Permen 49/2018 ini menurutnya, juga tidak mencerminkan semangat untuk percepatan (akselerasi) pencapaian target bauran energi terbarukan seperti yang diamanatkan dalam Rencana Umum Energi Nasional (RUEN) dimana pada tahun 2025 target energi terbarukan mencapai 45 Gigawatt (GW) dimana 6,5 GW diantaranya berasal dari kapasitas listrik surya atap.[/B] Jelas? Hayo loh. Ini aturan di akhir 2018. Omongan ente si Jonan masih di 2017. Kena deh dongoknya nastak. :o Emang di sini ada yang ngomongin prabowo sudirman said dkk? Di sini udah jelas ngomongin kebijakan di pemerintahan sekarang kok. Nyambung bener ente. :o Kasian, ga ada loh yang bawa ke pilpres dari awal. Orang2 pada bahas kebijakan EBT. Kalo udah buta mata buta hati ya begini. :o",11,kaskus,2019-01-28 10:36:33,Hayo loh.,Hayo,['loh'],['Hayo'],['Hayo'],['hayo'],id,Hayo loh.,918__11
1716,"Reaktornya make apa sih ? jenisnya apa ? Terus terang ane lihat bagian yang ini agak nggak masuk..hmm Seperti yang kita ketahui sekarang rata-rata reaktor nuklir untuk tujuan komersial itu adalah dari jenis pressurized water reactor yang tidak bisa diisi waktu reaktornya masih jalan. Kenapa kok reaktor komersial semacam itu tidak bisa digunakan ? Karena untuk menggantikan elemen bahan bakar .. reaktor harus dimatikan (bahkan terus mati sampai beberapa minggu sampai batang bahan bakar bisa diambil seluruhnya) sementara untuk produksi plutonium diperlukan penggantian bahan bakar secara cepat. Bilamana tidak demikian ya hasilnya adalah Plutonium-239 yang terkontaminasi oleh Plutonium 240 lebih dari 7% dan plutonium model begini nggak bisa dipake senjata. Sekarang ada nggak reaktor komersial yang bisa bikin plutonium ? ada tapi penyebarannya tidak terlalu luas..contoh RBMK (yang meledak di Chernobyl tahun 1986) lalu Magnox yang sudah tidak digunakan dan tidak lagi diekspor. lalu limbah nuklir..mis sisa batang bahan bakar apa ya ""semudah itu"" bisa diolah lagi jadi bahan senjata nuklir.. ane lihat ya enggak..coba lihat di AS, Prancis, Rusia .. itu jumlahnya Breeding reactor buat ngolah batang bahan bakar sisa biar bisa jadi ""fertil"" lagi itu ada berapa ? Malah ane lebih sering denger kalau limbah nuklirnya itu ya dikubur.. kalau di Prancis.. batang bahan bakar yang sudah tidak dipakai direndam dalam asam.. lalu diproses sehingga menghasilkan padatan berupa kristal lalu dikubur. Kesimpulan ya jelas kalau mau bikin Senjata nuklir ya Bukan make limbahnya... tapi ya bikin itu reaktor model-model RBMK atau Magnox... atau bikin pengayaan uranium.",19,kaskus,2012-10-18 03:23:02,Atau membuat pengayaan uranium.,Atau membuat pengayaan uranium.,[],"['pengayaan uranium', 'uranium', 'pengayaan']","['pengayaan uranium', 'uranium', 'pengayaan']","['pengayaan uranium', 'uranium', 'pengayaan']",id,atau bikin pengayaan uranium.,1716__19
1781,"Nah, gw udah bilang. Bikinnya di tempat yang kagak beresiko ada kejadian buruk. Personilnya bikin seketat mungkin. Bisa kok. Banyak ahli nuklir di Indonesia yang tau harus seketat apa isinya PLTN itu. Bolot banget dah dibilangin dr tadi. :cd Kagak pernah kuliah manajemen resiko ya? Lw pikir yg dipikirin 100 taun ke depan apanya? Energinya? KAGAK! Yg dipikirin manajemen pengelolaan limbah, resiko pengolahan dan pembuangan limbahnya, dll. Energi yg lw kasih jadinya 100 taun kedepan, bahkan 1000 taun? Butuh listriknya sekarang tong! Paling kagak 20 taun ke depan. Lw pikir teknologinya ada sekarang? Lw pikir nyiptain teknologi gitu gampang? :cd Efisiensinya jauh banget gan. Angin sama ombak itu kerasanya kenceng, tapi sebenernya energinya ga banyak-banyak banget kalo ga punya ladang angin/ombak.",2,kaskus,2012-10-16 14:13:30,Personilnya membuat seketat mungkin.,Personilnya membuat seketat mungkin.,[],['Personil'],['Personil'],['personil'],id,Personilnya bikin seketat mungkin.,1781__2
1970,"[B]Saia termasuk setuju, tapi dengan catatan : 1. pembangunannya harus di Areal yang 100% bebas dari bencana gempa maupun gunung meletus ataupun bencana alam lainnya. 2. Sistem keamanannya harus benar2 di jaga, jangan kebiasaan bisa bangun tapi gak bisa ngerawat.. [/B]",1,kaskus,2012-10-12 19:42:01,Pembangunannya harus di areal yang 100 bebas dari bencana gempa maupun gunung meletus ataupun bencana alam lainnya.,Pembangunannya harus di areal yang 100 bebas dari bencana gempa maupun gunung meletus ataupun bencana alam lainnya.,[],"['Pembangunan', 'areal', 'bencana gempa', 'gempa', 'gunung meletus', 'meletus', 'bencana alam lainnya', 'alam', 'bencana']","['Pembangunan', 'areal', 'bencana gempa', 'gempa', 'gunung meletus', 'meletus', 'bencana alam lainnya', 'alam', 'bencana']","['pembangunan', 'areal', 'bencana gempa', 'gempa', 'gunung meletus', 'meletus', 'bencana alam', 'alam', 'bencana']",id,pembangunannya harus di Areal yang 100% bebas dari bencana gempa maupun gunung meletus ataupun bencana alam lainnya.,1970__1
2037,"alhamdulillah otak saya masih berfungsi sepenuhnya. plus saya melakukan kalkulasi matematis dengan data-data yang ada, hingga saya sampai pada kesimpulan bahwa hidrogen kurang ekonomis dan tidak lebih bersih dari segi emisi ketimbang opsi bahan bakar fosil. [B][size=""7""]seandainya menggunakan teknologi yang ada sekarang ini[/size][/B]. barangkali anda punya kalkulasi berbeda? silakan tunjukkan, saya mau tahu [I]economic cost[/I]-nya. tetapi jika anda tidak bisa menunjukkan, mohon maaf, saya tidak menganggap argumen anda meyakinkan. saya lebih cenderung menggunakan [I]synfuel[/I] berbasis metanol dan dimetil eter ketimbang hidrogen, dan kalkulasi saya menunjukkan metanol sintetis dengan energi nuklir bisa lebih murah dari energi fosil dan hidrogen.",4,kaskus,2017-07-11 20:27:39,"Silakan tunjukkan, saya mau tahu economic cost -nya.","Silakan tunjukkan, saya mau tahu economic cost -nya.",[],['cost'],['cost'],['cost'],id,"silakan tunjukkan, saya mau tahu I economic cost /I -nya.",2037__4
1595,"Harga 1 reaktor nuklir cuman 1 Triliun dan tahan selama 125 tahun tanpa ganti mesin.,., masalah limbah,.,.,.??? USA dan Canada saling rebutan dengan limbah PLTN dari Indonesia",0,kaskus,2012-12-21 03:12:52,"Harga 1 reaktor nuklir cuman 1 triliun dan tahan selama 125 tahun tanpa ganti mesin.,., masalah limbah,.,.,?","Harga 1 reaktor nuklir cuman 1 triliun dan tahan selama 125 tahun tanpa ganti mesin.,., masalah limbah,.,.,?",[],"['Harga reaktor', 'reaktor nuklir triliun', 'nuklir', 'triliun', 'tahun', 'mesin', 'masalah limbah', 'limbah']","['Harga reaktor', 'reaktor nuklir triliun', 'nuklir', 'triliun', 'tahun', 'mesin', 'masalah limbah', 'limbah']","['harga reaktor', 'reaktor nuklir triliun', 'nuklir', 'triliun', 'mesin', 'limbah']",id,"Harga 1 reaktor nuklir cuman 1 Triliun dan tahan selama 125 tahun tanpa ganti mesin.,., masalah limbah,.,.,.???",1595__0
2474,"Tepat sekali agan ini. 1. kebanyakan lokasi panasbumi di hutan lindung, kebayang kan ijinnya gimana? 2. lokasi pengembangan di remote area, nah.. infrastruktur mahal dong. 3. monopoli pembeli, ya kali dilirik yang kapitalnya besar, mending beli Listrik PLTU kali ya 4. kemungkinan gagal di pemboran eksplorasi besar, so dana yang dikeluarkan di awal besar. Mana ada lender yang mau minjemin, kalo minjemin pun apa jaminannya? WKP nya? padahal 1 lokasi pemboran bisa ngabisin duit 20 M an, 1 sumur sekitar 5juta USD. dan selanjutnya dan selanjutnya",4,kaskus,2016-10-15 10:23:09,"Monopoli pembeli, ya kali dilirik yang kapitalnya besar, sebaiknya beli listrik pltu kali ya 4.","Monopoli pembeli, ya kali dilirik yang kapitalnya besar, sebaiknya beli listrik pltu kali ya 4.",[],"['Monopoli pembeli', 'pembeli', 'kali', 'listrik pltu kali', 'pltu', 'Monopoli', 'listrik']","['Monopoli pembeli', 'pembeli', 'kali', 'listrik pltu kali', 'pltu', 'Monopoli', 'listrik']","['monopoli pembeli', 'pembeli', 'listrik pltu', 'pltu', 'monopoli', 'listrik']",id,"monopoli pembeli, ya kali dilirik yang kapitalnya besar, mending beli Listrik PLTU kali ya 4.",2474__4
1739,"Jerman udah rencana mau stop, bebeapa negara mengevaluasi ulang pembangunan. Situasi fukushima, cari aja beritanya, susah didapet, diblokir,ada undang2 bahkan di jepang buat yang buka aib fukushima dan hal terkait adalah pidana. Kecuali nyari beritanya di tempat2 yang aman,banyak fakta mengejutkan tentang fukushima, termasuk dari ilmuwan dan petinggi pemerintah. Kedengeran enteng pendingin ga bekerja, masalahnya pendinginnya pake aer laut yang disirkulasi terus menerus dan menyebar ke seluruh dunia. Masalahnya, siapa yang berani jamin secara penuh, bukan hanya pada rakyat indonesia, tapi buat warga dunia seperti kasus jepang yang ditutup-tutupi hampir semua media utama dunia? Trus kalopun ngeyel pengen reaktor model gitu,reaktor generasi ke 4, kenapa ga pilih tipe2 yang bisa pake thorium yang lebih aman dan banyak kelebihan lainnya,dan termasuk pengembangan 4th gen yang populer sekarang oleh negara2 maju? Lagian di indonesia masih banyak alternatif lain kaya pemanfaatan panas bumi dan tenaga gelombang, atau plta? Tapi menurut ane yang nentuin bandar dibelakangnya, kalo ngomong iaea, kemungkinan perusahaan yang bikin dari amerika ato groupnya nato. Lagu lama kenapa pilih uranium dan bahan sejenisnya, yang limbahnya jadi pemasukan gede buat mereka,dengan alesan limbahnya mereka urus, padahal limbahnya dipake buat bikin senjata nukllir ato campuran rudal. Kenapa ga pake thorium, karena limbahnya ga punya nilai ekonomis strategis.",3,kaskus,2012-10-17 06:58:29,"Kedengaran enteng pendingin tidak bekerja, masalahnya pendinginnya pakai air laut yang disirkulasi terus menerus dan menyebar ke seluruh dunia.","Kedengaran enteng pendingin tidak bekerja, masalahnya pendinginnya pakai air laut yang disirkulasi terus menerus dan menyebar ke seluruh dunia.",[],"['Kedengaran enteng', 'enteng pendingin', 'pendingin', 'masalah pendingin', 'air laut', 'laut', 'dunia', 'Kedengaran', 'masalah', 'air']","['Kedengaran enteng', 'enteng pendingin', 'pendingin', 'masalah pendingin', 'air laut', 'laut', 'dunia', 'Kedengaran', 'masalah', 'air']","['kedengaran enteng', 'enteng pendingin', 'pendingin', 'air laut', 'laut', 'dunia', 'kedengaran', 'air']",id,"Kedengeran enteng pendingin ga bekerja, masalahnya pendinginnya pake aer laut yang disirkulasi terus menerus dan menyebar ke seluruh dunia.",1739__3
396,"oh iya itu bener, orang2 masih parno Kalau korup paling mark up doang. Kalau ada apa2 bakal digebukkin IAEA soalnya",1,reddit,2023,Kalau ada apa akan dipukuli iaea soalnya,Kalau ada apa akan dipukuli iaea soalnya,[],"['iaea soal', 'soal', 'iaea']","['iaea soal', 'soal', 'iaea']",['iaea'],id,Kalau ada apa2 bakal digebukkin IAEA soalnya,396__1
490,"wahh ternyata muter ya.. dari air jadi uap, uap gerakin turbin, masukin coolernya yang mana nanti jadi uap lagi yg ngegerakin turbin.. keren nih.. costnya juga murah tuh 0,08 dolar/kWh = Rp. 1.00,00..",0,kaskus,2013-06-23 12:18:02,Wahh ternyata berputar ya.,Wahh ternyata berputar ya.,[],['Wahh'],['Wahh'],['wahh'],id,wahh ternyata muter ya..,490__0
826,"nyante aja, udah ketemu buku putihnya? kalau dulu banteng demonya tolak kenaikan bbm kalau rezim sekarang bisa2 jadi demo dukung bbm naik panastaik kan dulu pada rame2 dukung kenaikan bbm, kok sekarang ga kedengaran lagi :travel",1,kaskus,2018-01-02 13:43:41,Kalau dulu banteng demonya tolak kenaikan bbm,Kalau dulu banteng demonya tolak kenaikan bbm,[],"['banteng demo', 'demo', 'kenaikan bbm', 'bbm', 'banteng', 'kenaikan']","['banteng demo', 'demo', 'kenaikan bbm', 'bbm', 'banteng', 'kenaikan']","['banteng demo', 'demo', 'kenaikan bbm', 'bbm', 'banteng', 'kenaikan']",id,kalau dulu banteng demonya tolak kenaikan bbm,826__1
297,Jangka panjang jelas efisien karena menunjukkan indo mau bener-bener go green.,0,reddit,2023,Jangka panjang jelas efisien karena menunjukkan indonesia mau benar-benar go green.,Jangka panjang jelas efisien karena menunjukkan indonesia mau benar-benar go green.,[],"['Jangka panjang', 'indonesia', 'green', 'Jangka']","['Jangka panjang', 'indonesia', 'green', 'Jangka']","['jangka', 'indonesia', 'green']",id,Jangka panjang jelas efisien karena menunjukkan indo mau bener-bener go green.,297__0
394,wind atau solar murah karena datanya diambil/dicampur dari negara2 yang potensinya gede.Coba ambil yang potensinya kecil atau biasa2 aja. Contoh nih Jepang. Dari paling mahal ke murah itu: Solar (residential) > Wind (offshore) > Solar (utility) > Hydro > Wind onshore > Coal > Gas > Nuclear Contoh lainnya Korea Wind offshore > Wind (onshore) > Solar (residential) > Solar (utility) > Gas > Coal > Nuclear Bandingin sama Aussie yang gede banget potensinya jadinya solar sama wind jadi yang paling murah Di Indonesia ya sayangnya potensinya kecil banget untuk ukuran demandnya,0,reddit,2023,Wind atau surya murah karena datanya diambil dicampur dari negara yang potensinya besar.coba ambil yang potensinya kecil atau biasa saja.,Wind atau surya murah karena datanya diambil dicampur dari negara yang potensinya besar.coba ambil yang potensinya kecil atau biasa saja.,[],"['Wind', 'surya murah', 'data', 'negara', 'potensi besar.coba', 'potensi kecil', 'potensi']","['Wind', 'surya murah', 'data', 'negara', 'potensi besar.coba', 'potensi kecil', 'potensi']","['wind', 'surya murah', 'data', 'negara', 'potensi besar.coba', 'potensi']",id,wind atau solar murah karena datanya diambil/dicampur dari negara2 yang potensinya gede.Coba ambil yang potensinya kecil atau biasa2 aja.,394__0
1983,"PLTN....? sangaaaat setujuuuuu sekaaaaliiiiiiiiiiiiiiiiiiiiiiiiiiiii,.==,.......................... dengan syarat safety operationnya harus yang terbaik... ""Do it safely or...... no at all"" <==== prinsip operasional yang sangat bagus dari perusahaan xxxxx......",1,kaskus,2012-10-12 18:59:31,Dengan syarat safety operationnya harus yang terbaik.,Dengan syarat safety operationnya harus yang terbaik.,[],"['syarat safety', 'safety operation', 'operation', 'syarat']","['syarat safety', 'safety operation', 'operation', 'syarat']","['syarat safety', 'safety operation', 'operation', 'syarat']",id,dengan syarat safety operationnya harus yang terbaik...,1983__1
1773,"Komen lu ababil banget, biasa aja kenapa? Anda ga bisa bawa tabel, ga perlu tabel perbandingan, tapi kok sudah tau mana yg lebih efektif? Anda ga main tebak2an kan? Kan kita butuh listriknya sekarang dek, bukan 10-20 taun lagi. Kalo anda mau nunggu segitu lama nya utk menghasilkan energi alternatif, bgmn dgn sektor industri dan manufaktur yg membutuhkan energi listrik utk mendorong kemajuan ekonomi kita? Eh, kok jadi bawa contoh masjid diterjang tsunami gpp? Jadi maksudnya di PLTN nanti dibangun masjid juga biar aman kalo diterjang tsunami?",0,kaskus,2012-10-16 15:20:27,"Komentar kamu anak ingusan sekali, biasa saja kenapa?","Komentar kamu anak ingusan sekali, biasa saja kenapa?",[],"['Komentar', 'anak ingusan']","['Komentar', 'anak ingusan']","['komentar', 'ingusan']",id,"Komen lu ababil banget, biasa aja kenapa?",1773__0
2007,:sundulgans sepi bgt yak:bingungs bikin trit BB++ ja lah biar rame :hammer,0,kaskus,2012-12-14 21:28:25,Sepi sangat yak bingungs membuat tulisan bb saja lah biar ramai,Sepi sangat bingungs membuat tulisan bb saja biar ramai,"['yak', 'lah']","['Sepi', 'tulisan bb', 'bb', 'tulisan']","['Sepi', 'tulisan bb', 'bb', 'tulisan']","['sepi', 'tulisan bb', 'bb', 'tulisan']",id,:sundulgans sepi bgt yak:bingungs bikin trit BB ja lah biar rame :hammer,2007__0
1914,"balik lagi gan..aturan cm jadi kertas fotokopian di indo.. hahaha... itu yg jadi mslh ... sikap kedisiplinan, kerja sigap n cepat (mslhnya disini kn kayaq ga tau ajah, kerja ajah suka telat ), n mau dibilang salah ktika hal yg ga mengenakkan terjadi (kayaq di jepang kmaren, ane kaget si big boss yg ngelola pltn fukushima sujud minta maaf di hadapan korban2 nya d tempat penampungan.. ) .. klo dah bisa seperti itu ane setuju, stidaknya ga ush smua org sprti itu lah.. cukup dominan rakyatnya disiplin dah mnjadi modal yg cukup utk bangun PLTN.. mslhnya slama ini ajah yg kcil2 ajah blon ada yg bisa dibanggain dlm hal perawatan fasilitas umum.. yg kecil blon bisa dah pgn yg gede2...hahahah...",2,kaskus,2012-10-12 23:24:40,"Sikap kedisiplinan, kerja sigap dan cepat mslhnya di sini kan kayaq tidak tahu saja, kerja saja suka terlambat dan mau dibilang salah ktika hal yang tidak mengenakkan terjadi kayaq di","Sikap kedisiplinan, kerja sigap dan cepat mslhnya di sini kan kayaq tidak tahu saja, kerja saja suka terlambat dan mau dibilang salah ktika hal yang tidak mengenakkan terjadi kayaq di",[],"['Sikap kedisiplinan', 'kedisiplinan', 'kerja sigap mslh', 'mslh', 'kayaq', 'kerja', 'ktika', 'hal', 'Sikap']","['Sikap kedisiplinan', 'kedisiplinan', 'kerja sigap mslh', 'mslh', 'kayaq', 'kerja', 'ktika', 'hal', 'Sikap']","['sikap kedisiplinan', 'kedisiplinan', 'kerja sigap mslh', 'mslh', 'kayaq', 'kerja', 'ktika', 'sikap']",id,"sikap kedisiplinan, kerja sigap n cepat (mslhnya disini kn kayaq ga tau ajah, kerja ajah suka telat ), n mau dibilang salah ktika hal yg ga mengenakkan terjadi (kayaq di",1914__2
1596,"yups, SDM kita masih bermasalah, yg ane maksud bukan skill yang bermasalah tapi Mental n moral.. bangun PLTN kan proyek gede tuh, pasti melibatkan banyak kontraktor n subkontraktor, kalo pake kontraktor dalem negeri bisa2 kualitas material dikurang2in, you know lah, kontraktor2 kita bagaimana, demi menang tender tapi untung banyak, akibat birokrasi juga, tender2 biasanya jadi ladang cari duit bagi2 oknum2 di instansi terkait. contoh tuh, jembatan bisa ambruk, jalan tol bergelombang, kerusakan jalan, tanggul banyak yg jebol.. dll kalo dah operasional, maintenance juga gak boleh sembarangan, palagi Nuklir, butuh Inspeksi rutin secara berkala dan detail, setahu ane kan biasanya di Indonesia maintenance n inspeksi ditender lagi nih, nah tender ini yang beresiko tinggi, bisa2 kualitas inspeksi n maintenance dikurang2in lagi, ... ane vote setuju sih mengingat kita dah krisis energi, n nuklir merupakan alternatif paling efisien . tapi dengan catatan mulai dari penyediaan-penggunaan anggaran, pembangunan dan operasionalnya harus diawasi dengan sangat ketat, jangan sampai dimanfaatkan oleh oknum2 untuk mengeruk rupiah.",5,kaskus,2012-12-21 00:51:40,"Dll kalau sudah operasional, maintenance juga tidak boleh sembarangan, palagi nuklir, butuh inspeksi rutin secara berkala dan detail, setahu saya kan biasanya di indonesia maintenance dan inspeksi ditender lagi nih,","Dll kalau sudah operasional, maintenance juga tidak boleh sembarangan, palagi nuklir, butuh inspeksi rutin secara berkala dan detail, setahu saya kan biasanya di indonesia maintenance dan inspeksi ditender lagi",['nih'],"['Dll', 'maintenance', 'nuklir', 'inspeksi rutin', 'indonesia', 'inspeksi']","['Dll', 'maintenance', 'nuklir', 'inspeksi rutin', 'indonesia', 'inspeksi']","['maintenance', 'nuklir', 'inspeksi rutin', 'indonesia', 'inspeksi']",id,"dll kalo dah operasional, maintenance juga gak boleh sembarangan, palagi Nuklir, butuh Inspeksi rutin secara berkala dan detail, setahu ane kan biasanya di Indonesia maintenance n inspeksi ditender lagi nih,",1596__5
1654,"maklumi saja gan, yang koar-koar nolak PLTN itu gak lebih dari barisan nasi bungkus :siul mereka gak tahu kalau IAEA akan memberikan pengawasan SUPER KETAT baik dari proses tender pembangunan sampai pengoperasian :siul yang koar-koar nampaknya lupa kalau SDM dari BATAN juga memilki kemampuan lebih dari cukup :siul",2,kaskus,2012-10-24 19:55:09,Kalau sdm dari batan juga memilki kemampuan lebih dari cukup,Kalau sdm dari batan juga memilki kemampuan lebih dari cukup,[],"['sdm', 'batan', 'kemampuan']","['sdm', 'batan', 'kemampuan']","['sdm', 'batan', 'kemampuan']",id,kalau SDM dari BATAN juga memilki kemampuan lebih dari cukup :siul,1654__2
1896,"setuju banget gan kalo ada PLTN, tapi harus dengan perhitungan yang matang jika ingin mendirikan PLTN, dan kita juga harus mengantisipasi jikalau PLTN itu bocor seperti kejadi Jepang pasca tsunami.",1,kaskus,2012-10-15 09:54:50,Tapi harus dengan perhitungan yang matang,Tapi harus dengan perhitungan yang matang,[],['perhitungan'],['perhitungan'],['perhitungan'],id,tapi harus dengan perhitungan yang matang,1896__1
911,"Rangkaian peta jalan ini dibuat untuk menyasar target 100 persen energi baru terbarukan pada 2060 mendatang. Sumbe energi akan banyak berasal dari Pembangkit Listrik Tenaga Air, ...... Tenaga air? :cool",2,kaskus,2021-12-08 15:41:10,Tenaga air?,Tenaga air?,[],"['Tenaga air', 'air']","['Tenaga air', 'air']","['tenaga air', 'air']",id,Tenaga air?,911__2
410,"I think this is a bit incorrect... But I could see why they don't want to pursue the electricity pathway. Total Installed Electricity Generation Jepang itu adalah 334.62 GW. (Indonesia is about 94 GW). Jepang pakai 903.70 billion kWh of electric energy per year. So kita ubah jadi per jam. 103162100.457 kWh ubah ke GWh bagi 1000000 maka 103.162100457 GWh. Still only 1/3 of Japanese maximum total electricity capacity. But the cost for electricity in Japan is already too expensive. Ramping up production will also means money. Since they need to import stuff to make the electricity. So I guess since they already import stuff to make electricity, it won't be hard to also import the hydrogen... So I could see your point about the Fuel Cell economics. I don't think such economics would be useful for Indonesia...",12,reddit,2023,Could see point fuel cell economics.,Could see point fuel cell economics.,[],"['Could', 'see', 'point', 'fuel', 'cell', 'economics']","['Could', 'see', 'point', 'fuel', 'cell', 'economics']","['could', 'see', 'point', 'fuel', 'cell', 'economics']",id,So I could see your point about the Fuel Cell economics.,410__12
1678,"india minimal punya 20 pembangkit tenaga nuklir,indonesia satu pun ga ada masyarakatnya dah apatis, padahal mengeluh listrik byarpet.memang.1 kilo uranium = berapa ratus truk batubara tuh klo dibandingin energinya [FONT=""Arial Black""][size=""7""]sangaat setuju[/size][/FONT] asal prinsip kehati2an dan PEJABAT Penghalang, jarak, dan batas waktu dikit2 ane pernah belajar di LAPAN dan mengerti lah bgmana seharusnya nuklir bisa digunakan secara positif, bangsa barat ga mau klo negeri terkebelakang kaya negara kita ini maju secara ekonomi dan teknologi, soalnya sulit untuk dijajah dan otomatis kita memerlukan SDM dr negara mereka paham tong...",4,kaskus,2012-10-23 13:22:46,Soalnya sulit untuk dijajah dan otomatis kita memerlukan sdm dari negara mereka paham tong.,Soalnya sulit untuk dijajah dan otomatis kita memerlukan sdm dari negara mereka paham tong.,[],"['sdm', 'negara', 'tong']","['sdm', 'negara', 'tong']","['sdm', 'negara', 'tong']",id,soalnya sulit untuk dijajah dan otomatis kita memerlukan SDM dr negara mereka paham tong...,1678__4
479,"Mindset orang mengenai listrik itu, bisa d pakai dan d gunakan kapanpun untuk apapun :p Sperti gw bilang d atas, EBT selain Geo dan Air, ya trrgantung waktu dan musim :o Klau rumah pake tv, listrik, kulkas, andalkan PLTS ya kacau, tuh PJU yg pake PLTS aja tetap nyelip kabel listrik dr PLN :malu: Angin juga sama, gak semua wilayah bisa d pakaikan baling2 penangkap angin, dan angin yg bisa d pakai pun gak bisa 24 jam mampu memutar turbin dan stabil :o Surya/Matahari juga sama. Gak semua tempat bisa d gunakan lokasi PLTS komersial. Matahari paling effektif 4-5 jam aja (jam 9 pg - 2 siang) Klau cuma sekedar supplemen dr pembangkit lain emang bagus, misalnya pagi-siang pakai PLTS dan sore pake Angin/bayu.",0,kaskus,2017-08-19 17:18:57,"Mindset orang mengenai listrik itu, bisa di pakai dan di gunakan kapanpun untuk apapun sperti saya bilang di atas, ebt selain geo dan air, ya trrgantung waktu dan musim","Mindset orang mengenai listrik itu, bisa di pakai dan di gunakan kapanpun untuk apapun sperti saya bilang di atas, ebt selain geo dan air, ya trrgantung waktu dan musim",[],"['Mindset orang', 'orang', 'listrik', 'sperti', 'atas', 'ebt', 'geo', 'air', 'waktu', 'musim', 'Mindset']","['Mindset orang', 'orang', 'listrik', 'sperti', 'atas', 'ebt', 'geo', 'air', 'waktu', 'musim', 'Mindset']","['mindset', 'listrik', 'sperti', 'ebt', 'geo', 'air', 'musim']",id,"Mindset orang mengenai listrik itu, bisa d pakai dan d gunakan kapanpun untuk apapun :p Sperti gw bilang d atas, EBT selain Geo dan Air, ya trrgantung waktu dan musim",479__0
1421,"[B]ntar kalo reaktornya bocor gara2 bikinnya ga sesuai prosedur, ""takdir"" yg jadi kambing hitam :D[/B]",0,kaskus,2013-12-03 12:46:40,"B nanti kalau reaktornya bocor gara bikinnya tidak sesuai prosedur, takdir yang jadi kambing hitam di b","B nanti kalau reaktornya bocor gara bikinnya tidak sesuai prosedur, takdir yang jadi kambing hitam di b",[],"['reaktor gara', 'gara', 'prosedur', 'takdir', 'kambing hitam', 'reaktor', 'kambing']","['reaktor gara', 'gara', 'prosedur', 'takdir', 'kambing hitam', 'reaktor', 'kambing']","['reaktor', 'prosedur', 'takdir', 'kambing hitam', 'kambing']",id,"B ntar kalo reaktornya bocor gara2 bikinnya ga sesuai prosedur, takdir yg jadi kambing hitam :D /B",1421__0
1054,"makanya saya heran indonesia ini, katanya negara kaya sda, perusahaan monopoli macam pln dan pertamina yg ibaratnya jualan gak ada saingan terus bahan baku berlimpah, kok yo rugi teruus?? :ngakaks negara kepulauan garam masih impor, nih ya kota gw punya sungai besaaaaar banget (jangan dibandingin ama sungai di jawa yg mirip kali) tapi pdam ga bs supplay air bersih dengan lancar, airnya keruuuuh banget kayak lgsg diambil dr sungainya. sy pernah merantau 7 tahun di jawa, seperti agan di atas bilang, selama saya idup 7 tahun di jawa total byarpetnya jauh lebih sedikit drpd 1 bulan di kota saya sekarang :D makanya udah makan aja nasionalisme itu, kalo masih belum mampu ya yakin aja belum mampu, minta bantuan keluar, tp sebenarnya walau minta bantuan keluar bumn jg dikit2 belajar dan berkembang lebih baik.[",0,kaskus,2016-01-30 13:24:08,"Makanya saya heran indonesia ini, katanya negara kaya sda, perusahaan monopoli macam pln dan pertamina yang ibaratnya jualan tidak ada saingan","Makanya saya heran indonesia ini, katanya negara kaya sda, perusahaan monopoli macam pln dan pertamina yang ibaratnya jualan tidak ada saingan",[],"['indonesia', 'kata negara', 'negara kaya sda', 'sda', 'perusahaan monopoli', 'monopoli macam', 'macam pln', 'pln', 'pertamina', 'jualan', 'saingan', 'kata']","['indonesia', 'kata negara', 'negara kaya sda', 'sda', 'perusahaan monopoli', 'monopoli macam', 'macam pln', 'pln', 'pertamina', 'jualan', 'saingan', 'kata']","['indonesia', 'negara', 'negara kaya sda', 'sda', 'perusahaan monopoli', 'monopoli', 'pln', 'pertamina', 'jualan', 'saingan']",id,"makanya saya heran indonesia ini, katanya negara kaya sda, perusahaan monopoli macam pln dan pertamina yg ibaratnya jualan gak ada saingan",1054__0
1073,"yg ngomong gitu cuma pasukan nasbung. pasukan yg masih ingin hidup di jaman orba yg jawa centrist. maka mari kita sama2 lawan kekuasaan yg masih mengejar popularitas / jawa centris! pdip pun sama, cuma jkw beda. memang bagusnya org2 spt jkw-ahok jgn barengan, tp gantian. setidaknya buat 20 thn kedepan negara ini tidak diatur oleh org2 yg masih suka di era orba! dan 20 thn itu cukup buat generasi muda buat bangkit n membuat pembangunan di indonesia maju, adil dan merata :)",4,kaskus,2016-01-24 01:15:42,"Memang bagusnya orang seperti jokowi-ahok jangan bersamaan, tapi gantian.","Memang bagusnya orang seperti jokowi-ahok jangan bersamaan, tapi gantian.",[],"['orang', 'jokowi-ahok bersamaan']","['orang', 'jokowi-ahok bersamaan']",['jokowi-ahok bersamaan'],id,"memang bagusnya org2 spt jkw-ahok jgn barengan, tp gantian.",1073__4
2084,"Orang pln pasti bias terhadap keberadaan monopoli pln, seperti yang komen tentang pertengkaran dengan pemasok listrik. Seperti juga sebagai konsumen, gw bias terhadap kesewenang-wenangan pln akibat monopoli yang dipegangnya. Itu lihat di bagian mananya wikipedia? Dan itu dicapai dengan memberikan monopoli? :hammer Banyak natural monopoli yang terbukti bohong. Yang paling spektakuler sejauh ini adalah telepon. Dulu, ""ratusan tahun lalu"" (iya benar, ratusan tahun lalu), dulu itu begitu hak paten dari Bell berakhir, maka banyak perusahaan telepon yang nongol di Amerika. Maka kemudian Bell sebagai pemain terbesar melobi pemerintah Amerika bahwa telepon adalah natural monopoli, maka seluruh telepon di Amerika harus dijadikan satu monopoli. Monopoli tersebut berlangsung hingga tahun 1980an. Kalo menggunakan argumen agan bahwa ""kita tidak tahu bagaimana mutu dan layanan ratusan tahun lalu"" dan ""jadi kita harus kembali ke model ratusan tahun lalu?"" maka telepon yang kita kenal saat ini gak bakalan ada karena monopoli ""natural"" Bell bakalan diawetkan jadi pusaka peradaban. Justru setelah monopoli Bell diakhiri, maka banyak teknologi yang selama ini mereka simpan karena ""buat apa? begini saja sudah untung besar kok"" terpaksa mereka keluarkan ke pasar daripada pangsa pasar mereka ditelan pesaing. Persaingan akan memberikan pilihan kepada konsumen. Kalo layanan jelek, tinggal pindah pemasok. Gak perlu harus demonstrasi, gak perlu harus menuntut direktur perusahaan mundur padahal agan gak punya saham di perusahaan itu. Kepastian mutu dan harga pelayanan untuk agan akan dijamin oleh keberadaan pesaing dari perusahaan itu. Keberadaan natural monopoly sama sekali tidak natural. Banyak sekali peraturan yang dikeluarkan oleh pemerintah untuk menghalangi masuknya pesaing, baik yang secara terang-terangan melarang pesaing masuk maupun yang halus berupa berbagai ketentuan yang membuat barrier of entry terlalu tinggi. ""Kebebasan"" memilih seperti di Texas dan Kalifornia memang lebih baik dibanding di Cina, tapi tetap saja merupakan kebebasan semu. Sama seperti kuda yang dilepas ""bebas"" di kandang.",22,kaskus,2017-03-16 08:57:34,Sama seperti kuda yang dilepas bebas di kandang.,Sama seperti kuda yang dilepas bebas di kandang.,[],"['kuda', 'kandang']","['kuda', 'kandang']","['kuda', 'kandang']",id,Sama seperti kuda yang dilepas bebas di kandang.,2084__22
887,"energi terbarukan itu cuma gimmick, kenyataan itu energi mahal. paling sip itu bangun PLTN. lupakan para SJW, mereka mati listrik juga misuh2.",2,kaskus,2022-01-07 09:55:13,"Lupakan para sjw, mereka mati listrik juga misuh.","Lupakan para sjw, mereka mati listrik juga misuh.",[],"['sjw', 'listrik misuh', 'misuh', 'listrik']","['sjw', 'listrik misuh', 'misuh', 'listrik']","['sjw', 'listrik misuh', 'misuh', 'listrik']",id,"lupakan para SJW, mereka mati listrik juga misuh2.",887__2
900,"bagus rencana kedepannya itu,,,proyek semacam itu yang di tunggu tunggu tapi kapan yaa kita tunggu saja realisasinya biar anak bangsa yang cerdas bisa nyumnbang keahlianya.....:o:o coba kalo misalnya saya yang jadi presiden ga akan saya bangun pembangkit listrik tenaga fosil tapi akan saya bangun PLTD (PEMBANGKIT LISTRIK TENAGA DALAM ) :O",0,kaskus,2021-12-11 15:37:08,"Bagus rencana berikutnya itu,,,proyek semacam itu yang di tunggu tunggu","Bagus rencana berikutnya itu,,,proyek semacam itu yang di tunggu tunggu",[],"['rencana berikutnya', 'Bagus proyek semacam', 'semacam']","['rencana berikutnya', 'Bagus proyek semacam', 'semacam']","['rencana', 'bagus proyek']",id,"bagus rencana kedepannya itu,,,proyek semacam itu yang di tunggu tunggu",900__0
2184,"Yang nuclear engineer itu saya atau anda? Sudah pernah berurusan langsung dengan limbah radioaktif atau minimal melihat proses pengolahannya? Saya prihatin sama orang Indonesia, masih banyak sekali yang budaya literasi ilmiahnya rendah. Media populer yang lebih banyak ngaconya lebih dipercaya dari media ilmiah yang harus melewati screening ketat dari pakar di bidangnya. Badan Tenaga Nuklir Nasional sudah berurusan dengan limbah radioaktif sejak reaktor riset beroperasi, dan nyatanya mereka bisa mengelolanya dengan baik, dengan keterbatasan dana sekalipun. Saya juga mendengar cerita dari orang yang mengelola limbah radioaktif di Hanford Site, dan dia mengatakan hal serupa: ""Bekerja di instalasi pengelolaan limbah radioaktif itu lebih aman daripada makan di McDonald"". ini orang yang terlibat langsung, lho. artinya limbah radioaktif memang bisa dikelola dan tidak begitu merepotkan.",1,kaskus,2017-03-10 12:47:10,Sudah pernah berurusan langsung dengan limbah radioaktif atau minimal melihat proses pengolahannya?,Sudah pernah berurusan langsung dengan limbah radioaktif atau minimal melihat proses pengolahannya?,[],"['limbah radioaktif', 'proses pengolahan', 'pengolahan', 'limbah', 'proses']","['limbah radioaktif', 'proses pengolahan', 'pengolahan', 'limbah', 'proses']","['limbah radioaktif', 'proses pengolahan', 'pengolahan', 'limbah', 'proses']",id,Sudah pernah berurusan langsung dengan limbah radioaktif atau minimal melihat proses pengolahannya?,2184__1
1273,udah telat tong mustinya dari 10 tahun lalu kalimantan harus punya PLTN :capedes,0,kaskus,2015-03-18 14:35:33,Sudah terlambat tong mustinya dari 10 tahun lalu kalimantan harus punya pltn,Sudah terlambat tong mustinya dari 10 tahun lalu kalimantan harus punya pltn,[],"['tong musti', 'musti', 'tahun lalu', 'kalimantan', 'pltn', 'tong', 'tahun']","['tong musti', 'musti', 'tahun lalu', 'kalimantan', 'pltn', 'tong', 'tahun']","['tong', 'kalimantan', 'pltn']",id,udah telat tong mustinya dari 10 tahun lalu kalimantan harus punya PLTN :capedes,1273__0
1749,Nuklir.. ya boleh aja :o .. masalah bencana itu ya tidak bisa diapa-apain tapi efeknya ya bisa dikurangi dengan desain reaktor dan bangunan pendukungnya. Kalau mau aman ane sih promosiin reaktor berpendingin logam cair.. yaitu lead Bismuth Euthetics (LBE).,2,kaskus,2012-10-16 21:17:44,Kalau mau aman saya sih promosiin reaktor berpendingin logam cair.,Kalau mau aman saya promosiin reaktor berpendingin logam cair.,['sih'],"['reaktor', 'logam cair', 'logam']","['reaktor', 'logam cair', 'logam']","['reaktor', 'logam cair', 'logam']",id,Kalau mau aman ane sih promosiin reaktor berpendingin logam cair..,1749__2
2417,"Dari sedikit Pembangkit Listrik Tenaga Panas Bumi di Indonesia yang telah beroperasi dan menghasilkan listrik antara lain: PLTP Kamojang PLTP Kamojang terletak di Kab. Garut, Jawa Barat. Merupakan Pembangkit Listrik Tenaga Panas Bumi tertua di Indonesia yang pertama kali dibuat pada tahun 1982. PLTP ini dioperasikan oleh PT Pertamina Geothermal Energy (PGE) yang mampu memproduksi hingga 235 MW listrik. PLTP Kamojang terdiri atas lima unit yaitu PLTP Kamojang I, PLTP Kamojang II, PLTP Kamojang III, PLTP Kamojang IV, dan PLTP Kamojang V. PLTP Lahendong Pembangkit Listrik Tenaga Panas Bumi Lahendong terletak di Sulawesi Utara. Beroperasi pertama kali pada tahun 2004. Dioperasikan oleh PT Pertamina Geothermal Energy (PGE) dan mampu memproduksi listrik hingga 80 MW. Terdiri atas empat unit yaituPLTP Lahendong I, PLTP Lahendong II, PLTP Lahendong III, dan PLTP Lahendong IV. PLTP Sibayak PLTP Sibayak terletak di Gunung Sibayak – Gunung Sinabung, Provinsi Sumatera Utara. Pembangkit yang mampu menghasilkan listrik sebesar 12 MW ini terdiri atas tiga unit yaitu PLTP Sibayak Unit 1, PLTP Sibayak Unit 2, dan PLTP Sibayak Unit 3. PLTP Ulubelu PLTP Ulubelu terletak di Kecamatan Ulubelu, Kab. Tanggamus, Lampung. Pembangkit listrik yang mulai beroperasi pada tahun 2012 ini mampu menghasilkan listrik sebesar 11o MW. PLTP Ulubelu terdiri atas dua unit yakni PLTP Ulubelu Unit 1 dan PLTP Ulubelu Unit 2. PLTP Gunung Salak PLTP Gunung Salak terletak di Taman Nasional Gunung Halimun Salak, Jawa Barat. Memulai beroperasi pada tahun 1994. Pembangkit yang dioperasikan bersama oleh Chevron Geothermal Indonesia dan PT Pertamina ini mampu menghasilkan energi listrik sebesar 375 MW. PLTP Darajat PLTP Darajat terletak di Gunung Papandayan di Kabupaten Garut, Jawa Barat. Pembangkit yang dioperasikan bersama oleh Chevron Geothermal Indonesia dan PT Pertamina ini mampu menghasilkan energi listrik sebesar 259 MW dan terdiri atas 3 unit. PLTP Wayang Windu PLTP Wayang Windu terletak di Kab. Bandung, Provinsi Jawa Barat. Beroperasi semenjak tahun 1999. Pembangkit yang dioperasikan oleh Star Energy ini menghasilkan energi listrik sebesar 227 MW Selain pembangkit-pembangkit yang telah beroperasi tersebut, pemerintah pun tengah membangun berbagai Pembangkit Listrik Tenaga Panas Bumi di berbagai wilayah Indonesia lainnya. PLTP yang tengah dalam pembangunan dan persiapan tersebut antara lain: PLTP Ulubelu Unit 4 dan 5 (Kab. Tanggamus, Lampung); Direncakan beroperasi pada 2016 dan 2017 dengan energi yang dihasilkan mencapai 110 MW. PLTP Lumut Balai Unit 1 dan 2 (Desa Panindaian, Kecamatan Semendo, Kabupaten Muara Enim, Sumatera Selatan); Direncakan beroperasi mulai tahun 2016 dan 2018 dengan menghasilkan listrik sebesar 110 MW. PLTP Lumut Balai Unit 3 dan 4 (Sumatera Selatan); Beroperasi pada 2022 dengan listrik sebesar 110 MW. PLTP Lahendong Unit 5 dan 6 (Sulawesi Utara); Beroperasi pada tahun 2016 dan 2017 dan menghasilkan listrik sebesar 40 MW. PLTP Karaha (Kabupaten Tasikmalaya dan Kabupaten Garut, Jawa Barat); Beroperasi pada tahun 2017 dengan listrik yang dihasilkan sebesar 30 MW. PLTP Hululais Unit 1 dan 2 (Kabupaten Lebong, Bengkulu); Beroprasi pada tahun 2018 dengan listrik yang dihasilkan sebesar 110 MW. PLTP Sungai Penuh 1 dan 2 (Kec. Gunung Raya, Kab. Kerinci, Jambi); Beroperasi pada 2019 dengan listrik yang dihasilkan mencapai 110 MW. PLTP Kotamobagu Unit 1, 2, 3, dan 4 (Kab. Bolaang Mongondow Timur, Sulawesi Utara); Listrik yang dihasilkan mencapai 110 MW. PLTP Sarulla (Tapanuli Utara, Sumatera Utara); Beroperasi pada tahun 2016 dan mampu menghasilkan 330 MW listrik. Energi geothermal atau panas bumi merupakan salah satu sumber energi alternatif dan sumber energi terbarukan. Selain ketersediannya yang melimpah dan relatif tidak akan habis, sumber energi ini sangat ramah lingkungan. Jauh lebih bersih dari sumber energi fosil yang menimpulkan polusi udara atau emisi gas rumah kaca. Sayangnya pemanfaatannya menjadi listrik melalui Pembangkit Listrik Tenaga Panas Bumi belum terlalu masif. Pembangkit Listrik Tenaga Panas Bumi masih sangat sedikit dan bisa dihitung dengan jari. Pun jumlah energi listrik yang dihasilkan melalui Pembangkit Listrik Tenaga Panas Bumi ini masih sangat sedikit, kalau jauh dengan sumber energi fosil. Referensi dan gambar : pge.pertamina.com www.starenergy.co.id www.chevronindonesia.com gambar : pge.pertamina.com Baca artikel tentang energi dan lingkungan hidup lainnya : Energi Surya (Matahari) di Indonesia Energi Terbarukan di Indonesia Pembangkit Listrik Tenaga Surya di Indonesia Energi Panas Bumi (Geothermal Energy) di Indonesia 8 Sumber Energi Terbarukan di Indonesia Di https://alamendah.org/2015/11/12/daftar-pembangkit-listrik-tenaga-panas-bumi-pltp-di-indonesia/",0,kaskus,2016-11-05 08:14:12,Dari sedikit pembangkit listrik tenaga panas bumi di indonesia yang telah beroperasi dan menghasilkan listrik antara lain pltp kamojang pltp kamojang terletak di kab.,Dari sedikit pembangkit listrik tenaga panas bumi di indonesia yang telah beroperasi dan menghasilkan listrik antara lain pltp kamojang pltp kamojang terletak di kab.,[],"['pembangkit listrik', 'listrik tenaga', 'tenaga panas bumi', 'bumi', 'indonesia', 'listrik', 'lain pltp kamojang', 'kamojang pltp', 'pltp kamojang', 'kamojang', 'kab', 'pembangkit', 'pltp']","['pembangkit listrik', 'listrik tenaga', 'tenaga panas bumi', 'bumi', 'indonesia', 'listrik', 'lain pltp kamojang', 'kamojang pltp', 'pltp kamojang', 'kamojang', 'kab', 'pembangkit', 'pltp']","['pembangkit listrik', 'listrik tenaga', 'tenaga panas bumi', 'bumi', 'indonesia', 'listrik', 'pltp kamojang', 'kamojang pltp', 'kamojang', 'kab', 'pembangkit', 'pltp']",id,Dari sedikit Pembangkit Listrik Tenaga Panas Bumi di Indonesia yang telah beroperasi dan menghasilkan listrik antara lain: PLTP Kamojang PLTP Kamojang terletak di Kab.,2417__0
