comment_id,seg_id,comment_ori,seg_text,source,date,cand_terms,aspect_terms_rb_clean,unsup_rb_aspect_terms,unsup_rb_aspect_terms_str,sentence_text,sent_tokens,cand_terms_raw,cand_terms_clean,unsup_terms_clean,rb_terms_clean,best_terms_pmi,best_pmi_scores,pmi_mode,hybrid_best_term,hybrid_best_score,hybrid_topk_terms,hybrid_topk_scores,sim_mode,hybrid_best_origin,seg_key
193,0,melirik ke jerman Walaupun telat yg penting akan gerak…,melirik ke jerman Walaupun telat yg penting akan gerak,reddit,2022,['jerman'],"['jerman', 'gerak']","['jerman', 'gerak']",jerman; gerak,melirik ke jerman Walaupun telat yg penting akan gerak,"['melirik', 'ke', 'jerman', 'walaupun', 'telat', 'yg', 'penting', 'akan', 'gerak']","['jerman', 'gerak']","['jerman', 'gerak']",{'jerman'},"{'jerman', 'gerak'}",['gerak'],[4.256629389165095],pmi_threshold,gerak,0.0059490986168384,['gerak'],[0.005949098616838455],from_best_pmi,rb_only,193__0
2210,23,"Ok, gw gak tahu situasinya di manila bagaimana :hammer tapi yang gw baca dari beberapa artikel di internet, seluruh filipina dibagi dalam wilayah ""franchise"" dan kongres filipina memiliki kekuasaan untuk mengalokasikan wilayah franchise itu, dengan kata lain menggunakan alasan natural monopoli untuk mengenyahkan persaingan (persaingan sih, masih ada ... dalam hal menyogok anggota kongres :hammers) Mmm .. kalo gw baca di wikipedia kok katanya swastanisasi British Railway hasilnya kebanyakan positif :bingung Zaman selalu berubah, sekarang sudah banyak jalan raya dan bus yang melayani transportasi hingga ke pelosok, maka kalo kereta api tidak mampu dan tidak mau melayani, kenapa harus dipaksakan? Inilah salah satu contoh tidak efisiennya bumn/bumd ... memaksakan suatu layanan yang sudah ada penggantinya yang lebih layak, dengan akibat perusahaan tersebut berkurang kemampuannya mengikuti perkembangan teknologi dan pergeseran pasar karena banyak dananya yang (kalo gak dikorupsi) digunakan untuk membiayai layanan yang merugi. Dan persilahkanlah pakai genset. Lebih mahal? Memang. Aturan dari mana bahwa listrik seluruh Indonesia harus sama harganya? Itulah yang membuat PLN tidak efisien dan penetrasi jaringan listrik berjalan sangat lambat. Kita bicara soal telepon, bukan cuma telepon kabel. Peduli amat mau pake kabel atau pake gelombang selular, yang dibutuhkan oleh konsumen adalah sarana komunikasi. Sama seperti kalo kita lapar, memangnya menolak kalo ada yang traktir burger karena kita kepingin pizza? Mengapa harus pake ""tesla tower""? Pak Tony bisa lihat sendiri bahwa ada dua jenis tiang yang menancap di pinggir jalan ... tiang telkom dan tiang pln. Selain peraturan pemerintah, apa halangannya kalo tiang telkom juga menyalurkan listrik dan tiang pln juga melayani telepon? Apa juga halangannya kalo perusahaan listrik baru menyalurkan lewat bawah tanah? Peraturan pemerintah. Kita membaca buku yang berbeda. Keberadaan natural monopoly cuma dipercayai oleh ekonom yang beraliran sosialisme. Coba google ""mises natural monopoly"" untuk mencari tahu mengapa natural monopoly dianggap hoax oleh ekonom yang tidak beraliran sosialisme. Memang begitu. Karena telkom tidak membuat tiangnya dengan spesifikasi yang sama dengan pln. Tapi sebagai pemegang izin menancapkan tiang di tempat tersebut, telkom bisa saja melakukan peningkatan spesifikasi tiangnya agar juga bisa menyalurkan listrik. Mengapa tidak dilakukan? Peraturan pemerintah. OK, mengenai distribusi listrik sepertinya belum ada yang menerapkan persaingan. Tapi alasannya bukan karena tidak mungkin. Alasannya adalah peraturan pemerintah. Secara teknis, keberadaan dua, tiga, atau sepuluh kabel yang menyalurkan listrik ke suatu wilayah bukan sesuatu yang mustahil dilakukan. Yang menghalangi adalah kekolotan birokrasi. Quote dari website Mises ini mungkin bisa memberikan gambaran ..",Keberadaan natural monopoly cuma dipercayai oleh ekonom yang beraliran sosialisme.,kaskus,2017-03-10 09:53:23,[],"['keberadaan natural monopoly', 'monopoly', 'ekonom', 'sosialisme', 'keberadaan']","['keberadaan natural monopoly', 'monopoly', 'ekonom', 'sosialisme', 'keberadaan']",keberadaan natural monopoly; monopoly; ekonom; sosialisme; keberadaan,Keberadaan natural monopoly cuma dipercayai oleh ekonom yang beraliran sosialisme.,"['keberadaan', 'natural', 'monopoly', 'cuma', 'dipercayai', 'oleh', 'ekonom', 'yang', 'beraliran', 'sosialisme']","['keberadaan natural monopoly', 'monopoly', 'ekonom', 'sosialisme', 'keberadaan']","['keberadaan natural monopoly', 'monopoly', 'ekonom', 'sosialisme', 'keberadaan']",set(),"{'keberadaan', 'ekonom', 'keberadaan natural monopoly', 'sosialisme', 'monopoly'}","['ekonom', 'sosialisme', 'keberadaan', 'keberadaan natural monopoly', 'monopoly']","[5.53556419474555, 5.53556419474555, 3.7781344980196288, 2.7060351706817833, 2.5969647394096937]",pmi_threshold,keberadaan natural monopoly,0.5382267236709595,"['keberadaan natural monopoly', 'sosialisme', 'ekonom']","[0.5382267236709595, 0.473263144493103, 0.4026535749435425]",from_best_pmi,rb_only,2210__23
2184,5,"Yang nuclear engineer itu saya atau anda? Sudah pernah berurusan langsung dengan limbah radioaktif atau minimal melihat proses pengolahannya? Saya prihatin sama orang Indonesia, masih banyak sekali yang budaya literasi ilmiahnya rendah. Media populer yang lebih banyak ngaconya lebih dipercaya dari media ilmiah yang harus melewati screening ketat dari pakar di bidangnya. Badan Tenaga Nuklir Nasional sudah berurusan dengan limbah radioaktif sejak reaktor riset beroperasi, dan nyatanya mereka bisa mengelolanya dengan baik, dengan keterbatasan dana sekalipun. Saya juga mendengar cerita dari orang yang mengelola limbah radioaktif di Hanford Site, dan dia mengatakan hal serupa: ""Bekerja di instalasi pengelolaan limbah radioaktif itu lebih aman daripada makan di McDonald"". ini orang yang terlibat langsung, lho. artinya limbah radioaktif memang bisa dikelola dan tidak begitu merepotkan.","Saya juga mendengar cerita dari orang yang mengelola limbah radioaktif di Hanford Site, dan dia mengatakan hal serupa: Bekerja di instalasi pengelolaan limbah radioaktif itu lebih aman daripada makan di",kaskus,2017-03-10 12:47:10,['limbah'],"['cerita', 'limbah radioaktif', 'hanford', 'site', 'instalasi pengelolaan', 'pengelolaan limbah aman', 'limbah', 'instalasi']","['limbah', 'cerita', 'limbah radioaktif', 'hanford', 'site', 'instalasi pengelolaan', 'pengelolaan limbah aman', 'instalasi']",limbah; cerita; limbah radioaktif; hanford; site; instalasi pengelolaan; pengelolaan limbah aman; instalasi,"Saya juga mendengar cerita dari orang yang mengelola limbah radioaktif di Hanford Site, dan dia mengatakan hal serupa: Bekerja di instalasi pengelolaan limbah radioaktif itu lebih aman daripada makan di","['saya', 'juga', 'mendengar', 'cerita', 'dari', 'orang', 'yang', 'mengelola', 'limbah', 'radioaktif', 'di', 'hanford', 'site', 'dan', 'dia', 'mengatakan', 'hal', 'serupa', 'bekerja', 'di', 'instalasi', 'pengelolaan', 'limbah', 'radioaktif', 'itu', 'lebih', 'aman', 'daripada', 'makan', 'di']","['limbah', 'cerita', 'limbah radioaktif', 'hanford', 'site', 'instalasi pengelolaan', 'pengelolaan limbah aman', 'instalasi']","['limbah', 'cerita', 'limbah radioaktif', 'hanford', 'site', 'instalasi pengelolaan', 'pengelolaan limbah aman', 'instalasi']",{'limbah'},"{'hanford', 'instalasi pengelolaan', 'instalasi', 'site', 'limbah radioaktif', 'limbah', 'cerita', 'pengelolaan limbah aman'}","['hanford', 'site', 'instalasi', 'instalasi pengelolaan', 'cerita', 'limbah radioaktif', 'pengelolaan limbah aman', 'limbah']","[6.4451858482317315, 5.512300044090268, 3.1102016005189226, 2.888207164031436, 2.4867649519831305, 1.4807814840383926, 0.96660861724739, 0.8417361201326901]",pmi_threshold,limbah radioaktif,0.4588267803192138,"['limbah radioaktif', 'pengelolaan limbah aman', 'hanford']","[0.45882678031921387, 0.25512421131134033, 0.23487962782382965]",from_best_pmi,rb_only,2184__5
2496,14,"wih keren :thumbup agan kerja dimana ? sebagai apa ? sebenernya gue ada pengalaman kerja dibidang paansbumi tapi cuman eksplorasi aja gan, itu juga ikut instansi pemerintah, yang doyan survei survei metain potensi di indonesia hmm gue kira maintenance bakal lebih rempong daripada pembangkit konvensional soalnya hasil diskusi dengan senior dan kuliah, pembangkit panasbumi harus di monitoring terus secara periodik dengan metode geoscience biar keberlangsungan fluida terjamin, dan tidak collapsed, belum lagi kalo fluidanya sifatnya saline juga bisa mempercepat korosi di pipa ya kalo gue gak salah, berarti mahalnya cuman di awal doang ya ? itu rame isu nukllir di kalimantan tahun kemaren kan ? blak blakan aja gan,toh anonim ini :D tapi gue liat masayakarta juga pada takut , mereka bandingin dnegan fukushima jepang yang meledak, gara gara gempa tapi harusnya kalo buat di kalimantan dengan tenaga ahli yang kompeten harusnya bisa lah ya, tapi ntar kalo kata pln dibilang gak ekonomis lagi, terus gak mau jual terus gimana ? hahaha :D",hahaha :D,kaskus,2016-10-15 07:38:11,,[],[],,hahaha :D,"['hahaha', 'd']",[],[],set(),set(),[],[],no_candidates,,,[],[],no_candidates,none,2496__14
1541,2,"gw setubuh2 aja ama PLTN :cool: asal : 1. Bikin PLTN nya di JAKARTA , jadi kalo ada apa2, ya jakarta yg ""duluan"" :p jakarta jangan mau jadi penikmatnya doang , tp ga mau nerima resikonya :p 2. yg menjalankan proyek pembuatannya jangan orang indonesia :cool: terserah mau jerman atau jepang, yg jelas JANGAN ORANG INDONESIA :shakehand sudah biasa, dilaporan ketebalan 3 meter, di lapangan aslinya cuman 1 meter atau bahkan setengah meter :amazed: yg harusnya pake pengaman, laporannya pake aslinya kaga :berbusa: contoh : lapindo :bettys [B]penjahat kakap mah banyaknya di SENAYAN gan :amazed:[/B]","jadi kalo ada apa2, ya jakarta yg duluan :p jakarta jangan mau",kaskus,2012-12-23 09:37:28,['jakarta'],"['jakarta', 'duluan jakarta', 'duluan']","['jakarta', 'duluan jakarta', 'duluan']",jakarta; duluan jakarta; duluan,"jadi kalo ada apa2, ya jakarta yg duluan :p jakarta jangan mau","['jadi', 'kalo', 'ada', 'apa2', 'ya', 'jakarta', 'yg', 'duluan', 'p', 'jakarta', 'jangan', 'mau']","['jakarta', 'duluan jakarta', 'duluan']","['jakarta', 'duluan jakarta', 'duluan']",{'jakarta'},"{'duluan jakarta', 'jakarta', 'duluan'}","['duluan', 'duluan jakarta', 'jakarta']","[3.9948009105825832, 2.956822874277411, 1.9188448379722396]",pmi_threshold,duluan,0.1809066534042358,"['duluan', 'duluan jakarta', 'jakarta']","[0.18090665340423584, 0.1681654006242752, 0.15675024688243866]",from_best_pmi,rb_only,1541__2
2204,49,"wah seneng banget nih ada ahli dan praktisi dari listrik tenaga nuklir. jujur saya udah lama cuma jadi silent reader di kaskus, sudah tidak banyak thread yang memancing saya untuk berkomentar, tapi yang satu ini kontroversial banget. saya sendiri ahli dan praktisi di listrik tenaga matahari. dan kelihatannya saya harus berkomentar disini untuk berbagi pemahaman mengenai solusi energi kalau yang saya lihat dari thread, kelihatannya yang agan jelaskan baru garis besar dan kesimpulan nya saja ayng sudah agan pelajari selama ini. dengan menarik jumlah emisi karbon di suatu negara sebagai tolak ukur keberhasilan jenis pembangkit energi yang digunakannya. saya rasa ini merupakan cara yang paling cepat untuk mengukur tingkat keberhasilannya. tapi sama seperti kepala daerah, tingkat keberhasilan nya diukur dari berbagai macam sisi. bukan hanya dari nilai pendapatan daerah yang meningkat saja. ada yang menilai dari berkurangnya angka pengangguran, ada pula yang menilai dari pembangunan insfrastrukturnya, dan lain lain. begitu pula halnya dengan komparasi jenis solusi energi sebelum saya jelaskan lebih jauh, perlu kita sadari bersama komparasi solusi energi antara minyak bumi, batu bara, nuklir, angin, panas bumi , dan tenaga matahari tidak komprehensif. kenapa saya katakan begitu. karena memang kalau kita telusuri bagaimana solusi energy itu didapat dan diolah semuanya benar benar berbeda. kalau kita mencoba mengerti lebih jauh mengenai dari mana sebenarnya sumber sumber solusi energi itu di dapatkan, kita akan bisa memutuskan mana yang sebenarnya lebih efisien untuk kita misalnya minyak bumi, gas alam, dan batu bara, saya jadikan satu karena semuanya merupakan energy yang disimpan di dalam bumi dan merupakan sumber daya alam yang terbatas. kenapa saya sebut "" disimpan di dalam bumi"". karena sebenarnya minyak bumi dan kawan kawannya itu merupakan battery alami yang terbentuk akibat tekanan dan panas, dan baik tekanan dan panas itu sebenarnya sumbernya dari matahari. dengan tingkat konversi energi nya hanya 0.000005% ( nilai jumlah keseluruhan energi fosil dibagi jumlah energy yang diterima bumi dari matahari ) untuk panas bumi dan angin merupakan energy yang di tangkap dari proses lanjutan yang didapatkan dari energi matahari. untuk komparasi secara kalkulasi memang agak sulit karena menggunakan satuan yang berbeda untuk energi nuklir sendiri saya masih awam, dan tidak mengerti apakah energi nuklir ini didapatkan murni dari pengolahan manusia, atau termasuk salah satu jenis energi yang ikut menyimpan energi di dalam bumi selama proses bumi menerima energi dari matahari seperti energy fosil jadi jika dikomparasi efisiensi energy dari sumbernya (matahari) ke jenis energi yang kita pakai sekarang ( listrik ) energi fosil hanya 0.000001% energi solarcell saat ini sudah mencapai 19-20% energi panas bumi dan angin ?? energi nuklir ?? disini sudah bisa kita komparasikan nilai efisiensi energy dari berbagai jenis solusi energi lalu diawal sudah saya sampaikan bahwa energi fosil/nuklir tidak bisa di komparasikan dengan energi angin dan matahari. karena memang jika kita lihat dari prosesnya bahwa energi fosil dan nuklir adalah proses mengolah energi dari storage system / battery yang ada di alam. menjadi listrik sedangkan solusi energi angin dan matahari adalah proses konversi dari sumber energi langsung menjadi listrik, tanpa mengubahnya terlebih dahulu menjadi storage system lalu yang menjadi komparasi yang seimbang adalah ketika system tenaga matahari atau angin itu dilengkapi dengan storage system juga. baru bisa di komparasikan kehandalannya dengan jenis solusi energi yang berbasis mengubah battery alam menjadi listrik sebagai gambaran storage system / battery yang saat ini kita pakai rata rata memiliki efisiensi 95%, jauh sekali dibandingkan efisiensi storage system / battery alam yang hanya 0.000005% atau meningkat 4 juta kali lipat lebih efisien kita tinggalkan sejenak mengenai perbandingan efisiensi. dan lebih mendalami apa yang sebenarnya kita butuhkan. listrik dengan system sentralisasi sudah berjalan selama puluhan tahun, system sentralisasi seperti ini terkesan lebih mudah di maintenance, karena cuma perlu merawat 1 buah system besar. namun kabar buruknya saat satu bagian kecil saja dari system besar itu terjadi masalah, maka seluruh pengguna listrik akan merasakan akibatnya. dan semakin lama 1 buah system yang besar itu tidak akan bisa semakin simple, justru akan semakin rumit dengan bertambahnya jumlah jaringan. jawaban dari semua itu adalah kemandirian solusi energi yang ada di setiap rumah / pabrik. karena sumber energi yang sebenarnya masih terpapar dengan jumlah energi yang massif, gratis, dan menunggu untuk kita gunakan. dan perawatan nya bisa dilakuan secara mandiri oleh orang yang menggunakan, saya rasa tanggung jawab secara mandiri ini adalah yang paling baik alasan lain adalah dengan sistem sentralisasi seperti ini, maka selamanya akan selalu ada ketimpangan antara daerah yang satu dengan yang lain. misalnya ada suatu pulau di antara sulawesi dan papua. seluruh penduduknya adalah nelayan, jumlah penduduk di pulau tersebut 100 KK, apakah ada nilai ekonomisnya untuk membangun pembangkit listrik tenaga nuklir disana, atau bahkan dalam sistem sentralisasi, apakah mungkin dalam nilai komersil menarik kabel dari pulau jawa ke pulau tersebut? dan saya rasa kenapa indonesia belum menggunakan pembangkit listrik tenaga matahari karena akhirnya para praktisi energi dan teknologi akan berkumpul untuk memutskan mana yang terbaik. jangan sampai suatu saat nanti indonesia baru mulai membangun pembangkit listrik tenaga nuklir, saat negara lain sudah meninggalkannya. secara development akan berat mahal dan sulit","jangan sampai suatu saat nanti indonesia baru mulai membangun pembangkit listrik tenaga nuklir, saat negara lain sudah meninggalkannya.",kaskus,2017-03-10 10:15:18,"['indonesia', 'nuklir', 'negara', 'tenaga', 'listrik', 'pembangkit']","['indonesia', 'pembangkit listrik', 'listrik tenaga', 'tenaga nuklir', 'nuklir', 'negara', 'pembangkit']","['indonesia', 'nuklir', 'negara', 'tenaga', 'listrik', 'pembangkit', 'pembangkit listrik', 'listrik tenaga', 'tenaga nuklir']",indonesia; nuklir; negara; tenaga; listrik; pembangkit; pembangkit listrik; listrik tenaga; tenaga nuklir,"jangan sampai suatu saat nanti indonesia baru mulai membangun pembangkit listrik tenaga nuklir, saat negara lain sudah meninggalkannya.","['jangan', 'sampai', 'suatu', 'saat', 'nanti', 'indonesia', 'baru', 'mulai', 'membangun', 'pembangkit', 'listrik', 'tenaga', 'nuklir', 'saat', 'negara', 'lain', 'sudah', 'meninggalkannya']","['indonesia', 'nuklir', 'negara', 'tenaga', 'listrik', 'pembangkit', 'pembangkit listrik', 'listrik tenaga', 'tenaga nuklir']","['indonesia', 'nuklir', 'negara', 'tenaga', 'listrik', 'pembangkit', 'pembangkit listrik', 'listrik tenaga', 'tenaga nuklir']","{'nuklir', 'pembangkit', 'tenaga', 'indonesia', 'listrik', 'negara'}","{'tenaga nuklir', 'listrik tenaga', 'nuklir', 'pembangkit', 'indonesia', 'pembangkit listrik', 'negara'}","['tenaga', 'pembangkit', 'negara']","[-1.543460058760951, -1.6035601770624435, -1.9234265072749266]",pmi_fallback_top,negara,0.1972348839044571,"['negara', 'tenaga', 'pembangkit']","[0.1972348839044571, 0.17469526827335358, 0.1664067655801773]",from_best_pmi,overlap,2204__49
992,1,"selama teknoligi battery / penyimpanan daya masi gitu2 aja..EBT bakal sulit di terapkan klo cuma untuk skala desa saat ini sudah lebih dari cukup, kyk di india ato bangladesh yang blm terjangkau listrik tapi untuk mensupply megapolitan masi belum bs","cuma untuk skala desa saat ini sudah lebih dari cukup, kyk di india ato bangladesh yang blm terjangkau listrik",kaskus,2017-09-23 21:32:37,"['listrik', 'skala']","['skala desa', 'desa', 'india', 'bangladesh', 'listrik']","['listrik', 'skala', 'skala desa', 'desa', 'india', 'bangladesh']",listrik; skala; skala desa; desa; india; bangladesh,"cuma untuk skala desa saat ini sudah lebih dari cukup, kyk di india ato bangladesh yang blm terjangkau listrik","['cuma', 'untuk', 'skala', 'desa', 'saat', 'ini', 'sudah', 'lebih', 'dari', 'cukup', 'kyk', 'di', 'india', 'ato', 'bangladesh', 'yang', 'blm', 'terjangkau', 'listrik']","['listrik', 'skala', 'skala desa', 'desa', 'india', 'bangladesh']","['listrik', 'skala', 'skala desa', 'desa', 'india', 'bangladesh']","{'listrik', 'skala'}","{'skala desa', 'desa', 'india', 'bangladesh', 'listrik'}","['bangladesh', 'india', 'desa', 'skala desa', 'skala']","[4.963169990608531, 2.499513786109509, 1.7324909580871228, 1.4660904180080667, 1.1996898779290104]",pmi_threshold,bangladesh,0.4154009222984314,"['bangladesh', 'india', 'skala desa']","[0.4154009222984314, 0.3218405544757843, 0.12791815400123596]",from_best_pmi,rb_only,992__1
2044,8,"BATAN itu sudah 50-an tahun megang reaktor nuklir. Kemampuan merawat dan jaga keamanan sudah terbukti. Sekarang tinggal mengambil langkah berikutnya. Tapi kalau anda pakai alasan ini-itu bilang jangan, ya selamanya BATAN tidak akan punya pengalaman mengoperasikan PLTN dan selamanya tidak akan bisa membuktikan kalau mereka bisa. Ibaratnya kalau lu dilarang ortu lu buat megang setir dengan alasan takut kecelakaan, kapan lu bakal bisa nyetir mobil? Bukan berarti terus lu nekat gak punya pengalaman langsung tancap gas masuk tol. Ada proses belajarnya. Tapi ini proses belajarnya boleh dibilang sudah komplit. Teori sudah ngerti. Pengalaman skala kecil udah puluhan tahun. Mau instruktur bisa dicarikan, kalau perlu dari luar negeri sekalian. Lu tinggal tes mengemud buat ambil SIM. Tapi tes mengemudi itu harus megang mobil betulan. Nah, ini sama logikanya. BATAN itu sudah siap. International Atomic Energy Agency sudah bilang siap (payung hukum dan regulasinya belum siap, tapi BATAN-nya sendiri oke). Tapi kalau tidak diperbolehkan megang PLTN, ya mereka tidak bakal bisa membuktikan kesiapan mereka. BATAN itu ada sekitar 300-an orang karyawan. Belum lagi sarjana teknik nuklir di universitas dalam dan luar negeri. Belum lagi mereka yang saat ini bekerja di industri nuklir luar negeri. Kalau cuma untuk satu PLTN, gue yakin mereka bisa menyediakan SDM..",Tapi ini proses belajarnya boleh dibilang sudah komplit.,kaskus,2017-06-24 02:46:55,[],"['proses belajar', 'belajar', 'proses']","['proses belajar', 'belajar', 'proses']",proses belajar; belajar; proses,Tapi ini proses belajarnya boleh dibilang sudah komplit.,"['tapi', 'ini', 'proses', 'belajarnya', 'boleh', 'dibilang', 'sudah', 'komplit']","['proses belajar', 'belajar', 'proses']","['proses belajar', 'belajar', 'proses']",set(),"{'proses', 'belajar', 'proses belajar'}",['proses'],[1.2125523763648802],pmi_threshold,proses,0.1631321310997009,['proses'],[0.16313213109970093],from_best_pmi,rb_only,2044__8
2290,0,Bener Dari segi modal dan sdm indonesia udah sangat mampu,Bener Dari segi modal dan sdm indonesia udah sangat mampu,kaskus,2017-03-09 21:48:18,"['indonesia', 'sdm']","['segi modal', 'modal', 'sdm', 'indonesia', 'segi']","['indonesia', 'sdm', 'segi modal', 'modal', 'segi']",indonesia; sdm; segi modal; modal; segi,Bener Dari segi modal dan sdm indonesia udah sangat mampu,"['bener', 'dari', 'segi', 'modal', 'dan', 'sdm', 'indonesia', 'udah', 'sangat', 'mampu']","['indonesia', 'sdm', 'segi modal', 'modal', 'segi']","['indonesia', 'sdm', 'segi modal', 'modal', 'segi']","{'indonesia', 'sdm'}","{'sdm', 'segi modal', 'indonesia', 'modal', 'segi'}","['modal', 'segi modal', 'segi']","[2.5969647394096937, 2.436897332877538, 2.276829926345382]",pmi_threshold,segi modal,0.1894900202751159,"['segi modal', 'modal', 'segi']","[0.18949002027511597, 0.15023551881313324, -0.0045789554715156555]",from_best_pmi,rb_only,2290__0
2204,26,"wah seneng banget nih ada ahli dan praktisi dari listrik tenaga nuklir. jujur saya udah lama cuma jadi silent reader di kaskus, sudah tidak banyak thread yang memancing saya untuk berkomentar, tapi yang satu ini kontroversial banget. saya sendiri ahli dan praktisi di listrik tenaga matahari. dan kelihatannya saya harus berkomentar disini untuk berbagi pemahaman mengenai solusi energi kalau yang saya lihat dari thread, kelihatannya yang agan jelaskan baru garis besar dan kesimpulan nya saja ayng sudah agan pelajari selama ini. dengan menarik jumlah emisi karbon di suatu negara sebagai tolak ukur keberhasilan jenis pembangkit energi yang digunakannya. saya rasa ini merupakan cara yang paling cepat untuk mengukur tingkat keberhasilannya. tapi sama seperti kepala daerah, tingkat keberhasilan nya diukur dari berbagai macam sisi. bukan hanya dari nilai pendapatan daerah yang meningkat saja. ada yang menilai dari berkurangnya angka pengangguran, ada pula yang menilai dari pembangunan insfrastrukturnya, dan lain lain. begitu pula halnya dengan komparasi jenis solusi energi sebelum saya jelaskan lebih jauh, perlu kita sadari bersama komparasi solusi energi antara minyak bumi, batu bara, nuklir, angin, panas bumi , dan tenaga matahari tidak komprehensif. kenapa saya katakan begitu. karena memang kalau kita telusuri bagaimana solusi energy itu didapat dan diolah semuanya benar benar berbeda. kalau kita mencoba mengerti lebih jauh mengenai dari mana sebenarnya sumber sumber solusi energi itu di dapatkan, kita akan bisa memutuskan mana yang sebenarnya lebih efisien untuk kita misalnya minyak bumi, gas alam, dan batu bara, saya jadikan satu karena semuanya merupakan energy yang disimpan di dalam bumi dan merupakan sumber daya alam yang terbatas. kenapa saya sebut "" disimpan di dalam bumi"". karena sebenarnya minyak bumi dan kawan kawannya itu merupakan battery alami yang terbentuk akibat tekanan dan panas, dan baik tekanan dan panas itu sebenarnya sumbernya dari matahari. dengan tingkat konversi energi nya hanya 0.000005% ( nilai jumlah keseluruhan energi fosil dibagi jumlah energy yang diterima bumi dari matahari ) untuk panas bumi dan angin merupakan energy yang di tangkap dari proses lanjutan yang didapatkan dari energi matahari. untuk komparasi secara kalkulasi memang agak sulit karena menggunakan satuan yang berbeda untuk energi nuklir sendiri saya masih awam, dan tidak mengerti apakah energi nuklir ini didapatkan murni dari pengolahan manusia, atau termasuk salah satu jenis energi yang ikut menyimpan energi di dalam bumi selama proses bumi menerima energi dari matahari seperti energy fosil jadi jika dikomparasi efisiensi energy dari sumbernya (matahari) ke jenis energi yang kita pakai sekarang ( listrik ) energi fosil hanya 0.000001% energi solarcell saat ini sudah mencapai 19-20% energi panas bumi dan angin ?? energi nuklir ?? disini sudah bisa kita komparasikan nilai efisiensi energy dari berbagai jenis solusi energi lalu diawal sudah saya sampaikan bahwa energi fosil/nuklir tidak bisa di komparasikan dengan energi angin dan matahari. karena memang jika kita lihat dari prosesnya bahwa energi fosil dan nuklir adalah proses mengolah energi dari storage system / battery yang ada di alam. menjadi listrik sedangkan solusi energi angin dan matahari adalah proses konversi dari sumber energi langsung menjadi listrik, tanpa mengubahnya terlebih dahulu menjadi storage system lalu yang menjadi komparasi yang seimbang adalah ketika system tenaga matahari atau angin itu dilengkapi dengan storage system juga. baru bisa di komparasikan kehandalannya dengan jenis solusi energi yang berbasis mengubah battery alam menjadi listrik sebagai gambaran storage system / battery yang saat ini kita pakai rata rata memiliki efisiensi 95%, jauh sekali dibandingkan efisiensi storage system / battery alam yang hanya 0.000005% atau meningkat 4 juta kali lipat lebih efisien kita tinggalkan sejenak mengenai perbandingan efisiensi. dan lebih mendalami apa yang sebenarnya kita butuhkan. listrik dengan system sentralisasi sudah berjalan selama puluhan tahun, system sentralisasi seperti ini terkesan lebih mudah di maintenance, karena cuma perlu merawat 1 buah system besar. namun kabar buruknya saat satu bagian kecil saja dari system besar itu terjadi masalah, maka seluruh pengguna listrik akan merasakan akibatnya. dan semakin lama 1 buah system yang besar itu tidak akan bisa semakin simple, justru akan semakin rumit dengan bertambahnya jumlah jaringan. jawaban dari semua itu adalah kemandirian solusi energi yang ada di setiap rumah / pabrik. karena sumber energi yang sebenarnya masih terpapar dengan jumlah energi yang massif, gratis, dan menunggu untuk kita gunakan. dan perawatan nya bisa dilakuan secara mandiri oleh orang yang menggunakan, saya rasa tanggung jawab secara mandiri ini adalah yang paling baik alasan lain adalah dengan sistem sentralisasi seperti ini, maka selamanya akan selalu ada ketimpangan antara daerah yang satu dengan yang lain. misalnya ada suatu pulau di antara sulawesi dan papua. seluruh penduduknya adalah nelayan, jumlah penduduk di pulau tersebut 100 KK, apakah ada nilai ekonomisnya untuk membangun pembangkit listrik tenaga nuklir disana, atau bahkan dalam sistem sentralisasi, apakah mungkin dalam nilai komersil menarik kabel dari pulau jawa ke pulau tersebut? dan saya rasa kenapa indonesia belum menggunakan pembangkit listrik tenaga matahari karena akhirnya para praktisi energi dan teknologi akan berkumpul untuk memutskan mana yang terbaik. jangan sampai suatu saat nanti indonesia baru mulai membangun pembangkit listrik tenaga nuklir, saat negara lain sudah meninggalkannya. secara development akan berat mahal dan sulit",% energi solarcell saat ini sudah mencapai <NUM> - <NUM> % energi panas bumi dan angin ??,kaskus,2017-03-10 10:15:18,"['energi', 'panas_bumi', 'angin']","['energi', 'solarcell', 'energi panas_bumi', 'panas_bumi', 'angin']","['energi', 'panas_bumi', 'angin', 'solarcell', 'energi panas_bumi']",energi; panas_bumi; angin; solarcell; energi panas_bumi,% energi solarcell saat ini sudah mencapai <NUM> - <NUM> % energi panas bumi dan angin ??,"['energi', 'solarcell', 'saat', 'ini', 'sudah', 'mencapai', 'num', 'num', 'energi', 'panas', 'bumi', 'dan', 'angin']","['energi', 'panas_bumi', 'angin', 'solarcell', 'energi panas_bumi']","['energi', 'panas bumi', 'angin', 'solarcell', 'energi panas bumi']","{'panas bumi', 'angin', 'energi'}","{'energi panas bumi', 'energi', 'solarcell', 'panas bumi', 'angin'}",['solarcell'],[3.993630651724703],pmi_threshold,solarcell,0.4029555320739746,['solarcell'],[0.4029555320739746],from_best_pmi,rb_only,2204__26
2204,38,"wah seneng banget nih ada ahli dan praktisi dari listrik tenaga nuklir. jujur saya udah lama cuma jadi silent reader di kaskus, sudah tidak banyak thread yang memancing saya untuk berkomentar, tapi yang satu ini kontroversial banget. saya sendiri ahli dan praktisi di listrik tenaga matahari. dan kelihatannya saya harus berkomentar disini untuk berbagi pemahaman mengenai solusi energi kalau yang saya lihat dari thread, kelihatannya yang agan jelaskan baru garis besar dan kesimpulan nya saja ayng sudah agan pelajari selama ini. dengan menarik jumlah emisi karbon di suatu negara sebagai tolak ukur keberhasilan jenis pembangkit energi yang digunakannya. saya rasa ini merupakan cara yang paling cepat untuk mengukur tingkat keberhasilannya. tapi sama seperti kepala daerah, tingkat keberhasilan nya diukur dari berbagai macam sisi. bukan hanya dari nilai pendapatan daerah yang meningkat saja. ada yang menilai dari berkurangnya angka pengangguran, ada pula yang menilai dari pembangunan insfrastrukturnya, dan lain lain. begitu pula halnya dengan komparasi jenis solusi energi sebelum saya jelaskan lebih jauh, perlu kita sadari bersama komparasi solusi energi antara minyak bumi, batu bara, nuklir, angin, panas bumi , dan tenaga matahari tidak komprehensif. kenapa saya katakan begitu. karena memang kalau kita telusuri bagaimana solusi energy itu didapat dan diolah semuanya benar benar berbeda. kalau kita mencoba mengerti lebih jauh mengenai dari mana sebenarnya sumber sumber solusi energi itu di dapatkan, kita akan bisa memutuskan mana yang sebenarnya lebih efisien untuk kita misalnya minyak bumi, gas alam, dan batu bara, saya jadikan satu karena semuanya merupakan energy yang disimpan di dalam bumi dan merupakan sumber daya alam yang terbatas. kenapa saya sebut "" disimpan di dalam bumi"". karena sebenarnya minyak bumi dan kawan kawannya itu merupakan battery alami yang terbentuk akibat tekanan dan panas, dan baik tekanan dan panas itu sebenarnya sumbernya dari matahari. dengan tingkat konversi energi nya hanya 0.000005% ( nilai jumlah keseluruhan energi fosil dibagi jumlah energy yang diterima bumi dari matahari ) untuk panas bumi dan angin merupakan energy yang di tangkap dari proses lanjutan yang didapatkan dari energi matahari. untuk komparasi secara kalkulasi memang agak sulit karena menggunakan satuan yang berbeda untuk energi nuklir sendiri saya masih awam, dan tidak mengerti apakah energi nuklir ini didapatkan murni dari pengolahan manusia, atau termasuk salah satu jenis energi yang ikut menyimpan energi di dalam bumi selama proses bumi menerima energi dari matahari seperti energy fosil jadi jika dikomparasi efisiensi energy dari sumbernya (matahari) ke jenis energi yang kita pakai sekarang ( listrik ) energi fosil hanya 0.000001% energi solarcell saat ini sudah mencapai 19-20% energi panas bumi dan angin ?? energi nuklir ?? disini sudah bisa kita komparasikan nilai efisiensi energy dari berbagai jenis solusi energi lalu diawal sudah saya sampaikan bahwa energi fosil/nuklir tidak bisa di komparasikan dengan energi angin dan matahari. karena memang jika kita lihat dari prosesnya bahwa energi fosil dan nuklir adalah proses mengolah energi dari storage system / battery yang ada di alam. menjadi listrik sedangkan solusi energi angin dan matahari adalah proses konversi dari sumber energi langsung menjadi listrik, tanpa mengubahnya terlebih dahulu menjadi storage system lalu yang menjadi komparasi yang seimbang adalah ketika system tenaga matahari atau angin itu dilengkapi dengan storage system juga. baru bisa di komparasikan kehandalannya dengan jenis solusi energi yang berbasis mengubah battery alam menjadi listrik sebagai gambaran storage system / battery yang saat ini kita pakai rata rata memiliki efisiensi 95%, jauh sekali dibandingkan efisiensi storage system / battery alam yang hanya 0.000005% atau meningkat 4 juta kali lipat lebih efisien kita tinggalkan sejenak mengenai perbandingan efisiensi. dan lebih mendalami apa yang sebenarnya kita butuhkan. listrik dengan system sentralisasi sudah berjalan selama puluhan tahun, system sentralisasi seperti ini terkesan lebih mudah di maintenance, karena cuma perlu merawat 1 buah system besar. namun kabar buruknya saat satu bagian kecil saja dari system besar itu terjadi masalah, maka seluruh pengguna listrik akan merasakan akibatnya. dan semakin lama 1 buah system yang besar itu tidak akan bisa semakin simple, justru akan semakin rumit dengan bertambahnya jumlah jaringan. jawaban dari semua itu adalah kemandirian solusi energi yang ada di setiap rumah / pabrik. karena sumber energi yang sebenarnya masih terpapar dengan jumlah energi yang massif, gratis, dan menunggu untuk kita gunakan. dan perawatan nya bisa dilakuan secara mandiri oleh orang yang menggunakan, saya rasa tanggung jawab secara mandiri ini adalah yang paling baik alasan lain adalah dengan sistem sentralisasi seperti ini, maka selamanya akan selalu ada ketimpangan antara daerah yang satu dengan yang lain. misalnya ada suatu pulau di antara sulawesi dan papua. seluruh penduduknya adalah nelayan, jumlah penduduk di pulau tersebut 100 KK, apakah ada nilai ekonomisnya untuk membangun pembangkit listrik tenaga nuklir disana, atau bahkan dalam sistem sentralisasi, apakah mungkin dalam nilai komersil menarik kabel dari pulau jawa ke pulau tersebut? dan saya rasa kenapa indonesia belum menggunakan pembangkit listrik tenaga matahari karena akhirnya para praktisi energi dan teknologi akan berkumpul untuk memutskan mana yang terbaik. jangan sampai suatu saat nanti indonesia baru mulai membangun pembangkit listrik tenaga nuklir, saat negara lain sudah meninggalkannya. secara development akan berat mahal dan sulit","namun kabar buruknya saat satu bagian kecil saja dari system besar itu terjadi masalah, maka seluruh pengguna listrik akan merasakan akibatnya.",kaskus,2017-03-10 10:15:18,['listrik'],"['kabar buruk', 'system', 'pengguna listrik', 'listrik', 'akibat', 'kabar', 'pengguna']","['listrik', 'kabar buruk', 'system', 'pengguna listrik', 'akibat', 'kabar', 'pengguna']",listrik; kabar buruk; system; pengguna listrik; akibat; kabar; pengguna,"namun kabar buruknya saat satu bagian kecil saja dari system besar itu terjadi masalah, maka seluruh pengguna listrik akan merasakan akibatnya.","['namun', 'kabar', 'buruknya', 'saat', 'satu', 'bagian', 'kecil', 'saja', 'dari', 'system', 'besar', 'itu', 'terjadi', 'masalah', 'maka', 'seluruh', 'pengguna', 'listrik', 'akan', 'merasakan', 'akibatnya']","['listrik', 'kabar buruk', 'system', 'pengguna listrik', 'akibat', 'kabar', 'pengguna']","['listrik', 'kabar buruk', 'system', 'pengguna listrik', 'akibat', 'kabar', 'pengguna']",{'listrik'},"{'system', 'kabar buruk', 'pengguna listrik', 'listrik', 'kabar', 'pengguna', 'akibat'}","['pengguna', 'kabar', 'system', 'kabar buruk', 'pengguna listrik']","[3.765292816331494, 3.40724529563748, 2.4151940487529706, 0.9749821383031986, 0.31091680199146876]",pmi_threshold,pengguna listrik,0.4304001331329345,"['pengguna listrik', 'system', 'pengguna']","[0.43040013313293457, 0.25093895196914673, 0.21367532014846802]",from_best_pmi,rb_only,2204__38
2346,0,kalo bangun turbin airnya di bawah laut yang dialiri arus panas/dingin bisa ngga? [img]https://d32ogoqmya1dw8.cloudfront.net/images/eslabs/climate/global_currents.gif[/img],kalo bangun turbin airnya di bawah laut yang dialiri arus panas/dingin bisa ngga?,kaskus,2017-03-09 19:40:21,"['turbin', 'laut']","['turbin air', 'air', 'laut', 'arus panas dingin', 'turbin', 'arus']","['turbin', 'laut', 'turbin air', 'air', 'arus panas dingin', 'arus']",turbin; laut; turbin air; air; arus panas dingin; arus,kalo bangun turbin airnya di bawah laut yang dialiri arus panas/dingin bisa ngga?,"['kalo', 'bangun', 'turbin', 'airnya', 'di', 'bawah', 'laut', 'yang', 'dialiri', 'arus', 'panas', 'dingin', 'bisa', 'ngga']","['turbin', 'laut', 'turbin air', 'air', 'arus panas dingin', 'arus']","['turbin', 'laut', 'turbin air', 'air', 'arus panas dingin', 'arus']","{'turbin', 'laut'}","{'air', 'turbin air', 'laut', 'turbin', 'arus panas dingin', 'arus'}","['arus', 'arus panas dingin', 'turbin', 'laut']","[2.592281800814838, 1.6765924234340754, 1.3495514914361328, 0.4906567785411965]",pmi_threshold,arus panas dingin,0.2690740823745727,"['arus panas dingin', 'laut', 'turbin']","[0.26907408237457275, 0.2018991857767105, 0.19820287823677063]",from_best_pmi,rb_only,2346__0
2371,1,"Gak perlu juga. Kasih saja izin ke pemda untuk bikin perusahaan listrik di daerahnya masing-masing, terus kasih izin perusahaan-perusahaan itu supaya bisa pasang kabel di daerah lain.","Kasih saja izin ke pemda untuk bikin perusahaan listrik di daerahnya masing-masing, terus kasih izin perusahaan-perusahaan itu supaya bisa pasang kabel di daerah lain.",kaskus,2017-03-09 12:34:38,"['kabel', 'listrik', 'perusahaan', 'daerah']","['kasih', 'izin', 'pemda', 'perusahaan listrik', 'listrik', 'daerah', 'kasih izin', 'izin perusahaan-perusahaan', 'perusahaan-perusahaan', 'kabel', 'perusahaan']","['kabel', 'listrik', 'perusahaan', 'daerah', 'kasih', 'izin', 'pemda', 'perusahaan listrik', 'kasih izin', 'izin perusahaan-perusahaan', 'perusahaan-perusahaan']",kabel; listrik; perusahaan; daerah; kasih; izin; pemda; perusahaan listrik; kasih izin; izin perusahaan-perusahaan; perusahaan-perusahaan,"Kasih saja izin ke pemda untuk bikin perusahaan listrik di daerahnya masing-masing, terus kasih izin perusahaan-perusahaan itu supaya bisa pasang kabel di daerah lain.","['kasih', 'saja', 'izin', 'ke', 'pemda', 'untuk', 'bikin', 'perusahaan', 'listrik', 'di', 'daerahnya', 'masing', 'masing', 'terus', 'kasih', 'izin', 'perusahaan', 'perusahaan', 'itu', 'supaya', 'bisa', 'pasang', 'kabel', 'di', 'daerah', 'lain']","['kabel', 'listrik', 'perusahaan', 'daerah', 'kasih', 'izin', 'pemda', 'perusahaan listrik', 'kasih izin', 'izin perusahaan-perusahaan', 'perusahaan-perusahaan']","['kabel', 'listrik', 'perusahaan', 'daerah', 'kasih', 'izin', 'pemda', 'perusahaan listrik', 'kasih izin', 'izin perusahaan perusahaan', 'perusahaan perusahaan']","{'kabel', 'listrik', 'perusahaan', 'daerah'}","{'kasih izin', 'izin perusahaan perusahaan', 'perusahaan listrik', 'daerah', 'perusahaan perusahaan', 'kasih', 'kabel', 'pemda', 'listrik', 'perusahaan', 'izin'}","['pemda', 'izin', 'kasih izin', 'kasih', 'izin perusahaan perusahaan', 'perusahaan', 'perusahaan perusahaan', 'kabel']","[4.551688377496787, 4.183914703504539, 3.2650929314368504, 2.346271159369162, 2.0930069702633087, 1.0475531036426937, 1.0475531036426937, 0.9696611678001772]",pmi_threshold,izin perusahaan perusahaan,0.4107981324195862,"['izin perusahaan perusahaan', 'kabel', 'kasih izin']","[0.4107981324195862, 0.2921580970287323, 0.23650231957435608]",from_best_pmi,rb_only,2371__1
1721,24,emangnya lu juga ga main tebak2an apa pasti si pltn bakal aman sentosa padahal di masa lalu sampe sekarang tuh pltn tetap kena kecelakaan juga mo coba2 sampe satu benua jadi gersang gitu? :nohope: listrik butuh sekarang....lu bangun tuh pltn emang jamin semua dapet pasokan apa? :nohope: itu klo energi alternatif satu2 ya ga bakal bisa bantu banyak soal energi...lu bayangin kalau dikombinasiin semua..nuklir juga lewat :cool: dan gw kasi tau aja pemerintah kita ini ga ada niat yang bener2 juga buat kembangin energi...sampe sekarang cuma mau bangun pltn yang kata lu berguna itu ga jadi2 cuma gara2 penolakan orang macam gw.....:fuck: eh lu mau contoh yang gpp abis kena terjang tsunami ya gw kasih..lu mau cari yg lain ya silahkan...:fuck: siapa sih yang goblok sekarang..kasi ide bangun masjid deket pltn? :fuck3: klo u baca komen org lain di ats di Indonesia belum ada tuh yang namanya pltn resmi..baru reaktor buat penelitian atau buat prototype....jelas beda skala lah tod! :gila: ud kita sama2 ga bawa data ga usa saling menjatuhkan..lu bawa juga ga ngaruh...emang ini forum ilimah atau rapat pejabat apa? :berbusa: bikin di tempat yang ga beresiko tinggi ya....ha suka2 lu aja deh nentuin tempat mana beresiko atau ngga..sekali kena tuh resiko kecil atau ngga..kacau semua...itu yang gw maksud....:nohope: mending ya itu pltn kenapa2 cuma bakar lahan doang.1 minggu bisa tumbuh lagi tanaman....sayangnya klo celaka nyebar racun sampe berabad2 :nohope: bener tuh yang di bold gw pikirin itunya.....so? kita semua dapet energi sekarang buat 100 taun...sisanya banyak limbah....lu urusin semuanya 1 milenium ke depan? kata lu ga gampang juga nyiptain teknologi...:nohope: napa gan? ga tau mau ngomong apa jadinya inget chiki yang lu makan ya? :gila: buat penutup karena gw ga mau ini jadi ajang bacod sampai jari beler....gw juga bukan orang yang pinter2 amat atau ilmuwan....gw ga setuju sama nih pltn karena ga ada solusi kalau itu pltn kenapa2 nantinya....cuma ada solusi buat mencegah si pltn ga kenapa2 yang selama ini terbukti ga bisa 100%....tetep lolos 1-2 biji kasus..padahal buat bantai 6 milyar manusia lebih dan lingkungan cuma butuh jumlah kecelakaan yang hitungannya ga lebih dari jumlah jari di tangan...:nohope: itu baru pltn belum senjata2 nuklir yang lain klo ad aperang...pada tau lah biar ada 100 orang dan 99 nya pinter cuma butuh 1 org bego buat kecelakaan nuklir dan semuanya jadi kacau.....:nohope: so kalau ada solusi klo tuh nuklir uda kecelakaan bisa diatasi..baru dah gw setuju dibangun buat ke depannya...:D dah cabut gw...peduli amat dibalas atau ngga..:ngacir: :ngacir,ad aperang...pada tau lah biar ada <NUM> orang dan <NUM> nya pinter,kaskus,2012-10-17 23:57:49,['aperang'],"['aperang', 'pinter']","['aperang', 'pinter']",aperang; pinter,ad aperang...pada tau lah biar ada <NUM> orang dan <NUM> nya pinter,"['ad', 'aperang', 'pada', 'tau', 'lah', 'biar', 'ada', 'num', 'orang', 'dan', 'num', 'nya', 'pinter']","['aperang', 'pinter']","['aperang', 'pinter']",{'aperang'},"{'aperang', 'pinter'}","['aperang', 'pinter']","[5.532050566508829, 3.1299521229374836]",pmi_threshold,aperang,0.1232254654169082,"['aperang', 'pinter']","[0.12322546541690826, 0.08364996314048767]",from_best_pmi,overlap,1721__24
1671,6,"mental bangsa ini dulu di bangun, baru nyusul yg muluk2..kitab suci aja di korup :cd hrsnya kita curiga knp ada pihak2 yg ngotot.. [SPOILER=bacaan] PLTN Ramah Lingkungan tapi Berisiko “Menangani lumpur Sidoarjo saja tak bisa, bagaimana mengelola reaktor nuklir?” Jakarta – Menteri Negara Lingkungan Hidup Rahmat Witoelar menyatakan pembangkit listrik tenaga nuklir sangat ramah lingkungan, tapi risikonya sangat besar. “Dalam prakteknya, PLTN tidak membuang emisi sama sekali. Namun, jika terjadi kerusakan atau kebocoran, hal itu baru bisa terselesaikan setelah 500 tahun,” kata dia menjawab pers di Hotel Atlet Century, Jakarta, kemarin. Menurut Rachmat, budaya berperan penting dalam pembangunan proyek nuklir seperti di negara-negara maju. Di negara maju, kebersihan sangat dijaga, “Bahkan kamar mandi di PLTN lebih bersih daripada di rumah sakit.” Namun, terlepas dari segala kontroversinya, Rachmat mengaku saat ini dia mengikuti kebijakan pemerintah tentang rencana membangun PLTN pada 2016 di kawasan Gunung Muria, Jawa Tengah. “Kementerian Lingkungan Hidup menjaga agar inisiatif itu tidak merusak lingkungan,” dia menambahkan. Liek Wilarjo, guru besar fisika Universitas Kristen Satya Wacana, Salatiga, dan Iwan Kurniawan, pakar fisika nuklir Indonesia, berpendapat nuklir bukan solusi terbaik untuk mengatasi krisis listrik di Indonesia. Kedua pakar itu menyarankan agar Indonesia mengeksplorasi energi terbarukan yang bersumber dari alam, bukan dari nuklir. [B]“Kita masih punya matahari, angin, arus laut, panas bumi, biomassa, mikrohidro, dan sebagainya, yang bisa (dimanfaatkan) untuk pembangkit listrik. Kenapa harus nuklir?” kata Liek dalam seminar Pro-Kontra Pembangunan PLTN di Semarang, Rabu lalu.[/B] Sementara itu, menurut Iwan, yang pernah aktif di Badan Tenaga Atom Nasional (Batan), menyatakan penguasaan teknologi yang masih rendah dan kultur serta budaya bangsa Indonesia yang korup dan kurang berdisiplin menjadikan PLTN sangat berbahaya. “Jika menangani lumpur Sidoarjo saja kita tidak bisa, bagaimana mengelola reaktor nuklir, yang rentan bocor?” ujarnya. [B]Sebagai ahli nuklir, ia mengaku tidak habis pikir kenapa pemerintah menjadikan PLTN sebagai solusi krisis listrik. Sebab, negara maju, seperti Amerika, Jerman, dan Jepang, saja sudah menghentikan pembangunan PLTN, “Kenapa Indonesia, yang kaya sumber daya alam, justru akan membangun PLTN?”[/B] Namun, Ferhat Aziz dari Batan menyatakan tidak ada satu teknologi pun yang bebas dari risiko. Teknologi nuklir saat ini, kata dia, lebih ekonomis dan tingkat keselamatannya lebih tinggi. Karena itu, PLTN merupakan solusi krisis listrik lantaran murah dan terbarukan. Guna mengatasi masalah pemanasan global yang mulai berdampak di beberapa wilayah Indonesia, kata Rachmat, diperlukan sumber energi alternatif dan bahan bakar jangka panjang. Sisa-sisa pembakaran, berupa karbon dioksida, harus dikurangi dengan mencari alternatif energi lain. Ia menyebut Australia saat ini sudah menggunakan tenaga ombak, Denmark memakai turbin angin, dan di beberapa negara maju ada yang menggunakan panas bumi serta matahari. “Indonesia memiliki potensi untuk memakai alternatif energi tersebut,” ujarnya. SORTA TOBING | Sohirin, korantempo, Jum’at, 22 Juni 2007. [url]http://www.korantempo.com/korantempo/2007/06/22/Nasional/krn,20070622,9.id.html[/SPOILER][/url]","Di negara maju, kebersihan sangat dijaga, Bahkan kamar mandi di PLTN lebih bersih daripada di rumah sakit.",kaskus,2012-10-24 11:50:22,"['negara', 'rumah', 'pltn']","['negara', 'kebersihan', 'kamar mandi', 'mandi', 'pltn', 'rumah sakit', 'kamar', 'rumah']","['negara', 'rumah', 'pltn', 'kebersihan', 'kamar mandi', 'mandi', 'rumah sakit', 'kamar']",negara; rumah; pltn; kebersihan; kamar mandi; mandi; rumah sakit; kamar,"Di negara maju, kebersihan sangat dijaga, Bahkan kamar mandi di PLTN lebih bersih daripada di rumah sakit.","['di', 'negara', 'maju', 'kebersihan', 'sangat', 'dijaga', 'bahkan', 'kamar', 'mandi', 'di', 'pltn', 'lebih', 'bersih', 'daripada', 'di', 'rumah', 'sakit']","['negara', 'rumah', 'pltn', 'kebersihan', 'kamar mandi', 'mandi', 'rumah sakit', 'kamar']","['negara', 'rumah', 'pltn', 'kebersihan', 'kamar mandi', 'mandi', 'rumah sakit', 'kamar']","{'pltn', 'rumah', 'negara'}","{'kamar', 'rumah sakit', 'rumah', 'mandi', 'kamar mandi', 'pltn', 'kebersihan', 'negara'}","['kebersihan', 'mandi', 'kamar mandi', 'kamar', 'rumah sakit']","[6.460264804872052, 6.460264804872052, 5.511204611881659, 4.562144418891266, 2.150344292767524]",pmi_threshold,kebersihan,0.3934571146965027,"['kebersihan', 'kamar mandi', 'rumah sakit']","[0.3934571146965027, 0.3398028314113617, 0.2999897599220276]",from_best_pmi,rb_only,1671__6
1781,1,"Nah, gw udah bilang. Bikinnya di tempat yang kagak beresiko ada kejadian buruk. Personilnya bikin seketat mungkin. Bisa kok. Banyak ahli nuklir di Indonesia yang tau harus seketat apa isinya PLTN itu. Bolot banget dah dibilangin dr tadi. :cd Kagak pernah kuliah manajemen resiko ya? Lw pikir yg dipikirin 100 taun ke depan apanya? Energinya? KAGAK! Yg dipikirin manajemen pengelolaan limbah, resiko pengolahan dan pembuangan limbahnya, dll. Energi yg lw kasih jadinya 100 taun kedepan, bahkan 1000 taun? Butuh listriknya sekarang tong! Paling kagak 20 taun ke depan. Lw pikir teknologinya ada sekarang? Lw pikir nyiptain teknologi gitu gampang? :cd Efisiensinya jauh banget gan. Angin sama ombak itu kerasanya kenceng, tapi sebenernya energinya ga banyak-banyak banget kalo ga punya ladang angin/ombak.",Bikinnya di tempat yang kagak beresiko ada kejadian buruk.,kaskus,2012-10-16 14:13:30,['kejadian'],"['kejadian buruk', 'kejadian']","['kejadian', 'kejadian buruk']",kejadian; kejadian buruk,Bikinnya di tempat yang kagak beresiko ada kejadian buruk.,"['bikinnya', 'di', 'tempat', 'yang', 'kagak', 'beresiko', 'ada', 'kejadian', 'buruk']","['kejadian', 'kejadian buruk']","['kejadian', 'kejadian buruk']",{'kejadian'},"{'kejadian', 'kejadian buruk'}","['kejadian buruk', 'kejadian']","[1.8322246779563083, 1.6482839610059878]",pmi_threshold,kejadian buruk,0.3413410782814026,"['kejadian buruk', 'kejadian']","[0.3413410782814026, 0.035462502390146255]",from_best_pmi,rb_only,1781__1
935,5,"gan, ijin ninggalin jejak ya buat dibaca nanti *sayang kenapa thread nya hanya 4 untuk rate nya :D saya tertarik dengan diskusi seperti ini, insyaAllah untuk indonesia masih ada harapan untuk kedepannya, satu plan juga dengan rencana global, yaitu ditahun 2040 di negara2 barat sudah akan mem-ban mesin2 kendaraan bensin dan diesel *kecuali untuk produksi sepertinya masih boleh dengan begitu nanti pemerintah indonesia bisa memfokuskan visi misi masterplannya agar nantinya kita bisa tergantung sama energi listrik terbarukan kadang juga saya iri dengan negara2 maju yang sudah mulai memproduksi masal mobil listrik dan memberi insentif bagi calon pembelinya. memang kendaraan listrik di indonesia tidak bisa terlalu cepat di implementasikan selama infrastrukture di kita juga masih minim. jangankan untuk charging power station, di daerah2 terpencil saja masih belum merata both dari supply dan price nya juga. nanti saya coba post lg ya gan, maklum saya bukan lulusan dari anak elektro, jd mohon koreksi saya apabila ada yang salah. dan check kulkas ya gan, ada cendol dari sasya",memang kendaraan listrik di indonesia tidak bisa terlalu cepat di implementasikan selama infrastrukture di kita juga masih minim.,kaskus,2017-09-25 22:48:13,['indonesia'],"['kendaraan_listrik', 'indonesia', 'infrastrukture']","['indonesia', 'kendaraan_listrik', 'infrastrukture']",indonesia; kendaraan_listrik; infrastrukture,memang kendaraan listrik di indonesia tidak bisa terlalu cepat di implementasikan selama infrastrukture di kita juga masih minim.,"['memang', 'kendaraan', 'listrik', 'di', 'indonesia', 'tidak', 'bisa', 'terlalu', 'cepat', 'di', 'implementasikan', 'selama', 'infrastrukture', 'di', 'kita', 'juga', 'masih', 'minim']","['indonesia', 'kendaraan_listrik', 'infrastrukture']","['indonesia', 'kendaraan listrik', 'infrastrukture']",{'indonesia'},"{'indonesia', 'kendaraan listrik', 'infrastrukture'}",['infrastrukture'],[6.459099273187324],pmi_threshold,infrastrukture,0.3276758790016174,['infrastrukture'],[0.32767587900161743],from_best_pmi,rb_only,935__5
2085,5,"ok gan ini terakhir, mohon maaf sudah membajak perdebatan anda semoga aja debat kusir kilat nyontek wikipedia dan google saya bisa memberi inspirasi kaskuser lain :malus kayanya banyak yg mantau thread ini trmsk orang pln sendiri :D bukan sekalian dibikin monopoli, gue liat sih ga ada aturan yg melarang jaringan baru masuk ga dilarang masuk tp ga ada yg mau krn natural monopoly cuma ada regulasi ketentuan menjaga kualitas dan harga aja gini gan, maksud ane bukan ngomongin gimana perusahaan bisa mendapat untung sebesar2nya tp gimana konsumer bisa mendapat harga semurah2nya dengan kualitas sebaik2nya sekarang states di amerika ada 50, ditambah model negara lain ada ratusan terus lo merasa yg paling baik model amerika ratusan tahun yg lalu? :bingungs buktinya apa? artikel agan cuma bilang model ini pernah eksis, tp ga membeberkan harga, kualitas dan detil model penjualannya praktek yg jaman sekarang, jelas harga dan kualitasnya. Bisa dibandingkan dgn model negara lain kalifornia sering blackout? ya jangan ditiru, simple toh? sama ky thread dic.thorium membongkar fraud PLN jerman dan denmark lengkap ada perbandingan harga listrik, persentase tenaga pembangkit, emisi CO2 negara eropa, dll masih mending saya milih texas dgn pertimbangan kebebasan memilih, drpd cina sama2 murah tp ga bisa milih","tp gimana konsumer bisa mendapat harga semurah2nya dengan kualitas sebaik2nya sekarang states di amerika ada <NUM> , ditambah model negara lain ada ratusan",kaskus,2017-03-16 00:10:56,"['amerika', 'harga', 'negara']","['konsumer', 'harga semurah2', 'semurah2', 'kualitas sebaik2', 'states', 'amerika', 'model negara', 'negara', 'harga', 'model']","['amerika', 'harga', 'negara', 'konsumer', 'harga semurah2', 'semurah2', 'kualitas sebaik2', 'states', 'model negara', 'model']",amerika; harga; negara; konsumer; harga semurah2; semurah2; kualitas sebaik2; states; model negara; model,"tp gimana konsumer bisa mendapat harga semurah2nya dengan kualitas sebaik2nya sekarang states di amerika ada <NUM> , ditambah model negara lain ada ratusan","['tp', 'gimana', 'konsumer', 'bisa', 'mendapat', 'harga', 'semurah2nya', 'dengan', 'kualitas', 'sebaik2nya', 'sekarang', 'states', 'di', 'amerika', 'ada', 'num', 'ditambah', 'model', 'negara', 'lain', 'ada', 'ratusan']","['amerika', 'harga', 'negara', 'konsumer', 'harga semurah2', 'semurah2', 'kualitas sebaik2', 'states', 'model negara', 'model']","['amerika', 'harga', 'negara', 'konsumer', 'harga semurah2', 'semurah2', 'kualitas sebaik2', 'states', 'model negara', 'model']","{'harga', 'amerika', 'negara'}","{'harga', 'model', 'kualitas sebaik2', 'model negara', 'harga semurah2', 'konsumer', 'semurah2', 'states', 'amerika', 'negara'}","['semurah2', 'konsumer', 'states', 'kualitas sebaik2', 'harga semurah2', 'model', 'amerika']","[6.454446539844351, 5.521560735702888, 4.556326153863565, 4.434239405621398, 2.8846708636449545, 2.1927789697744635, 1.302853361174296]",pmi_threshold,harga semurah2,0.2585036754608154,"['harga semurah2', 'amerika', 'states']","[0.25850367546081543, 0.24268460273742676, 0.218384250998497]",from_best_pmi,rb_only,2085__5
1633,0,"setuju,asal lokasinya aman dari gempa","setuju,asal lokasinya aman dari gempa",kaskus,2012-10-27 08:24:15,['gempa'],"['lokasi', 'gempa']","['gempa', 'lokasi']",gempa; lokasi,"setuju,asal lokasinya aman dari gempa","['setuju', 'asal', 'lokasinya', 'aman', 'dari', 'gempa']","['gempa', 'lokasi']","['gempa', 'lokasi']",{'gempa'},"{'lokasi', 'gempa'}","['gempa', 'lokasi']","[-0.33303524019234076, -2.6841987477080234]",pmi_fallback_top,gempa,0.3536662757396698,"['gempa', 'lokasi']","[0.3536662757396698, 0.2780263423919678]",from_best_pmi,overlap,1633__0
384,0,"ya semua gara2 sutikonto, org budget mrt dia malah bikin busway. kl moda nya masih roda empat ya kena macet jg. emang aneh knp halte nya d kanan bukan d kiri jalanan, mao gaya kereta tp pake bus. semua tanggung.","ya semua gara2 sutikonto, org budget mrt dia malah bikin busway.",reddit,2023,"['budget', 'busway', 'sutikonto', 'mrt']","['sutikonto', 'budget', 'budget mrt', 'mrt', 'busway']","['budget', 'busway', 'sutikonto', 'mrt', 'budget mrt']",budget; busway; sutikonto; mrt; budget mrt,"ya semua gara2 sutikonto, org budget mrt dia malah bikin busway.","['ya', 'semua', 'gara2', 'sutikonto', 'org', 'budget', 'mrt', 'dia', 'malah', 'bikin', 'busway']","['budget', 'busway', 'sutikonto', 'mrt', 'budget mrt']","['budget', 'busway', 'sutikonto', 'mrt', 'budget mrt']","{'sutikonto', 'mrt', 'busway', 'budget'}","{'mrt', 'sutikonto', 'budget mrt', 'busway', 'budget'}","['sutikonto', 'mrt', 'budget mrt', 'busway', 'budget']","[6.4672778384058205, 6.4672778384058205, 5.231624978943026, 4.569157452425035, 3.995972119480232]",pmi_threshold,budget,0.4499813318252563,"['budget', 'budget mrt', 'busway']","[0.44998133182525635, 0.44145262241363525, 0.355057030916214]",from_best_pmi,overlap,384__0
1729,1,"Yang ane maksud berita implikasi kebocoran reaktor di fukushima gan, kalo agan ngikuti berita ini pasti tau perihal pemberedelan blog dan situs2 jepang oleh pemerintah jepang setelah keluar vidio dari blog orang jepang tentang dampak radiasi di pesisir timur jepang. Contoh lagi berita terbaru dari petinggi jepang bahwa tanah di reaktor fukushima ambles 80cm, tapi tetep berita susah didapet termasuk media amerika yang bungkam soal ini ( kali karena kebagian ngurus proyek sama monopoly limbahya) Buat nuklir fusi, itu sih penelitian dah lama, yang penting tipe reaktornya seperti yang agan bilang. Baru prancis yang ngebangun reaktor kaya gini yang akan beroperasi taun 2020, dan secara umum baru taun 2030 4th gen reaktor bisa diaplikasikan secara luas. Balik lagi pertanyaanya, kalopun tetep ngeyel, kenapa ga pake thorium, coba deh dibaca tentang thorium, lumayan buat iseng-iseng. Cina sama india udah mulai riset thorium, kabarnya cina dah mulai bikin reaktornya. Sedikit pengetahuan tentang reaktor nuklir. Ga sembarangan bikin reaktor nuklir, lebih besar pengaruh pollitik daripada keilmuan. ada 2 blok utama penyedia nuklir, amerika dengan nato, dan geng rusia ama cina, termasuk didalamnya iran yang ancang2 ngeluarin suply murah buat reaktor nuklir, diperkirakan hanya 30% dari harga pasaran. Masalah yang jarang diketahui adalah limbah nuklir ini merupakan bahan baku pembuatan senjata nuklir. Setiap negara yang punya reaktor nuklir dan punya hak penuh akan limbahnya bakalan mampu bikin senjata nuklir. Jepang sendiri sedang dalam pendekatan agar bisa bikin senjata nuklir sendiri bila dalam keadaan darurat atas persetujuan amerika. Ini yang bikin rumit, apalagi di indonesia, bisa dikatakan negara kaya kebo dicocok hidungnya, penentuan pemilihan reaktor sangat berbau politis, dan tidak ilmiah. Pernyataan yang dikeluarkan pemerintah pun cuman general dan ga terbuka. Emang sponsornya udah ada kali? Pemilihan developer reaktor nantinya bakalan bikin jelas, siapa yang punya kepentingan dibelakang. Sed",jepang oleh pemerintah jepang setelah keluar vidio dari blog orang jepang tentang dampak radiasi di pesisir timur jepang.,kaskus,2012-10-17 17:03:07,"['jepang', 'radiasi', 'pemerintah', 'dampak']","['jepang', 'pemerintah', 'vidio', 'blog', 'dampak radiasi', 'radiasi', 'pesisir timur', 'timur']","['jepang', 'radiasi', 'pemerintah', 'dampak', 'vidio', 'blog', 'dampak radiasi', 'pesisir timur', 'timur']",jepang; radiasi; pemerintah; dampak; vidio; blog; dampak radiasi; pesisir timur; timur,jepang oleh pemerintah jepang setelah keluar vidio dari blog orang jepang tentang dampak radiasi di pesisir timur jepang.,"['jepang', 'oleh', 'pemerintah', 'jepang', 'setelah', 'keluar', 'vidio', 'dari', 'blog', 'orang', 'jepang', 'tentang', 'dampak', 'radiasi', 'di', 'pesisir', 'timur', 'jepang']","['jepang', 'radiasi', 'pemerintah', 'dampak', 'vidio', 'blog', 'dampak radiasi', 'pesisir timur', 'timur']","['jepang', 'radiasi', 'pemerintah', 'dampak', 'vidio', 'blog', 'dampak radiasi', 'pesisir timur', 'timur']","{'pemerintah', 'jepang', 'radiasi', 'dampak'}","{'blog', 'timur', 'pesisir timur', 'vidio', 'jepang', 'radiasi', 'dampak radiasi', 'pemerintah'}","['vidio', 'blog', 'pesisir timur', 'timur', 'jepang', 'dampak', 'dampak radiasi']","[5.52621346904586, 3.578680888939996, 2.9177828113642503, 2.066781850408563, 1.3851536735473562, 1.2355363081429376, 0.6937691456843469]",pmi_threshold,jepang,0.3716068565845489,"['jepang', 'dampak radiasi', 'pesisir timur']","[0.37160685658454895, 0.3479951024055481, 0.30029797554016113]",from_best_pmi,overlap,1729__1
1962,1,"jadi orang jangan sok2 sucii deh, ntar gimana kalo kena kayak sernobil atau fukusima dan bla bla.. Bosan gue dgn yg ginian Bangsa kita harus majuuu men !!! :cool",Bosan gue dgn yg ginian Bangsa kita harus majuuu men !!!,kaskus,2012-10-12 20:34:58,['bangsa'],"['ginian', 'bangsa', 'men']","['bangsa', 'ginian', 'men']",bangsa; ginian; men,Bosan gue dgn yg ginian Bangsa kita harus majuuu men !!!,"['bosan', 'gue', 'dgn', 'yg', 'ginian', 'bangsa', 'kita', 'harus', 'majuuu', 'men']","['bangsa', 'ginian', 'men']","['bangsa', 'ginian', 'men']",{'bangsa'},"{'bangsa', 'ginian', 'men'}","['men', 'ginian', 'bangsa']","[5.53556419474555, 4.570329612906227, 1.1763375584352127]",pmi_threshold,bangsa,0.228689432144165,"['bangsa', 'ginian', 'men']","[0.22868943214416504, 0.039980847388505936, 0.020846135914325714]",from_best_pmi,overlap,1962__1
401,0,"Or even better, Nuclear Battery macam Fallout","Or even better, Nuclear Battery macam Fallout",reddit,2023,"['nuklir', 'baterai']","['even', 'nuklir baterai fallout', 'baterai', 'fallout']","['nuklir', 'baterai', 'even', 'nuklir baterai fallout', 'fallout']",nuklir; baterai; even; nuklir baterai fallout; fallout,"Or even better, Nuclear Battery macam Fallout","['or', 'even', 'better', 'nuclear', 'battery', 'macam', 'fallout']","['nuklir', 'baterai', 'even', 'nuklir baterai fallout', 'fallout']","['nuklir', 'baterai', 'even', 'nuklir baterai fallout', 'fallout']","{'baterai', 'nuklir'}","{'nuklir baterai fallout', 'even', 'baterai', 'fallout'}","['fallout', 'even']","[5.53908640118472, 4.258978481991986]",pmi_threshold,fallout,0.2622903883457184,"['fallout', 'even']","[0.2622903883457184, 0.21683892607688904]",from_best_pmi,rb_only,401__0
2238,37,"Definisi monopoli yang dipakai apa? Tidak ada larangan atau peraturan di Manila yang mencegah Pak Peyotpetot untuk mendirikan perusahaan listrik baru di Manila. Tidak ada kontrak eksklusif antara Meralco dan Manila. Berarti secara hukum tidak ada monopoli. Tapi dari sisi konsumen Manila, pilihan cuma ada Meralco atau genset. Makanya saya bilang ujung-ujungnya kartelisasi. Swastanisasi bukan selalu jawaban yang benar. Itu yang di Jakarta seperti anda bilang sendiri hasilnya sama saja. Mending diambil balik aja ditangani PDAM. BUMN/BUMD cenderung tidak efisien? Ini masalahnya bukan di kepemilikan badan usahanya, tapi di pelakunya dan kriteria penilaiannya. Pertama, kita bisa melihat sendiri banyak contoh di luar negeri di mana setelah suatu BUMN/BUMD diprivatisasi, kualitas layanan malah anjlok. British Railway, misalnya. Coba kalau ada waktu ditelusuri ceritanya. Kedua, kebalikannya juga ada. Perusahaan kereta api Jepang, misalnya, unik karena sebenarnya adalah konsorsium dari perusahaan swasta dan pemerintah, tapi yang milik pemerintah pun ternyata yahud pelayanannya. Terakhir, efisien atau tidak itu kriterianya apa dulu? Sebab kalau swasta itu kriterianya ada ROI. Ini oke kalau bisnisnya adalah garmen atau motor, tapi listrik bisa dilihat sebagai layanan masyarakat. Kalau kita menilai suatu layanan masyarakat dengan kriteria swasta alias laba, maka akan terjadi beberapa langkah efisiensi yang tidak melayani masyarakat. Kalau di British Railway, layanan ke daerah yang bukan kota besar dikurangi atau malah dihapus, karena memang duitnya di kota besar, bukan di daerah pelosok. Kalau kita terapkan di Jakarta, maka lebih efisien jika layanan listrik difokuskan ke ddaerah-daerah orang kaya, sebab duitnya di sana. Kalau pemukiman kumuh, ROI-nya jelek. Kalau diterapkan secara nasional, Jawa enak, sebab duitnya di sana. Tapi Maluku dan Nusa Tenggara yang pusing, sebab pulaunya banyak penduduknya sedikit. Ini dibikinkan BUMD pun tidak akan banyak membantu, sebab BUMD listrik yang di Jawa dengan yang di Ternate bakal jomplang. Yang di Jawa enak, bahkan yang di desa pun ada listrik. Yang di Ternate bakal cuma kotanya yang dapat listrik, sementara yang di desa silahkan pakai genset. Jaringan telepon yang menggunakan kabel sampai sekarang masih menjadi monopoli praktis Telkom, Pak. Apanya yang bubar? Yang terjadi itu adalah munculnya teknologi baru yakni telepon genggam yang bisa menikung bisnis telepon kabel tradisional. Nah kalau anda mau bilang bahwa listrik juga bisa begitu, mana teknologinya dulu? Mau bikin Tesla Tower? Monggo dicoba. Kalau memang teknologinya sudah siap dikomersialisasikan, kenapa di Amerika, Jerman, Tiongkok, Jepang, dll. semuanya masih pakai kabel? Natural monopoly kok dibilang akal-akalan pemerintah. Itu konsep ekonomi. Berlaku secara universal ketika ""barrier of entry"" tinggi. Bisa dicari ulasannya di buku-buku ekonomi. Anda coba cari bagaimana kerjanya sistem listrik di Amerika Serikat deh. Cuma perhatikan pembedaan antara siapa yang memegang jaringan listrik dan siapa yang memegang pembangkit listrik. Lalu cari juga contoh negara lain di mana satu daerah ada dua jaringan listrik dan konsumen bisa gonta-ganti kabel kayak pindah dari MNC ke Firstmedia. Saya bicara itu berdasarkan realita. Faktanya itu jaringan listrik jauh lebih kompleks dan mahal daripada jaringan kabel. Jadi kalau anda tanya, sama-sama pakai tiang dan kabel kenapa TV kabel bisa tapi listrik gak bisa, saya enggan menjawab (tapi ya itu, listrik kalau ada korslet orang bisa mampus, TV kabel korslet palingan cuma gak bisa nonton TV), tapi faktanya di dunia itu begitu. Jadi kalau anda yakin bahwa satu-satunya hal yang mencegah adanya kompetisi di jaringan kabel listrik itu peraturan pemerintah, tunjukkan buktinya. Di negara mana yang ada lebih dari satu jaringan listrik yang bisa dipilih konsumen. Tebakan saya, Pak Peyotpetot salah paham mengira bahwa bisnis listrik antara distribusi (alias jaringan kabel) dan pembangkitan/generasi (alias pembangkit listrik) adalah sama. Itu beda, Pak. Di Singapura misalnya ada beberapa penyedia listrik dan anda bisa pilih-pilih, tapi yang punya kabel listrik cuma satu, Singapore Power yang adalah BUMN Singapura. Makanya dari awal saya berulang-ulang bilang jaringan kabel listrik itu monopoli alami. Kalau Pak Peyotpetot masih tidak percaya ya silahkan dicarikan contoh negara mana.",Natural monopoly kok dibilang akal-akalan pemerintah.,kaskus,2017-03-10 07:56:26,"['natural', 'pemerintah']","['natural', 'akal-akalan pemerintah', 'pemerintah', 'akal-akalan']","['natural', 'pemerintah', 'akal-akalan pemerintah', 'akal-akalan']",natural; pemerintah; akal-akalan pemerintah; akal-akalan,Natural monopoly kok dibilang akal-akalan pemerintah.,"['natural', 'monopoly', 'kok', 'dibilang', 'akal', 'akalan', 'pemerintah']","['natural', 'pemerintah', 'akal-akalan pemerintah', 'akal-akalan']","['natural', 'pemerintah', 'akal akalan pemerintah', 'akal akalan']","{'pemerintah', 'natural'}","{'pemerintah', 'akal akalan', 'akal akalan pemerintah', 'natural'}","['akal akalan', 'akal akalan pemerintah', 'natural']","[3.735916320885714, 2.1431796998098522, 1.7465284810551969]",pmi_threshold,akal akalan pemerintah,0.4738661050796509,"['akal akalan pemerintah', 'natural', 'akal akalan']","[0.4738661050796509, 0.36973488330841064, 0.15069597959518433]",from_best_pmi,rb_only,2238__37
2002,0,"Hilirisasi itu beneran ada ? Bukannya cuma istilah pembodohan untuk rakyat, untuk mengelabui bahwa hampir 90% hasil tambang mineral kita sudah di kuasai China ? (Deal Mulyono x jinpeng bahwa semua hasil tambang harus di jual ke China.) Kita gak boleh lagi jual hasil tambang mentah, kecuali dijual ke pabrik pengolahan milik China dengan Harga lebih rendah dari pasaran internasional. Gitu kan sekenarionya ? :bingung",Hilirisasi itu beneran ada ?,kaskus,2025-01-10 20:24:04,['hilirisasi'],['hilirisasi'],['hilirisasi'],hilirisasi,Hilirisasi itu beneran ada ?,"['hilirisasi', 'itu', 'beneran', 'ada']",['hilirisasi'],['hilirisasi'],{'hilirisasi'},{'hilirisasi'},['hilirisasi'],[4.9807383402065515],pmi_threshold,hilirisasi,0.1588677167892456,['hilirisasi'],[0.1588677167892456],from_best_pmi,overlap,2002__0
1082,4,"Biar aja ngimpor, yg di jawa enak ga pernah ngerasain byar pet. Rumah gw kemaren byarpet tengah malam pas musim kemarau parah, rasanya mau matiii ga bisa napas di kamar saking panasnya. Gw gak dukung jokowi, semua pemerintah gagal memenuhi kebutuhan dasar rakyat seperti air bersih dan listrik di daerah non jawa, kalo mau ngimpor listrik dr luar buruuu, gw makan nasionalisme gw drpd listrik byarpet kayak org minum obat. Fyi, di desa2 di daerah gw masih banyak yg blom dapat listrik. Jd bayangkan betapa kesalnya kita di sini ketika pemerintah menganggap sampai ke bandung dr jakarta dengan cepat prioritasnya lebih tinggi drpd memenuhi kebutuhan listrik seluruh indo.","Fyi, di desa2 di daerah gw masih banyak yg blom dapat listrik.",kaskus,2016-01-23 23:49:54,"['listrik', 'daerah']","['desa', 'daerah', 'listrik']","['listrik', 'daerah', 'desa']",listrik; daerah; desa,"Fyi, di desa2 di daerah gw masih banyak yg blom dapat listrik.","['fyi', 'di', 'desa2', 'di', 'daerah', 'gw', 'masih', 'banyak', 'yg', 'blom', 'dapat', 'listrik']","['listrik', 'daerah', 'desa']","['listrik', 'daerah', 'desa']","{'listrik', 'daerah'}","{'listrik', 'desa', 'daerah'}","['daerah', 'desa', 'listrik']","[-0.6641128983693155, -1.7187687134001115, -3.132960900039263]",pmi_fallback_top,listrik,0.3583063185214996,"['listrik', 'daerah', 'desa']","[0.35830631852149963, 0.1758318990468979, 0.043968457728624344]",from_best_pmi,overlap,1082__4
353,0,"Asap PLTU nggak dhitung? Itu dijabodetabek ya asapnya dari PLTU juga, nggak ada bedanya. Ya kan lagi ngomongin di jalanan, ya kali lu bawa PLTU setiap kali lu bawa EV. Kalau masalah asapnya kan bisa dipindah, sekarang aja produksi PLTU kebanyakan di Jawa Timur. Lebih mudah daripada maksa mindahin puluhan juta IC, nanti dipaksa pindah pada koar-koar HAM-HIM-HUM. kalau mau bilang PLTU ada filter, ya kalau mobil juga ada Euro 5. Nah itu balik lagi ke komentar di atas, lebih gampang mana? Pasang filter/penangkap karbon di 1000 PLTU?; ATAU Pasang filter di puluhan juta IC supaya jadi EURO 6?",Asap PLTU nggak dhitung?,reddit,2023,['pltu'],"['secepat pltu', 'pltu', 'secepat']","['pltu', 'secepat pltu', 'secepat']",pltu; secepat pltu; secepat,Asap PLTU nggak dhitung?,"['asap', 'pltu', 'nggak', 'dhitung']","['pltu', 'secepat pltu', 'secepat']","['pltu', 'secepat pltu', 'secepat']",{'pltu'},"{'secepat', 'secepat pltu', 'pltu'}","['secepat', 'secepat pltu']","[3.016071413318832, 1.31962887445365]",pmi_threshold,secepat pltu,0.1834369897842407,"['secepat pltu', 'secepat']","[0.18343698978424072, 0.14334797859191895]",from_best_pmi,rb_only,353__0
2068,3,"Yaelah, dikiranya gas alam dapat dari mana? Dari udara gratis? Benerin lagi pemahaman saintifiknya, baru bicara. Pranala itu hanya menyebutkan harga listrik jatuh karena [B][I]total oversupply[/I] akibat tidak adanya infrastruktur transmisi listrik yang memadai.[/B] Sementara total panel surya yang terpasang diproyeksikan cuma [B]1,4 GWe[/B], tidak sampai 10% dari total daya pembangkit listrik terpasang. Bauran produksinya lebih rendah lagi. Pahamilah yang dibaca sebelum mempermalukan diri sendiri.",Pranala itu hanya menyebutkan harga listrik jatuh karena B I total oversupply /I akibat tidak adanya infrastruktur transmisi listrik yang memadai.,kaskus,2017-03-26 20:28:23,['listrik'],"['pranala', 'harga_listrik', 'total', 'total kelebihan pasokan', 'pasokan akibat', 'akibat', 'infrastruktur transmisi', 'transmisi listrik', 'listrik', 'infrastruktur']","['listrik', 'pranala', 'harga_listrik', 'total', 'total kelebihan pasokan', 'pasokan akibat', 'akibat', 'infrastruktur transmisi', 'transmisi listrik', 'infrastruktur']",listrik; pranala; harga_listrik; total; total kelebihan pasokan; pasokan akibat; akibat; infrastruktur transmisi; transmisi listrik; infrastruktur,Pranala itu hanya menyebutkan harga listrik jatuh karena B I total oversupply /I akibat tidak adanya infrastruktur transmisi listrik yang memadai.,"['pranala', 'itu', 'hanya', 'menyebutkan', 'harga', 'listrik', 'jatuh', 'karena', 'b', 'i', 'total', 'oversupply', 'i', 'akibat', 'tidak', 'adanya', 'infrastruktur', 'transmisi', 'listrik', 'yang', 'memadai']","['listrik', 'pranala', 'harga_listrik', 'total', 'total kelebihan pasokan', 'pasokan akibat', 'akibat', 'infrastruktur transmisi', 'transmisi listrik', 'infrastruktur']","['listrik', 'pranala', 'harga listrik', 'total', 'total kelebihan pasokan', 'pasokan akibat', 'akibat', 'infrastruktur transmisi', 'transmisi listrik', 'infrastruktur']",{'listrik'},"{'total', 'total kelebihan pasokan', 'infrastruktur', 'pranala', 'akibat', 'infrastruktur transmisi', 'listrik', 'transmisi listrik', 'pasokan akibat', 'harga listrik'}","['pranala', 'infrastruktur transmisi', 'infrastruktur', 'akibat', 'total', 'transmisi listrik', 'pasokan akibat']","[6.4556083171988785, 2.6471896174518856, 1.8871339392662916, 1.8328908944823044, 1.3040151385288234, 0.5983359437151934, 0.43532334839764253]",pmi_threshold,infrastruktur,0.3094907701015472,"['infrastruktur', 'infrastruktur transmisi', 'transmisi listrik']","[0.30949077010154724, 0.30136510729789734, 0.2914050817489624]",from_best_pmi,rb_only,2068__3
2089,4,"cek lagi matematikanya. potensi angin Indonesia tidak meyakinkan, karena kecepatan angin relatif rendah dibanding negara lain macam Cina atau Amerika Serikat. BPPT menyatakan potensi angin hanya [B]9 GW[/B]. panel surya tidak optimal karena negara ini bukan gurun dan curah hujannya tinggi, plus boros lahan. estimasi maksimal hanya [B]5 GW[/B] yang realistis. panas bumi mungkin paling besar di dunia, tapi berapa besar? [B]28 GW[/B]. total [B]42 GW[/B]. kebutuhan listrik Indonesia di tahun 2050 [B]430 GW[/B]. sisanya dari mana? batubara? gas alam? mau bikin iklim tambah rusak? energi hidro potensi maksimalnya hanya [B]75 GW[/B], jadi kalaupun ditambah ini, tidak akan cukup. nuklir [B]wajib masuk dalam jumlah besar[/B].",estimasi maksimal hanya B <NUM> GW /B yang realistis.,kaskus,2017-03-15 16:06:39,['estimasi'],['estimasi maksimal'],"['estimasi', 'estimasi maksimal']",estimasi; estimasi maksimal,estimasi maksimal hanya B <NUM> GW /B yang realistis.,"['estimasi', 'maksimal', 'hanya', 'b', 'num', 'gw', 'b', 'yang', 'realistis']","['estimasi', 'estimasi maksimal']","['estimasi', 'estimasi maksimal']",{'estimasi'},{'estimasi maksimal'},"['estimasi', 'estimasi maksimal']","[4.974858420749715, 3.4661847989677668]",pmi_threshold,estimasi maksimal,0.3528132736682892,"['estimasi maksimal', 'estimasi']","[0.3528132736682892, 0.05136055871844292]",from_best_pmi,rb_only,2089__4
424,0,"hehehe, yoi agan-agan kagak bakal mau lah.. 😂😂 btw, masalah ini udah ane bahas gan. Aku kasih judul: Membaca Fenomena Disruption di Sektor Energi Terbarukan. Tapi di Kompasiana, gan. Mirip-mirip dg bukunya Prof. Rhenald, bedanya kalau Prof. Rhenald bahasnya Go-Jek, Uber, dkk yg digital-digital. hehehe.","hehehe, yoi agan-agan kagak bakal mau lah..",kaskus,2017-08-29 04:32:40,[],[],[],,"hehehe, yoi agan-agan kagak bakal mau lah..","['hehehe', 'yoi', 'agan', 'agan', 'kagak', 'bakal', 'mau', 'lah']",[],[],set(),set(),[],[],no_candidates,,,[],[],no_candidates,none,424__0
1914,8,"balik lagi gan..aturan cm jadi kertas fotokopian di indo.. hahaha... itu yg jadi mslh ... sikap kedisiplinan, kerja sigap n cepat (mslhnya disini kn kayaq ga tau ajah, kerja ajah suka telat ), n mau dibilang salah ktika hal yg ga mengenakkan terjadi (kayaq di jepang kmaren, ane kaget si big boss yg ngelola pltn fukushima sujud minta maaf di hadapan korban2 nya d tempat penampungan.. ) .. klo dah bisa seperti itu ane setuju, stidaknya ga ush smua org sprti itu lah.. cukup dominan rakyatnya disiplin dah mnjadi modal yg cukup utk bangun PLTN.. mslhnya slama ini ajah yg kcil2 ajah blon ada yg bisa dibanggain dlm hal perawatan fasilitas umum.. yg kecil blon bisa dah pgn yg gede2...hahahah...",yg kecil blon bisa dah pgn yg gede2...hahahah...,kaskus,2012-10-12 23:24:40,[],['pgn'],['pgn'],pgn,yg kecil blon bisa dah pgn yg gede2...hahahah...,"['yg', 'kecil', 'blon', 'bisa', 'dah', 'pgn', 'yg', 'gede2', 'hahahah']",['pgn'],['pgn'],set(),{'pgn'},['pgn'],[5.5367373083578295],pmi_threshold,pgn,0.0535349994897842,['pgn'],[0.05353499948978424],from_best_pmi,rb_only,1914__8
1929,6,"setuju setuju saja. tetapi bukankah kita juga memiliki banyak potensi sumber listrik alam yang belum dimanfaatkan? seperti sumber panas bumi, Indonesia terletak di kawasan cincin api, otomatis masi banyak gunung aktif yang bisa dimanfaatkan sumber energinya untuk menjadi sumber listrik pegunungan yang bisa menjadi sumber tenaga angin dan surya. kemarin habis dari puncak, jam 11 pagi terik nya maknyusss. mantap tuh kalau dipasangin panel surya. belum lagi angin gunung yang menusuk jantung aduhaiiii lautan dan curug2 tuh... PLTA potensi tinggi. jangan cuma dipake bikin air galonan setelah itu baru mikir nuklir.",belum lagi angin gunung yang menusuk jantung aduhaiiii lautan dan curug2 tuh...,kaskus,2012-10-12 22:16:04,"['angin', 'gunung']","['angin gunung', 'gunung', 'jantung aduhaiiii', 'aduhaiiii lautan', 'lautan', 'curug', 'jantung']","['angin', 'gunung', 'angin gunung', 'jantung aduhaiiii', 'aduhaiiii lautan', 'lautan', 'curug', 'jantung']",angin; gunung; angin gunung; jantung aduhaiiii; aduhaiiii lautan; lautan; curug; jantung,belum lagi angin gunung yang menusuk jantung aduhaiiii lautan dan curug2 tuh...,"['belum', 'lagi', 'angin', 'gunung', 'yang', 'menusuk', 'jantung', 'aduhaiiii', 'lautan', 'dan', 'curug2', 'tuh']","['angin', 'gunung', 'angin gunung', 'jantung aduhaiiii', 'aduhaiiii lautan', 'lautan', 'curug', 'jantung']","['angin', 'gunung', 'angin gunung', 'jantung aduhaiiii', 'aduhaiiii lautan', 'lautan', 'curug', 'jantung']","{'angin', 'gunung'}","{'jantung aduhaiiii', 'aduhaiiii lautan', 'lautan', 'gunung', 'curug', 'jantung', 'angin gunung'}","['curug', 'jantung aduhaiiii', 'jantung', 'aduhaiiii lautan', 'lautan', 'gunung']","[6.466106629508173, 5.999663727437441, 5.533220825366709, 5.2304537700453775, 3.9948009105825832, 1.1085546248900886]",pmi_threshold,jantung aduhaiiii,0.3352095484733581,"['jantung aduhaiiii', 'jantung', 'aduhaiiii lautan']","[0.33520954847335815, 0.31224799156188965, 0.28443166613578796]",from_best_pmi,rb_only,1929__6
1492,0,murah tapi resiko tinggi hehe harap-harap cemas...,murah tapi resiko tinggi hehe harap-harap cemas...,kaskus,2013-07-30 16:30:09,['resiko'],"['murah', 'resiko']","['resiko', 'murah']",resiko; murah,murah tapi resiko tinggi hehe harap-harap cemas...,"['murah', 'tapi', 'resiko', 'tinggi', 'hehe', 'harap', 'harap', 'cemas']","['resiko', 'murah']","['resiko', 'murah']",{'resiko'},"{'murah', 'resiko'}",['resiko'],[0.4165012034788393],pmi_threshold,resiko,0.502685546875,['resiko'],[0.502685546875],from_best_pmi,overlap,1492__0
1693,3,"Tidak merusak alam? Berarti cuma 2 kan? Matahari, angin ama air Matahari : mahal, tidak efisien, areanya luas, tidak boleh kotor, mendung, awan, hujan, malam Angin : areanya luas, angin harus bertiup konstan, angin perlu kecepatan tertentu Air : arus air harus konstan dan deras, musim kemarau? Kenapa geothermal ga dibilang ramah lingkungan? Karena tetep ada gas yang dilepaskan Blom lagi adanya penggunaan bahan kimia yang berbahaya","angin harus bertiup konstan, angin perlu kecepatan tertentu Air : arus air harus konstan dan deras, musim kemarau?",kaskus,2012-10-19 23:29:08,"['air', 'angin', 'musim']","['angin', 'angin kecepatan', 'kecepatan air', 'air arus', 'arus air', 'air', 'musim kemarau', 'kemarau']","['air', 'angin', 'musim', 'angin kecepatan', 'kecepatan air', 'air arus', 'arus air', 'musim kemarau', 'kemarau']",air; angin; musim; angin kecepatan; kecepatan air; air arus; arus air; musim kemarau; kemarau,"angin harus bertiup konstan, angin perlu kecepatan tertentu Air : arus air harus konstan dan deras, musim kemarau?","['angin', 'harus', 'bertiup', 'konstan', 'angin', 'perlu', 'kecepatan', 'tertentu', 'air', 'arus', 'air', 'harus', 'konstan', 'dan', 'deras', 'musim', 'kemarau']","['air', 'angin', 'musim', 'angin kecepatan', 'kecepatan air', 'air arus', 'arus air', 'musim kemarau', 'kemarau']","['air', 'angin', 'musim', 'angin kecepatan', 'kecepatan air', 'air arus', 'arus air', 'musim kemarau', 'kemarau']","{'angin', 'air', 'musim'}","{'air', 'angin kecepatan', 'musim kemarau', 'kecepatan air', 'angin', 'air arus', 'kemarau', 'arus air'}","['kemarau', 'musim kemarau', 'kecepatan air', 'angin kecepatan', 'air arus', 'arus air', 'musim', 'air']","[3.411901783310653, 2.37897550966334, 2.24806803343974, 1.9976337011236842, 1.5479782631638745, 1.5479782631638745, 1.346049236016027, 0.5071769809330168]",pmi_threshold,angin kecepatan,0.4184570014476776,"['angin kecepatan', 'kecepatan air', 'musim kemarau']","[0.4184570014476776, 0.3573967516422272, 0.25057175755500793]",from_best_pmi,rb_only,1693__3
931,4,"-Geothermal buat diindonesia bagus bgt tapi kurang maju karena terkadang lokasinya diwilayah konservasi -Wind turbine masih banyak kendala karena kecepatan angin kita pas-pasan cutoff turbin angin biasanya 2,5 m/s, dan banyak di indonesia yg mepet kecuali beberapa tempat -Water turbine solusi bagus, dulu pas kuliah ane di lab mekanika fluida salah satu profesor ane bergerak dibidang itu Pico hydro turbine, cocok bgt buat indonesia karena banyak potensi well... akhirnya cuma bisa menanti keputusan pemerintah aja dan pihak yang mau bangkitin listrik :hammer",karena banyak potensi well...,kaskus,2017-09-30 09:32:47,['potensi'],['potensi'],['potensi'],potensi,karena banyak potensi well...,"['karena', 'banyak', 'potensi', 'well']",['potensi'],['potensi'],{'potensi'},{'potensi'},['potensi'],[-0.11627429032133814],pmi_fallback_top,potensi,0.5054178833961487,['potensi'],[0.5054178833961487],from_best_pmi,overlap,931__4
9,11,"Biomass hands down. If you're Javanese you might not notice THAT much, but if you really pay attention to Kalimantan/Sumatera, it's literally sawit everywhere. Terus hal yang jadi advantage biomass adalah energinya bisa dijadiin dalam bentuk liquid/cair yang mana artinya fleksibel banget. Kebanyakan opsi elu adalah energi terbarukan yang finalnya cuma bisa dipindah pake listrik. Oke lah kalo buat lokal, tapi kalo buat mencukupi Indonesia dalam skala besar kayak yang OP bilang agak susah mengingat Indonesia itu negara gede, elu harus pertimbangin juga energy loss-nya, ga cuma besar-besaran angka. Sama menurut gua, skala besar itu ga berarti satu daerah/pulau bisa memasok kebutuhan satu Indonesia, nope. Lebih bagus lagi adalah daerah-daerah yang relatif kecil kayak yang masih ngandelin pertanian bisa memasok kebutuhan energinya sendiri sehingga ga terlalu bergantung sama daerah lain. Hasil sampingnya kan biomass tuh, jadi ya berpotensial banget sebenernya. Sebenernya masih banyak yang bisa dibahas sih soal EBT, terutama soal ke-""fanatikan"" netizen sama tenaga nuklir padahal ga tau realitas aslinya di Indo kek begimana wkwkwk","Sebenernya masih banyak yang bisa dibahas sih soal EBT, terutama soal ke- fanatikan netizen sama tenaga nuklir",reddit,2022,"['nuklir', 'tenaga', 'ebt']","['ebt', 'fanatikan netizen', 'netizen tenaga', 'tenaga nuklir', 'nuklir']","['nuklir', 'tenaga', 'ebt', 'fanatikan netizen', 'netizen tenaga', 'tenaga nuklir']",nuklir; tenaga; ebt; fanatikan netizen; netizen tenaga; tenaga nuklir,"Sebenernya masih banyak yang bisa dibahas sih soal EBT, terutama soal ke- fanatikan netizen sama tenaga nuklir","['sebenernya', 'masih', 'banyak', 'yang', 'bisa', 'dibahas', 'sih', 'soal', 'ebt', 'terutama', 'soal', 'ke', 'fanatikan', 'netizen', 'sama', 'tenaga', 'nuklir']","['nuklir', 'tenaga', 'ebt', 'fanatikan netizen', 'netizen tenaga', 'tenaga nuklir']","['nuklir', 'tenaga', 'ebt', 'fanatikan netizen', 'netizen tenaga', 'tenaga nuklir']","{'nuklir', 'ebt', 'tenaga'}","{'fanatikan netizen', 'tenaga nuklir', 'nuklir', 'ebt', 'netizen tenaga'}","['fanatikan netizen', 'netizen tenaga']","[5.99382190280132, 1.992542236827183]",pmi_threshold,netizen tenaga,0.3638191223144531,"['netizen tenaga', 'fanatikan netizen']","[0.3638191223144531, 0.20245757699012756]",from_best_pmi,rb_only,9__11
2126,10,"ane mau clearin beberapa hal gan, karena ane gawe di pln, dan bokap ane gawe di batan. kenapa ga nuklir? dr jaman bung karno kita uda mau buat pltn, in fact uda ada pltn skala prototype utk riset di puspiptek serpong , dengan kwh kecil. so kenapa ga pltn? yg pasti safety concern gan. indonesia uda ikut dalam nuclear for peace, jadi intsalasi utk reaktor uda pasti dipandu sama dunia internasional, so bisa ane bilang 'cukup aman'. yg jadi masalah sekarang adalah safety concern itu adalah maenan lsm, komnas ham, dan dinas2 terkait. mereka ngomporin masyarakat buat ga setuju nuklir, kenapa? karena dibelakang mereka itu politisi dan pebisnis yg punya bisnis batubara kelas rendah, yg konsumenya apalagi kalo bukan pltu pltu. so salah siapa? bisa dijawab sendiri gan. nag terkait harga listrik? sori agan agan masi bayar mahal karena sistem subsidi yang PLN terapkan, di timur sono orang susah bayar listrik gan, temen ane dibayar pake sayuran, itu aja untung, banyak temen ane yang disodorin golok pas nagih ke pelanggan. belom lagi masalah anggaran proyek PLN yg disabotase dpr dan pejabat daerah gan. susahnya pembebasan lahan yg lagi lagi dikomporin lsm. ente mau tau pendapat amandemen uud monopoli? salah besar kalo jaringan listrik dibebasin ke swasta, sekarang sektor pembangkitan swasta uda mulai masuk, ente mau tau efek yg perna terjadi? nias mati 3 hari listrik kemaren itu gan salah satu bukti langsung. kita PLN mau negosiasi kontrak sm pihak pembangkitan swasta, krn jmn dulu kontrak itu ngrugiin PLN bahkan masyarakat langsung jd bayar mahal. nah si swasta ngambek dong krn mereka jd rugi, akirnya dirusak lah control room mereka, pasokan di jaringan matot dan siapa yg disalahin? PLN gan! kita padahal kedekeran mobilisasi diesel dr daerah terdekat buat ngembaliin listrik kalian. so apa kabar kalo sektor transmisi distribusi jatoh kentangan swasta even asing? bayangin gan kalo perang, rumah sakit pangkalan militer smua disupply listrik. ente bisa bayangin betapa lemahnya indonesia kalo sektor listrik di pegang swasta? ga munafik juga gan, ane gabung pln baru 2 taun. dosa dirut2 dahulu beserta pemerintahan sby bikin pln rusak, citra pln juga uda buruk gan. tapi kita generasi muda uda mule banyak gan di PLN, mental2 kita juga lebih baik lah drpada gen Y yg ada di atas2 sekarang. jadi memang problemnya intinya di SDM. ga cuma sdm pln aja tp juga politisi, lsm, masyarakat sekitar. sekian gan sedikit cerita dari ane orang dalem yg sering denger cerita cerita dr dalem",bisa dijawab sendiri gan.,kaskus,2017-03-12 13:34:54,,[],[],,bisa dijawab sendiri gan.,"['bisa', 'dijawab', 'sendiri', 'gan']",[],[],set(),set(),[],[],no_candidates,,,[],[],no_candidates,none,2126__10
1351,0,"PLTS lebih aman, ekonomis, dan berdaya jual","PLTS lebih aman, ekonomis, dan berdaya jual",kaskus,2015-04-12 20:48:36,"['plts', 'jual']",['plts aman'],"['plts', 'jual', 'plts aman']",plts; jual; plts aman,"PLTS lebih aman, ekonomis, dan berdaya jual","['plts', 'lebih', 'aman', 'ekonomis', 'dan', 'berdaya', 'jual']","['plts', 'jual', 'plts aman']","['plts', 'jual', 'plts aman']","{'jual', 'plts'}",{'plts aman'},['jual'],[1.1798597648743827],pmi_threshold,jual,0.0141951385885477,['jual'],[0.014195138588547707],from_best_pmi,unsup_only,1351__0
222,0,Nanti selanjutnya senjata nuklir bisa ga :3,Nanti selanjutnya senjata nuklir bisa ga : <NUM>,reddit,2022,"['nuklir', 'senjata']","['senjata nuklir', 'nuklir']","['nuklir', 'senjata', 'senjata nuklir']",nuklir; senjata; senjata nuklir,Nanti selanjutnya senjata nuklir bisa ga : <NUM>,"['nanti', 'selanjutnya', 'senjata', 'nuklir', 'bisa', 'ga', 'num']","['nuklir', 'senjata', 'senjata nuklir']","['nuklir', 'senjata', 'senjata nuklir']","{'senjata', 'nuklir'}","{'nuklir', 'senjata nuklir'}",['senjata'],[1.0215107401934385],pmi_threshold,senjata,0.2967733442783355,['senjata'],[0.29677334427833557],from_best_pmi,unsup_only,222__0
6,0,"Large scale storage belum ada bro. Kalau pakai lithium mahal minta ampun. Tapi emang byk yg lagi dikembangin, kaya liquid metal battery. Semoga aja ada yg beneran jadi secepatnya.",Large scale storage belum ada bro.,reddit,2022,"['storage', 'large', 'scale']","['large', 'scale', 'storage']","['storage', 'large', 'scale']",storage; large; scale,Large scale storage belum ada bro.,"['large', 'scale', 'storage', 'belum', 'ada', 'bro']","['storage', 'large', 'scale']","['storage', 'large', 'scale']","{'large', 'scale', 'storage'}","{'large', 'scale', 'storage'}","['scale', 'large', 'storage']","[5.540262383513356, 4.978383495905241, 2.432733919208911]",pmi_threshold,storage,0.4368344843387604,"['storage', 'large', 'scale']","[0.4368344843387604, 0.3705960214138031, 0.1902155876159668]",from_best_pmi,overlap,6__0
1821,2,"ada 2 tipe manusia indonesia : yang berpikir ""Bagaimana jika terjadi bencana pada PLTN"" dan yang berpikir ""bagaimana agar bencana tidak mengenai PLTN"" Jelas sekali dengan tingkat pendidikan rakyat indonesia sekarng > 60% adalah tamatan S3 (sd-smp-sma), maka akan cenderung berfikir opsi pertama. silahkan cek.... [COLOR=""Red""]STOP kirim BATUBARA u/ P. JAWA kita lihat apakah PLTA/G P.Jawa MAMPU menyuplai LISTRIK sepanjang tahun!!. [/COLOR] enak bener disini byarpett disana ON terus. brengsekkk","> <NUM> % adalah tamatan S3 (sd-smp-sma), maka akan cenderung berfikir opsi pertama.",kaskus,2012-10-16 09:26:48,['pilihan'],"['tamatan s3', 's3 sd-smp-sma', 'sd-smp-sma', 'pilihan']","['pilihan', 'tamatan s3', 's3 sd-smp-sma', 'sd-smp-sma']",pilihan; tamatan s3; s3 sd-smp-sma; sd-smp-sma,"> <NUM> % adalah tamatan S3 (sd-smp-sma), maka akan cenderung berfikir opsi pertama.","['num', 'adalah', 'tamatan', 's3', 'sd', 'smp', 'sma', 'maka', 'akan', 'cenderung', 'berfikir', 'opsi', 'pertama']","['pilihan', 'tamatan s3', 's3 sd-smp-sma', 'sd-smp-sma']","['pilihan', 'tamatan s3', 's3 sd smp sma', 'sd smp sma']",{'pilihan'},"{'tamatan s3', 'sd smp sma', 'pilihan', 's3 sd smp sma'}","['tamatan s3', 's3 sd smp sma', 'sd smp sma']","[5.532050566508829, 4.203334165129696, 3.760428698003318]",pmi_threshold,s3 sd smp sma,0.3692064583301544,"['s3 sd smp sma', 'tamatan s3', 'sd smp sma']","[0.3692064583301544, 0.29978013038635254, 0.053408630192279816]",from_best_pmi,rb_only,1821__2
1373,0,"jangan bangun pltn cuma karena ""semua harus dipakai"" tidak harus semua harus dipakai.....yg penting aman dan bahan bakarnya cocok dg kondisi kita shg jatuhnya murah",jangan bangun pltn cuma karena semua harus dipakai tidak harus semua harus dipakai.....yg penting aman dan bahan bakarnya cocok dg kondisi kita shg jatuhnya murah,kaskus,2014-01-06 09:22:21,"['kondisi', 'pltn', 'bahan']","['pltn', 'bahan bakar cocok', 'bakar', 'kondisi']","['kondisi', 'pltn', 'bahan', 'bahan bakar cocok', 'bakar']",kondisi; pltn; bahan; bahan bakar cocok; bakar,jangan bangun pltn cuma karena semua harus dipakai tidak harus semua harus dipakai.....yg penting aman dan bahan bakarnya cocok dg kondisi kita shg jatuhnya murah,"['jangan', 'bangun', 'pltn', 'cuma', 'karena', 'semua', 'harus', 'dipakai', 'tidak', 'harus', 'semua', 'harus', 'dipakai', 'yg', 'penting', 'aman', 'dan', 'bahan', 'bakarnya', 'cocok', 'dg', 'kondisi', 'kita', 'shg', 'jatuhnya', 'murah']","['kondisi', 'pltn', 'bahan', 'bahan bakar cocok', 'bakar']","['kondisi', 'pltn', 'bahan', 'bahan bakar cocok', 'bakar']","{'pltn', 'kondisi', 'bahan'}","{'kondisi', 'pltn', 'bakar', 'bahan bakar cocok'}",['kondisi'],[1.7243650392065863],pmi_threshold,kondisi,0.1094194501638412,['kondisi'],[0.10941945016384125],from_best_pmi,overlap,1373__0
1312,0,ane dukung pltn 100% gan.... :Yb,ane dukung pltn <NUM> % gan....,kaskus,2015-10-29 21:01:05,['pltn'],['pltn'],['pltn'],pltn,ane dukung pltn <NUM> % gan....,"['ane', 'dukung', 'pltn', 'num', 'gan']",['pltn'],['pltn'],{'pltn'},{'pltn'},['pltn'],[-2.6714912535858915],pmi_fallback_top,pltn,0.1165213957428932,['pltn'],[0.11652139574289322],from_best_pmi,overlap,1312__0
2184,8,"Yang nuclear engineer itu saya atau anda? Sudah pernah berurusan langsung dengan limbah radioaktif atau minimal melihat proses pengolahannya? Saya prihatin sama orang Indonesia, masih banyak sekali yang budaya literasi ilmiahnya rendah. Media populer yang lebih banyak ngaconya lebih dipercaya dari media ilmiah yang harus melewati screening ketat dari pakar di bidangnya. Badan Tenaga Nuklir Nasional sudah berurusan dengan limbah radioaktif sejak reaktor riset beroperasi, dan nyatanya mereka bisa mengelolanya dengan baik, dengan keterbatasan dana sekalipun. Saya juga mendengar cerita dari orang yang mengelola limbah radioaktif di Hanford Site, dan dia mengatakan hal serupa: ""Bekerja di instalasi pengelolaan limbah radioaktif itu lebih aman daripada makan di McDonald"". ini orang yang terlibat langsung, lho. artinya limbah radioaktif memang bisa dikelola dan tidak begitu merepotkan.",artinya limbah radioaktif memang bisa dikelola dan tidak begitu merepotkan.,kaskus,2017-03-10 12:47:10,['limbah'],"['arti limbah', 'limbah radioaktif', 'arti']","['limbah', 'arti limbah', 'limbah radioaktif', 'arti']",limbah; arti limbah; limbah radioaktif; arti,artinya limbah radioaktif memang bisa dikelola dan tidak begitu merepotkan.,"['artinya', 'limbah', 'radioaktif', 'memang', 'bisa', 'dikelola', 'dan', 'tidak', 'begitu', 'merepotkan']","['limbah', 'arti limbah', 'limbah radioaktif', 'arti']","['limbah', 'arti limbah', 'limbah radioaktif', 'arti']",{'limbah'},"{'arti', 'limbah radioaktif', 'arti limbah'}","['arti', 'arti limbah', 'limbah radioaktif']","[6.468449998887014, 3.2002822327667615, 0.5711598305522119]",pmi_threshold,limbah radioaktif,0.6407817006111145,"['limbah radioaktif', 'arti limbah', 'arti']","[0.6407817006111145, 0.3411619961261749, 0.00689110578969121]",from_best_pmi,rb_only,2184__8
1702,3,"nuklir cukup ramah lingkungan, dibanding semua sumber energi, nuklirlah yang emisi karbonnya hampir nol. hanya bisa didekati oleh PLTA. hasil pembakaran bahan bakarnya juga diperlakukan dengan baik sehingga sangat ramah lingkungan. saking ramah lingkungannya, emisi yg timbulkan sama atau kurang dari emisi yang ditimbulkan radiasi natural yang bersumber dari gas radon, sinar kosmik, sinar ekstra terestrial, plus emisi yg ditimbulkan oleh henpon henpon tua. jangan takut.","saking ramah lingkungannya, emisi yg timbulkan sama atau kurang dari emisi yang ditimbulkan radiasi natural yang bersumber dari gas radon, sinar kosmik, sinar ekstra terestrial, plus emisi yg ditimbulkan oleh",kaskus,2012-10-18 15:54:42,"['radiasi', 'gas', 'emisi']","['lingkungan', 'ramah emisi', 'emisi', 'radiasi natural', 'gas radon', 'radon', 'sinar kosmik', 'kosmik', 'sinar ekstra', 'ekstra terestrial', 'plus emisi', 'radiasi', 'gas']","['radiasi', 'gas', 'emisi', 'lingkungan', 'ramah emisi', 'radiasi natural', 'gas radon', 'radon', 'sinar kosmik', 'kosmik', 'sinar ekstra', 'ekstra terestrial', 'plus emisi']",radiasi; gas; emisi; lingkungan; ramah emisi; radiasi natural; gas radon; radon; sinar kosmik; kosmik; sinar ekstra; ekstra terestrial; plus emisi,"saking ramah lingkungannya, emisi yg timbulkan sama atau kurang dari emisi yang ditimbulkan radiasi natural yang bersumber dari gas radon, sinar kosmik, sinar ekstra terestrial, plus emisi yg ditimbulkan oleh","['saking', 'ramah', 'lingkungannya', 'emisi', 'yg', 'timbulkan', 'sama', 'atau', 'kurang', 'dari', 'emisi', 'yang', 'ditimbulkan', 'radiasi', 'natural', 'yang', 'bersumber', 'dari', 'gas', 'radon', 'sinar', 'kosmik', 'sinar', 'ekstra', 'terestrial', 'plus', 'emisi', 'yg', 'ditimbulkan', 'oleh']","['radiasi', 'gas', 'emisi', 'lingkungan', 'ramah emisi', 'radiasi natural', 'gas radon', 'radon', 'sinar kosmik', 'kosmik', 'sinar ekstra', 'ekstra terestrial', 'plus emisi']","['radiasi', 'gas', 'emisi', 'lingkungan', 'ramah emisi', 'radiasi natural', 'gas radon', 'radon', 'sinar kosmik', 'kosmik', 'sinar ekstra', 'ekstra terestrial', 'plus emisi']","{'gas', 'radiasi', 'emisi'}","{'gas', 'lingkungan', 'ekstra terestrial', 'sinar ekstra', 'gas radon', 'radon', 'emisi', 'ramah emisi', 'radiasi', 'kosmik', 'sinar kosmik', 'plus emisi', 'radiasi natural'}","['radon', 'kosmik', 'ekstra terestrial', 'sinar kosmik', 'sinar ekstra', 'gas radon', 'emisi', 'plus emisi', 'ramah emisi', 'radiasi natural']","[6.4451858482317315, 4.950421156482153, 4.379353014103751, 4.000010934050606, 3.148003347868147, 2.9911942819269663, 2.9857542295944337, 2.736259590788782, 2.10368855639089, 0.9289153411154543]",pmi_threshold,radiasi natural,0.4515883326530456,"['radiasi natural', 'gas radon', 'sinar kosmik']","[0.45158833265304565, 0.32209300994873047, 0.2114601880311966]",from_best_pmi,rb_only,1702__3
1835,7,":ngakak betapa bodohnya indonesia. disaat negara2x lain beralih ke sumber energi yg sehat dan aman, setelah 2 tragedi tchernobyl dan fukushima diindonesia malah mau bangun pltn :nohope: jalan maju ini malah mundur :nohope: sumber energi yg bersih? ga salah :D coba belajar lagi gih sana para pakar diindo :D sampah nuklir itu beradiasi super bahaya, dan ga akan ilang radiasinya sampai ratusan, ribuan bahkan jutaan tahun. sampahnya perlu tempat pembuangan/penampungan khusus puluhan ato ratusan meter dibawah tanah, dan dikandungan tanah geologis yg super kering, tidak boleh lembab sama sekali. dan harus selalu dipantau sampe ratusan tahun. apa indonesia mampu? :D ntar sampah nuklir asal buang aje ke kali :D belum lagi pembangunan pltn perlu tehnologi tinggi dan kejujuran! lah diindonesia yg sistem korup, apa2x dikorup, ntar bahan bangunannya dikorup. kaya gedung olahraga yg baru dibangun noh, baru jadi udah rubuh atapnya kena ujan dikit :nohope: :cd: nah ini pltn kalo dikorup, tiba2x meletus, kejadian kaya di fukushima ato tcernobyl. gimana coba? 1 kota mati coi. belum lagi indonesia terletak di 2 lempeng dimana sering terjadi pergeseran sehingga gempa, dan banyak gunung berapi. kalo meletus ato gempa, trus pltn nya rusak bocor, radiasi kemana2x, gimana? :D tapi kalo tujuannya emang mengurangi jumlah penduduk sih silahkan aja :D kalo bisa bangun deket gedung dpr dan istana aja kali ya :D biar kalo meletus, yg disana mokat duluan :D indonesia paling cocok pake tenaga matahari, karena di tropis, solar cell emang mahal, tapi kan harga tergantung permintaan. kalo seluruh indonesia mau pake solar cell, dimana produksinya jadi banyak dan masal, ya pasti jadi murah. diindonesia juga banyak pantai, anginnya kuat2x bisa pake tenaga angin offshore diindonesia banyak gunung api, bisa pake tenaga thermal masih banyak alternatif lain yg lebih baik dan lebih aman serta lebih murah kalo bener2x mau dibuat.",apa indonesia mampu?,kaskus,2012-10-16 02:09:15,['indonesia'],['indonesia'],['indonesia'],indonesia,apa indonesia mampu?,"['apa', 'indonesia', 'mampu']",['indonesia'],['indonesia'],{'indonesia'},{'indonesia'},['indonesia'],[-2.824814297916792],pmi_fallback_top,indonesia,0.6302202343940735,['indonesia'],[0.6302202343940735],from_best_pmi,overlap,1835__7
1933,1,"sebenernya menguntungkan sekali sih....banyak banget yang bisa dihemat, asal bikinnya bener, kayaknya bisa2 aja. Reaktor nuklir di Bandung aja belum pernah ada masalah ampe sekarang sejak berdiri tahun 1965, dayanya lumayan bisa generate listrik sampe 2 MW walaupun ampe sekarang cuman dipake eksperimen-eksperimen aja","Reaktor nuklir di Bandung aja belum pernah ada masalah ampe sekarang sejak berdiri tahun <NUM> , dayanya lumayan bisa generate listrik sampe <NUM> MW",kaskus,2012-10-12 22:02:54,"['reaktor', 'nuklir', 'listrik']","['reaktor nuklir', 'nuklir', 'bandung', 'daya', 'listrik', 'reaktor']","['reaktor', 'nuklir', 'listrik', 'reaktor nuklir', 'bandung', 'daya']",reaktor; nuklir; listrik; reaktor nuklir; bandung; daya,"Reaktor nuklir di Bandung aja belum pernah ada masalah ampe sekarang sejak berdiri tahun <NUM> , dayanya lumayan bisa generate listrik sampe <NUM> MW","['reaktor', 'nuklir', 'di', 'bandung', 'aja', 'belum', 'pernah', 'ada', 'masalah', 'ampe', 'sekarang', 'sejak', 'berdiri', 'tahun', 'num', 'dayanya', 'lumayan', 'bisa', 'generate', 'listrik', 'sampe', 'num', 'mw']","['reaktor', 'nuklir', 'listrik', 'reaktor nuklir', 'bandung', 'daya']","['reaktor', 'nuklir', 'listrik', 'reaktor nuklir', 'bandung', 'daya']","{'reaktor', 'nuklir', 'listrik'}","{'bandung', 'reaktor', 'nuklir', 'listrik', 'daya', 'reaktor nuklir'}",['bandung'],[2.87929431439614],pmi_threshold,bandung,0.044637344777584,['bandung'],[0.044637344777584076],from_best_pmi,rb_only,1933__1
918,12,"Berita taun berapa ya itu? Udah baca berita terbaru belum tak? :o [B]Jonan Turunkan Target Energi Terbarukan 2025 Jadi 20 Persen[/B] https://kumparan.com/@kumparanbisnis/jonan-turunkan-target-energi-terbarukan-2025-jadi-20-persen-1542263510713846826 Ngerti ga kalo udah nyerah mencapai target 23%? Dia sendiri loh yg menurunkan target. :o Segitunya membela junjungan? :o Loh, katanya dengan rooftop bakal ada bauran energi. Jonan sama Archanda bikin rooftop loh https://ekbis.sindonews.com/read/1328970/34/dukung-bauran-energi-rumah-archandra-tahar-pakai-solar-pv-rooftop-1533790400 Terus keluar aturan baru dan akhirnya http://iesr.or.id/2018/12/siaran-pers-permen-esdm-no-49-2018/ [B] Permen ESDM No. 49/2018 Menurunkan Minat Investasi Masyarakat dan Industri[/B] [B]Permen 49/2018 ini menurutnya, juga tidak mencerminkan semangat untuk percepatan (akselerasi) pencapaian target bauran energi terbarukan seperti yang diamanatkan dalam Rencana Umum Energi Nasional (RUEN) dimana pada tahun 2025 target energi terbarukan mencapai 45 Gigawatt (GW) dimana 6,5 GW diantaranya berasal dari kapasitas listrik surya atap.[/B] Jelas? Hayo loh. Ini aturan di akhir 2018. Omongan ente si Jonan masih di 2017. Kena deh dongoknya nastak. :o Emang di sini ada yang ngomongin prabowo sudirman said dkk? Di sini udah jelas ngomongin kebijakan di pemerintahan sekarang kok. Nyambung bener ente. :o Kasian, ga ada loh yang bawa ke pilpres dari awal. Orang2 pada bahas kebijakan EBT. Kalo udah buta mata buta hati ya begini. :o",Ini aturan di akhir <NUM> .,kaskus,2019-01-28 10:36:33,['aturan'],['aturan'],['aturan'],aturan,Ini aturan di akhir <NUM> .,"['ini', 'aturan', 'di', 'akhir', 'num']",['aturan'],['aturan'],{'aturan'},{'aturan'},['aturan'],[2.3563279199441642],pmi_threshold,aturan,0.3976288735866546,['aturan'],[0.39762887358665466],from_best_pmi,overlap,918__12
2204,21,"wah seneng banget nih ada ahli dan praktisi dari listrik tenaga nuklir. jujur saya udah lama cuma jadi silent reader di kaskus, sudah tidak banyak thread yang memancing saya untuk berkomentar, tapi yang satu ini kontroversial banget. saya sendiri ahli dan praktisi di listrik tenaga matahari. dan kelihatannya saya harus berkomentar disini untuk berbagi pemahaman mengenai solusi energi kalau yang saya lihat dari thread, kelihatannya yang agan jelaskan baru garis besar dan kesimpulan nya saja ayng sudah agan pelajari selama ini. dengan menarik jumlah emisi karbon di suatu negara sebagai tolak ukur keberhasilan jenis pembangkit energi yang digunakannya. saya rasa ini merupakan cara yang paling cepat untuk mengukur tingkat keberhasilannya. tapi sama seperti kepala daerah, tingkat keberhasilan nya diukur dari berbagai macam sisi. bukan hanya dari nilai pendapatan daerah yang meningkat saja. ada yang menilai dari berkurangnya angka pengangguran, ada pula yang menilai dari pembangunan insfrastrukturnya, dan lain lain. begitu pula halnya dengan komparasi jenis solusi energi sebelum saya jelaskan lebih jauh, perlu kita sadari bersama komparasi solusi energi antara minyak bumi, batu bara, nuklir, angin, panas bumi , dan tenaga matahari tidak komprehensif. kenapa saya katakan begitu. karena memang kalau kita telusuri bagaimana solusi energy itu didapat dan diolah semuanya benar benar berbeda. kalau kita mencoba mengerti lebih jauh mengenai dari mana sebenarnya sumber sumber solusi energi itu di dapatkan, kita akan bisa memutuskan mana yang sebenarnya lebih efisien untuk kita misalnya minyak bumi, gas alam, dan batu bara, saya jadikan satu karena semuanya merupakan energy yang disimpan di dalam bumi dan merupakan sumber daya alam yang terbatas. kenapa saya sebut "" disimpan di dalam bumi"". karena sebenarnya minyak bumi dan kawan kawannya itu merupakan battery alami yang terbentuk akibat tekanan dan panas, dan baik tekanan dan panas itu sebenarnya sumbernya dari matahari. dengan tingkat konversi energi nya hanya 0.000005% ( nilai jumlah keseluruhan energi fosil dibagi jumlah energy yang diterima bumi dari matahari ) untuk panas bumi dan angin merupakan energy yang di tangkap dari proses lanjutan yang didapatkan dari energi matahari. untuk komparasi secara kalkulasi memang agak sulit karena menggunakan satuan yang berbeda untuk energi nuklir sendiri saya masih awam, dan tidak mengerti apakah energi nuklir ini didapatkan murni dari pengolahan manusia, atau termasuk salah satu jenis energi yang ikut menyimpan energi di dalam bumi selama proses bumi menerima energi dari matahari seperti energy fosil jadi jika dikomparasi efisiensi energy dari sumbernya (matahari) ke jenis energi yang kita pakai sekarang ( listrik ) energi fosil hanya 0.000001% energi solarcell saat ini sudah mencapai 19-20% energi panas bumi dan angin ?? energi nuklir ?? disini sudah bisa kita komparasikan nilai efisiensi energy dari berbagai jenis solusi energi lalu diawal sudah saya sampaikan bahwa energi fosil/nuklir tidak bisa di komparasikan dengan energi angin dan matahari. karena memang jika kita lihat dari prosesnya bahwa energi fosil dan nuklir adalah proses mengolah energi dari storage system / battery yang ada di alam. menjadi listrik sedangkan solusi energi angin dan matahari adalah proses konversi dari sumber energi langsung menjadi listrik, tanpa mengubahnya terlebih dahulu menjadi storage system lalu yang menjadi komparasi yang seimbang adalah ketika system tenaga matahari atau angin itu dilengkapi dengan storage system juga. baru bisa di komparasikan kehandalannya dengan jenis solusi energi yang berbasis mengubah battery alam menjadi listrik sebagai gambaran storage system / battery yang saat ini kita pakai rata rata memiliki efisiensi 95%, jauh sekali dibandingkan efisiensi storage system / battery alam yang hanya 0.000005% atau meningkat 4 juta kali lipat lebih efisien kita tinggalkan sejenak mengenai perbandingan efisiensi. dan lebih mendalami apa yang sebenarnya kita butuhkan. listrik dengan system sentralisasi sudah berjalan selama puluhan tahun, system sentralisasi seperti ini terkesan lebih mudah di maintenance, karena cuma perlu merawat 1 buah system besar. namun kabar buruknya saat satu bagian kecil saja dari system besar itu terjadi masalah, maka seluruh pengguna listrik akan merasakan akibatnya. dan semakin lama 1 buah system yang besar itu tidak akan bisa semakin simple, justru akan semakin rumit dengan bertambahnya jumlah jaringan. jawaban dari semua itu adalah kemandirian solusi energi yang ada di setiap rumah / pabrik. karena sumber energi yang sebenarnya masih terpapar dengan jumlah energi yang massif, gratis, dan menunggu untuk kita gunakan. dan perawatan nya bisa dilakuan secara mandiri oleh orang yang menggunakan, saya rasa tanggung jawab secara mandiri ini adalah yang paling baik alasan lain adalah dengan sistem sentralisasi seperti ini, maka selamanya akan selalu ada ketimpangan antara daerah yang satu dengan yang lain. misalnya ada suatu pulau di antara sulawesi dan papua. seluruh penduduknya adalah nelayan, jumlah penduduk di pulau tersebut 100 KK, apakah ada nilai ekonomisnya untuk membangun pembangkit listrik tenaga nuklir disana, atau bahkan dalam sistem sentralisasi, apakah mungkin dalam nilai komersil menarik kabel dari pulau jawa ke pulau tersebut? dan saya rasa kenapa indonesia belum menggunakan pembangkit listrik tenaga matahari karena akhirnya para praktisi energi dan teknologi akan berkumpul untuk memutskan mana yang terbaik. jangan sampai suatu saat nanti indonesia baru mulai membangun pembangkit listrik tenaga nuklir, saat negara lain sudah meninggalkannya. secara development akan berat mahal dan sulit",) untuk panas bumi dan angin merupakan energy yang di tangkap dari proses lanjutan yang didapatkan dari energi matahari.,kaskus,2017-03-10 10:15:18,"['energi', 'matahari', 'panas_bumi', 'angin', 'proses']","['panas_bumi', 'angin', 'energi', 'proses lanjutan', 'lanjutan', 'energi matahari', 'matahari', 'proses']","['energi', 'matahari', 'panas_bumi', 'angin', 'proses', 'proses lanjutan', 'lanjutan', 'energi matahari']",energi; matahari; panas_bumi; angin; proses; proses lanjutan; lanjutan; energi matahari,) untuk panas bumi dan angin merupakan energy yang di tangkap dari proses lanjutan yang didapatkan dari energi matahari.,"['untuk', 'panas', 'bumi', 'dan', 'angin', 'merupakan', 'energy', 'yang', 'di', 'tangkap', 'dari', 'proses', 'lanjutan', 'yang', 'didapatkan', 'dari', 'energi', 'matahari']","['energi', 'matahari', 'panas_bumi', 'angin', 'proses', 'proses lanjutan', 'lanjutan', 'energi matahari']","['energi', 'matahari', 'panas bumi', 'angin', 'proses', 'proses lanjutan', 'lanjutan', 'energi matahari']","{'matahari', 'energi', 'proses', 'panas bumi', 'angin'}","{'matahari', 'energi', 'lanjutan', 'proses lanjutan', 'proses', 'panas bumi', 'angin', 'energi matahari'}","['lanjutan', 'proses lanjutan', 'proses']","[5.52621346904586, 3.3635339689020425, 1.2008544687582245]",pmi_threshold,proses,0.1371620446443557,"['proses', 'proses lanjutan', 'lanjutan']","[0.13716204464435577, 0.10500802844762802, 0.005727197974920273]",from_best_pmi,overlap,2204__21
1869,4,"soal kasus nuklir ada di media2....intinya kecelakaan nuklir entah berkat manusia atau alam terjadi....soal probabilitas kecelakaan ya kecil.....soal indonesia aman dari gempa...iya, klo aman dari pltn...ngga! :fuck: udah terulang tod! dan problem dengan orang2 tolol kayak lu adalah kalau diulang lagi u terima2 aja ! goblok! :fuck: yang terulang di sini masalah pltn ancur abis itu menyebar radiasi...bukan penyebab ancurnya tuh pltn...:think: ga usa gw kasi tabel perbandingan...soal effective cost dan energi yang dihasilkan jelas pltn menang jauh dibanding alternatif..wong yang diteliti jor2an sama dikembangin abis2an dari awal ya itu pltn... gw jelasin aja mahal di comment gw soal nuklir itu bukan soal biaya menghasilkan dan membuat energi..tapi soal dampak ke lingkungan yang ngurusin klo ada apa2 sama tuh pltn itu butuh waktu berabad2 dan tentunya biaya buat ngurusinnya ga dibayar pake ingus! :fuck: yang diterjang pasti hancur? ga juga..ada tuh bangunan macam masjid yang selamet...kayak di aceh dulu..:nohope: intinya tuh pltn rusak...dan dampaknya bikin pusing semua org di sana..bencana! soal input besar output kecil itu ya sekarang...teknlogi makin berkembang dan itu input besar output kecil bakal berubah pastinya dan tentu saja akan lebih cepat kalau pemerintah Indonesia fokus ke energi alternatif..bukan si pltn..:nohope: gw si ga ngunggulin si energi alternatif dari segi biaya atau soal hasil daya energi atau soal maintenis.....gw ngunggulin energi alternatif karena ke depannya dampak ke lingkungan sangat aman alias limbahnya ga bakal ngerusak lingkungan atau berpotenis bunuh manusia.. jadi klo ada yang bilang nuklir adalah pilihan yang lebih tepat karena alasan ekonomi ya bener..klo soal kemanan lingkungan..sangat salah! :cd sekali ada kesalahan itu dampak kerusakan nuklir ga main2! sampe sekarang aja chernobyl belum bersih dari radiasi loch! :think:",:fuck: yang terulang di sini masalah pltn ancur abis itu menyebar radiasi...bukan penyebab ancurnya tuh pltn...:think: ga usa gw kasi tabel perbandingan...soal effective cost dan energi yang dihasilkan jelas pltn,kaskus,2012-10-15 14:29:45,"['energi', 'radiasi', 'cost', 'pltn']","['pltn', 'radiasi', 'penyebab ancur pltn', 'ancur', 'usa', 'tabel perbandingan', 'perbandingan', 'cost', 'energi', 'penyebab', 'tabel']","['energi', 'radiasi', 'cost', 'pltn', 'penyebab ancur pltn', 'ancur', 'usa', 'tabel perbandingan', 'perbandingan', 'penyebab', 'tabel']",energi; radiasi; cost; pltn; penyebab ancur pltn; ancur; usa; tabel perbandingan; perbandingan; penyebab; tabel,:fuck: yang terulang di sini masalah pltn ancur abis itu menyebar radiasi...bukan penyebab ancurnya tuh pltn...:think: ga usa gw kasi tabel perbandingan...soal effective cost dan energi yang dihasilkan jelas pltn,"['fuck', 'yang', 'terulang', 'di', 'sini', 'masalah', 'pltn', 'ancur', 'abis', 'itu', 'menyebar', 'radiasi', 'bukan', 'penyebab', 'ancurnya', 'tuh', 'pltn', 'think', 'ga', 'usa', 'gw', 'kasi', 'tabel', 'perbandingan', 'soal', 'effective', 'cost', 'dan', 'energi', 'yang', 'dihasilkan', 'jelas', 'pltn']","['energi', 'radiasi', 'cost', 'pltn', 'penyebab ancur pltn', 'ancur', 'usa', 'tabel perbandingan', 'perbandingan', 'penyebab', 'tabel']","['energi', 'radiasi', 'cost', 'pltn', 'penyebab ancur pltn', 'ancur', 'usa', 'tabel perbandingan', 'perbandingan', 'penyebab', 'tabel']","{'cost', 'pltn', 'radiasi', 'energi'}","{'energi', 'penyebab ancur pltn', 'ancur', 'usa', 'radiasi', 'penyebab', 'tabel perbandingan', 'tabel', 'cost', 'pltn', 'perbandingan'}","['tabel', 'ancur', 'usa', 'penyebab', 'tabel perbandingan', 'perbandingan', 'penyebab ancur pltn', 'cost']","[3.9704226383377934, 3.561309973016055, 3.561309973016055, 3.561309973016055, 3.36601563091984, 2.7616086235018864, 1.9710988707055213, 1.290135178593327]",pmi_threshold,cost,0.1944533437490463,"['cost', 'tabel perbandingan', 'perbandingan']","[0.19445334374904633, 0.1354699730873108, 0.10919971764087677]",from_best_pmi,overlap,1869__4
2086,11,"Haduh, dari SD kita dicekoki bilang Indonesia negara kaya makanya orangnya malah jadi terlena. Mungkin kurikulum harus diganti bahwa kita itu negara pas-pasan, jadi manusianya yang harus kerja berat untuk menutupi kurangnya kekayaan alam. Mas, Indonesia kalau mau dibilang kaya ya kaya, tapi karena jumlah penduduk kita itu besar, ternyata biasa-biasa aja. Ibaratnya duit semilyar itu kalau cuma buat satu orang itu besar, tapi kalau dibagi ke 10 orang yah masih lumayan tapi gak terlalu wah, dan kalau dibagikan ke 100 orang gak sampai setahun aja bakal habis, tapi kalau dijadikan modal usaha mungkin bisa dikembangkan. Kita ini posisinya lebih mirip ke yang 100 orang itu. Angin berhembus sepanjang tahun? [URL=""https://tekno.tempo.co/read/news/2013/12/04/061534644/energi-angin-indonesia-capai-900-megawatt""]Potensi ladang angin Indonesia mencapai 900 MW[/URL]. Di [URL=""http://www.bppt.go.id/outlook-energi/bppt-outlook-energi-indonesia-2016/download""]Outlook Energi Indonesia 2016[/URL] keluaran BPPT (hal 28, baca tuh) potensi tenaga bayu dihitung 970 MW. Iya, kita di khatulistiwa, gak pusing musim dingin di mana siangnya pendek. Tapi kita ada musim hujan yang panjangnya separuh tahun. Matahari mungkin di atas bersinar terik, tapi kalau mendung seharian, berapa hasil energinya? Geothermal melimpah?[URL=""https://finance.detik.com/energi/d-3329413/potensi-dahsyat-geothermal-indonesia-untuk-energi""] Potensi geothermal kita itu 29 GW total[/URL]. Paling besar di dunia, nomor satu top markotop. Tapi Indonesia itu butuhnya bukan ratusan MW, bukan puluhan GW, tapi ratusan GW. [img]https://image.slidesharecdn.com/densyamsirabduh-07082014-unhas-140923222614-phpapp01/95/den-syamsir-abduh-07082014unhas-29-638.jpg?cb=1411511450[/img] Itu dari [URL=""https://www.slideshare.net/Syamsir06/den-syamsir-abduh-07082014unhas""]presentasi Bapak Syamsir Abduh dari Dewan Energi Nasional[/URL]. Perhatikan itu angka di 2020 berapa, di 2025 berapa, dst sampai 2050 mencapai 430 GW. Kita bisa hitung, potensi angin itu 970 MW alias 0,97 GW. Geothermal 29 GW. [URL=""https://www.merdeka.com/uang/pln-potensi-air-indonesia-bisa-hasilkan-listrik-75000-mw.html""]Potensi tenaga air 75 GW[/URL]. Total 105 GW. Semua itu bakal kita manfaatkan kok, walaupun memang tidak bisa langsung 100%. Semua potensi ini kalau jangka dekat masih cukup, tapi kalau sudah 2030, 2040, 2050, kekurangannya itu mau ditutupi pakai apa? Gas bumi itu sudah mau habis. Dalam 10 tahun kita bakal jadi net importir gas bumi. Batubara lebih banyak, tapi cadangan kita sebenarnya kecil, dan ada hitungan yang memperkirakan bisa habis antara 2033-2036 jika konsumsi terus naik, ekspor terus jalan, dan tidak ditemukan cadangan baru yang besar. Kalau ekspor disetop saya yakin bisa tahan 10-15 tahun lebih lama, tapi di tahun 2050 tetap aja kita sudah jadi net importir batu bara. Secara teori energi matahari kita banyak. Batasnya tergantung lahan dan duit. Jadi mau berapa GW pun asal tempatnya ada dan duitnya ada, bisa diatur. Cuman, berapa? PLTS Cadiz di Filipina adalah PLTS terbesar di Asia Tenggara. Bisa mungkin dipakai sebagai contoh. Kapasitas puncak 132,5 MW, lahan 176 hektar, duit 10 miliar peso (2,65 triliun). Kalau mau 1000 MW kapasitas puncak, berarti 1328 hektar dan 20 triliun.Duit masih bisa dipinjam, tapi lahannya mau cari di mana? Kalau kita babat hutan buat bikin PLTS, ya sama juga boong. Dan ingat kalau PLTS itu sangat tergantung cuaca. Hasil waktu pagi tidak sebaik siang. Kalau mendung drop banyak, dan kalau malam tentu saja hasilnya nol. Kekurangannya itu mau ditutup pakai apa? Kita ini jangan tunggu krisis listrik lalu bisnis dan industri mati suri barusan pontang-panting nyari sumber energi lain. Mumpung belum krisis, mari cari sumber energi lain. Dan nuklir itu salah satu bentuk sumber energi, jangan kita sok menganggap gak perlu. Semua sumber daya yang kita punya itu harus dipakai.","Iya, kita di khatulistiwa, gak pusing musim dingin di mana siangnya pendek.",kaskus,2017-03-15 22:33:27,['musim'],"['khatulistiwa', 'musim dingin', 'siang pendek', 'musim']","['musim', 'khatulistiwa', 'musim dingin', 'siang pendek']",musim; khatulistiwa; musim dingin; siang pendek,"Iya, kita di khatulistiwa, gak pusing musim dingin di mana siangnya pendek.","['iya', 'kita', 'di', 'khatulistiwa', 'gak', 'pusing', 'musim', 'dingin', 'di', 'mana', 'siangnya', 'pendek']","['musim', 'khatulistiwa', 'musim dingin', 'siang pendek']","['musim', 'khatulistiwa', 'musim dingin', 'siang pendek']",{'musim'},"{'musim dingin', 'khatulistiwa', 'musim', 'siang pendek'}","['khatulistiwa', 'musim dingin', 'siang pendek', 'musim']","[3.7757911286407877, 2.5638410946464676, 1.7404073981785337, 1.3518910606521477]",pmi_threshold,musim dingin,0.438248872756958,"['musim dingin', 'musim', 'siang pendek']","[0.438248872756958, 0.25487020611763, 0.21296240389347076]",from_best_pmi,rb_only,2086__11
506,66,"halo gan, kebetulan ane pengamat geothermal dan doakan untuk project geothermal yang akan ane jalankan ini :) Potensi energi panas bumi di Indonesia mencapai 27 Gwe sangat erat kaitannya dengan posisi Indonesia dalam kerangka tektonik dunia. Ditinjau dari munculnya panas bumi di permukaan per satuan luas, Indonesia menempati urutan ke empat dunia. Bahkan dari segi temperatur yang tinggi, merupakan ke dua di dunia. Indonesia terletak di pertemuan tiga lempeng aktif yang memungkinkan panas bumi dari kedalaman ditransfer ke permukaan melalui sistem rekahan. Posisi strategis ini menempatkan Indonesia sebagai negara paling kaya dengan energi panas bumi sistem hidrotermal yang tersebar di sepanjang busur vulkanik. Sehingga sebagian besar sumber panas bumi di Indonesia tergolong mempunyai entalpi yang tinggi. Panas bumi merupakan sumber daya energi baru terbarukan yang ramah lingkungan (clean energy) dibandingkan dengan sumber energi fosil. Dalam proses ekplorasi dan eksploitasinya tidak membutuhkan lahan permukaan yang terlalu besar. Energi panas bumi bersifat tidak dapat diekspor, maka sangat cocok untuk memenuhi kebutuhan energi di dalam negeri. Berdasarkan RENCANA UMUM KETENAGALISTRIKAN, sebanyak 256 area panas bumi telah di identifikasi melalui inventarisasi dan ekploitasi. Dari jumlah lokasi tersebut mempunyai total potensi sumber daya dan cadangan panas bumi sebesar sekitar 27.357 Mwe (2008-2027) da merupakan potensi terbesar di dunia yakni 40%. Dari total potensi tersebut hanya sekitar 3.8% yang telah dimanfaatkan sebagai energi listrik dan menymbangkan sekitar 2% untuk pemakaian energi listrik nasional. Mengacu pada UU no 27/2003 dan UU no. 20/2002 tersebut telah dibuat suatu peta perjalanan (road map) panas bumi sebagai pedoman dan pola tetap pengembangan dan pemanfaatan energi panas bumi di Indonesia. Industri panas bumi yang diinginkan yang tertuang dalam peta erjalanan tersebut antara lain pemanfaatan untuk tenaga listrik sebesar 6000 Mwe dan berkembangnya pemanfaatan langsung (angrobisnis, pariwisata, dll) pada tahun 2020. Mengapa Memilih Energi Panas Bumi Sebagai Alternatif Pembangkit Listrik? 1. Energi Panas Bumi Ramah Lingkungan • Energi panas bumi merupakan energi yang ramah lingkungan karena fluida panas bumi setelah diolah / dikonversikan menjadi listrik dikembalikan ke bawah permukaan (reservoir) melalui sumur injeksi. Ini suatu keharusan untuk menjaga keseimbangan masa sehingga memperlambat penurunan tekanan reservoir dan mencegah terjadinya subsidence. • Emisi dari PLTP sangat rendah bila dibandingkan dengan minyak dan batubara. Karena emisinya rendah, energi panas bumi memiliki kesempatan untuk memanfaatkan Clean Development Mechanism (CDM) produk kyoto protocol. Mekanisme ini menetapkan bahwa negara maju harus mengurangi emisi gas rumah kaca (GRK) sebesar 5.2 % terhadap emisi tahun 1990, dapat melalui pembelian energi bersih dari negara berkembang yang proyeknya dibangun diatas tahun 2000. Energi bersih tersebut termasuk panas bumi. 2. Energi Panas Bumi Memiliki Faktor Kapasitas (Capacity Factor) lebih besar Keunggulan lain adalah faktor kapasitas, yaitu perbandingan antara beban rata-rata yang dibangkitkan oleh pembangkit dalam suatu periode (average load generated in period) dengan beban maksimum yang dapat dibangktkan oleh PLTP tersebut (maximum load). Faktor kapasitas dari PLTP rata2 adalah 95%, jauh lebih tinggi bila dibandingkan dengan faktor kapasitas dari pembangkit listrik yang menggunakan batu bara, yang besarnya hanya 60-70% ( U.S Departement of Energy) Ketetapan Dan Peraturan Pemerintah Terkait dengan Panas Bumi Pemerintah bermaksud untuk mempercepat pengembangan panas bumi. Untuk itu pemerintah bermaksud untuk meningkatkan iklim investasi baik untuk pengembang yang ada serta pendatang baru di sektor panas bumi di indonesia. 1. UU no. 27/2003 tentang regulasi pemerintah dan panas bumi no. 59/2007 tentang peraturan pemerintah Kegiatan usaha panas bumi no. 70/2010 adalah dasar dari pengembangan panas bumi Indonesia. 2. Peraturan Presiden no. 04/2010 Peraturan menteri no. 01/2012 Sebagai revisi dari peraturan menteri no. 15/2010 (tahap kedua dari crash program 10.000 MW) Dalam rangka untuk mempercepat pengembangan panas bumi 3. Kebijakan Harga 1. Keputusan Menteri ESDM no. 02/2011 tentang struktur harga panas bumi. Menteri memberikan kepastian pada harga listrik dari pembangkit listrik tenaga panas bumi: • Harga listrik sebagai hasil dari Tender Geothermal Working Area (GWA), adalah mewakili harga pembelian oleh PLN di dalam Power Purchase Agreement (PPA), yang bersifat final dan tidak dapat dinegosiasikan. • Plafon harga untuk energi panas bumi: US$ 9.7 cents/Kwh • Jika harga melebihi US$ 9.7 cents /KWh, maka diperlukan negosiasi antara kedua belah pihak. 2. Fiskal Insentif untuk pengembangan panas bumi (sesuai dengan keputusan pemerintah no. 62/2008 dan no. 1 /2007): • 30% dari pajak pendapatan perusahaan • 10% dari pajak nilai tambah yang dibayarkan oleh pemerintah • Pembebasan bea masuk untuk pengembang panas bumi • 25% per tahun depresiasi selama 8 tahun dengan metode saldo menurun ganda • Kredit pajak investasi 5 % per tahun untuk 6 tahun 3. Saat ini mekanisme dari feed in tariff untuk tiap2 GWA sedang dikembangkan oleh pemerintah dalam rangka untuk membuat bisnis panas bumi lebih atraktif untuk investor. 4. Akses ke sumber daya panas bumi untuk investor a. Pemerintah menawarkan preliminary survey assigment (survey pendahuluan) kepada pihak ke 3 (investor) yang menyediakan “first right refusal” b. Pemerintah menetapkan GWA baru dan kesempatan yang terbuka bagi investor untuk berpartisipasi dalam bisnis panas bumi melalui mekanisme tender GWAs 5. Untuk mempercepat proses tender baru GWA, kebijakan yang mengatur proses penawaran yang sedang direvisi untuk membuat tender lebih sederhana, transparan dan bankable 6. Berkoordinasi dengan semua pihak terkait untuk mempercepat dan menyederhanakan proses perizinan. 7. Terkait dengan isu-isu kehutanan, saat ini ESDM dan Departemen hutan telah menandatangani MoU mengenai percepatan izin pemanfaatan panas bumi dalam hutan produksi, hutan lindung, dan konservasi hutan. 8. Pemerintah telah mengeluarkan Keputusan Presiden yang menjamin dukungan untuk investasi dalam proyek infrastruktur panas bumi (PR no. 13/2010 jo PR no. 67/2005 dan PR no. 78/2010) dan keputusan menteri keuangan no. 139 /2011 (PMK no. 139/2011) yang menjamin kelayakan bisnis PT PLN untuk mengembangkan listrik dari energi terbarukan, batubara dan gas melalui kerja sama dengan Independent Power Producers (IPP).",Pemerintah telah mengeluarkan Keputusan Presiden yang menjamin dukungan untuk investasi dalam proyek infrastruktur panas bumi (PR no.,kaskus,2013-04-03 09:12:35,"['pemerintah', 'proyek', 'investasi', 'panas_bumi']","['pemerintah', 'keputusan presiden', 'presiden', 'dukungan', 'investasi', 'proyek infrastruktur', 'infrastruktur panas_bumi', 'panas_bumi pr', 'pr', 'keputusan']","['pemerintah', 'proyek', 'investasi', 'panas_bumi', 'keputusan presiden', 'presiden', 'dukungan', 'proyek infrastruktur', 'infrastruktur panas_bumi', 'panas_bumi pr', 'pr', 'keputusan']",pemerintah; proyek; investasi; panas_bumi; keputusan presiden; presiden; dukungan; proyek infrastruktur; infrastruktur panas_bumi; panas_bumi pr; pr; keputusan,Pemerintah telah mengeluarkan Keputusan Presiden yang menjamin dukungan untuk investasi dalam proyek infrastruktur panas bumi (PR no.,"['pemerintah', 'telah', 'mengeluarkan', 'keputusan', 'presiden', 'yang', 'menjamin', 'dukungan', 'untuk', 'investasi', 'dalam', 'proyek', 'infrastruktur', 'panas', 'bumi', 'pr', 'no']","['pemerintah', 'proyek', 'investasi', 'panas_bumi', 'keputusan presiden', 'presiden', 'dukungan', 'proyek infrastruktur', 'infrastruktur panas_bumi', 'panas_bumi pr', 'pr', 'keputusan']","['pemerintah', 'proyek', 'investasi', 'panas bumi', 'keputusan presiden', 'presiden', 'dukungan', 'proyek infrastruktur', 'infrastruktur panas bumi', 'panas bumi pr', 'pr', 'keputusan']","{'pemerintah', 'investasi', 'proyek', 'panas bumi'}","{'keputusan', 'dukungan', 'pr', 'proyek infrastruktur', 'panas bumi pr', 'keputusan presiden', 'investasi', 'pemerintah', 'infrastruktur panas bumi', 'presiden'}","['dukungan', 'pr', 'keputusan', 'keputusan presiden', 'presiden', 'investasi', 'proyek infrastruktur', 'proyek']","[3.9889590859464628, 3.411901783310653, 3.000833186234755, 2.6715503908541773, 2.3422675954736003, 1.5490090167021313, 1.1688905504146994, 0.4459906738899341]",pmi_threshold,proyek infrastruktur,0.3738647103309631,"['proyek infrastruktur', 'keputusan presiden', 'investasi']","[0.37386471033096313, 0.3003843128681183, 0.2763599455356598]",from_best_pmi,rb_only,506__66
2237,4,"IMHO Potensi Panas Bumi dari 29,5 GW sampai saat ini (Des 2016) kapasitas terpasang Panas Bumi baru sekitar 1.643,5 MW. Artinya pengembangan panas bumi tidak semudah dibayangkan, banyak aspek yang menjadi hambatan misalnya (1) Lokasi sumber panas bumi yang terletak di kawasan hutan sehingga perizinannya multi stakeholder, (2) Sistem interkoneksi kelistrikan sendiri apakah sudah tersedia, karena untuk menyalurkan listrik dari lokasi PLTP juga butuh infrastruktur jaringan, (3) Pengeboran sumur panas bumi itu mahal dan belum tentu berhasil, makanya butuh BU/Swasta yang mau mengeluarkan uangnya dan tau resikonya. Bukan [B]hanya daerah rawan gempa[/B] terus tidak jadi masalah. Nuklir (PLTN) sumber energi yang bukan berbasis area artinya sumber bahan bakar untuk pengembangan tenaga nuklir juga harus disiapkan seperti fasilitas pengayaan thorium/uranium. Ada juga persoalan regulasinya misalnya di PP No. 79/2014 tentang Kebijakan Energi Nasional bahwa nuklir merupakan ""pilihan terakhir"", artinya terakhir itu seperti apa dan apa indikatornya?. CMIW","karena untuk menyalurkan listrik dari lokasi PLTP juga butuh infrastruktur jaringan, ( <NUM> ) Pengeboran sumur panas bumi itu mahal dan belum tentu berhasil,",kaskus,2017-03-10 07:56:57,"['listrik', 'panas_bumi', 'jaringan', 'lokasi', 'pltp', 'sumur']","['listrik', 'lokasi pltp', 'pltp', 'infrastruktur jaringan', 'jaringan', 'pengeboran', 'pengeboran sumur mahal', 'sumur panas_bumi', 'panas_bumi', 'lokasi', 'infrastruktur']","['listrik', 'panas_bumi', 'jaringan', 'lokasi', 'pltp', 'sumur', 'lokasi pltp', 'infrastruktur jaringan', 'pengeboran', 'pengeboran sumur mahal', 'sumur panas_bumi', 'infrastruktur']",listrik; panas_bumi; jaringan; lokasi; pltp; sumur; lokasi pltp; infrastruktur jaringan; pengeboran; pengeboran sumur mahal; sumur panas_bumi; infrastruktur,"karena untuk menyalurkan listrik dari lokasi PLTP juga butuh infrastruktur jaringan, ( <NUM> ) Pengeboran sumur panas bumi itu mahal dan belum tentu berhasil,","['karena', 'untuk', 'menyalurkan', 'listrik', 'dari', 'lokasi', 'pltp', 'juga', 'butuh', 'infrastruktur', 'jaringan', 'num', 'pengeboran', 'sumur', 'panas', 'bumi', 'itu', 'mahal', 'dan', 'belum', 'tentu', 'berhasil']","['listrik', 'panas_bumi', 'jaringan', 'lokasi', 'pltp', 'sumur', 'lokasi pltp', 'infrastruktur jaringan', 'pengeboran', 'pengeboran sumur mahal', 'sumur panas_bumi', 'infrastruktur']","['listrik', 'panas bumi', 'jaringan', 'lokasi', 'pltp', 'sumur', 'lokasi pltp', 'infrastruktur jaringan', 'pengeboran', 'pengeboran sumur mahal', 'sumur panas bumi', 'infrastruktur']","{'jaringan', 'pltp', 'lokasi', 'listrik', 'sumur', 'panas bumi'}","{'jaringan', 'pltp', 'pengeboran sumur mahal', 'lokasi', 'pengeboran', 'infrastruktur', 'sumur panas bumi', 'listrik', 'infrastruktur jaringan', 'panas bumi', 'lokasi pltp'}","['pengeboran', 'infrastruktur', 'sumur', 'pengeboran sumur mahal', 'infrastruktur jaringan', 'lokasi', 'lokasi pltp', 'jaringan']","[3.2556666757298536, 1.885972161911764, 1.5431907516744308, 1.470794341852571, 1.1630722853869986, 0.7565312231188058, 0.4686970299572458, 0.44017240886223336]",pmi_threshold,infrastruktur jaringan,0.3708564639091491,"['infrastruktur jaringan', 'infrastruktur', 'lokasi pltp']","[0.37085646390914917, 0.3105934262275696, 0.2234860211610794]",from_best_pmi,rb_only,2237__4
2438,4,"Sebenarnya PLTP di Indonesia itu sudah terbilang cukup lama gan, khususnya di tempat ane nih ada yang namanye PT. PGE AG KAMOJANG / PT. IP UBP KAMOJANG. coba search aja, itu awal mula sejarah berdirinya Panas Bumi di Indonesia. lebih rincinya cari tau sendiri aja dah di Kak Wikipedia.co.id :bikini:ngacir:",lebih rincinya cari tau sendiri aja dah di Kak Wikipedia.co.id :bikini:ngacir:,kaskus,2016-10-15 18:21:00,[],['wikipedia.co.id'],['wikipedia.co.id'],wikipedia.co.id,lebih rincinya cari tau sendiri aja dah di Kak Wikipedia.co.id :bikini:ngacir:,"['lebih', 'rincinya', 'cari', 'tau', 'sendiri', 'aja', 'dah', 'di', 'kak', 'wikipedia', 'co', 'id', 'bikini', 'ngacir']",['wikipedia.co.id'],['wikipedia co id'],set(),{'wikipedia co id'},['wikipedia co id'],[5.415140551133604],pmi_threshold,wikipedia co id,0.3534280359745025,['wikipedia co id'],[0.35342803597450256],from_best_pmi,rb_only,2438__4
1123,1,"Kalau itu, material radioaktif apapun bisa. Tidak harus terkait dengan PLTN. Tapi saya yakin yang dimaksud sebenarnya bukan dirty bomb.",Tidak harus terkait dengan PLTN.,kaskus,2017-01-06 18:17:53,['pltn'],['pltn'],['pltn'],pltn,Tidak harus terkait dengan PLTN.,"['tidak', 'harus', 'terkait', 'dengan', 'pltn']",['pltn'],['pltn'],{'pltn'},{'pltn'},['pltn'],[-2.6714912535858915],pmi_fallback_top,pltn,0.1656882762908935,['pltn'],[0.16568827629089355],from_best_pmi,overlap,1123__1
2210,33,"Ok, gw gak tahu situasinya di manila bagaimana :hammer tapi yang gw baca dari beberapa artikel di internet, seluruh filipina dibagi dalam wilayah ""franchise"" dan kongres filipina memiliki kekuasaan untuk mengalokasikan wilayah franchise itu, dengan kata lain menggunakan alasan natural monopoli untuk mengenyahkan persaingan (persaingan sih, masih ada ... dalam hal menyogok anggota kongres :hammers) Mmm .. kalo gw baca di wikipedia kok katanya swastanisasi British Railway hasilnya kebanyakan positif :bingung Zaman selalu berubah, sekarang sudah banyak jalan raya dan bus yang melayani transportasi hingga ke pelosok, maka kalo kereta api tidak mampu dan tidak mau melayani, kenapa harus dipaksakan? Inilah salah satu contoh tidak efisiennya bumn/bumd ... memaksakan suatu layanan yang sudah ada penggantinya yang lebih layak, dengan akibat perusahaan tersebut berkurang kemampuannya mengikuti perkembangan teknologi dan pergeseran pasar karena banyak dananya yang (kalo gak dikorupsi) digunakan untuk membiayai layanan yang merugi. Dan persilahkanlah pakai genset. Lebih mahal? Memang. Aturan dari mana bahwa listrik seluruh Indonesia harus sama harganya? Itulah yang membuat PLN tidak efisien dan penetrasi jaringan listrik berjalan sangat lambat. Kita bicara soal telepon, bukan cuma telepon kabel. Peduli amat mau pake kabel atau pake gelombang selular, yang dibutuhkan oleh konsumen adalah sarana komunikasi. Sama seperti kalo kita lapar, memangnya menolak kalo ada yang traktir burger karena kita kepingin pizza? Mengapa harus pake ""tesla tower""? Pak Tony bisa lihat sendiri bahwa ada dua jenis tiang yang menancap di pinggir jalan ... tiang telkom dan tiang pln. Selain peraturan pemerintah, apa halangannya kalo tiang telkom juga menyalurkan listrik dan tiang pln juga melayani telepon? Apa juga halangannya kalo perusahaan listrik baru menyalurkan lewat bawah tanah? Peraturan pemerintah. Kita membaca buku yang berbeda. Keberadaan natural monopoly cuma dipercayai oleh ekonom yang beraliran sosialisme. Coba google ""mises natural monopoly"" untuk mencari tahu mengapa natural monopoly dianggap hoax oleh ekonom yang tidak beraliran sosialisme. Memang begitu. Karena telkom tidak membuat tiangnya dengan spesifikasi yang sama dengan pln. Tapi sebagai pemegang izin menancapkan tiang di tempat tersebut, telkom bisa saja melakukan peningkatan spesifikasi tiangnya agar juga bisa menyalurkan listrik. Mengapa tidak dilakukan? Peraturan pemerintah. OK, mengenai distribusi listrik sepertinya belum ada yang menerapkan persaingan. Tapi alasannya bukan karena tidak mungkin. Alasannya adalah peraturan pemerintah. Secara teknis, keberadaan dua, tiga, atau sepuluh kabel yang menyalurkan listrik ke suatu wilayah bukan sesuatu yang mustahil dilakukan. Yang menghalangi adalah kekolotan birokrasi. Quote dari website Mises ini mungkin bisa memberikan gambaran ..","Secara teknis, keberadaan dua, tiga, atau sepuluh kabel yang menyalurkan listrik ke suatu wilayah bukan sesuatu yang mustahil dilakukan.",kaskus,2017-03-10 09:53:23,"['listrik', 'wilayah']","['teknis keberadaan', 'listrik', 'wilayah']","['listrik', 'wilayah', 'teknis keberadaan']",listrik; wilayah; teknis keberadaan,"Secara teknis, keberadaan dua, tiga, atau sepuluh kabel yang menyalurkan listrik ke suatu wilayah bukan sesuatu yang mustahil dilakukan.","['secara', 'teknis', 'keberadaan', 'dua', 'tiga', 'atau', 'sepuluh', 'kabel', 'yang', 'menyalurkan', 'listrik', 'ke', 'suatu', 'wilayah', 'bukan', 'sesuatu', 'yang', 'mustahil', 'dilakukan']","['listrik', 'wilayah', 'teknis keberadaan']","['listrik', 'wilayah', 'teknis keberadaan']","{'wilayah', 'listrik'}","{'wilayah', 'teknis keberadaan', 'listrik'}","['teknis keberadaan', 'wilayah']","[3.5133869998671683, 0.5708525678297713]",pmi_threshold,teknis keberadaan,0.3135861754417419,"['teknis keberadaan', 'wilayah']","[0.31358617544174194, 0.20562472939491272]",from_best_pmi,rb_only,2210__33
2306,1,"Ndak gagal. Kalau lihat dr data itu memang sama sekali tidak menghasilkan angka yang wah. Malah cenderung sangat buruk. Tapi ingat, Jerman ini fair kalau soal pengembangan teknologi. Mereka menyerukan nggak pakai nuklir ya beneran mereka nggak pakai. Nuklir punya resiko paling besar dan unsustainable ketika radioaktifnya bocor atau meledak. Intinya mereka tetap optimis pada energi alternatif yang bebas resiko. Mungkin suatu saat Amrik banyak memakai paten atau lisensi teknologi dr Jerman terkait energi terbarukan. Dan bahkan negara lain juga? Just my 2 cents.",Kalau lihat dr data itu memang sama sekali tidak menghasilkan angka yang wah.,kaskus,2017-03-09 20:51:31,"['data', 'angka']","['data', 'angka']","['data', 'angka']",data; angka,Kalau lihat dr data itu memang sama sekali tidak menghasilkan angka yang wah.,"['kalau', 'lihat', 'dr', 'data', 'itu', 'memang', 'sama', 'sekali', 'tidak', 'menghasilkan', 'angka', 'yang', 'wah']","['data', 'angka']","['data', 'angka']","{'data', 'angka'}","{'data', 'angka'}","['angka', 'data']","[2.784816636888796, 2.5065154744016915]",pmi_threshold,data,0.3660584390163421,"['data', 'angka']","[0.36605843901634216, 0.23539695143699646]",from_best_pmi,overlap,2306__1
465,1,"Soalnya, patokannya adalah menghasilkan gas rumah kaca (GRK) apa enggak gan. Hehe Kalau pakek PLTB model tidal/blade, faktor diameter mempengaruhi emang gan. Makin besar diameter, energi yg dihasilkan makin besar (dari rumusnya gt, gan).. Tp setahu ane, utk besaran diameter yg paling gede itu sekitar 30-an meter.. Kalau masalah output energi, ane kagak bisa kasih perspektif lbh gan. Bukan anak elektro, mesin, apalagi pekerja di sektor energi terbarukan. Tp kalau lihat faktor kapasitas, yg paling besar nilainya berarti yg paling efisien gan. Nah masalahnya kam kita ini archipelagic state.. Hehehe..","Hehe Kalau pakek PLTB model tidal/blade, faktor diameter mempengaruhi emang gan.",kaskus,2017-08-22 06:53:44,[],"['pltb model', 'model tidal', 'tidal', 'faktor diameter', 'diameter', 'pltb', 'faktor']","['pltb model', 'model tidal', 'tidal', 'faktor diameter', 'diameter', 'pltb', 'faktor']",pltb model; model tidal; tidal; faktor diameter; diameter; pltb; faktor,"Hehe Kalau pakek PLTB model tidal/blade, faktor diameter mempengaruhi emang gan.","['hehe', 'kalau', 'pakek', 'pltb', 'model', 'tidal', 'blade', 'faktor', 'diameter', 'mempengaruhi', 'emang', 'gan']","['pltb model', 'model tidal', 'tidal', 'faktor diameter', 'diameter', 'pltb', 'faktor']","['pltb model', 'model tidal', 'tidal', 'faktor diameter', 'diameter', 'pltb', 'faktor']",set(),"{'faktor diameter', 'faktor', 'tidal', 'pltb model', 'model tidal', 'diameter', 'pltb'}","['diameter', 'tidal', 'faktor diameter', 'model tidal', 'pltb', 'pltb model', 'faktor']","[4.971341937758594, 4.567986243527386, 3.522565572244003, 3.3862126514828352, 2.5946213700308527, 2.3995302147345683, 2.073789206729412]",pmi_threshold,faktor diameter,0.3582721948623657,"['faktor diameter', 'pltb model', 'faktor']","[0.3582721948623657, 0.3236308991909027, 0.25932973623275757]",from_best_pmi,rb_only,465__1
1345,1,"awal 1990-an, OSART (The Operational Savety Review Team) sudah melaporkan adanya keretakan pada reaktor di fukushima tapi fakta yg ada malah diputar-balikkan ama TEPCO (Tokyo Electric Power)...bahkan NSC (Nuclear Safety Commission) sudah lama mengkritisi sikap komunitas Nuklir Jepang yg telah mengisolasi dirinya dr peraturan global terkait keselamatan dan keamanan nuklir sesuai dgn standar internasional...IAEA sendiri jg menyatakan bahwa Peraturan Keselamatan Nuklir sudah diabaikan oleh para pejabat pemerintahan Jepang terkait program pembangunan nuklir...<<<<bagi ane, semuanya itu termasuk tindakan lalai :)",tapi fakta yg ada malah diputar-balikkan ama TEPCO (Tokyo Electric Power)...,kaskus,2015-04-13 12:40:29,['power'],"['fakta', 'tepco', 'tokyo', 'electric', 'power']","['power', 'fakta', 'tepco', 'tokyo', 'electric']",power; fakta; tepco; tokyo; electric,tapi fakta yg ada malah diputar-balikkan ama TEPCO (Tokyo Electric Power)...,"['tapi', 'fakta', 'yg', 'ada', 'malah', 'diputar', 'balikkan', 'ama', 'tepco', 'tokyo', 'electric', 'power']","['power', 'fakta', 'tepco', 'tokyo', 'electric']","['power', 'fakta', 'tepco', 'tokyo', 'electric']",{'power'},"{'electric', 'fakta', 'tokyo', 'power', 'tepco'}","['tokyo', 'tepco', 'fakta', 'electric', 'power']","[4.971341937758594, 4.253112906173974, 3.1311223817953637, 2.348109420109721, 0.5353692919452863]",pmi_threshold,electric,0.2812257409095764,"['electric', 'power', 'fakta']","[0.2812257409095764, 0.22608543932437897, 0.22192230820655823]",from_best_pmi,rb_only,1345__1
1662,0,"[B]TIDAK SETUJU[/B] PLTN adalah proyek yang sangat serius, perlu penanganan yang sangat profesional. Di negara2 yg lbh disiplin saja bermasalah, bagaimana jadinya kalau dikelola di Indonesia yg proyeknya akan jadi ajang korupsi? Tentu kualitasnya jg turun untuk kompensasi duit kiri kanan, sehingga lebih memprihatinkan lagi. Daftar negara2 yang pernah mengalami kecelakaan nuklir : USA, Switzerland, Russia, Jerman, Jepang, Swedia. Daftar kecelakaan nuklir lengkap dapat dilihat [URL=""http://en.wikipedia.org/wiki/Nuclear_accident""]disini[/URL].","B TIDAK SETUJU /B PLTN adalah proyek yang sangat serius, perlu penanganan yang sangat profesional.",kaskus,2012-10-24 13:35:48,"['proyek', 'pltn']","['pltn', 'proyek', 'penanganan']","['proyek', 'pltn', 'penanganan']",proyek; pltn; penanganan,"B TIDAK SETUJU /B PLTN adalah proyek yang sangat serius, perlu penanganan yang sangat profesional.","['b', 'tidak', 'setuju', 'b', 'pltn', 'adalah', 'proyek', 'yang', 'sangat', 'serius', 'perlu', 'penanganan', 'yang', 'sangat', 'profesional']","['proyek', 'pltn', 'penanganan']","['proyek', 'pltn', 'penanganan']","{'pltn', 'proyek'}","{'pltn', 'proyek', 'penanganan'}","['penanganan', 'proyek']","[4.249604973563289, 0.4483245659153697]",pmi_threshold,proyek,0.3906275331974029,"['proyek', 'penanganan']","[0.39062753319740295, -0.0021275319159030914]",from_best_pmi,overlap,1662__0
329,1,"Panel surya maintenance nya mahal, mau bikin pembangkit tenaga nuklir di indo yg sangat rawan gempa??? Lebih baik jangan gegabah, pembangkit listrik yg paling ideal di indo itu tenaga geothermal/panas bumi tapi ya blm seefektif batubara","Lebih baik jangan gegabah, pembangkit listrik yg paling ideal di indo itu tenaga geothermal/panas bumi tapi ya blm seefektif batubara",reddit,2023,"['geothermal', 'batubara', 'panas_bumi', 'tenaga', 'indonesia', 'listrik', 'pembangkit']","['pembangkit listrik', 'listrik', 'indonesia', 'tenaga geothermal', 'geothermal panas_bumi', 'panas_bumi', 'seefektif batubara', 'pembangkit']","['geothermal', 'batubara', 'panas_bumi', 'tenaga', 'indonesia', 'listrik', 'pembangkit', 'pembangkit listrik', 'tenaga geothermal', 'geothermal panas_bumi', 'seefektif batubara']",geothermal; batubara; panas_bumi; tenaga; indonesia; listrik; pembangkit; pembangkit listrik; tenaga geothermal; geothermal panas_bumi; seefektif batubara,"Lebih baik jangan gegabah, pembangkit listrik yg paling ideal di indo itu tenaga geothermal/panas bumi tapi ya blm seefektif batubara","['lebih', 'baik', 'jangan', 'gegabah', 'pembangkit', 'listrik', 'yg', 'paling', 'ideal', 'di', 'indo', 'itu', 'tenaga', 'geothermal', 'panas', 'bumi', 'tapi', 'ya', 'blm', 'seefektif', 'batubara']","['geothermal', 'batubara', 'panas_bumi', 'tenaga', 'indonesia', 'listrik', 'pembangkit', 'pembangkit listrik', 'tenaga geothermal', 'geothermal panas_bumi', 'seefektif batubara']","['geothermal', 'batubara', 'panas bumi', 'tenaga', 'indonesia', 'listrik', 'pembangkit', 'pembangkit listrik', 'tenaga geothermal', 'geothermal panas bumi', 'seefektif batubara']","{'batubara', 'pembangkit', 'tenaga', 'indonesia', 'listrik', 'panas bumi', 'geothermal'}","{'seefektif batubara', 'geothermal panas bumi', 'pembangkit', 'indonesia', 'listrik', 'pembangkit listrik', 'panas bumi', 'tenaga geothermal'}",['seefektif batubara'],[2.6535959430440825],pmi_threshold,seefektif batubara,0.4263785481452942,['seefektif batubara'],[0.4263785481452942],from_best_pmi,rb_only,329__1
575,13,"Saya kurang tau lokasi kantornya Sarulla gan, maklum saya nggak ngantor di sana, hehe. Saya coba jawab ya gan. Selain punya kelebihan sesuai penjabaran di dalam thread ini, geothermal tentunya juga punya kekurangan antara lain : [list=1] Nilai investasi awal yang besar dibutuhkan untuk proyek pembangkit listrik menggunakan energi geothermal mulai dari pemboran sumur, fasilitasi pemipaan, hingga pembangkit itu sendiri. [/list][list=2] Lokasi pembangkit listrik geothermal (PLTP) harus berada di dekat dengan sumber geothermal berada. Karena sebagian besar geothermal berada di pegunungan dan cenderung remote area, maka usaha yang diperlukan untuk pengembangan lapangan geothermal cukuplah besar. Semakin remote suatu area geothermal tersebut maka jalur tranmisi untuk distribusi listrik dari pembangkit yang diperlukan juga semakin panjang, maka nilai investasi yang dibutuhkan juga semakin tinggi. Hal ini berbeda dengan PLTU yang penempatan lokasi pembangkitan lebih dapat disesuaikan. [/list][list=3] Uap geothermal yang dimanfaatkan merupakan uap yang keluar dari perut bumi, sehingga kita tidak bisa megontrol apa saja kandungan kimia uap panas bumi tersebut. Dibeberapa lapangan geothermal ditemui uap dengan kandungan asam yang cukup tinggi, sehingga kandungan yang bersifat korosif tersebut menyebabkan cepat rusaknya fasilitas pemipaan dan pembangkit (turbin). [/list][list=4] Geothermal merupakan sumber energi yang sustainable, namun dengan catatan pengembang benar-benar menjaga siklus geothermal di lokasi tersebut. Untuk itu, selain mencari sumur-sumur produksi baru untuk menghasilkan uap yang dibutuhkan untuk pembangkitan, pengembang juga harus mencari sumur-sumur injeksi dengan lokasi dan kedalaman yang tepat untuk menginjeksikan air hasil pemisahan uap (brine & kondesat). Pengembang juga harus menjaga kelestarian vegetasi di area geothermal di lokasi tersebut. [/list][list=5] Waktu yang dibutuhkan juntuk mengembangkan lapangan geothermal mulai dari eksplorasi sampai dengan eksploitasi bisa dibilang relatif lama, yaitu berkisar 5-7 tahun (itu pun dengan catatan apabila pemboran berhasil & menghasilkan uap yang diharapkan). [/list] Sekian gan, semoga bermanfaat :toast","Untuk itu, selain mencari sumur-sumur produksi baru untuk menghasilkan uap yang dibutuhkan untuk pembangkitan, pengembang juga harus mencari sumur-sumur injeksi dengan lokasi dan kedalaman yang tepat untuk menginjeksikan air hasil",kaskus,2016-01-20 17:54:07,"['produksi', 'air', 'lokasi', 'uap', 'sumur', 'hasil']","['sumur-sumur produksi', 'produksi', 'uap', 'pembangkitan', 'pengembang', 'sumur-sumur injeksi', 'injeksi', 'lokasi', 'kedalaman', 'air hasil', 'hasil', 'sumur-sumur', 'air']","['produksi', 'air', 'lokasi', 'uap', 'sumur', 'hasil', 'sumur-sumur produksi', 'pembangkitan', 'pengembang', 'sumur-sumur injeksi', 'injeksi', 'kedalaman', 'air hasil', 'sumur-sumur']",produksi; air; lokasi; uap; sumur; hasil; sumur-sumur produksi; pembangkitan; pengembang; sumur-sumur injeksi; injeksi; kedalaman; air hasil; sumur-sumur,"Untuk itu, selain mencari sumur-sumur produksi baru untuk menghasilkan uap yang dibutuhkan untuk pembangkitan, pengembang juga harus mencari sumur-sumur injeksi dengan lokasi dan kedalaman yang tepat untuk menginjeksikan air hasil","['untuk', 'itu', 'selain', 'mencari', 'sumur', 'sumur', 'produksi', 'baru', 'untuk', 'menghasilkan', 'uap', 'yang', 'dibutuhkan', 'untuk', 'pembangkitan', 'pengembang', 'juga', 'harus', 'mencari', 'sumur', 'sumur', 'injeksi', 'dengan', 'lokasi', 'dan', 'kedalaman', 'yang', 'tepat', 'untuk', 'menginjeksikan', 'air', 'hasil']","['produksi', 'air', 'lokasi', 'uap', 'sumur', 'hasil', 'sumur-sumur produksi', 'pembangkitan', 'pengembang', 'sumur-sumur injeksi', 'injeksi', 'kedalaman', 'air hasil', 'sumur-sumur']","['produksi', 'air', 'lokasi', 'uap', 'sumur', 'hasil', 'sumur sumur produksi', 'pembangkitan', 'pengembang', 'sumur sumur injeksi', 'injeksi', 'kedalaman', 'air hasil', 'sumur sumur']","{'air', 'lokasi', 'hasil', 'produksi', 'sumur', 'uap'}","{'air', 'lokasi', 'pengembang', 'kedalaman', 'hasil', 'sumur sumur injeksi', 'sumur sumur', 'pembangkitan', 'produksi', 'injeksi', 'air hasil', 'sumur sumur produksi', 'uap'}","['kedalaman', 'sumur', 'sumur sumur', 'sumur sumur injeksi', 'pengembang', 'injeksi', 'sumur sumur produksi', 'pembangkitan', 'produksi', 'lokasi']","[3.7525644329584886, 3.4297445316367394, 3.4297445316367394, 3.3224615831288475, 3.107895686113065, 3.107895686113065, 2.607407133807319, 2.324882724427422, 0.9627323381484778, 0.7449646171003281]",pmi_threshold,sumur sumur produksi,0.2013676762580871,"['sumur sumur produksi', 'produksi', 'lokasi']","[0.20136767625808716, 0.1682543307542801, 0.14664049446582794]",from_best_pmi,rb_only,575__13
113,2,"Dangerous my ass, there are only 2 catastrophic Nuclear Power Plant accidents and those are Chernobyl and Fukushima and those accidents are caused by human error/negligence or unforeseen natural disaster. Also the death count is so low compared to coal based power plants. It's like saying airplanes are dangerous because many people have died during the crash but look where we are today. The only argument against going nuclear is the upfront costs which take years for a nuclear power plant to start making profits due to the expensive building process. But once it's built, then energy becomes extremely cheap and efficient.",It s like saying airplanes are dangerous because many people have died during the crash but look where we are today.,reddit,2023,"['airplanes', 'crash', 'dangerous', 'today', 'like', 'died', 'saying', 'people', 'many', 'look']","['like', 'saying', 'airplanes', 'dangerous', 'many', 'people', 'died', 'crash', 'look', 'today']","['airplanes', 'crash', 'dangerous', 'today', 'like', 'died', 'saying', 'people', 'many', 'look']",airplanes; crash; dangerous; today; like; died; saying; people; many; look,It s like saying airplanes are dangerous because many people have died during the crash but look where we are today.,"['it', 's', 'like', 'saying', 'airplanes', 'are', 'dangerous', 'because', 'many', 'people', 'have', 'died', 'during', 'the', 'crash', 'but', 'look', 'where', 'we', 'are', 'today']","['airplanes', 'crash', 'dangerous', 'today', 'like', 'died', 'saying', 'people', 'many', 'look']","['airplanes', 'crash', 'dangerous', 'today', 'like', 'died', 'saying', 'people', 'many', 'look']","{'crash', 'people', 'airplanes', 'many', 'died', 'today', 'saying', 'dangerous', 'like', 'look'}","{'people', 'crash', 'airplanes', 'many', 'died', 'today', 'saying', 'dangerous', 'like', 'look'}","['airplanes', 'died', 'crash', 'today', 'saying', 'dangerous', 'many', 'look', 'people', 'like']","[6.4556083171988785, 6.4556083171988785, 5.522722513057416, 5.522722513057416, 5.522722513057416, 4.557487931218092, 4.557487931218092, 4.557487931218092, 3.765292816331494, 2.2639882446572472]",pmi_threshold,airplanes,0.4020913243293762,"['airplanes', 'dangerous', 'crash']","[0.4020913243293762, 0.35089728236198425, 0.27352744340896606]",from_best_pmi,overlap,113__2
821,0,"di spbu resmi jelas 1 harga, dari dulu jg 1 harga. kalo yg ga resmi kyk pertamini itu boro2 di papua. di jakarta aja beda harganya.","di spbu resmi jelas <NUM> harga, dari dulu jg <NUM> harga.",kaskus,2018-05-17 11:11:40,['harga'],"['spbu resmi', 'harga']","['harga', 'spbu resmi']",harga; spbu resmi,"di spbu resmi jelas <NUM> harga, dari dulu jg <NUM> harga.","['di', 'spbu', 'resmi', 'jelas', 'num', 'harga', 'dari', 'dulu', 'jg', 'num', 'harga']","['harga', 'spbu resmi']","['harga', 'spbu resmi']",{'harga'},"{'harga', 'spbu resmi'}",['spbu resmi'],[4.484242633068238],pmi_threshold,spbu resmi,0.0800358727574348,['spbu resmi'],[0.08003587275743484],from_best_pmi,rb_only,821__0
339,7,"Beneran Cina Tolol. Idealnya ya emang jangan PLN doang, tapi UU jaman Soeharto(d) dibikin bajingan dimana PLTN hanya boleh dibangun dan dimanage oleh PLN (gw lupa UU apa, tapi ini populer di kalangan PNS BATAN). Makanya PT PAL bikin PLTN berjalan itu statusnya bukan milik negara, tapi sewa. Kita bikin, tapi statusnya kita beli listrik dari Thorcon. Reaktor Daya Eksperimental (RDE) juga gitu, itu PLTN tapi digunakan cuma skala privat, alias cuma dipake di BATAN. Kalau perlu, RDE itu dicopot dan dibawa ke luar pulau, bikin kantor BATAN disitu, dan pasang, sekitarnya kena listrik dan nggak menyalahkan UU. Kepengen juga sih berdoa biar DPR ngerevisi UU biar PLTN ini bisa dibangun siapa saja asalkan BAPETEN, Pemerintah, dan IAEA setuju, tapi ya karena DPR kita begitu, BUMN kita juga begitu, ya nggak bakalan terwujud. This country is a bureaucracy cluster fuck.","Kalau perlu, RDE itu dicopot dan dibawa ke luar pulau, bikin kantor BATAN disitu, dan pasang, sekitarnya kena listrik dan nggak menyalahkan UU.",reddit,2019,"['pulau', 'listrik', 'batan']","['rde', 'pulau', 'kantor batan', 'batan', 'pasang', 'listrik', 'uu', 'kantor']","['pulau', 'listrik', 'batan', 'rde', 'kantor batan', 'pasang', 'uu', 'kantor']",pulau; listrik; batan; rde; kantor batan; pasang; uu; kantor,"Kalau perlu, RDE itu dicopot dan dibawa ke luar pulau, bikin kantor BATAN disitu, dan pasang, sekitarnya kena listrik dan nggak menyalahkan UU.","['kalau', 'perlu', 'rde', 'itu', 'dicopot', 'dan', 'dibawa', 'ke', 'luar', 'pulau', 'bikin', 'kantor', 'batan', 'disitu', 'dan', 'pasang', 'sekitarnya', 'kena', 'listrik', 'dan', 'nggak', 'menyalahkan', 'uu']","['pulau', 'listrik', 'batan', 'rde', 'kantor batan', 'pasang', 'uu', 'kantor']","['pulau', 'listrik', 'batan', 'rde', 'kantor batan', 'pasang', 'uu', 'kantor']","{'batan', 'listrik', 'pulau'}","{'kantor batan', 'batan', 'pasang', 'rde', 'pulau', 'listrik', 'kantor', 'uu'}","['rde', 'kantor', 'uu', 'kantor batan', 'pasang', 'batan']","[4.555165311315506, 3.4049226757348943, 2.773165963534797, 2.1058657415486635, 1.377441939312787, 0.8068088073624327]",pmi_threshold,kantor batan,0.1528303325176239,"['kantor batan', 'kantor', 'batan']","[0.1528303325176239, 0.126397043466568, 0.08251530677080154]",from_best_pmi,rb_only,339__7
295,1,Bisa tapi ya kamu nya yang ngurusin. PLN cuma bantu aja di kelistrikan. Idealnya sih gitu.,PLN cuma bantu aja di kelistrikan.,reddit,2023,['pln'],"['pln', 'kelistrikan']","['pln', 'kelistrikan']",pln; kelistrikan,PLN cuma bantu aja di kelistrikan.,"['pln', 'cuma', 'bantu', 'aja', 'di', 'kelistrikan']","['pln', 'kelistrikan']","['pln', 'kelistrikan']",{'pln'},"{'kelistrikan', 'pln'}",['kelistrikan'],[3.274368323540322],pmi_threshold,kelistrikan,0.0776694491505622,['kelistrikan'],[0.07766944915056229],from_best_pmi,rb_only,295__1
2367,14,"Terlalu optimis. Tidak ada jaminan kalau dibikin kayak gitu terus harga listrik turun. Lihat Filipina. Tidak ada perusahaan listrik negara. Listrik dipegang swasta. Terus berapa harga listrik per kWh di Manila, Filipina? Per Februari 2017 menurut situs Meralco 9 peso per kWh. Itu kalau dirupiahkan Rp. 2387 per kWh. Jaringan listrik itu cenderung monopolistik. Monopoli alami tuh. Kalau sudah ada jaringan listrik ke rumah kamu, perusahaan lain tidak bakal mau narik kabel baru ke tempat kamu, karena itu berarti dobel infrastruktur. Ini ujung-ujungnya kartelisasi, di mana daerah A dimonopoli perusahaan X, daerah B perusahaan Y, dst. Kalau gitu mah mendingan sekalian aja dimonopoli negara. Monopoli jaringan kabel PLN itu sudah benar. Kalau skema pembayaran mau direstrukturisasi, itu bisa. Bisa saja diatur agar pelanggan bisa kontrak dengan perusahaan X lalu bayar abonemen ke PLN sekian rupiah per kWh sebagai ongkos penggunaan jaringan kabel. Tapi percuma berusaha mengganggu monopoli jaringan kabel listrik PLN. Itu pilihan realistisnya cuma ada dua. Dimonopoli BUMN atau dikartelisasi swasta.",Monopoli jaringan kabel PLN itu sudah benar.,kaskus,2017-03-09 14:20:55,"['kabel', 'monopoli', 'jaringan', 'pln']","['monopoli jaringan', 'jaringan kabel pln', 'pln', 'monopoli']","['kabel', 'monopoli', 'jaringan', 'pln', 'monopoli jaringan', 'jaringan kabel pln']",kabel; monopoli; jaringan; pln; monopoli jaringan; jaringan kabel pln,Monopoli jaringan kabel PLN itu sudah benar.,"['monopoli', 'jaringan', 'kabel', 'pln', 'itu', 'sudah', 'benar']","['kabel', 'monopoli', 'jaringan', 'pln', 'monopoli jaringan', 'jaringan kabel pln']","['kabel', 'monopoli', 'jaringan', 'pln', 'monopoli jaringan', 'jaringan kabel pln']","{'monopoli', 'kabel', 'jaringan', 'pln'}","{'monopoli', 'jaringan kabel pln', 'pln', 'monopoli jaringan'}","['kabel', 'jaringan', 'monopoli jaringan', 'monopoli']","[0.9918246096487878, 0.4576980743440658, 0.3899615800827836, 0.3222250858215014]",pmi_threshold,monopoli jaringan,0.5493898391723633,"['monopoli jaringan', 'monopoli', 'kabel']","[0.5493898391723633, 0.457393616437912, 0.33988094329833984]",from_best_pmi,rb_only,2367__14
2261,0,"Lah gan, datanya juga menunjukkan penggunaan energi terbarukan dan mendirikan turbin angin dan panel surya sebagai penghasil listrik masih kalah jauh kuantitasnya dibanding dengan energi fosil dan nuklir. Hal kek gini jarang diketahui kalangan masyarakat umum scr yg mengambil keuntungan dari proyek energi terbarukan ini ya perusahaan dan pejabat2x anti-energi nuklir. Si TS ga anti energi terbarukan, tapi anti kebijakan pemerintah Jerman dan Denmark yg boros anggaran yg mendanai sumber2x energi terbarukan yang kuantitasnya masih dibawah energi nuklir dan fosil. Yg rugi masyarakat sana karena proyek energi terbarukan juga mengambil uang dari masyarakat dgn tarif listrik yg mahal. Gw udah tau sejak lama energi terbarukan kek panel surya bakalan mandek di tengah jalan karena matahari ga selalu bersinar, apalagi di daerah utara. Kalau digunakan untuk cadangan energi biar bayar listrik lebih murah sih mungkin bisa untuk per rumah, tapi kalau untuk skala nasional gw rasa itu terlalu bodoh untuk ""rely upon solar cell/panel"" :D Tgg aja ada energi anti-matter kek di film Angels and Demon, 1 tetes anti matter bisa memenuhi kebtuhan listrik 1 kota selama 1 bulan. GG :hansip","Lah gan, datanya juga menunjukkan penggunaan energi terbarukan dan mendirikan turbin angin dan panel surya sebagai penghasil listrik masih kalah jauh kuantitasnya dibanding dengan energi fosil dan nuklir.",kaskus,2017-03-10 00:03:43,"['energi_terbarukan', 'energi', 'nuklir', 'turbin', 'listrik', 'surya', 'fosil', 'angin', 'panel']","['data', 'penggunaan energi_terbarukan', 'energi_terbarukan', 'turbin angin', 'angin', 'panel surya', 'surya', 'penghasil listrik', 'listrik', 'kuantitas', 'energi fosil', 'fosil', 'nuklir', 'penggunaan', 'turbin', 'energi']","['energi_terbarukan', 'energi', 'nuklir', 'turbin', 'listrik', 'surya', 'fosil', 'angin', 'panel', 'data', 'penggunaan energi_terbarukan', 'turbin angin', 'panel surya', 'penghasil listrik', 'kuantitas', 'energi fosil', 'penggunaan']",energi_terbarukan; energi; nuklir; turbin; listrik; surya; fosil; angin; panel; data; penggunaan energi_terbarukan; turbin angin; panel surya; penghasil listrik; kuantitas; energi fosil; penggunaan,"Lah gan, datanya juga menunjukkan penggunaan energi terbarukan dan mendirikan turbin angin dan panel surya sebagai penghasil listrik masih kalah jauh kuantitasnya dibanding dengan energi fosil dan nuklir.","['lah', 'gan', 'datanya', 'juga', 'menunjukkan', 'penggunaan', 'energi', 'terbarukan', 'dan', 'mendirikan', 'turbin', 'angin', 'dan', 'panel', 'surya', 'sebagai', 'penghasil', 'listrik', 'masih', 'kalah', 'jauh', 'kuantitasnya', 'dibanding', 'dengan', 'energi', 'fosil', 'dan', 'nuklir']","['energi_terbarukan', 'energi', 'nuklir', 'turbin', 'listrik', 'surya', 'fosil', 'angin', 'panel', 'data', 'penggunaan energi_terbarukan', 'turbin angin', 'panel surya', 'penghasil listrik', 'kuantitas', 'energi fosil', 'penggunaan']","['energi terbarukan', 'energi', 'nuklir', 'turbin', 'listrik', 'surya', 'fosil', 'angin', 'panel', 'data', 'penggunaan energi terbarukan', 'turbin angin', 'panel surya', 'penghasil listrik', 'kuantitas', 'energi fosil', 'penggunaan']","{'surya', 'energi', 'panel', 'nuklir', 'turbin', 'listrik', 'fosil', 'energi terbarukan', 'angin'}","{'panel surya', 'surya', 'energi', 'penghasil listrik', 'nuklir', 'turbin angin', 'penggunaan energi terbarukan', 'energi fosil', 'turbin', 'penggunaan', 'listrik', 'fosil', 'energi terbarukan', 'angin', 'data', 'kuantitas'}","['kuantitas', 'penggunaan', 'turbin']","[2.05517803139071, 1.5804975856844647, 1.3332798853134458]",pmi_threshold,turbin,0.1623179316520691,"['turbin', 'penggunaan', 'kuantitas']","[0.1623179316520691, 0.05419091880321503, 0.04019805043935776]",from_best_pmi,overlap,2261__0
1555,0,"kebutuhan akan sumber energi baru dan terbarukan semakin mendesak, jadi saya setuju dengan rencana pembangunan pembangkit listrik tenaga nuklir indonesia nggak kekurangan orang pintar kok buat ngurusin tuh pembangkit cumaaa...anggarannya jangan dimaen2in, soalnya ini menyangkut urusan radioaktif, butuh alat2 kualitas terbaik kalo anggaran disunat ntar banyak yang underspec, bisa bahaya","kebutuhan akan sumber energi baru dan terbarukan semakin mendesak,",kaskus,2012-12-21 15:43:04,"['energi', 'kebutuhan', 'sumber']","['kebutuhan', 'sumber energi', 'energi']","['energi', 'kebutuhan', 'sumber', 'sumber energi']",energi; kebutuhan; sumber; sumber energi,"kebutuhan akan sumber energi baru dan terbarukan semakin mendesak,","['kebutuhan', 'akan', 'sumber', 'energi', 'baru', 'dan', 'terbarukan', 'semakin', 'mendesak']","['energi', 'kebutuhan', 'sumber', 'sumber energi']","['energi', 'kebutuhan', 'sumber', 'sumber energi']","{'kebutuhan', 'energi', 'sumber'}","{'kebutuhan', 'sumber energi', 'energi'}",['kebutuhan'],[0.4153271351841531],pmi_threshold,kebutuhan,0.3594893217086792,['kebutuhan'],[0.3594893217086792],from_best_pmi,overlap,1555__0
282,0,"Dari artikel kompas yang kamu SS: PLTS Atap tidak bisa dipatok dengan nominal tertentu. Karena menyesuaikan dengan luas rumah, modul panel surya, hingga kapasitas listriknya. Jadi bukan one size fits all. 14jt itu batas bawah banget. Realitas nya masang PLTS bisa sampe 50jt an buat rumah yang butuh konsumsi listrik besar. Misalnya semua rumah dikasih yang paket sama 14jt, berarti rumah yang ga cukup dengan opsi paket itu harus nambah pake duit sendiri dong? Nama nya ngerjain rakyat itu mah.",Dari artikel kompas yang kamu SS: PLTS Atap tidak bisa dipatok dengan nominal tertentu.,reddit,2023,"['artikel', 'plts']","['artikel kompas', 'kompas', 'plts atap', 'atap', 'nominal', 'artikel', 'plts']","['artikel', 'plts', 'artikel kompas', 'kompas', 'plts atap', 'atap', 'nominal']",artikel; plts; artikel kompas; kompas; plts atap; atap; nominal,Dari artikel kompas yang kamu SS: PLTS Atap tidak bisa dipatok dengan nominal tertentu.,"['dari', 'artikel', 'kompas', 'yang', 'kamu', 'ss', 'plts', 'atap', 'tidak', 'bisa', 'dipatok', 'dengan', 'nominal', 'tertentu']","['artikel', 'plts', 'artikel kompas', 'kompas', 'plts atap', 'atap', 'nominal']","['artikel', 'plts', 'artikel kompas', 'kompas', 'plts atap', 'atap', 'nominal']","{'artikel', 'plts'}","{'plts atap', 'artikel kompas', 'plts', 'artikel', 'kompas', 'atap', 'nominal'}","['nominal', 'kompas', 'artikel kompas', 'atap', 'artikel', 'plts atap']","[6.463767060292158, 5.530881256150694, 3.7705952994250937, 3.128782812579349, 2.010309342699493, 1.4802730525925982]",pmi_threshold,artikel,0.2336186170578003,"['artikel', 'artikel kompas', 'nominal']","[0.2336186170578003, 0.19648624956607819, 0.07325547933578491]",from_best_pmi,overlap,282__0
1980,1,[B] Jangan gan... Di Pulau Jawa aja... lebih gampang mendistribusikan Listriknya... :ngacir:[/B],Di Pulau Jawa aja...,kaskus,2012-10-12 19:06:12,"['pulau', 'jawa']","['pulau jawa', 'jawa']","['pulau', 'jawa', 'pulau jawa']",pulau; jawa; pulau jawa,Di Pulau Jawa aja...,"['di', 'pulau', 'jawa', 'aja']","['pulau', 'jawa', 'pulau jawa']","['pulau', 'jawa', 'pulau jawa']","{'jawa', 'pulau'}","{'pulau jawa', 'jawa'}","['jawa', 'pulau jawa', 'pulau']","[-0.18270845079566536, -0.20192843824546017, -0.22114842569525497]",pmi_fallback_top,pulau jawa,0.5477709770202637,"['pulau jawa', 'pulau', 'jawa']","[0.5477709770202637, 0.46497824788093567, 0.27258846163749695]",from_best_pmi,rb_only,1980__1
2306,6,"Ndak gagal. Kalau lihat dr data itu memang sama sekali tidak menghasilkan angka yang wah. Malah cenderung sangat buruk. Tapi ingat, Jerman ini fair kalau soal pengembangan teknologi. Mereka menyerukan nggak pakai nuklir ya beneran mereka nggak pakai. Nuklir punya resiko paling besar dan unsustainable ketika radioaktifnya bocor atau meledak. Intinya mereka tetap optimis pada energi alternatif yang bebas resiko. Mungkin suatu saat Amrik banyak memakai paten atau lisensi teknologi dr Jerman terkait energi terbarukan. Dan bahkan negara lain juga? Just my 2 cents.",Intinya mereka tetap optimis pada energi alternatif yang bebas resiko.,kaskus,2017-03-09 20:51:31,"['energi', 'resiko']","['inti', 'energi alternatif', 'resiko', 'energi']","['energi', 'resiko', 'inti', 'energi alternatif']",energi; resiko; inti; energi alternatif,Intinya mereka tetap optimis pada energi alternatif yang bebas resiko.,"['intinya', 'mereka', 'tetap', 'optimis', 'pada', 'energi', 'alternatif', 'yang', 'bebas', 'resiko']","['energi', 'resiko', 'inti', 'energi alternatif']","['energi', 'resiko', 'inti', 'energi alternatif']","{'energi', 'resiko'}","{'inti', 'energi', 'energi alternatif', 'resiko'}","['resiko', 'inti']","[0.41415402157187364, 0.3187028793823315]",pmi_threshold,resiko,0.251303106546402,"['resiko', 'inti']","[0.251303106546402, -0.05781393125653267]",from_best_pmi,overlap,2306__6
696,0,ane sbgai warga negara yg taat pajak dan hukum bayar pajak apapun gak masalah. yg penting hukuman korupsi 10 m ke atas duit negara hukumm mati. berani kgk 😡🖕,ane sbgai warga negara yg taat pajak dan hukum bayar pajak apapun gak masalah.,kaskus,2021-11-17 12:50:24,"['pajak', 'warga', 'negara']","['warga negara', 'negara', 'pajak', 'hukum bayar', 'bayar pajak', 'warga']","['pajak', 'warga', 'negara', 'warga negara', 'hukum bayar', 'bayar pajak']",pajak; warga; negara; warga negara; hukum bayar; bayar pajak,ane sbgai warga negara yg taat pajak dan hukum bayar pajak apapun gak masalah.,"['ane', 'sbgai', 'warga', 'negara', 'yg', 'taat', 'pajak', 'dan', 'hukum', 'bayar', 'pajak', 'apapun', 'gak', 'masalah']","['pajak', 'warga', 'negara', 'warga negara', 'hukum bayar', 'bayar pajak']","['pajak', 'warga', 'negara', 'warga negara', 'hukum bayar', 'bayar pajak']","{'pajak', 'negara', 'warga'}","{'warga negara', 'warga', 'hukum bayar', 'pajak', 'bayar pajak', 'negara'}","['hukum bayar', 'warga', 'bayar pajak', 'pajak']","[2.424013648962445, 1.074575738500117, 1.0738310063253107, 1.0730862741505043]",pmi_threshold,bayar pajak,0.5340444445610046,"['bayar pajak', 'pajak', 'hukum bayar']","[0.5340444445610046, 0.4713842272758484, 0.27534738183021545]",from_best_pmi,rb_only,696__0
691,2,"uji uji emisi kyk gitu sebenernya cuma kasih lahan cuan untuk oknum yang uji aja... contoh KIR mobil,berapa banyak yg lulus uji emisi(bahkan ga di uji) kalo daftar nya lewat calo? banyak kok mobil2 pick up,truck dan bus asap nya banyak banget dan ada yang ga layak jalan berlalu lalang dengan dokumen lulus emisi.. sebaliknya...berapa banyak yang TIDAK lulus uji emisi kalo lewat jalur resmi..","banyak kok mobil2 pick up,truck dan bus asap nya banyak banget dan ada yang ga layak jalan berlalu lalang dengan dokumen lulus emisi..",kaskus,2021-11-17 16:25:38,"['jalan', 'emisi']","['mobil pick', 'pick', 'truck', 'bus secepatnya', 'secepatnya', 'layak jalan', 'dokumen', 'emisi', 'mobil', 'jalan']","['jalan', 'emisi', 'mobil pick', 'pick', 'truck', 'bus secepatnya', 'secepatnya', 'layak jalan', 'dokumen', 'mobil']",jalan; emisi; mobil pick; pick; truck; bus secepatnya; secepatnya; layak jalan; dokumen; mobil,"banyak kok mobil2 pick up,truck dan bus asap nya banyak banget dan ada yang ga layak jalan berlalu lalang dengan dokumen lulus emisi..","['banyak', 'kok', 'mobil2', 'pick', 'up', 'truck', 'dan', 'bus', 'asap', 'nya', 'banyak', 'banget', 'dan', 'ada', 'yang', 'ga', 'layak', 'jalan', 'berlalu', 'lalang', 'dengan', 'dokumen', 'lulus', 'emisi']","['jalan', 'emisi', 'mobil pick', 'pick', 'truck', 'bus secepatnya', 'secepatnya', 'layak jalan', 'dokumen', 'mobil']","['jalan', 'emisi', 'mobil pick', 'pick', 'truck', 'bus secepatnya', 'secepatnya', 'layak jalan', 'dokumen', 'mobil']","{'emisi', 'jalan'}","{'mobil pick', 'mobil', 'bus secepatnya', 'secepatnya', 'emisi', 'layak jalan', 'dokumen', 'jalan', 'pick', 'truck'}","['pick', 'truck', 'dokumen', 'bus secepatnya', 'mobil pick', 'layak jalan', 'emisi', 'secepatnya']","[6.452125788051558, 6.452125788051558, 6.452125788051558, 2.4281920353088235, 2.0932875765183594, 1.7330993319277854, 1.4979294776646828, 1.0945737834334741]",pmi_threshold,truck,0.2993392646312713,"['truck', 'bus secepatnya', 'dokumen']","[0.29933926463127136, 0.2772901654243469, 0.2615003287792206]",from_best_pmi,rb_only,691__2
2104,0,"Dah, udah, urusan PLN itu kalau dibicarakan sampai jaman Gundam juga gak bakal selesai. :)","Dah, udah, urusan PLN itu kalau dibicarakan sampai jaman Gundam juga gak bakal selesai.",kaskus,2017-03-15 09:21:26,"['jaman', 'pln']","['urusan pln', 'pln', 'jaman gundam', 'gundam', 'urusan', 'jaman']","['jaman', 'pln', 'urusan pln', 'jaman gundam', 'gundam', 'urusan']",jaman; pln; urusan pln; jaman gundam; gundam; urusan,"Dah, udah, urusan PLN itu kalau dibicarakan sampai jaman Gundam juga gak bakal selesai.","['dah', 'udah', 'urusan', 'pln', 'itu', 'kalau', 'dibicarakan', 'sampai', 'jaman', 'gundam', 'juga', 'gak', 'bakal', 'selesai']","['jaman', 'pln', 'urusan pln', 'jaman gundam', 'gundam', 'urusan']","['jaman', 'pln', 'urusan pln', 'jaman gundam', 'gundam', 'urusan']","{'jaman', 'pln'}","{'urusan pln', 'urusan', 'jaman', 'gundam', 'jaman gundam', 'pln'}","['gundam', 'jaman gundam', 'urusan', 'jaman']","[5.530881256150694, 3.459402279229673, 1.5095707499052826, 1.3879233023086517]",pmi_threshold,jaman gundam,0.1672080159187317,"['jaman gundam', 'gundam', 'jaman']","[0.1672080159187317, 0.16378480195999146, 0.15794290602207184]",from_best_pmi,rb_only,2104__0
2044,12,"BATAN itu sudah 50-an tahun megang reaktor nuklir. Kemampuan merawat dan jaga keamanan sudah terbukti. Sekarang tinggal mengambil langkah berikutnya. Tapi kalau anda pakai alasan ini-itu bilang jangan, ya selamanya BATAN tidak akan punya pengalaman mengoperasikan PLTN dan selamanya tidak akan bisa membuktikan kalau mereka bisa. Ibaratnya kalau lu dilarang ortu lu buat megang setir dengan alasan takut kecelakaan, kapan lu bakal bisa nyetir mobil? Bukan berarti terus lu nekat gak punya pengalaman langsung tancap gas masuk tol. Ada proses belajarnya. Tapi ini proses belajarnya boleh dibilang sudah komplit. Teori sudah ngerti. Pengalaman skala kecil udah puluhan tahun. Mau instruktur bisa dicarikan, kalau perlu dari luar negeri sekalian. Lu tinggal tes mengemud buat ambil SIM. Tapi tes mengemudi itu harus megang mobil betulan. Nah, ini sama logikanya. BATAN itu sudah siap. International Atomic Energy Agency sudah bilang siap (payung hukum dan regulasinya belum siap, tapi BATAN-nya sendiri oke). Tapi kalau tidak diperbolehkan megang PLTN, ya mereka tidak bakal bisa membuktikan kesiapan mereka. BATAN itu ada sekitar 300-an orang karyawan. Belum lagi sarjana teknik nuklir di universitas dalam dan luar negeri. Belum lagi mereka yang saat ini bekerja di industri nuklir luar negeri. Kalau cuma untuk satu PLTN, gue yakin mereka bisa menyediakan SDM..",Lu tinggal tes mengemud buat ambil SIM.,kaskus,2017-06-24 02:46:55,[],"['tes', 'sim']","['tes', 'sim']",tes; sim,Lu tinggal tes mengemud buat ambil SIM.,"['lu', 'tinggal', 'tes', 'mengemud', 'buat', 'ambil', 'sim']","['tes', 'sim']","['tes', 'sim']",set(),"{'tes', 'sim'}","['sim', 'tes']","[5.53908640118472, 4.977207513576605]",pmi_threshold,tes,0.0436826422810554,"['tes', 'sim']","[0.04368264228105545, -0.04146973043680191]",from_best_pmi,rb_only,2044__12
1177,2,"Sayang banget pulau jawa kurang diminati....mungkin gegara pulau jawa lempengnya gak stabil. Ayo dong ilmuwan indo, riset PLT fusi buat gantiin PLT batu bara, bbm n bbg.... :iloveindonesias :iloveindonesias :iloveindonesias TS lucu amat... Situ mau taro di perbatasan mau langsung di bombardir sama musuh? Lagian ini PLTN gan, bukan bangunan futuristik yang isinya bisa sepaket pltn sama tempat bangun senjata. Tempat senjata nuklir itu beda lagi proyeknya, santai gan. :iloveindonesias",:iloveindonesias :iloveindonesias :iloveindonesias TS lucu amat...,kaskus,2015-03-20 19:02:19,['ts'],['ts'],['ts'],ts,:iloveindonesias :iloveindonesias :iloveindonesias TS lucu amat...,"['iloveindonesias', 'iloveindonesias', 'iloveindonesias', 'ts', 'lucu', 'amat']",['ts'],['ts'],{'ts'},{'ts'},['ts'],[2.080830764876059],pmi_threshold,ts,0.1215763241052627,['ts'],[0.12157632410526276],from_best_pmi,overlap,1177__2
1736,0,"justru energi baru itu dari nuklir,kalo ga ngapain negara2 maju kluarin milyaran dolar buat penelitian nuklir Cuma nuklirnya ya proses satunya lagi yaitu fusion. Fusion menghasilkan energi yang lebih besar, limbah nuklir yang jauh lebih sedikit, dan aman (ga bisa meledak karena process fussion malah stop pas nyentuh dinding reaktor, ga kaya sekarang malah jebol dinding kena aer terus menguap dan meleduk) kelemahan angin dan matahari itu banyak angin : 1. perlu area yang luas 2. kecepatan angin harus diatas 16km/jam (ga bisa cuma sepoi2) 3. angin harus bertiup konstan (ga bisa bentar2 ada bentar2 ga) matahari: 1. perlu area yang luas (walau ga seluas angin) 2. panel ga boleh kotor 3. mendung, awan itu musuh 4. efisiensi panel masih rendah dan harganya masih cukup mahal sekalian ttg hidrogen : hidrogen itu perlu listrik untuk membuat air menjadi oksigen dan hidrogen, sumber listriknya darimana kebanyakan?ya bensin dan batubara, jadi sama aja tapi teknologi nuklir sekarang (fission) juga punya kelemahan sih, terutama limbah radiasinya banyak mudah2an saja penelitian lembaga2 kaya DEMO, NIF atau ITER bisa mengkomersilkan fusion nuclear sebenernya jepang mau stop sih tapi entahlah, mereka kalau ga pake nuklir mau pake apa? dan jepang itu emang agak2, dia ga ngikutin protokol pltn nya us yang sejak kejadian 3 miles island terbukti aman jerman mau stop? iya stop fission wong uni eropa lagi semangat penelitian nuklir, udah berhasil tuh lab nya di prancis bikin fussion nuclear 2009 kemaren","justru energi baru itu dari nuklir,kalo ga ngapain negara2 maju kluarin milyaran dolar buat penelitian nuklir Cuma nuklirnya ya proses satunya lagi yaitu fusion.",kaskus,2012-10-17 08:47:31,"['nuklir', 'energi', 'negara', 'proses']","['energi', 'nuklir', 'negara', 'kluarin milyaran', 'milyaran dolar', 'dolar', 'penelitian nuklir', 'nuklir proses', 'fusion', 'kluarin']","['nuklir', 'energi', 'negara', 'proses', 'kluarin milyaran', 'milyaran dolar', 'dolar', 'penelitian nuklir', 'nuklir proses', 'fusion', 'kluarin']",nuklir; energi; negara; proses; kluarin milyaran; milyaran dolar; dolar; penelitian nuklir; nuklir proses; fusion; kluarin,"justru energi baru itu dari nuklir,kalo ga ngapain negara2 maju kluarin milyaran dolar buat penelitian nuklir Cuma nuklirnya ya proses satunya lagi yaitu fusion.","['justru', 'energi', 'baru', 'itu', 'dari', 'nuklir', 'kalo', 'ga', 'ngapain', 'negara2', 'maju', 'kluarin', 'milyaran', 'dolar', 'buat', 'penelitian', 'nuklir', 'cuma', 'nuklirnya', 'ya', 'proses', 'satunya', 'lagi', 'yaitu', 'fusion']","['nuklir', 'energi', 'negara', 'proses', 'kluarin milyaran', 'milyaran dolar', 'dolar', 'penelitian nuklir', 'nuklir proses', 'fusion', 'kluarin']","['nuklir', 'energi', 'negara', 'proses', 'kluarin milyaran', 'milyaran dolar', 'dolar', 'penelitian nuklir', 'nuklir proses', 'fusion', 'kluarin']","{'proses', 'nuklir', 'energi', 'negara'}","{'kluarin milyaran', 'penelitian nuklir', 'energi', 'dolar', 'milyaran dolar', 'nuklir', 'nuklir proses', 'kluarin', 'fusion', 'negara'}","['kluarin', 'kluarin milyaran', 'milyaran dolar', 'dolar', 'fusion', 'proses']","[6.450966810610622, 5.984523908539891, 5.2371415626651014, 4.956202118861044, 3.570548426363295, 1.192722006181523]",pmi_threshold,milyaran dolar,0.2922891974449157,"['milyaran dolar', 'kluarin milyaran', 'fusion']","[0.29228919744491577, 0.25837334990501404, 0.1946578025817871]",from_best_pmi,rb_only,1736__0
302,8,"Pemerintahan punya program pemasangan tenaga surya untuk di wilayah yang agak terpencil. teman dulu ada yang teknisi pemasangannya dan udah masang di beberapa tempat luar jawa. Solar panelnya ""relatif"" lebih murah 1.52 juta per lembar lupa berapa kwh, yang mahal baterai yang umurnya cuma 3 tahunan dan harus direplace (ada baterai yang 10 tahun baru ganti tapi mahal nggak masuk budget) dan terutama inverternya yang bisa 2030 juta. dan China sekarang produksi besar-besaran jadi lebih murah dan lumayan mempercepat kemajuannya teknologinya. 1 lembar solar cell model sekarang bisa menghasilkan tenaga sama dengan 2 lembar solar cell model 3~4 tahun lalu. To note di beberapa kota besar kamu bisa minta pasang meteran hybrid AKA meteran jualan listrik. jadi kalau rumahmu punya tenaga surya di atapnya dan ada surplus bisa dilempar ke jaringan luar dan bisa ""dijual"".",jadi kalau rumahmu punya tenaga surya di atapnya dan ada surplus bisa dilempar ke jaringan luar dan bisa dijual .,reddit,2023,"['surya', 'tenaga', 'jaringan']","['rumah', 'tenaga surya', 'surya', 'atap', 'surplus', 'jaringan', 'tenaga']","['surya', 'tenaga', 'jaringan', 'rumah', 'tenaga surya', 'atap', 'surplus']",surya; tenaga; jaringan; rumah; tenaga surya; atap; surplus,jadi kalau rumahmu punya tenaga surya di atapnya dan ada surplus bisa dilempar ke jaringan luar dan bisa dijual .,"['jadi', 'kalau', 'rumahmu', 'punya', 'tenaga', 'surya', 'di', 'atapnya', 'dan', 'ada', 'surplus', 'bisa', 'dilempar', 'ke', 'jaringan', 'luar', 'dan', 'bisa', 'dijual']","['surya', 'tenaga', 'jaringan', 'rumah', 'tenaga surya', 'atap', 'surplus']","['surya', 'tenaga', 'jaringan', 'rumah', 'tenaga surya', 'atap', 'surplus']","{'surya', 'jaringan', 'tenaga'}","{'surya', 'jaringan', 'rumah', 'tenaga', 'surplus', 'atap', 'tenaga surya'}","['surplus', 'jaringan']","[3.4095716607967104, 0.44366055137599164]",pmi_threshold,jaringan,0.1657037585973739,"['jaringan', 'surplus']","[0.16570375859737396, 0.1000305563211441]",from_best_pmi,overlap,302__8
573,15,"Thread ini memang diperuntukkan untuk ruang sharing gan, jadi dengan senang hati menjawabnya. Tidak menutup kemungkinan apabila ada rekan yang juga mau memberi masukan, informasi, dan refernsi juga dipersilahkan. Saya coba bantu jawab gan : [B]Dampak apabila siklus geothermal tidak di jaga :[/B] Dampak yang terjadi apabila siklus tidak dijaga dengan baik adalah tingginya laju penurunan kapasitas produksi uap di sumur geothermal. Seperti yang telah dijelaskan dalam thread ini bahwa produk yang kita dapatkan dari sumur geothermal adalah uap, uap terbentuk dari air yang terpanaskan pada suhu dan temperatur tertentu sehingga terjadi perubahan fasa dari air menjadi uap. Apabila air di dalam reservoir tidak di jaga keberadaanya (dengan metoda injeksi air ke sumur injeksi), maka bahan baku produksi uap (yaitu air) akan semakin menurun. Akibatnya adalah produksi uap dari sumur geothermal menurun yang menyebabkan kapasitas pembangkitan listrik menurun. Ilustrasi siklus geothermal bisa dilihat pada gambar sebagai berikut : [spoiler=""gambar][img]http://s.kaskus.id/images/2016/01/27/502622_20160127091624.png[/img][/spoiler] [B]Hubungan geothermal dengan kondisi vegetasi di lokasi[/B] Sebagian besar lokasi atau wilayah kerja panas bumi berada di hutan (natural forest). Bagaimanapun juga, apabila ada suatu kegiatan ekplorasi atau eksploitasi geothermal di area hutan, tentunya juga sedikit banyak akan berdampak pada stabilitas ekosistem flora dan fauna di dalamnya. Dapat diambil contoh, apabila akan dilakukan pemboran, maka diperlukan prasarana infrastruktur pemboran yaitu jalan akses, well pad, beserta kelengkapannya. Untuk menyediakan fasilitas tersebut, pembukaan lahan di hutan (tentunya dengan izin pihak berwenang/legal) tidak dapat dihindari. Untuk itu pengembang juga harus memberikan perhatian dan mengeluarkan effort lebih (yang tentunya berdampak pada penambahan biaya) untuk tetap menjaga kelestarian ekosistem di lokasi pengembangan. [B]Eksplorasi geothermal berhenti di tengah jalan[/B] Betul gan, ada beberapa contoh kegiatan eksplorasi berhenti di tengah jalan. Tentunya banyak faktor penyebab berhentinya kegiatan eksplorasi tersebut antara lain kondisi finansial perusahaan pengembang, pemboran tidak membuahkan hasil (dry hole), dan masih ada banyak lagi. Contoh dapat di lihat pada beberapa link berita sbb : [list] [*][URL=""http://ebtke.esdm.go.id/post/2014/11/13/711/chevron.kembalikan.wkp.suoh.sekincau""]Link Berita 1[/URL] [/list][list] [*][URL=""http://bisnis.liputan6.com/read/2167449/chevron-mundur-lapangan-panas-bumi-ciremai-dilelang-kembali""]Link Berita 2[/URL] [/list]","Tentunya banyak faktor penyebab berhentinya kegiatan eksplorasi tersebut antara lain kondisi finansial perusahaan pengembang, pemboran tidak membuahkan hasil (dry hole), dan masih ada banyak lagi.",kaskus,2016-01-27 21:15:02,"['kondisi', 'perusahaan', 'hasil']","['faktor penyebab', 'penyebab', 'kegiatan eksplorasi', 'eksplorasi', 'kondisi finansial perusahaan', 'perusahaan pengembang', 'pengembang', 'pemboran', 'hasil dry', 'dry hole', 'hole', 'kegiatan', 'kondisi', 'hasil']","['kondisi', 'perusahaan', 'hasil', 'faktor penyebab', 'penyebab', 'kegiatan eksplorasi', 'eksplorasi', 'kondisi finansial perusahaan', 'perusahaan pengembang', 'pengembang', 'pemboran', 'hasil dry', 'dry hole', 'hole', 'kegiatan']",kondisi; perusahaan; hasil; faktor penyebab; penyebab; kegiatan eksplorasi; eksplorasi; kondisi finansial perusahaan; perusahaan pengembang; pengembang; pemboran; hasil dry; dry hole; hole; kegiatan,"Tentunya banyak faktor penyebab berhentinya kegiatan eksplorasi tersebut antara lain kondisi finansial perusahaan pengembang, pemboran tidak membuahkan hasil (dry hole), dan masih ada banyak lagi.","['tentunya', 'banyak', 'faktor', 'penyebab', 'berhentinya', 'kegiatan', 'eksplorasi', 'tersebut', 'antara', 'lain', 'kondisi', 'finansial', 'perusahaan', 'pengembang', 'pemboran', 'tidak', 'membuahkan', 'hasil', 'dry', 'hole', 'dan', 'masih', 'ada', 'banyak', 'lagi']","['kondisi', 'perusahaan', 'hasil', 'faktor penyebab', 'penyebab', 'kegiatan eksplorasi', 'eksplorasi', 'kondisi finansial perusahaan', 'perusahaan pengembang', 'pengembang', 'pemboran', 'hasil dry', 'dry hole', 'hole', 'kegiatan']","['kondisi', 'perusahaan', 'hasil', 'faktor penyebab', 'penyebab', 'kegiatan eksplorasi', 'eksplorasi', 'kondisi finansial perusahaan', 'perusahaan pengembang', 'pengembang', 'pemboran', 'hasil dry', 'dry hole', 'hole', 'kegiatan']","{'kondisi', 'hasil', 'perusahaan'}","{'kondisi finansial perusahaan', 'hasil dry', 'kegiatan', 'dry hole', 'perusahaan pengembang', 'pengembang', 'hole', 'kondisi', 'faktor penyebab', 'hasil', 'pemboran', 'penyebab', 'kegiatan eksplorasi', 'eksplorasi'}","['dry hole', 'hole', 'pemboran', 'penyebab', 'hasil dry', 'kegiatan', 'pengembang', 'faktor penyebab', 'kegiatan eksplorasi', 'kondisi finansial perusahaan']","[6.450966810610622, 6.450966810610622, 3.760651309743237, 3.570548426363295, 3.4438297451195634, 3.4026037890492233, 3.1159825628978135, 2.8145989070975785, 2.6707293321731855, 2.2658501839449863]",pmi_threshold,kondisi finansial perusahaan,0.3842589557170868,"['kondisi finansial perusahaan', 'faktor penyebab', 'dry hole']","[0.3842589557170868, 0.25351306796073914, 0.2488505244255066]",from_best_pmi,rb_only,573__15
1669,5,"lah pegawai dan operator PLTN-nya kelak juga kan pada punya keluarga tokh ? apakah mereka gak ada yg mau pulang selamat sehingga mau urakan sampai jadi bencana ? :) klau gw justru lebih memilih di dekat rumah gw ada PLTN dibandingkan ada PLT Gheothermal (pannass boo :p) apalagi PLTU batubara (polusinya lebih dahsyat dibandingkan Uranium sendiri) :takuts dah terbukti dimari, ada instalasi nuklir di Serpong tapi didaerah sana pemukiman mewah hingga super mewah tetap laku kek kacang rebus :D Harga tanah di seputar instalasi nuklir di Bandung terus melonjak Orang tenang2 aja beraktivitas walaupun berdampingan dengan instalasi nuklir di Yogyakarta :siul:",terus melonjak Orang tenang2 aja beraktivitas,kaskus,2012-10-24 11:57:06,[],['tenang'],['tenang'],tenang,terus melonjak Orang tenang2 aja beraktivitas,"['terus', 'melonjak', 'orang', 'tenang2', 'aja', 'beraktivitas']",['tenang'],['tenang'],set(),{'tenang'},['tenang'],[1.5189518772679438],pmi_threshold,tenang,0.2303481996059417,['tenang'],[0.23034819960594177],from_best_pmi,rb_only,1669__5
1398,0,"bangun aja diserpong lagi, sebelahnya siwabessy.....kalau ditempat lain bakalan ribut tuh......mending ditempat yg udah ada reaktor nuklirnya, jadi jatohnya extension","bangun aja diserpong lagi, sebelahnya siwabessy.....kalau ditempat lain bakalan ribut tuh......mending ditempat yg udah ada reaktor nuklirnya, jadi jatohnya extension",kaskus,2013-12-05 10:53:53,['reaktor'],"['siwabessy', 'ribut ditempat', 'ditempat', 'reaktor nuklir', 'nuklir', 'extension', 'reaktor']","['reaktor', 'siwabessy', 'ribut ditempat', 'ditempat', 'reaktor nuklir', 'nuklir', 'extension']",reaktor; siwabessy; ribut ditempat; ditempat; reaktor nuklir; nuklir; extension,"bangun aja diserpong lagi, sebelahnya siwabessy.....kalau ditempat lain bakalan ribut tuh......mending ditempat yg udah ada reaktor nuklirnya, jadi jatohnya extension","['bangun', 'aja', 'diserpong', 'lagi', 'sebelahnya', 'siwabessy', 'kalau', 'ditempat', 'lain', 'bakalan', 'ribut', 'tuh', 'mending', 'ditempat', 'yg', 'udah', 'ada', 'reaktor', 'nuklirnya', 'jadi', 'jatohnya', 'extension']","['reaktor', 'siwabessy', 'ribut ditempat', 'ditempat', 'reaktor nuklir', 'nuklir', 'extension']","['reaktor', 'siwabessy', 'ribut ditempat', 'ditempat', 'reaktor nuklir', 'nuklir', 'extension']",{'reaktor'},"{'extension', 'reaktor', 'nuklir', 'reaktor nuklir', 'ribut ditempat', 'ditempat', 'siwabessy'}","['siwabessy', 'extension', 'ditempat', 'ribut ditempat']","[6.454446539844351, 6.454446539844351, 4.916026625060225, 4.340078832018596]",pmi_threshold,extension,0.1555142849683761,"['extension', 'ribut ditempat', 'ditempat']","[0.15551428496837616, 0.08939467370510101, 0.07556160539388657]",from_best_pmi,rb_only,1398__0
2057,5,"Iya, setuju. Persepsi bahwa energi nuklir dan energi terbarukan itu musuhan adalah salah kaprah besar. Sebab sejatinya dua-dua ya bisa jalan bersamaan. Makanya dalam perencanaan nasional itu istilahnya pakai EBT. Energi baru dan terbarukan. Energi nuklir adalah salah satu bentuk dari energi baru. (Kenapa energi baru, karena ada beberapa perkembangan teknologi di bidang tenaga nuklir yang cukup drastis dibandingkan teknologi nuklir lama.) Harusnya kita semua ini fokus ke bagaimana mengurangi ketergantungan terhadap energi fosil. Alasan pertama, polusi energi fosil itu sangat tinggi. Alasan ke-dua, cadangan energi fosil kita rendah. Coba cek tahun berapa kira-kira kita akan mengimpor gas bumi. Ada beberapa perkiraan, tapi semuanya gak terlalu jauh. Habis itu sekalian cek kapan kita akan mulai impor batubara. Kira-kira jamannya cucu kita. Alasan ke-3, energi nuklir kalau sudah dikuasai sebenarnya murah. Memang bayarnya mahal di depan, tapi kalau ditotal 60 tahun (umur PLTN modern), ternyata murah. Tapi ya kita harus konsisten usaha agar menguasai.",Energi nuklir adalah salah satu bentuk dari energi baru.,kaskus,2017-04-08 22:01:41,"['nuklir', 'energi']","['energi nuklir', 'nuklir', 'bentuk', 'energi']","['nuklir', 'energi', 'energi nuklir', 'bentuk']",nuklir; energi; energi nuklir; bentuk,Energi nuklir adalah salah satu bentuk dari energi baru.,"['energi', 'nuklir', 'adalah', 'salah', 'satu', 'bentuk', 'dari', 'energi', 'baru']","['nuklir', 'energi', 'energi nuklir', 'bentuk']","['nuklir', 'energi', 'energi nuklir', 'bentuk']","{'nuklir', 'energi'}","{'nuklir', 'energi', 'bentuk', 'energi nuklir'}",['bentuk'],[2.511202216250692],pmi_threshold,bentuk,0.1127618178725242,['bentuk'],[0.11276181787252426],from_best_pmi,rb_only,2057__5
1082,0,"Biar aja ngimpor, yg di jawa enak ga pernah ngerasain byar pet. Rumah gw kemaren byarpet tengah malam pas musim kemarau parah, rasanya mau matiii ga bisa napas di kamar saking panasnya. Gw gak dukung jokowi, semua pemerintah gagal memenuhi kebutuhan dasar rakyat seperti air bersih dan listrik di daerah non jawa, kalo mau ngimpor listrik dr luar buruuu, gw makan nasionalisme gw drpd listrik byarpet kayak org minum obat. Fyi, di desa2 di daerah gw masih banyak yg blom dapat listrik. Jd bayangkan betapa kesalnya kita di sini ketika pemerintah menganggap sampai ke bandung dr jakarta dengan cepat prioritasnya lebih tinggi drpd memenuhi kebutuhan listrik seluruh indo.","Biar aja ngimpor, yg di jawa enak ga pernah ngerasain byar pet.",kaskus,2016-01-23 23:49:54,"['pemadaman', 'jawa']","['jawa', 'pemadaman']","['pemadaman', 'jawa']",pemadaman; jawa,"Biar aja ngimpor, yg di jawa enak ga pernah ngerasain byar pet.","['biar', 'aja', 'ngimpor', 'yg', 'di', 'jawa', 'enak', 'ga', 'pernah', 'ngerasain', 'byar', 'pet']","['pemadaman', 'jawa']","['pemadaman', 'jawa']","{'pemadaman', 'jawa'}","{'pemadaman', 'jawa'}","['pemadaman', 'jawa']","[-0.19210485324362234, -0.19210485324362234]",pmi_fallback_top,pemadaman,0.0300865825265645,"['pemadaman', 'jawa']","[0.030086582526564598, 0.0208792295306921]",from_best_pmi,overlap,1082__0
6,3,"Large scale storage belum ada bro. Kalau pakai lithium mahal minta ampun. Tapi emang byk yg lagi dikembangin, kaya liquid metal battery. Semoga aja ada yg beneran jadi secepatnya.",Semoga aja ada yg beneran jadi secepatnya.,reddit,2022,[],[],[],,Semoga aja ada yg beneran jadi secepatnya.,"['semoga', 'aja', 'ada', 'yg', 'beneran', 'jadi', 'secepatnya']",[],[],set(),set(),[],[],no_candidates,,,[],[],no_candidates,none,6__3
916,8,"Elo kali yg dongo.. Kalo bahas target EBT di otak gw berkaitan soal kebijakan tarif... Makanya gw disini bahas soal tarif EBT era jonan vs era sudirman said... Lo bawa bawa permen no 49 tahun 2018 di atas itu bahas PLTS... Bukan bahas tentang bahasan gw disini soal tarif EBT permen no 12 tahun 2017... Jadi lo GAK NYAMBUNG!!! Emang lo kira permen itu cuma satu biji doank ya dlm kementerian??? Permen yg revisi jonan banyak yg berkaitan soal EBT... Permen ESDM Nomor 10 Tahun 2017, Permen ESDM Nomor 11 tahun 2017, dan Permen 12 Tahun 2017. Revisi aturan itu tertuang dalam Permen 45, 49 dan 50 tahun 2017. Permen tahun 2018 baru lagi macem macem bencong...","Permen ESDM Nomor <NUM> Tahun <NUM> , Permen ESDM Nomor <NUM> tahun <NUM> , dan Permen <NUM> Tahun <NUM> .",kaskus,2019-01-28 12:39:02,['permen'],"['permen esdm permen', 'esdm nomor', 'nomor', 'permen esdm nomor', 'esdm', 'permen']","['permen', 'permen esdm permen', 'esdm nomor', 'nomor', 'permen esdm nomor', 'esdm']",permen; permen esdm permen; esdm nomor; nomor; permen esdm nomor; esdm,"Permen ESDM Nomor <NUM> Tahun <NUM> , Permen ESDM Nomor <NUM> tahun <NUM> , dan Permen <NUM> Tahun <NUM> .","['permen', 'esdm', 'nomor', 'num', 'tahun', 'num', 'permen', 'esdm', 'nomor', 'num', 'tahun', 'num', 'dan', 'permen', 'num', 'tahun', 'num']","['permen', 'permen esdm permen', 'esdm nomor', 'nomor', 'permen esdm nomor', 'esdm']","['permen', 'permen esdm permen', 'esdm nomor', 'nomor', 'permen esdm nomor', 'esdm']",{'permen'},"{'permen esdm nomor', 'esdm', 'permen', 'nomor', 'esdm nomor', 'permen esdm permen'}","['nomor', 'permen', 'permen esdm nomor', 'permen esdm permen', 'esdm nomor', 'esdm']","[4.512732224766188, 4.381038113721477, 4.056307912700909, 4.012409875686006, 3.8939428121906254, 3.2751533996150632]",pmi_threshold,esdm nomor,0.4187793731689453,"['esdm nomor', 'permen esdm nomor', 'nomor']","[0.4187793731689453, 0.3604123592376709, 0.3552420139312744]",from_best_pmi,rb_only,916__8
1243,1,"kalo apa apa belum siap, apa apa takut resiko, kapan kalimantan bakalan bebas pemadaman mas bro :malus tenaga angin di kaltim ? paling cuma bisa buat sekelurahan. tenaga air ? kalimantan udah punya pembangkit listrik tenaga air PLTA Pengeran Moh. Nor, kisaran produksi listrik PLTA ini hanya 20 – 22 MW saja, sementara kebutuhan listrik buat 2 daerah aja 300MW dan seterusnya. Kalimantan nggak punya potensi panas bumi. Lain kali kalau mau komen, cari info dulu ya mas bro :malus",paling cuma bisa buat sekelurahan.,kaskus,2015-03-18 20:52:03,['sekelurahan'],['sekelurahan'],['sekelurahan'],sekelurahan,paling cuma bisa buat sekelurahan.,"['paling', 'cuma', 'bisa', 'buat', 'sekelurahan']",['sekelurahan'],['sekelurahan'],{'sekelurahan'},{'sekelurahan'},['sekelurahan'],[6.474325129342615],pmi_threshold,sekelurahan,0.0775508880615234,['sekelurahan'],[0.07755088806152344],from_best_pmi,overlap,1243__1
1058,13,Mangkanya impor aja semua.... gampang... gak usah repot repot swasembada.... Dari jaman orba juga ud sering impor kan.... ngapain sekarang susah susah capek capek swasembada....impor aja... gampang... gak capek... gak perlu usaha lebih.. cukup bayar.... Tuh contohnya daging sapi.... impor aja lah lebih gampang... daripada susah susah miara sapi.... Yang realistis ya impor semua.... otak indo mah gak sanggup buat berswasembada.... yang paling realistis buat indo mah impor.... gak usah mikir dan gak capek kerja.... Negara kita masih kaya gan... wkwkwk....,gak usah mikir dan gak capek kerja....,kaskus,2016-01-30 11:04:16,['kerja'],['kerja'],['kerja'],kerja,gak usah mikir dan gak capek kerja....,"['gak', 'usah', 'mikir', 'dan', 'gak', 'capek', 'kerja']",['kerja'],['kerja'],{'kerja'},{'kerja'},['kerja'],[0.5628973624557891],pmi_threshold,kerja,0.3428089916706085,['kerja'],[0.3428089916706085],from_best_pmi,overlap,1058__13
1062,3,"nah paham khan kalau logika itu harus di kedepanlkan daripada jargon-jargon kosong..... makanya SBY dulu pernah ngomong...kurang lebihnya seperti ini [I]""selama barang ada, harga terjangkau, rakyat bisa beli, itu sudah cukup buat mereka...pemerintah nggak perlu menjawab dengan ideologi-ideologi kosong ketika kondisi ekonomi lagi terpuruk""[/I] ini artinya apa...kedepankan logika, karya nyata, pake akal sehat....bukan jargon-jargon pemberi angin surga yang cuman memperindah angan-angan tapi nggak berdaya ketika berhadapan dengan kenyataan....rakyat jangan dicekokin ama hal-hal kayak gituan kita ini nggak sendirian hidup di dunia....kita juga membutuhkan orang lain, begitu juga dalam tatanan negara, mau-nggak mau kita juga membutuhkan negara lain so...berhati-hatilah dalam mengeluarkan ucapan, jangan sampai jadi bumerang di kemudian hari (semoga telinga kabinet sekarang denger)","cuman memperindah angan-angan tapi nggak berdaya ketika berhadapan dengan kenyataan....rakyat jangan dicekokin ama hal-hal kayak gituan kita ini nggak sendirian hidup di dunia....kita juga membutuhkan orang lain, begitu juga dalam",kaskus,2016-01-30 08:06:37,"['dunia', 'hidup', 'rakyat']","['angan-angan', 'kenyataan', 'hal-hal', 'dunia']","['dunia', 'hidup', 'rakyat', 'angan-angan', 'kenyataan', 'hal-hal']",dunia; hidup; rakyat; angan-angan; kenyataan; hal-hal,"cuman memperindah angan-angan tapi nggak berdaya ketika berhadapan dengan kenyataan....rakyat jangan dicekokin ama hal-hal kayak gituan kita ini nggak sendirian hidup di dunia....kita juga membutuhkan orang lain, begitu juga dalam","['cuman', 'memperindah', 'angan', 'angan', 'tapi', 'nggak', 'berdaya', 'ketika', 'berhadapan', 'dengan', 'kenyataan', 'rakyat', 'jangan', 'dicekokin', 'ama', 'hal', 'hal', 'kayak', 'gituan', 'kita', 'ini', 'nggak', 'sendirian', 'hidup', 'di', 'dunia', 'kita', 'juga', 'membutuhkan', 'orang', 'lain', 'begitu', 'juga', 'dalam']","['dunia', 'hidup', 'rakyat', 'angan-angan', 'kenyataan', 'hal-hal']","['dunia', 'hidup', 'rakyat', 'angan angan', 'kenyataan', 'hal hal']","{'hidup', 'rakyat', 'dunia'}","{'angan angan', 'kenyataan', 'hal hal', 'dunia'}","['angan angan', 'kenyataan', 'hidup', 'hal hal', 'dunia', 'rakyat']","[6.440577699170092, 4.542457313189306, 1.444682097502829, 1.2423080720338182, 0.3862817218549524, 0.34734022029311795]",pmi_threshold,dunia,0.2938379049301147,"['dunia', 'rakyat', 'kenyataan']","[0.29383790493011475, 0.1777350753545761, 0.13751576840877533]",from_best_pmi,overlap,1062__3
1981,2,"problematik 1. kebutuhan pasokan listrik nasional diklaim aman hingga 2020, tapi buktinya kemarin bandara Soeta aja bisa byar-pet. artinya sederhana : PLN masih belum efisien dalam mengelola kapasitas listrik yang sudah tersedia. baca di Wikipedia, per 2010 utilisasi kapasitas hanya 63% dengan kerugian sebesar 12% dari penjualan 2. Indonesia punya cadangan uranium sebanyak 53,000 ton. 29,000 ton di Kalimantan Barat dan sisanya di Babel. Tapi lucunya PLN malah mau pake uranium impor dengan dalih mengeksploitasi sendiri biayanya akan lebih mahal. sounds fishy to me... 3. ramah lingkungan? tergantung pengelolaan limbah dari PLTN tersebut. resiko pasti selalu ada jadi kalo menurut gw, inti sebenarnya pada saat ini ada di pengelolaan dan gaya manajemen dari PLN itu sendiri. persoalan membangun mungkin 'gampang', tapi program pemeliharaan/maintenance jangka panjang perlu dipikirkan secara matang, dan lebih terutama efisiensi dari penggunaan PLTN itu sendiri. jangan sampai investasi yang telah dikucurkan akhirnya menjad duri di dalam daging dan menambah beban finansial untuk PLN sendiri CMIIW",artinya sederhana : PLN masih belum efisien dalam mengelola kapasitas listrik yang sudah tersedia.,kaskus,2012-10-12 19:04:30,"['kapasitas', 'listrik', 'pln']","['arti sederhana efisien', 'pln', 'kapasitas listrik', 'listrik', 'kapasitas']","['kapasitas', 'listrik', 'pln', 'arti sederhana efisien', 'kapasitas listrik']",kapasitas; listrik; pln; arti sederhana efisien; kapasitas listrik,artinya sederhana : PLN masih belum efisien dalam mengelola kapasitas listrik yang sudah tersedia.,"['artinya', 'sederhana', 'pln', 'masih', 'belum', 'efisien', 'dalam', 'mengelola', 'kapasitas', 'listrik', 'yang', 'sudah', 'tersedia']","['kapasitas', 'listrik', 'pln', 'arti sederhana efisien', 'kapasitas listrik']","['kapasitas', 'listrik', 'pln', 'arti sederhana efisien', 'kapasitas listrik']","{'listrik', 'pln', 'kapasitas'}","{'kapasitas', 'arti sederhana efisien', 'listrik', 'kapasitas listrik', 'pln'}","['arti sederhana efisien', 'kapasitas']","[3.5498805999073686, 1.1728239301984913]",pmi_threshold,arti sederhana efisien,0.4385486841201782,"['arti sederhana efisien', 'kapasitas']","[0.4385486841201782, 0.24958835542201996]",from_best_pmi,rb_only,1981__2
1751,47,"sedikit referensi buat teman2 kaskuser 10 negara dengan jumlah pltn terbanyak [B]10. India 17 reaktor nuklir[/B] India memiliki 17 reaktor nuklir dan merupakan sumber energi terbesar ke empat di India. Jika Jerman mempertimbangkan akan menghentikan energi nuklirnya karena bencana Fukushima, namun tidak dengan India. Inda tidak terpengaruh oleh kecelakaan atau bencana di Fukushima. Bahkan di tahun 2010 India menyusun rencana proyek ambisiusnya untuk mengembangkan energi nuklir hingga mencapai kapasitas 63.000 MW hingga tahun 2023 [B]9. Jerman, 17 reaktor nuklir[/B] Jerman memiliki 17 reaktor nuklir dan di tahun 2011 tenaga nuklir Jerman menyuplai 17,7 % kebutuhan listrik Jerman. Angka ini menurun dari tahun 2010 yaitu sebesar 22,4%. Pengembangan teknologi nuklir di Jerman menjadi perdebatan dalam agenda politik, terlebih adanya sengketa energi antara Rusia dan Belarus tahun 2007 dan kecelakaan Fukushima tahun 2011. Kedua peristiwa ini membuat pemerintah Jerman resmi mengumumkan rencana untuk meninggalkan energi nuklir dalam waktu 11 tahun. Pengumuman ini disampaikan ke publik tanggal 30 Mei 2011 [B]8. China, 17 reaktor nuklir[/B] China sebagai negara dengan negara berpenduduk terpadat di dunia memiliki 17 reaktor nuklir. Pembangkit tenaga nuklir China dibangun sebagai energi alternatif listrik batubara yang sudah mulai langka. Cina memiliki dua perusahaan listrik bertenaga nuklir yang terbesar yaitu China National Nuclear Corporation di timur laut Cina dan China Guangdong Nuclear Power Group di tenggara Cina [B]7. Korea Selatan, 18 reaktor nuklir[/B] Korea Selatan adalah negara ke tujuh yang memiliki reaktor nuklir terbanyak yaitu sebesar 18 reaktor. Energi nuklir di Korsel sangat aktif dengan mengekspor teknologi nuklirnya ke beberapa negara seperti Yordania, Uni Emirat Arab, Turki, Indonesia, India, Malaysia dan RRC. Pembangkit listrik tenaga nuklir Korsel dikelola di 4 wilayah yaitu Yeonggwang, Kori, Wolseong dan Uljin [B]6. Canada, 18 reaktor nuklir [/B] Canada sebagai salah satu negara terluas memiliki 18 reaktor nuklir dan pada tahun 2009 sekitar 15% pasokan listrik Kanada di hasilkan oleh tenaga nulikir. Tahun 2011 pemerintah Kanada berencana akan membangun sebuah stasiun nuklir baru namun rencana ini masih dalam pembahasan karena setelah bencana di Fukushima, pemerintah Kanada memerintah untuk meninjau kembali keselamatan dan perbaikan di semua operator reaktor nuklir [B]5. Inggris, 19 reaktor nuklir[/B] Inggris memiliki 19 reaktor nuklir dan telah menghasilkan tenaga nuklir yang telah menyuplai seperenam kebutuhan listrik Inggris di tahun 2012. Sejak didirikan tahun 1956, Inggris hanya mengalami dua kali kecelakaan nuklir yaitu di Windscale karena kebakaran tumpukan plutonium tanggal 8 Oktober 1957 dan di Sellafield karena sebanyak 20 ton uranium dan 160kg plutonium mengalami kebocoran karena ada pipa yang retak pada tanggal 19 April 2005 [B]4. Russia, 31 reaktor nuklir[/B] Russia memiliki 31 reaktor nuklir dan memiliki sejarah kelam dengan reaktor nuklirnya di Ukraina (dulu bagian dari SSR) pada reaktor nomor empat dari Chernobyl Nuclear Power Plant di tahun 1986. Kini pemerintah Russia lebih berhati-hati dalam mengelola reaktor nuklirnya. Pasokan listrik Russia tahun 2010 dipenuhi oleh pembangkit listrik tenaga nuklir sebesar 16% dengan kekuatan sebesar 170,1 TWh. Pemerintah Rusia merencanakan akan meningkatkan reaktor nuklirnya dari 31 ke 59 reaktor [B]3. Jepang, 55 reaktor nuklir [/B] Jepang adalah negara ketiga yang memiliki banyak reaktor nuklir, sebanyak 55 reaktor nuklir. Energi nuklir nampaknya merupakan prioritas nasional yang strategis. Sebagai negara yang kerap dilanda gempa, kerusakan reaktor nuklir menjadi kekawatiran seluruh rakyat Jepang dan mungkin juga dunia. Seperti peristiwa 11 Maret 2011, yang telah menghancurkan sistem pendingin pembangkit listrik tenaga nuklir di Fukushima dalam bencana tsunami. Sedikitnya 140 ribu penduduk atau yang berjarak 20 km dari reaktor di evakuasi [B]2. Perancis, 59 reaktor nuklir[/B] Perancis merupakan negara yang memiliki reaktor nuklir paling banyak kedua, yaitu sebanyak 59 reaktor nuklir. Perancis dipaksa memiliki banyak reaktor nuklir karena, negara ini tidak memiliki sumber daya energi yang berupa minyak, sebagai sumber energi negara tersebut. Pembangkit tenaga nuklir Perancis menghasilkan energi 540,6 TWh dan telah memenuhi sebanyak 78,8% kebutuhan energi listrik di Perancis, angka ini adalah persentase tertinggi di dunia. Sehingga tarif listrik di Perancis merupakan yang termurah di Eropa [B]1. Amerika Serikat, 104 reaktor nuklir[/B] Amerika adalah negara yang paling banyak memiliki reaktor nuklir, yaitu sebanyak 104 reaktor nuklir komersial. Sebanyak 69 merupakan reaktor air bertenaga dan 35 reaktor air mendidih. Ada sebanyak 65 pembangkit listrik tenaga nuklir yang telah memiliki lisensi untuk beroperasi. Pembangkit tersebut menghasilkan energi listrik sebesar 806,2 TWh dan telah menyuplai 19,6% kebutuhan listrik total di seluruh AS pada tahun 2008. Bulan Februari 2012, US Nuclear Regulatory Commission telah menyetujui pembangunan dua reaktor, dengan alasan karena bencana tsunami yang melanda Jepang 11 Maret 2011 yang telah menghancurkan reaktor nuklir di Fukushima. Namun rencana pembangunan ini mendapat tentangan dari aktivis lingkungan dan anti nuklir karena alasan keselamatan publik dan lingkungan, terlebih dengan bencana di Fukushima yang belum pulih benar. Kesepuluh negara di atas tahu benar cara memanfaatkan energi secara maksimal demi kemakmuran rakyatnya",Kesepuluh negara di atas tahu benar cara memanfaatkan energi secara maksimal demi kemakmuran rakyatnya,kaskus,2012-10-16 21:06:37,"['energi', 'negara']","['negara', 'energi', 'kemakmuran rakyat', 'rakyat', 'kemakmuran']","['energi', 'negara', 'kemakmuran rakyat', 'rakyat', 'kemakmuran']",energi; negara; kemakmuran rakyat; rakyat; kemakmuran,Kesepuluh negara di atas tahu benar cara memanfaatkan energi secara maksimal demi kemakmuran rakyatnya,"['kesepuluh', 'negara', 'di', 'atas', 'tahu', 'benar', 'cara', 'memanfaatkan', 'energi', 'secara', 'maksimal', 'demi', 'kemakmuran', 'rakyatnya']","['energi', 'negara', 'kemakmuran rakyat', 'rakyat', 'kemakmuran']","['energi', 'negara', 'kemakmuran rakyat', 'rakyat', 'kemakmuran']","{'energi', 'negara'}","{'rakyat', 'energi', 'kemakmuran', 'kemakmuran rakyat', 'negara'}","['kemakmuran', 'kemakmuran rakyat']","[4.565646674311371, 0.7383723185446285]",pmi_threshold,kemakmuran rakyat,0.3059057891368866,"['kemakmuran rakyat', 'kemakmuran']","[0.3059057891368866, 0.22337469458580017]",from_best_pmi,rb_only,1751__47
1974,0,"ring of fire kecuali kalimantan, kalimantan yg paling aman ... atau utara jawa (daerah G.Muria) sampe sekarang nuklir masih yg paling besar hasil listriknya","ring of fire kecuali kalimantan, kalimantan yg paling aman ...",kaskus,2012-10-12 19:29:38,['kalimantan'],"['ring', 'fire', 'kalimantan']","['kalimantan', 'ring', 'fire']",kalimantan; ring; fire,"ring of fire kecuali kalimantan, kalimantan yg paling aman ...","['ring', 'of', 'fire', 'kecuali', 'kalimantan', 'kalimantan', 'yg', 'paling', 'aman']","['kalimantan', 'ring', 'fire']","['kalimantan', 'ring', 'fire']",{'kalimantan'},"{'fire', 'ring', 'kalimantan'}","['fire', 'ring', 'kalimantan']","[2.0161653949066287, 1.9575111771858182, 0.6439828374139392]",pmi_threshold,fire,0.4041242301464081,"['fire', 'ring', 'kalimantan']","[0.4041242301464081, 0.38084548711776733, 0.21808016300201416]",from_best_pmi,rb_only,1974__0
1233,19,"inii contohnya yg kemakan propaganda 1. Masalah Kebocoran PLTN yang ada sekarang ini semuanya sudah full computerized . Sehingga tidak memerlukan pengawasan yang berlebihan seperti yang dicemaskan masyarakat. PLTN sekarang sudah memungkinkan untuk shut down secara otomatis. Pada PLTN Kashiwazaki, ketika terjadi gempa beberapa reaktor langsung shut down secara otomatis. [B]Kalaupun ada radiasi yang keluar ke lingkungan, levelnya masih termasuk low level radioactive yang bahkan masih lebih aman daripada radiasi alami yang kita terima setiap harinya dari lingkungan . [/B] 2. Limbah Radiasi yang berbahaya [B]penyimpanan limbah radioaktif untuk satu unit reaktor daya hanyalah seluas satu kali lapangan tenis[/B]. Bandingkan dengan industri lain. Sampai saat ini limbah yang berupa Thorium dan Plutonium ini hanya disimpan secara lestari hingga umur radioaktifnya habis. Tapi.... Uranium adalah bahan bakar yang setelah bereaksi akan menghasilkan bahan bakar jenis baru. Tidak hanya untuk senjata nuklir, thorium didalam sampah radioaktif juga dapat diproses kembali menjadi bahan bakar baru, yang menurut ketua ilmuwan Inggris, Sir David King dapat mensuplai kurang lebih 60 % dari total energi listrik yang dibangkitkan di Inggris. dan juga Jika reaktor masa depan dapat mengkonsumsi thorium sebagai bahan bakarnya, maka dapat dipastikan bahwa PLTN akan beroperasi dengan menggunakan cadangan thorium di bumi kita tercinta yang jumlahnya mencapai 3 kali dari jumlah cadangan uranium saat ini. 3. SDM sudah terbukti bisa menjalankan reactor nuklir untuk research tanpa masalah padahal rekator research lebih susah daripada reactor daya ane punya temen yang sekolah di Sekolah Tinggi Nuklir, rata2 pada nggak habis pikir kenapa nuklir sebagai pembangkit listrik masih aja ditolak oia, kalo mau, agan bisa search kok nuklir untuk listrik sebetulnya cukup aman. [url]http://blog.nuklir.org/[/url]","kenapa nuklir sebagai pembangkit listrik masih aja ditolak oia, kalo mau, agan bisa search kok nuklir untuk listrik sebetulnya cukup aman.",kaskus,2015-03-20 07:58:27,"['nuklir', 'listrik', 'pembangkit']","['nuklir', 'pembangkit listrik', 'listrik', 'oia']","['nuklir', 'listrik', 'pembangkit', 'pembangkit listrik', 'oia']",nuklir; listrik; pembangkit; pembangkit listrik; oia,"kenapa nuklir sebagai pembangkit listrik masih aja ditolak oia, kalo mau, agan bisa search kok nuklir untuk listrik sebetulnya cukup aman.","['kenapa', 'nuklir', 'sebagai', 'pembangkit', 'listrik', 'masih', 'aja', 'ditolak', 'oia', 'kalo', 'mau', 'agan', 'bisa', 'search', 'kok', 'nuklir', 'untuk', 'listrik', 'sebetulnya', 'cukup', 'aman']","['nuklir', 'listrik', 'pembangkit', 'pembangkit listrik', 'oia']","['nuklir', 'listrik', 'pembangkit', 'pembangkit listrik', 'oia']","{'pembangkit', 'nuklir', 'listrik'}","{'nuklir', 'oia', 'listrik', 'pembangkit listrik'}",['oia'],[6.4556083171988785],pmi_threshold,oia,-0.0185395218431949,['oia'],[-0.01853952184319496],from_best_pmi,rb_only,1233__19
2365,2,bukannya naik turun surplus listrik jg tergantung dr pelanggan? kenapa energi fossil ga perlu disimpan listriknya? trus kalo model pembangkit tenaga air ga pake batere jg?,trus kalo model pembangkit tenaga air ga pake batere jg?,kaskus,2017-03-09 15:57:56,"['baterai', 'tenaga', 'pembangkit', 'air']","['model pembangkit', 'pembangkit tenaga', 'tenaga air', 'air', 'baterai', 'model']","['baterai', 'tenaga', 'pembangkit', 'air', 'model pembangkit', 'pembangkit tenaga', 'tenaga air', 'model']",baterai; tenaga; pembangkit; air; model pembangkit; pembangkit tenaga; tenaga air; model,trus kalo model pembangkit tenaga air ga pake batere jg?,"['trus', 'kalo', 'model', 'pembangkit', 'tenaga', 'air', 'ga', 'pake', 'batere', 'jg']","['baterai', 'tenaga', 'pembangkit', 'air', 'model pembangkit', 'pembangkit tenaga', 'tenaga air', 'model']","['baterai', 'tenaga', 'pembangkit', 'air', 'model pembangkit', 'pembangkit tenaga', 'tenaga air', 'model']","{'baterai', 'air', 'pembangkit', 'tenaga'}","{'model pembangkit', 'air', 'tenaga air', 'baterai', 'model', 'pembangkit tenaga'}","['model', 'model pembangkit']","[2.2067824288171254, 0.306286488727186]",pmi_threshold,model pembangkit,0.2701053619384765,"['model pembangkit', 'model']","[0.27010536193847656, 0.20430076122283936]",from_best_pmi,rb_only,2365__2
1898,2,"setuju aja gan... teknologi nuklir udah berubah jauh lebih aman.... korea aja malah nambah PLTN terus... listrik lebih reliable dan murah untuk industri dan masyarakat. resiko dan bahaya pasti ada...di segala teknologi... ambil manfaatnya , minimize bahayanya.... :kiss :kiss :kiss :kiss",korea aja malah nambah PLTN terus...,kaskus,2012-10-15 08:57:15,['pltn'],"['korea', 'pltn']","['pltn', 'korea']",pltn; korea,korea aja malah nambah PLTN terus...,"['korea', 'aja', 'malah', 'nambah', 'pltn', 'terus']","['pltn', 'korea']","['pltn', 'korea']",{'pltn'},"{'pltn', 'korea'}",['korea'],[4.260154464320621],pmi_threshold,korea,0.4540664553642273,['korea'],[0.4540664553642273],from_best_pmi,rb_only,1898__2
2052,0,entar indonesia manggil tony stark buat bangun arc reactor,entar indonesia manggil tony stark buat bangun arc reactor,kaskus,2017-04-30 20:56:22,['indonesia'],"['indonesia', 'tony stark', 'stark', 'arc reactor', 'reactor', 'tony', 'arc']","['indonesia', 'tony stark', 'stark', 'arc reactor', 'reactor', 'tony', 'arc']",indonesia; tony stark; stark; arc reactor; reactor; tony; arc,entar indonesia manggil tony stark buat bangun arc reactor,"['entar', 'indonesia', 'manggil', 'tony', 'stark', 'buat', 'bangun', 'arc', 'reactor']","['indonesia', 'tony stark', 'stark', 'arc reactor', 'reactor', 'tony', 'arc']","['indonesia', 'tony stark', 'stark', 'arc reactor', 'reactor', 'tony', 'arc']",{'indonesia'},"{'indonesia', 'stark', 'tony', 'arc', 'tony stark', 'reactor', 'arc reactor'}","['arc', 'tony stark', 'stark', 'tony', 'arc reactor', 'reactor']","[6.469623112499293, 5.5367373083578295, 5.5367373083578295, 5.5367373083578295, 4.373813076228477, 2.2780030399576616]",pmi_threshold,arc reactor,0.4727069735527038,"['arc reactor', 'reactor', 'tony stark']","[0.47270697355270386, 0.4322112798690796, 0.2392452359199524]",from_best_pmi,rb_only,2052__0
142,0,"Saya asumiin yang anda maksud itu MSR, dan ya itu aman banget sistem keamanannya udah dibikin simpel dan pakai hukum alam biar kalo fasilitas mati bisa tetep buang bahan bakar ke tempat aman (masih didalem bangunan) pakai gravitasi doang. Masih ada banyak sistem kemanan canggih lainnya yang ada, tapi saya gak begitu mendalami. MSR untuk saat ini masih dalam tahap R&D sayangnya, dan yang paling rame juga sih risetnya, lagi banyak yang bikin paper mengenai sistem kemanan MSR.","Saya asumiin yang anda maksud itu MSR, dan ya itu aman banget sistem keamanannya udah dibikin simpel dan pakai hukum alam biar kalo fasilitas mati bisa tetep buang bahan bakar",reddit,2023,"['sistem', 'alam', 'bahan_bakar']","['msr', 'sistem keamanan', 'keamanan', 'hukum alam', 'alam', 'fasilitas mati', 'bahan_bakar', 'sistem', 'hukum', 'fasilitas']","['sistem', 'alam', 'bahan_bakar', 'msr', 'sistem keamanan', 'keamanan', 'hukum alam', 'fasilitas mati', 'hukum', 'fasilitas']",sistem; alam; bahan_bakar; msr; sistem keamanan; keamanan; hukum alam; fasilitas mati; hukum; fasilitas,"Saya asumiin yang anda maksud itu MSR, dan ya itu aman banget sistem keamanannya udah dibikin simpel dan pakai hukum alam biar kalo fasilitas mati bisa tetep buang bahan bakar","['saya', 'asumiin', 'yang', 'anda', 'maksud', 'itu', 'msr', 'dan', 'ya', 'itu', 'aman', 'banget', 'sistem', 'keamanannya', 'udah', 'dibikin', 'simpel', 'dan', 'pakai', 'hukum', 'alam', 'biar', 'kalo', 'fasilitas', 'mati', 'bisa', 'tetep', 'buang', 'bahan', 'bakar']","['sistem', 'alam', 'bahan_bakar', 'msr', 'sistem keamanan', 'keamanan', 'hukum alam', 'fasilitas mati', 'hukum', 'fasilitas']","['sistem', 'alam', 'bahan bakar', 'msr', 'sistem keamanan', 'keamanan', 'hukum alam', 'fasilitas mati', 'hukum', 'fasilitas']","{'bahan bakar', 'alam', 'sistem'}","{'bahan bakar', 'alam', 'sistem', 'fasilitas', 'sistem keamanan', 'fasilitas mati', 'hukum', 'msr', 'keamanan', 'hukum alam'}","['msr', 'hukum', 'hukum alam', 'fasilitas', 'fasilitas mati', 'sistem', 'alam']","[4.950421156482153, 3.7548703473643466, 2.0344503821591706, 1.623846696738426, 0.9596427127327376, 0.6976031466914961, 0.31403041695399436]",pmi_threshold,hukum alam,0.2307126522064209,"['hukum alam', 'sistem', 'hukum']","[0.2307126522064209, 0.18332411348819733, 0.14293646812438965]",from_best_pmi,rb_only,142__0
2223,7,"Trit ini adalah cenderung berpihak ke nuklir...ko bisa HT ya? dimana nuklir itu biasanya bersebrangan dengan renewable energy. angin dan matahari sifatnya adalah sourcenya fluktuaktif. tidak menentu, tergantung dengan alam. memang, untuk sekarang angin dan matahari belum bisa menggantikan dengan energi fosil. tapi, InsyaAllah untuk masa depan, ketika batubara habis. kalau ada energi gratis dari alam, kenapa harus bayar? sebenarnya, angin dan matahari cocok untuk program sosial pada saat ini. yang benar2 belum pernah menikmati listrik, seperti di kepulauan keci di indonesia timur. dimana energi matahari dan angin mempunyai potensi besar. maka dari itu,hal ini adalah PR BESAR KITA SEMUA, BUKAN MALAH MEMBUAT TRIT KONYOL SEMCAM INI. PR bagaimana kita bisa membuat generator untuk turbin angin yang ukuran kecil tapi mempunyai output yang besar.dan teknologi energi matahari lainya. Contoh Jepang dan China. sekarang lagi gencar2nya energi terbarukan...yang semula jepang energi utama dengan nuklir, sekarang malah ke kincir angin. karena kejadian fukushima. plisss min........jangan buat HT lagi ya, terkait nuklir. salam damai wahai nuklir mania......","sebenarnya, angin dan matahari cocok untuk program sosial pada saat ini.",kaskus,2017-03-10 09:08:30,"['matahari', 'angin']","['angin', 'matahari', 'program sosial', 'sosial', 'program']","['matahari', 'angin', 'program sosial', 'sosial', 'program']",matahari; angin; program sosial; sosial; program,"sebenarnya, angin dan matahari cocok untuk program sosial pada saat ini.","['sebenarnya', 'angin', 'dan', 'matahari', 'cocok', 'untuk', 'program', 'sosial', 'pada', 'saat', 'ini']","['matahari', 'angin', 'program sosial', 'sosial', 'program']","['matahari', 'angin', 'program sosial', 'sosial', 'program']","{'angin', 'matahari'}","{'matahari', 'sosial', 'program sosial', 'angin', 'program'}","['sosial', 'program sosial', 'program']","[3.995972119480232, 3.0354662675536463, 2.0749604156270607]",pmi_threshold,program sosial,0.4207028448581695,"['program sosial', 'program', 'sosial']","[0.42070284485816956, 0.24035859107971191, 0.23998580873012543]",from_best_pmi,rb_only,2223__7
1654,1,"maklumi saja gan, yang koar-koar nolak PLTN itu gak lebih dari barisan nasi bungkus :siul mereka gak tahu kalau IAEA akan memberikan pengawasan SUPER KETAT baik dari proses tender pembangunan sampai pengoperasian :siul yang koar-koar nampaknya lupa kalau SDM dari BATAN juga memilki kemampuan lebih dari cukup :siul",kalau IAEA akan memberikan pengawasan SUPER KETAT baik dari proses tender pembangunan sampai pengoperasian :siul yang koar-koar nampaknya lupa,kaskus,2012-10-24 19:55:09,"['pembangunan', 'proses']","['iaea', 'pengawasan ketat', 'proses tender', 'tender pembangunan', 'pembangunan', 'pengoperasian', 'koar-koar', 'pengawasan']","['pembangunan', 'proses', 'iaea', 'pengawasan ketat', 'proses tender', 'tender pembangunan', 'pengoperasian', 'koar-koar', 'pengawasan']",pembangunan; proses; iaea; pengawasan ketat; proses tender; tender pembangunan; pengoperasian; koar-koar; pengawasan,kalau IAEA akan memberikan pengawasan SUPER KETAT baik dari proses tender pembangunan sampai pengoperasian :siul yang koar-koar nampaknya lupa,"['kalau', 'iaea', 'akan', 'memberikan', 'pengawasan', 'super', 'ketat', 'baik', 'dari', 'proses', 'tender', 'pembangunan', 'sampai', 'pengoperasian', 'siul', 'yang', 'koar', 'koar', 'nampaknya', 'lupa']","['pembangunan', 'proses', 'iaea', 'pengawasan ketat', 'proses tender', 'tender pembangunan', 'pengoperasian', 'koar-koar', 'pengawasan']","['pembangunan', 'proses', 'iaea', 'pengawasan ketat', 'proses tender', 'tender pembangunan', 'pengoperasian', 'koar koar', 'pengawasan']","{'proses', 'pembangunan'}","{'tender pembangunan', 'pengoperasian', 'pengawasan', 'proses tender', 'pengawasan ketat', 'pembangunan', 'iaea', 'koar koar'}","['pengoperasian', 'koar koar', 'pengawasan ketat', 'proses tender', 'pengawasan', 'tender pembangunan', 'iaea', 'proses', 'pembangunan']","[3.9854653119410672, 3.930225216370822, 2.505539869039512, 2.3034671178714072, 2.1283000901125217, 1.9672208513045135, 1.6354318793733507, 1.198526226437557, 0.5260336933037699]",pmi_threshold,pembangunan,0.2280628830194473,"['pembangunan', 'tender pembangunan', 'proses tender']","[0.22806288301944733, 0.21943137049674988, 0.1611955165863037]",from_best_pmi,overlap,1654__1
2182,1,emangnya orang yang kerja di batan kontak langsung dengan senyawa yang mengandung radioaktif? :bingungs e,:bingungs e,kaskus,2017-03-10 13:04:59,['e'],['e'],['e'],e,:bingungs e,"['bingungs', 'e']",['e'],[],set(),set(),[],[],no_candidates,,,[],[],no_candidates,none,2182__1
108,0,"(Greenpeace) mereka banyak alasan sih, fearmongering di website mereka sendiri sampai-sampai nyamain senjata nuklir dengan PLTN, It makes me wonder who is financing Greenpeace, perhaps an oil and gas company?","(Greenpeace) mereka banyak alasan sih, fearmongering di website mereka sendiri sampai-sampai nyamain senjata nuklir dengan PLTN, It makes me wonder who is financing Greenpeace, perhaps an oil and gas company?",reddit,2023,"['nuklir', 'gas', 'alasan', 'senjata', 'pltn']","['greenpeace', 'alasan fearmongering', 'website', 'senjata nuklir', 'nuklir', 'pltn', 'wonder', 'financing greenpeace', 'perhaps oil', 'oil gas', 'gas', 'company', 'senjata']","['nuklir', 'gas', 'alasan', 'senjata', 'pltn', 'greenpeace', 'alasan fearmongering', 'website', 'senjata nuklir', 'wonder', 'financing greenpeace', 'perhaps oil', 'oil gas', 'company']",nuklir; gas; alasan; senjata; pltn; greenpeace; alasan fearmongering; website; senjata nuklir; wonder; financing greenpeace; perhaps oil; oil gas; company,"(Greenpeace) mereka banyak alasan sih, fearmongering di website mereka sendiri sampai-sampai nyamain senjata nuklir dengan PLTN, It makes me wonder who is financing Greenpeace, perhaps an oil and gas company?","['greenpeace', 'mereka', 'banyak', 'alasan', 'sih', 'fearmongering', 'di', 'website', 'mereka', 'sendiri', 'sampai', 'sampai', 'nyamain', 'senjata', 'nuklir', 'dengan', 'pltn', 'it', 'makes', 'me', 'wonder', 'who', 'is', 'financing', 'greenpeace', 'perhaps', 'an', 'oil', 'and', 'gas', 'company']","['nuklir', 'gas', 'alasan', 'senjata', 'pltn', 'greenpeace', 'alasan fearmongering', 'website', 'senjata nuklir', 'wonder', 'financing greenpeace', 'perhaps oil', 'oil gas', 'company']","['nuklir', 'gas', 'alasan', 'senjata', 'pltn', 'greenpeace', 'alasan fearmongering', 'website', 'senjata nuklir', 'wonder', 'financing greenpeace', 'perhaps oil', 'oil gas', 'company']","{'gas', 'senjata', 'nuklir', 'pltn', 'alasan'}","{'gas', 'perhaps oil', 'senjata', 'nuklir', 'senjata nuklir', 'wonder', 'greenpeace', 'website', 'company', 'pltn', 'oil gas', 'alasan fearmongering', 'financing greenpeace'}","['wonder', 'financing greenpeace', 'perhaps oil', 'website', 'greenpeace', 'alasan fearmongering', 'company', 'oil gas', 'senjata', 'alasan']","[5.511146626183542, 5.242983208539331, 4.657036738874927, 4.231038706990806, 4.041933986753659, 3.2229719409753175, 2.1823648602551162, 1.2030451725701625, 0.9935709651922594, 0.934797255767093]",pmi_threshold,financing greenpeace,0.3392112851142883,"['financing greenpeace', 'greenpeace', 'oil gas']","[0.33921128511428833, 0.2728897035121918, 0.23111672699451447]",from_best_pmi,rb_only,108__0
2035,1,"Bisa tapi terbatas. Potensi angin di Indonesia tidak besar jika dibandingkan dengan kebutuhan listrik Indonesia. Diprediksi ingat saya 9000 MW total tersebar di berbagai pulau. Padahal kapasitas listrik sekarang saja sudah 55000 MW dan diperkirakan tahun 2050 perlu minimal 300000 MW. Namun potensi ini akan tetap dimanfaatkan. Terutama di pulau-pulau kecil di mana pembangkit listrik konvensional tidak ekonomis. Nah, teknologi kincir angin Bapak Elson jika bisa mengurangi harga dan meningkatkan efisiensi ya pakai saja, kan 9000 MW lumayan juga. Cuma kita tidak bisa mengandalkan angin tok. Karena angin itu kalau gak ada ya gak ada. Kalau potensi maksimalnya 9000 MW mau diapakan pakai teknologi apa pun gak bisa lebih dari 9000 MW. Makanya kita sosialisasikan PLTN karena kita perlu sumber daya yang banyak untuk menutupi kebutuhan energi Indonesia. PLT Angin biasanya dilelang ke swasta. Jadi soal apakah teknologi Pak Elson dipakai tergantung swasta.",Potensi angin di Indonesia tidak besar jika dibandingkan dengan kebutuhan listrik Indonesia.,kaskus,2017-07-19 10:08:39,"['indonesia', 'potensi', 'listrik', 'kebutuhan', 'angin']","['potensi angin', 'angin', 'indonesia', 'kebutuhan listrik', 'listrik', 'kebutuhan']","['indonesia', 'potensi', 'listrik', 'kebutuhan', 'angin', 'potensi angin', 'kebutuhan listrik']",indonesia; potensi; listrik; kebutuhan; angin; potensi angin; kebutuhan listrik,Potensi angin di Indonesia tidak besar jika dibandingkan dengan kebutuhan listrik Indonesia.,"['potensi', 'angin', 'di', 'indonesia', 'tidak', 'besar', 'jika', 'dibandingkan', 'dengan', 'kebutuhan', 'listrik', 'indonesia']","['indonesia', 'potensi', 'listrik', 'kebutuhan', 'angin', 'potensi angin', 'kebutuhan listrik']","['indonesia', 'potensi', 'listrik', 'kebutuhan', 'angin', 'potensi angin', 'kebutuhan listrik']","{'kebutuhan', 'potensi', 'indonesia', 'listrik', 'angin'}","{'kebutuhan listrik', 'potensi angin', 'kebutuhan', 'indonesia', 'listrik', 'angin'}",['kebutuhan'],[0.41181065219303253],pmi_threshold,kebutuhan,0.2246526777744293,['kebutuhan'],[0.22465267777442932],from_best_pmi,overlap,2035__1
1852,16,"Soal Nuklir ane punya beberapa point gan. Jika berkenan silahkan taruh di pageone. Ane bukan pendukung tapi juga tidak anti dengan Nuklir. Jika ada yang mau menanggapi komentar ane, monggo silahkan berkomentar yang cerdas:Yb bukan untuk menambah total post:capedes. Jika ada yang tidak suka, silahkan PM:cekpms bukan bata seenaknya mentang2 punya koleksi bata:batas. 1. ""Orang yang ANTI dengan sesuatu itu BODOH!"". Kalimat anti berarti anda ""menolak"". Lebih dari menolak tapi anda juga tidak mau tahu apalagi mencoba untuk tahu 2. Orang TIDAK TAHU cenderung termakan opini publik. Mana yang banyak didukung, ikut-ikutan mendukung. Mana yang ditolak, ikut-ikutan menolak meski tidak tahu apa-apa. Jadi jika agan merasa yang agan ketahui tentang Nuklir masih sedikit, cobalah pelajari lebih lanjut. Apakah benar Nuklir itu energi yang bersih? Apakah benar Nuklir itu berbahaya? Jika berbahaya bisa ditangani tidak? Bagaimana cara menanganinya? 3. Nuklir adalah energi yang luar biasa besar. Energi ini juga anugerah dari Tuhan. Untuk apa Tuhan menciptakan ini?? 4. Kaskuser pasti ngerti bahwa, untuk mendapatkan untung besar tentu resiko juga besar bukan? bagaimana seorang pengusaha bisa sukses? Karena dia berani dengan resiko dan berhasil meminimalisir resiko. Sama dengan Nuklir. Nuklir dengan energinya yang dihasilkan begitu besar tentu perlu penanganan ekstra untuk bisa berhasil digunakan. Pesan ane: Pelajari baik-baik soal Nuklir. Cari sumber referensi yang dapat dipetanggungjawabkan KEBENARAN ILMIAHnya. Baru deh komentar. Jadi ketika agan bilang ""YA"" atau ""TIDAK"", agan punya argument INFORMASI BUAT AGAN 1. Batan Tek Jadi Produsen Nuklir Terbesar Link: [url]http://bangka.tribunnews.com/2012/09/25/batan-tek-jadi-produsen-nuklir-terbesar[/url] 2. Dahlan Iskan: Garuda yang Kalahkan MAS dan BatanTek yang Mengasia Link: [url]http://finance.detik.com/read/2012/06/11/080413/1937629/4/dahlan-iskan-garuda-yang-kalahkan-mas-dan-batantek-yang-mengasia[/url] :iloveindonesia",Bagaimana cara menanganinya?,kaskus,2012-10-16 00:01:30,[],[],[],,Bagaimana cara menanganinya?,"['bagaimana', 'cara', 'menanganinya']",[],[],set(),set(),[],[],no_candidates,,,[],[],no_candidates,none,1852__16
1861,0,Setuju aja siihh.. Tapi.... Harus ditangani oleh tenaga ahli yang benar-2 professional dan letaknya harus jauh di antah-berantah. :D,Setuju aja siihh..,kaskus,2012-10-15 23:32:53,[],['setuju siihh'],['setuju siihh'],setuju siihh,Setuju aja siihh..,"['setuju', 'aja', 'siihh']",['setuju siihh'],['setuju siihh'],set(),{'setuju siihh'},['setuju siihh'],[2.525699939801461],pmi_threshold,setuju siihh,0.5383818745613098,['setuju siihh'],[0.5383818745613098],from_best_pmi,rb_only,1861__0
2496,4,"wih keren :thumbup agan kerja dimana ? sebagai apa ? sebenernya gue ada pengalaman kerja dibidang paansbumi tapi cuman eksplorasi aja gan, itu juga ikut instansi pemerintah, yang doyan survei survei metain potensi di indonesia hmm gue kira maintenance bakal lebih rempong daripada pembangkit konvensional soalnya hasil diskusi dengan senior dan kuliah, pembangkit panasbumi harus di monitoring terus secara periodik dengan metode geoscience biar keberlangsungan fluida terjamin, dan tidak collapsed, belum lagi kalo fluidanya sifatnya saline juga bisa mempercepat korosi di pipa ya kalo gue gak salah, berarti mahalnya cuman di awal doang ya ? itu rame isu nukllir di kalimantan tahun kemaren kan ? blak blakan aja gan,toh anonim ini :D tapi gue liat masayakarta juga pada takut , mereka bandingin dnegan fukushima jepang yang meledak, gara gara gempa tapi harusnya kalo buat di kalimantan dengan tenaga ahli yang kompeten harusnya bisa lah ya, tapi ntar kalo kata pln dibilang gak ekonomis lagi, terus gak mau jual terus gimana ? hahaha :D","soalnya hasil diskusi dengan senior dan kuliah, pembangkit panasbumi harus di monitoring",kaskus,2016-10-15 07:38:11,"['panas_bumi', 'hasil', 'pembangkit']","['hasil diskusi', 'diskusi', 'senior', 'kuliah', 'pembangkit panas_bumi', 'panas_bumi', 'hasil', 'pembangkit']","['panas_bumi', 'hasil', 'pembangkit', 'hasil diskusi', 'diskusi', 'senior', 'kuliah', 'pembangkit panas_bumi']",panas_bumi; hasil; pembangkit; hasil diskusi; diskusi; senior; kuliah; pembangkit panas_bumi,"soalnya hasil diskusi dengan senior dan kuliah, pembangkit panasbumi harus di monitoring","['soalnya', 'hasil', 'diskusi', 'dengan', 'senior', 'dan', 'kuliah', 'pembangkit', 'panasbumi', 'harus', 'di', 'monitoring']","['panas_bumi', 'hasil', 'pembangkit', 'hasil diskusi', 'diskusi', 'senior', 'kuliah', 'pembangkit panas_bumi']","['panas bumi', 'hasil', 'pembangkit', 'hasil diskusi', 'diskusi', 'senior', 'kuliah', 'pembangkit panas bumi']","{'panas bumi', 'pembangkit', 'hasil'}","{'hasil', 'pembangkit', 'kuliah', 'pembangkit panas bumi', 'hasil diskusi', 'panas bumi', 'diskusi', 'senior'}","['senior', 'diskusi', 'kuliah', 'hasil diskusi', 'hasil']","[6.466106629508173, 3.1311223817953637, 2.7859868957466762, 1.7914774401607092, 0.45183249852605467]",pmi_threshold,hasil diskusi,0.3544142544269562,"['hasil diskusi', 'diskusi', 'senior']","[0.3544142544269562, 0.34771639108657837, 0.22070837020874023]",from_best_pmi,rb_only,2496__4
2034,0,Jerman masih nyambung sebagian energinya pake pltn nya perancis.... Mana bisa energi angin dan surya jadi base load.,Jerman masih nyambung sebagian energinya pake pltn nya perancis....,kaskus,2017-07-19 20:25:45,"['jerman', 'pltn']","['jerman', 'energi', 'pltn', 'perancis']","['jerman', 'pltn', 'energi', 'perancis']",jerman; pltn; energi; perancis,Jerman masih nyambung sebagian energinya pake pltn nya perancis....,"['jerman', 'masih', 'nyambung', 'sebagian', 'energinya', 'pake', 'pltn', 'nya', 'perancis']","['jerman', 'pltn', 'energi', 'perancis']","['jerman', 'pltn', 'energi', 'perancis']","{'pltn', 'jerman'}","{'pltn', 'energi', 'jerman', 'perancis'}",['perancis'],[2.789503378737797],pmi_threshold,perancis,-0.0332366749644279,['perancis'],[-0.03323667496442795],from_best_pmi,rb_only,2034__0
1981,13,"problematik 1. kebutuhan pasokan listrik nasional diklaim aman hingga 2020, tapi buktinya kemarin bandara Soeta aja bisa byar-pet. artinya sederhana : PLN masih belum efisien dalam mengelola kapasitas listrik yang sudah tersedia. baca di Wikipedia, per 2010 utilisasi kapasitas hanya 63% dengan kerugian sebesar 12% dari penjualan 2. Indonesia punya cadangan uranium sebanyak 53,000 ton. 29,000 ton di Kalimantan Barat dan sisanya di Babel. Tapi lucunya PLN malah mau pake uranium impor dengan dalih mengeksploitasi sendiri biayanya akan lebih mahal. sounds fishy to me... 3. ramah lingkungan? tergantung pengelolaan limbah dari PLTN tersebut. resiko pasti selalu ada jadi kalo menurut gw, inti sebenarnya pada saat ini ada di pengelolaan dan gaya manajemen dari PLN itu sendiri. persoalan membangun mungkin 'gampang', tapi program pemeliharaan/maintenance jangka panjang perlu dipikirkan secara matang, dan lebih terutama efisiensi dari penggunaan PLTN itu sendiri. jangan sampai investasi yang telah dikucurkan akhirnya menjad duri di dalam daging dan menambah beban finansial untuk PLN sendiri CMIIW",jangan sampai investasi yang telah dikucurkan akhirnya menjad duri di dalam daging dan menambah beban finansial untuk PLN sendiri CMIIW,kaskus,2012-10-12 19:04:30,"['investasi', 'pln']","['investasi', 'duri', 'daging', 'beban finansial', 'pln koreksi', 'koreksi', 'beban']","['investasi', 'pln', 'duri', 'daging', 'beban finansial', 'pln koreksi', 'koreksi', 'beban']",investasi; pln; duri; daging; beban finansial; pln koreksi; koreksi; beban,jangan sampai investasi yang telah dikucurkan akhirnya menjad duri di dalam daging dan menambah beban finansial untuk PLN sendiri CMIIW,"['jangan', 'sampai', 'investasi', 'yang', 'telah', 'dikucurkan', 'akhirnya', 'menjad', 'duri', 'di', 'dalam', 'daging', 'dan', 'menambah', 'beban', 'finansial', 'untuk', 'pln', 'sendiri', 'cmiiw']","['investasi', 'pln', 'duri', 'daging', 'beban finansial', 'pln koreksi', 'koreksi', 'beban']","['investasi', 'pln', 'duri', 'daging', 'beban finansial', 'pln koreksi', 'koreksi', 'beban']","{'investasi', 'pln'}","{'beban finansial', 'koreksi', 'daging', 'investasi', 'duri', 'beban', 'pln koreksi'}","['duri', 'daging', 'beban finansial', 'beban', 'investasi', 'koreksi']","[6.456771030866656, 4.962006339117078, 4.011117680671624, 2.498350134618055, 1.5455152426967353, 1.0992190262485726]",pmi_threshold,investasi,0.3672312498092651,"['investasi', 'beban finansial', 'daging']","[0.36723124980926514, 0.2961493134498596, 0.13906821608543396]",from_best_pmi,overlap,1981__13
1286,2,"Daripada PLTN mending bangun kincir atau solar cell. ane cuma khawatirnya kejadian di fukusima terjadi di sini. kebayang gak jepang yg udh semaju itu budaya dan pendidikan masyarakatnya masih ketar-ketir jg pas tau reaktornya bocor. coba disini kejadian kayak gt, pasti chaos dan lebih banyak korban. PLTN cocoknya di negara maju, kita disini masih belum siap dng teknologi ini. klo pun mencoba energi terbarukan Indonesia milih yg Low Risk aja. solusi dari ane kincir angin. laut indonesia kan luas dan bbrpa wilayah tdk memiliki lalu lintas kapal yg ramai, dan ini bs digunakan sebagai tmpt kincir angin.",kebayang gak jepang yg udh semaju itu budaya dan pendidikan masyarakatnya masih ketar-ketir jg pas tau reaktornya bocor.,kaskus,2016-04-24 21:39:47,['jepang'],"['jepang', 'budaya', 'pendidikan masyarakat', 'masyarakat', 'reaktor']","['jepang', 'budaya', 'pendidikan masyarakat', 'masyarakat', 'reaktor']",jepang; budaya; pendidikan masyarakat; masyarakat; reaktor,kebayang gak jepang yg udh semaju itu budaya dan pendidikan masyarakatnya masih ketar-ketir jg pas tau reaktornya bocor.,"['kebayang', 'gak', 'jepang', 'yg', 'udh', 'semaju', 'itu', 'budaya', 'dan', 'pendidikan', 'masyarakatnya', 'masih', 'ketar', 'ketir', 'jg', 'pas', 'tau', 'reaktornya', 'bocor']","['jepang', 'budaya', 'pendidikan masyarakat', 'masyarakat', 'reaktor']","['jepang', 'budaya', 'pendidikan masyarakat', 'masyarakat', 'reaktor']",{'jepang'},"{'pendidikan masyarakat', 'reaktor', 'budaya', 'masyarakat', 'jepang'}",['budaya'],[2.998503063720812],pmi_threshold,budaya,0.3173998892307281,['budaya'],[0.31739988923072815],from_best_pmi,rb_only,1286__2
916,3,"Elo kali yg dongo.. Kalo bahas target EBT di otak gw berkaitan soal kebijakan tarif... Makanya gw disini bahas soal tarif EBT era jonan vs era sudirman said... Lo bawa bawa permen no 49 tahun 2018 di atas itu bahas PLTS... Bukan bahas tentang bahasan gw disini soal tarif EBT permen no 12 tahun 2017... Jadi lo GAK NYAMBUNG!!! Emang lo kira permen itu cuma satu biji doank ya dlm kementerian??? Permen yg revisi jonan banyak yg berkaitan soal EBT... Permen ESDM Nomor 10 Tahun 2017, Permen ESDM Nomor 11 tahun 2017, dan Permen 12 Tahun 2017. Revisi aturan itu tertuang dalam Permen 45, 49 dan 50 tahun 2017. Permen tahun 2018 baru lagi macem macem bencong...",Lo bawa bawa permen no <NUM> tahun <NUM> di atas itu bahas PLTS...,kaskus,2019-01-28 12:39:02,"['permen', 'plts']","['permen', 'plts']","['permen', 'plts']",permen; plts,Lo bawa bawa permen no <NUM> tahun <NUM> di atas itu bahas PLTS...,"['lo', 'bawa', 'bawa', 'permen', 'no', 'num', 'tahun', 'num', 'di', 'atas', 'itu', 'bahas', 'plts']","['permen', 'plts']","['permen', 'plts']","{'permen', 'plts'}","{'permen', 'plts'}",['permen'],[2.890944987750139],pmi_threshold,permen,0.029416749253869,['permen'],[0.029416749253869057],from_best_pmi,overlap,916__3
1858,1,"setuju banget gan, supaya kita punya bargaining power dengan amerika dan negara maju gan. dari situ kita bisa manfaatiin tuh untuk pengurangan utang dll misalnya.",dari situ kita bisa manfaatiin tuh untuk pengurangan utang dll misalnya.,kaskus,2012-10-15 23:40:43,"['utang', 'pengurangan', 'manfaatiin']","['pengurangan utang', 'utang', 'pengurangan']","['utang', 'pengurangan', 'manfaatiin', 'pengurangan utang']",utang; pengurangan; manfaatiin; pengurangan utang,dari situ kita bisa manfaatiin tuh untuk pengurangan utang dll misalnya.,"['dari', 'situ', 'kita', 'bisa', 'manfaatiin', 'tuh', 'untuk', 'pengurangan', 'utang', 'dll', 'misalnya']","['utang', 'pengurangan', 'manfaatiin', 'pengurangan utang']","['utang', 'pengurangan', 'manfaatiin', 'pengurangan utang']","{'pengurangan', 'manfaatiin', 'utang'}","{'pengurangan utang', 'pengurangan', 'utang'}","['manfaatiin', 'pengurangan', 'pengurangan utang', 'utang']","[6.4672778384058205, 4.972513146656243, 4.613398630863933, 4.254284115071623]",pmi_threshold,pengurangan utang,0.5069042444229126,"['pengurangan utang', 'utang', 'pengurangan']","[0.5069042444229126, 0.3760305345058441, 0.27451977133750916]",from_best_pmi,rb_only,1858__1
1039,0,"Setahun 16T dana cadangan, sehari berarti sekitar 44M masuk kas ... negara Cukup gak tuh bikin jalanan tetap rame, kalo minyak dunia balik di atas $80? Yang presiden sebelumnya aja alokasi dana sampai ratusan triliun, buat dibakar2.","Setahun 16T dana cadangan, sehari berarti sekitar 44M masuk kas ...",kaskus,2015-12-27 23:43:31,['cadangan'],"['setahun 16t dana', '16t', 'dana cadangan', 'cadangan', 'sehari', 'kas', 'setahun']","['cadangan', 'setahun 16t dana', '16t', 'dana cadangan', 'sehari', 'kas', 'setahun']",cadangan; setahun 16t dana; 16t; dana cadangan; sehari; kas; setahun,"Setahun 16T dana cadangan, sehari berarti sekitar 44M masuk kas ...","['setahun', '16t', 'dana', 'cadangan', 'sehari', 'berarti', 'sekitar', '44m', 'masuk', 'kas']","['cadangan', 'setahun 16t dana', '16t', 'dana cadangan', 'sehari', 'kas', 'setahun']","['cadangan', 'setahun 16t dana', '16t', 'dana cadangan', 'sehari', 'kas', 'setahun']",{'cadangan'},"{'sehari', 'kas', 'dana cadangan', 'cadangan', '16t', 'setahun 16t dana', 'setahun'}","['16t', 'kas', 'setahun 16t dana', 'setahun', 'sehari', 'dana cadangan', 'cadangan']","[6.468449998887014, 6.468449998887014, 3.601679241493318, 2.689476878199232, 2.4280357304411053, 1.4286580209258113, 1.2102051944579144]",pmi_threshold,setahun 16t dana,0.4686368703842163,"['setahun 16t dana', 'setahun', 'sehari']","[0.4686368703842163, 0.2583140730857849, 0.2228441685438156]",from_best_pmi,rb_only,1039__0
1671,4,"mental bangsa ini dulu di bangun, baru nyusul yg muluk2..kitab suci aja di korup :cd hrsnya kita curiga knp ada pihak2 yg ngotot.. [SPOILER=bacaan] PLTN Ramah Lingkungan tapi Berisiko “Menangani lumpur Sidoarjo saja tak bisa, bagaimana mengelola reaktor nuklir?” Jakarta – Menteri Negara Lingkungan Hidup Rahmat Witoelar menyatakan pembangkit listrik tenaga nuklir sangat ramah lingkungan, tapi risikonya sangat besar. “Dalam prakteknya, PLTN tidak membuang emisi sama sekali. Namun, jika terjadi kerusakan atau kebocoran, hal itu baru bisa terselesaikan setelah 500 tahun,” kata dia menjawab pers di Hotel Atlet Century, Jakarta, kemarin. Menurut Rachmat, budaya berperan penting dalam pembangunan proyek nuklir seperti di negara-negara maju. Di negara maju, kebersihan sangat dijaga, “Bahkan kamar mandi di PLTN lebih bersih daripada di rumah sakit.” Namun, terlepas dari segala kontroversinya, Rachmat mengaku saat ini dia mengikuti kebijakan pemerintah tentang rencana membangun PLTN pada 2016 di kawasan Gunung Muria, Jawa Tengah. “Kementerian Lingkungan Hidup menjaga agar inisiatif itu tidak merusak lingkungan,” dia menambahkan. Liek Wilarjo, guru besar fisika Universitas Kristen Satya Wacana, Salatiga, dan Iwan Kurniawan, pakar fisika nuklir Indonesia, berpendapat nuklir bukan solusi terbaik untuk mengatasi krisis listrik di Indonesia. Kedua pakar itu menyarankan agar Indonesia mengeksplorasi energi terbarukan yang bersumber dari alam, bukan dari nuklir. [B]“Kita masih punya matahari, angin, arus laut, panas bumi, biomassa, mikrohidro, dan sebagainya, yang bisa (dimanfaatkan) untuk pembangkit listrik. Kenapa harus nuklir?” kata Liek dalam seminar Pro-Kontra Pembangunan PLTN di Semarang, Rabu lalu.[/B] Sementara itu, menurut Iwan, yang pernah aktif di Badan Tenaga Atom Nasional (Batan), menyatakan penguasaan teknologi yang masih rendah dan kultur serta budaya bangsa Indonesia yang korup dan kurang berdisiplin menjadikan PLTN sangat berbahaya. “Jika menangani lumpur Sidoarjo saja kita tidak bisa, bagaimana mengelola reaktor nuklir, yang rentan bocor?” ujarnya. [B]Sebagai ahli nuklir, ia mengaku tidak habis pikir kenapa pemerintah menjadikan PLTN sebagai solusi krisis listrik. Sebab, negara maju, seperti Amerika, Jerman, dan Jepang, saja sudah menghentikan pembangunan PLTN, “Kenapa Indonesia, yang kaya sumber daya alam, justru akan membangun PLTN?”[/B] Namun, Ferhat Aziz dari Batan menyatakan tidak ada satu teknologi pun yang bebas dari risiko. Teknologi nuklir saat ini, kata dia, lebih ekonomis dan tingkat keselamatannya lebih tinggi. Karena itu, PLTN merupakan solusi krisis listrik lantaran murah dan terbarukan. Guna mengatasi masalah pemanasan global yang mulai berdampak di beberapa wilayah Indonesia, kata Rachmat, diperlukan sumber energi alternatif dan bahan bakar jangka panjang. Sisa-sisa pembakaran, berupa karbon dioksida, harus dikurangi dengan mencari alternatif energi lain. Ia menyebut Australia saat ini sudah menggunakan tenaga ombak, Denmark memakai turbin angin, dan di beberapa negara maju ada yang menggunakan panas bumi serta matahari. “Indonesia memiliki potensi untuk memakai alternatif energi tersebut,” ujarnya. SORTA TOBING | Sohirin, korantempo, Jum’at, 22 Juni 2007. [url]http://www.korantempo.com/korantempo/2007/06/22/Nasional/krn,20070622,9.id.html[/SPOILER][/url]","Namun, jika terjadi kerusakan atau kebocoran, hal itu baru bisa terselesaikan setelah <NUM> tahun, kata dia menjawab pers di Hotel Atlet Century, Jakarta, kemarin.",kaskus,2012-10-24 11:50:22,"['kebocoran', 'jakarta']","['kerusakan', 'kebocoran', 'pers', 'hotel atlet', 'atlet', 'century', 'jakarta', 'kemarin']","['kebocoran', 'jakarta', 'kerusakan', 'pers', 'hotel atlet', 'atlet', 'century', 'kemarin']",kebocoran; jakarta; kerusakan; pers; hotel atlet; atlet; century; kemarin,"Namun, jika terjadi kerusakan atau kebocoran, hal itu baru bisa terselesaikan setelah <NUM> tahun, kata dia menjawab pers di Hotel Atlet Century, Jakarta, kemarin.","['namun', 'jika', 'terjadi', 'kerusakan', 'atau', 'kebocoran', 'hal', 'itu', 'baru', 'bisa', 'terselesaikan', 'setelah', 'num', 'tahun', 'kata', 'dia', 'menjawab', 'pers', 'di', 'hotel', 'atlet', 'century', 'jakarta', 'kemarin']","['kebocoran', 'jakarta', 'kerusakan', 'pers', 'hotel atlet', 'atlet', 'century', 'kemarin']","['kebocoran', 'jakarta', 'kerusakan', 'pers', 'hotel atlet', 'atlet', 'century', 'kemarin']","{'jakarta', 'kebocoran'}","{'kemarin', 'hotel atlet', 'atlet', 'kebocoran', 'century', 'pers', 'jakarta', 'kerusakan'}","['pers', 'century', 'hotel atlet', 'atlet', 'kerusakan', 'kemarin', 'kebocoran', 'jakarta']","[6.452125788051558, 6.452125788051558, 5.238300540106037, 4.957361096301979, 2.9926941694142606, 2.4117115196056496, 1.4979294776646828, 0.971978192374162]",pmi_threshold,kerusakan,0.2501117289066314,"['kerusakan', 'century', 'hotel atlet']","[0.25011172890663147, 0.20511598885059357, 0.189314067363739]",from_best_pmi,rb_only,1671__4
1528,1,"gpp gan, asalkan lokasi yg dilih aesuai standar keamanan. jangan di pu au jawa deh :Peace:",jangan di pu au jawa deh :Peace:,kaskus,2012-12-23 14:52:25,['jawa'],"['au jawa', 'jawa']","['jawa', 'au jawa']",jawa; au jawa,jangan di pu au jawa deh :Peace:,"['jangan', 'di', 'pu', 'au', 'jawa', 'deh', 'peace']","['jawa', 'au jawa']","['jawa', 'au jawa']",{'jawa'},"{'jawa', 'au jawa'}",['au jawa'],[3.1428664639502863],pmi_threshold,au jawa,0.2499350011348724,['au jawa'],[0.24993500113487244],from_best_pmi,rb_only,1528__1
482,2,"E.B.T ? kalau bicara Output energy listrik yg dihasilkan, gw lebih memilih 2 sumber tenaga aja, PLT Geothermal dan PLTA :army Cuma itu doang dr EBT yg bisa STABIL (paling penting) dan besar outputnya :p yg lainnya... menang gegayaan doang ;) tergantung Waktu-Musim",Cuma itu doang dr EBT yg bisa STABIL (paling penting) dan besar outputnya :p yg lainnya...,kaskus,2017-08-18 21:06:14,['ebt'],"['ebt', 'output']","['ebt', 'output']",ebt; output,Cuma itu doang dr EBT yg bisa STABIL (paling penting) dan besar outputnya :p yg lainnya...,"['cuma', 'itu', 'doang', 'dr', 'ebt', 'yg', 'bisa', 'stabil', 'paling', 'penting', 'dan', 'besar', 'outputnya', 'p', 'yg', 'lainnya']","['ebt', 'output']","['ebt', 'output']",{'ebt'},"{'output', 'ebt'}","['ebt', 'output']","[-0.017246428648210993, -1.9092561278734874]",pmi_fallback_top,output,0.2230918705463409,"['output', 'ebt']","[0.22309187054634094, 0.15425415337085724]",from_best_pmi,rb_only,482__2
2474,5,"Tepat sekali agan ini. 1. kebanyakan lokasi panasbumi di hutan lindung, kebayang kan ijinnya gimana? 2. lokasi pengembangan di remote area, nah.. infrastruktur mahal dong. 3. monopoli pembeli, ya kali dilirik yang kapitalnya besar, mending beli Listrik PLTU kali ya 4. kemungkinan gagal di pemboran eksplorasi besar, so dana yang dikeluarkan di awal besar. Mana ada lender yang mau minjemin, kalo minjemin pun apa jaminannya? WKP nya? padahal 1 lokasi pemboran bisa ngabisin duit 20 M an, 1 sumur sekitar 5juta USD. dan selanjutnya dan selanjutnya",infrastruktur mahal dong.,kaskus,2016-10-15 10:23:09,[],['infrastruktur mahal'],['infrastruktur mahal'],infrastruktur mahal,infrastruktur mahal dong.,"['infrastruktur', 'mahal', 'dong']",['infrastruktur mahal'],['infrastruktur mahal'],set(),{'infrastruktur mahal'},['infrastruktur mahal'],[0.7719842372540021],pmi_threshold,infrastruktur mahal,0.7961151599884033,['infrastruktur mahal'],[0.7961151599884033],from_best_pmi,rb_only,2474__5
434,1,"Geothermal high risk gan. Diperlukan eksplorasi panas bumi detail Dan mendalam di lapangan mengenai potensinya, yg belum tentu sukses atau kapasitasnya sesuai harapan. Dengan kata lain, eksplorasi milyaran Bisa berakhir zonk. PLTA riskan dimasalah sosial Dan lingkungan. Diperlukan pembebasan lahan yg luas untuk membuat waduk, mungkin beberspa desa akan ditenggelamkan. PLTA juga memutus jalur air sungai tempat migrasi ikan Dan biota sungai yg berdampak pada keseimbangan ekosistem. Di Eropa PLTA mulai ditinggalkan. Nuklir is the best","Diperlukan eksplorasi panas bumi detail Dan mendalam di lapangan mengenai potensinya, yg belum tentu sukses atau kapasitasnya sesuai harapan.",kaskus,2017-08-28 05:59:14,"['panas_bumi', 'lapangan']","['eksplorasi panas_bumi', 'panas_bumi detail', 'lapangan', 'potensi', 'sukses', 'kapasitas harapan', 'harapan', 'eksplorasi']","['panas_bumi', 'lapangan', 'eksplorasi panas_bumi', 'panas_bumi detail', 'potensi', 'sukses', 'kapasitas harapan', 'harapan', 'eksplorasi']",panas_bumi; lapangan; eksplorasi panas_bumi; panas_bumi detail; potensi; sukses; kapasitas harapan; harapan; eksplorasi,"Diperlukan eksplorasi panas bumi detail Dan mendalam di lapangan mengenai potensinya, yg belum tentu sukses atau kapasitasnya sesuai harapan.","['diperlukan', 'eksplorasi', 'panas', 'bumi', 'detail', 'dan', 'mendalam', 'di', 'lapangan', 'mengenai', 'potensinya', 'yg', 'belum', 'tentu', 'sukses', 'atau', 'kapasitasnya', 'sesuai', 'harapan']","['panas_bumi', 'lapangan', 'eksplorasi panas_bumi', 'panas_bumi detail', 'potensi', 'sukses', 'kapasitas harapan', 'harapan', 'eksplorasi']","['panas bumi', 'lapangan', 'eksplorasi panas bumi', 'panas bumi detail', 'potensi', 'sukses', 'kapasitas harapan', 'harapan', 'eksplorasi']","{'panas bumi', 'lapangan'}","{'eksplorasi panas bumi', 'sukses', 'panas bumi detail', 'potensi', 'harapan', 'kapasitas harapan', 'lapangan', 'eksplorasi'}","['harapan', 'sukses', 'eksplorasi', 'lapangan', 'panas bumi detail', 'kapasitas harapan']","[3.9866289634325205, 2.777814948596613, 1.9458227470446345, 1.3437191135020845, 0.8578795019695374, 0.8465097933507659]",pmi_threshold,panas bumi detail,0.358402669429779,"['panas bumi detail', 'kapasitas harapan', 'eksplorasi']","[0.35840266942977905, 0.340614914894104, 0.21429304778575897]",from_best_pmi,rb_only,434__1
2223,1,"Trit ini adalah cenderung berpihak ke nuklir...ko bisa HT ya? dimana nuklir itu biasanya bersebrangan dengan renewable energy. angin dan matahari sifatnya adalah sourcenya fluktuaktif. tidak menentu, tergantung dengan alam. memang, untuk sekarang angin dan matahari belum bisa menggantikan dengan energi fosil. tapi, InsyaAllah untuk masa depan, ketika batubara habis. kalau ada energi gratis dari alam, kenapa harus bayar? sebenarnya, angin dan matahari cocok untuk program sosial pada saat ini. yang benar2 belum pernah menikmati listrik, seperti di kepulauan keci di indonesia timur. dimana energi matahari dan angin mempunyai potensi besar. maka dari itu,hal ini adalah PR BESAR KITA SEMUA, BUKAN MALAH MEMBUAT TRIT KONYOL SEMCAM INI. PR bagaimana kita bisa membuat generator untuk turbin angin yang ukuran kecil tapi mempunyai output yang besar.dan teknologi energi matahari lainya. Contoh Jepang dan China. sekarang lagi gencar2nya energi terbarukan...yang semula jepang energi utama dengan nuklir, sekarang malah ke kincir angin. karena kejadian fukushima. plisss min........jangan buat HT lagi ya, terkait nuklir. salam damai wahai nuklir mania......",dimana nuklir itu biasanya bersebrangan dengan renewable energy.,kaskus,2017-03-10 09:08:30,"['nuklir', 'energi']","['nuklir', 'terbarukan energi', 'energi', 'terbarukan']","['nuklir', 'energi', 'terbarukan energi', 'terbarukan']",nuklir; energi; terbarukan energi; terbarukan,dimana nuklir itu biasanya bersebrangan dengan renewable energy.,"['dimana', 'nuklir', 'itu', 'biasanya', 'bersebrangan', 'dengan', 'renewable', 'energy']","['nuklir', 'energi', 'terbarukan energi', 'terbarukan']","['nuklir', 'energi', 'terbarukan energi', 'terbarukan']","{'nuklir', 'energi'}","{'terbarukan', 'nuklir', 'energi', 'terbarukan energi'}","['nuklir', 'terbarukan', 'terbarukan energi']","[-3.1333348111537145, -4.118853965720806, -5.315079545941794]",pmi_fallback_top,terbarukan energi,0.528531551361084,"['terbarukan energi', 'nuklir', 'terbarukan']","[0.528531551361084, 0.45583903789520264, 0.217030331492424]",from_best_pmi,rb_only,2223__1
1774,2,"wkwkw...dulu gw disini dimaki2, di goblok2in dengan bawa contoh gunung kidul udah ada PLT Ombak di parangtritis/baron. :D mudik tahun ini gw jabanin naik motor pengen liat kyk gimana sih itu PLT Ombak dan gheotermal disana, sampe sana terguncyang...listrik yang dihasilkan ombak parangtritis yg ganas nyatanya cuma bisa ngidupin sebagain kecil area rumah dengan daya ngga lebih dari 300w/rumah. itupun PLT Ombak bekerja ngga maksimal faktanya, dulu gw ke parangtritis sekitarnya cuma ada padang pasir..tapi sekarang banyak rumah penginapan, resor, rumah makan pinggir laut, dll yang listriknya butuh banyak... dan disana akhirnya di tarik lagi tuh kabel listrik dari jogja buat supply kebutuhan listrik utama :p :ngakaks hal ini cuma 1 dekade = 10 tahun...bisa dibayangkan 30 tahun kedepan gimana kebutuhan energi manusia indonesia ? :o masih mau ngandelin angin sepoi2 ? :hammer: gw ngga punya foto pribadi, tapi foto ini sama persis dengan yg gw lihat disana... [spoiler=1][IMG]http://adesalbg.files.wordpress.com/2008/07/oscillating-water-column-owc-ombak-pantai-pantai-parang-rucuk-tanjungsari-gunung-kidul-teknologi-ini-dikembangkan-balai-pengkajian-dinamika-pantaibppt-500kw.jpg?w=400&h=265[/IMG][/spoiler] [spoiler=2][IMG]http://tep.tp.ugm.ac.id/files/data/baron2.jpg[/IMG][/spoiler] [spoiler=3][IMG]http://www.gunungkidulkab.go.id/pustaka/pantai%20parangracuk%20%282%29.jpg[/IMG][/spoiler] sumber : [URL=""http://www.alpensteel.com/article/52-106-energi-laut-ombakgelombangarus/2945--pengembangan-plt-ombak-di-gunung-kidul.html""]gunung kidul[/URL]",cuma bisa ngidupin sebagain kecil area rumah dengan daya ngga lebih dari 300w/rumah.,kaskus,2012-10-16 15:18:14,"['rumah', 'daya']","['area rumah', 'rumah', 'daya', 'area']","['rumah', 'daya', 'area rumah', 'area']",rumah; daya; area rumah; area,cuma bisa ngidupin sebagain kecil area rumah dengan daya ngga lebih dari 300w/rumah.,"['cuma', 'bisa', 'ngidupin', 'sebagain', 'kecil', 'area', 'rumah', 'dengan', 'daya', 'ngga', 'lebih', 'dari', '300w', 'rumah']","['rumah', 'daya', 'area rumah', 'area']","['rumah', 'daya', 'area rumah', 'area']","{'daya', 'rumah'}","{'area rumah', 'daya', 'area', 'rumah'}","['area', 'area rumah', 'rumah']","[1.8952926823595704, 1.285112454282461, 0.6749322262053515]",pmi_threshold,area rumah,0.3098017871379852,"['area rumah', 'rumah', 'area']","[0.30980178713798523, 0.24826517701148987, 0.13743489980697632]",from_best_pmi,rb_only,1774__2
1388,0,tau gak napa fukushima bisa meltdown ? pendinginnya gak berfungsi karna tersapu tsunami. so klo bikin PLTN ya dipilih didaerah yang kemungkinan kena tsunami rendah kek di kalimantan. lagian 30 tahun lebih ngoprasiin reaktor nuklir mosok dipandang orang indonesia emang mo ngoprasiin reaktor nuklir brapa tahun lagi hingga orang indonesia dipandang mampu nangani PLTN apa 100 tahun lagi ?,tau gak napa fukushima bisa meltdown ?,kaskus,2014-01-05 22:09:49,['fukushima'],"['fukushima', 'meltdown']","['fukushima', 'meltdown']",fukushima; meltdown,tau gak napa fukushima bisa meltdown ?,"['tau', 'gak', 'napa', 'fukushima', 'bisa', 'meltdown']","['fukushima', 'meltdown']","['fukushima', 'meltdown']",{'fukushima'},"{'meltdown', 'fukushima'}",['meltdown'],[4.00184246872923],pmi_threshold,meltdown,0.2439147233963012,['meltdown'],[0.24391472339630127],from_best_pmi,rb_only,1388__0
1725,0,"waduhh, thorium aja masih dalam tahap riset, butuh bertahun-tahun pasti belum lagi nanti reaktornya, ya kalo urusan politik sih emang negara ini gampang disetir, makanya IAEA ngasih ijin Indonesia buat bangun PLTN, coba kalo negara ini pemerintahannya keras kayak Iran... tapi PLTN lah yang paling realistis untuk ngatasin krisis energi di Indonesia, kalo orang awam yang gak ngerti apa2 diajak debat soal PLTN ya pasti gak setuju Indonesia ngomongnya banyak laut, ombak, angin, air terjun :D, batubara, gas bumi, dll....padahal pembangkit2 tersebut butuh bahan bakar lain yang justru gak efisien, karena inputnya gak stabil outputnya pasti gak realistis buat dijadiin pembangkit :D....","waduhh, thorium aja masih dalam tahap riset, butuh bertahun-tahun pasti",kaskus,2012-10-17 19:44:12,"['thorium', 'riset']","['waduhh', 'thorium', 'tahap riset', 'riset', 'bertahun-tahun']","['thorium', 'riset', 'waduhh', 'tahap riset', 'bertahun-tahun']",thorium; riset; waduhh; tahap riset; bertahun-tahun,"waduhh, thorium aja masih dalam tahap riset, butuh bertahun-tahun pasti","['waduhh', 'thorium', 'aja', 'masih', 'dalam', 'tahap', 'riset', 'butuh', 'bertahun', 'tahun', 'pasti']","['thorium', 'riset', 'waduhh', 'tahap riset', 'bertahun-tahun']","['thorium', 'riset', 'waduhh', 'tahap riset', 'bertahun tahun']","{'riset', 'thorium'}","{'waduhh', 'bertahun tahun', 'riset', 'tahap riset', 'thorium'}","['waduhh', 'tahap riset', 'riset', 'bertahun tahun', 'thorium']","[6.4672778384058205, 2.1501198163316353, 1.5130815280189458, 1.2027521619169044, 1.1420746114855975]",pmi_threshold,thorium,0.4582399427890777,"['thorium', 'bertahun tahun', 'tahap riset']","[0.45823994278907776, 0.2968060374259949, 0.28403422236442566]",from_best_pmi,overlap,1725__0
489,1,"yang nasional ada Medco dan Indonesia Power, sisanya Star Energy dan Chevron. Lainnya dibawah 10Mw",Lainnya dibawah 10Mw,kaskus,2013-06-23 12:25:11,['10mw'],['10mw'],['10mw'],10mw,Lainnya dibawah 10Mw,"['lainnya', 'dibawah', '10mw']",['10mw'],['10mw'],{'10mw'},{'10mw'},['10mw'],[6.476681897065757],pmi_threshold,10mw,0.636471152305603,['10mw'],[0.636471152305603],from_best_pmi,overlap,489__1
2505,2,"Ane sangat tertarik nih sama thread ginian,, ampe ane nyalain laptop dlu buat ngemulti quote.. :ngakak Ntar ane bikin lah thread tandingan nya... :ngakak yap tepat dan benar, biaya untuk membangun sebuah ""PLTU"" (atau kami lebih suka menyebutnya PLTP) itu sangat mahal,, mulai dari research sampai keluar uap itu tidaklah murah, blom lagi biaya akomodasi material pembangunan pembangkit yang harus melewati pegunungan (kebanyakan PLTP ada digunung). untuk masalah monopoli, mungkin agan akan faham jika agan adalah bagian dari PLN, PLN memonopoli kelistrikan tidak semata ingin untuk tapi untuk menstabilkan harga juga, untuk contoh kelistrikan di negara Filipina itu di lepas (tidak dimonopoli) akhirnya harga listrik disana lebih mahal dari sebelumnya, Indonesia masih kebilang murah gan. [url]http://finance.detik.com/energi/d-3086846/membandingkan-tarif-listrik-ri-dengan-negara-di-asean[/url] yap agan ini benar sekali, Medco Energy yang di Sarulla sana adalah PLTP terbesar se Indonesia gan, sebenarnya bkn karna harga murah di Batubara nya tapi Elite POLITIK di atas PLN yang mempermainkannya. wah klo minyak bumi mah PLN Group udah sedikit-sedikit bisa move on, soal nya ga kuat harganya euy. bkn cuma chevron masih ada yg lain gan, PLN juga banyak geothermal nya, ada Indonesia Power, ada geodipa, ada tangkuban perahu geothermal ada medoc, ada Pertamina geothermal dan masih banyak yg lainnya. Garut ada PLTU? hmm,,,, Kamojang kang? Bkn kang. itu PLTP masih punya PLN dan disana juga ada Chevron dan Pertamina. maaf sebelum nya gan atas kerusakan alam di tanah kalimantan dan sumatera sana. :mewek Insya Allah ga bakalan abis gan,, soalnya uap yang telah digunakan kita ubah lagi jadi air dan air itu masih di suntikan ke dalam perut bumi. Ide yang bagus gan,, tapi kembali ke point pertama, biaya,, hehe,, tapi sudah ada contoh nya kok,, di PLTP Ulumbu di pulau Flores NTT adalah salah satu pioner PLTP di sana. benar gan,, uap nya banyak,, dan pipa nya banyak dan gede-gede, cuma sumur nya ga banyak, paling cuma beberapa aja sumur nya. Setuju sama agan ini. Pejuang Kelistrikan juga gan? sejauh ini PLTP sangat lah ramah lingkugan gan, dan minim limbah.",":ngakak yap tepat dan benar, biaya untuk membangun sebuah PLTU (atau kami lebih suka menyebutnya PLTP) itu sangat mahal,, mulai dari research sampai keluar uap itu tidaklah murah, blom lagi",kaskus,2016-10-15 06:49:47,"['biaya', 'uap', 'pltp', 'pltu']","['biaya', 'pltu', 'pltp', 'research', 'uap']","['biaya', 'uap', 'pltp', 'pltu', 'research']",biaya; uap; pltp; pltu; research,":ngakak yap tepat dan benar, biaya untuk membangun sebuah PLTU (atau kami lebih suka menyebutnya PLTP) itu sangat mahal,, mulai dari research sampai keluar uap itu tidaklah murah, blom lagi","['ngakak', 'yap', 'tepat', 'dan', 'benar', 'biaya', 'untuk', 'membangun', 'sebuah', 'pltu', 'atau', 'kami', 'lebih', 'suka', 'menyebutnya', 'pltp', 'itu', 'sangat', 'mahal', 'mulai', 'dari', 'research', 'sampai', 'keluar', 'uap', 'itu', 'tidaklah', 'murah', 'blom', 'lagi']","['biaya', 'uap', 'pltp', 'pltu', 'research']","['biaya', 'uap', 'pltp', 'pltu', 'research']","{'biaya', 'pltu', 'uap', 'pltp'}","{'biaya', 'research', 'pltu', 'pltp', 'uap'}","['research', 'uap']","[2.66621272754395, 0.5804369202502876]",pmi_threshold,research,0.2194785475730896,"['research', 'uap']","[0.2194785475730896, 0.11964397132396698]",from_best_pmi,rb_only,2505__2
630,0,[img]https://dl.kaskus.id/encrypted-tbn0.gstatic.com/images?q=tbn:ANd9GcRsytBR3IIO3ARUJTDz9f6ce5p_2UkBsf9mDw&usqp=CAU[/img] It's time for....,img <URL> It s time for....,kaskus,2022-05-04 13:57:56,['img'],"['img', 'time']","['img', 'time']",img; time,img <URL> It s time for....,"['img', 'url', 'it', 's', 'time', 'for']","['img', 'time']","['img', 'time']",{'img'},"{'img', 'time'}","['time', 'img']","[3.592729803407492, 0.9354003253544951]",pmi_threshold,time,0.3884638547897339,"['time', 'img']","[0.3884638547897339, 0.22420045733451843]",from_best_pmi,rb_only,630__0
2109,5,"beda yang dihasilkan reaksi fusi dimatahari itu memang helium-4 sedangkan alpha partikel dihasilkan dari reaksi fisi unsur yang lebih berat seperti uranium. "" Alpha decay usually happens in larger, heavier atoms. The symbol looks like Helium because Helium-4 has the same number of protons and neutrons as an alpha particle (no electrons, though). Since Alpha particles have two protons and no electrons, they have a net charge of 2+. During Alpha radiation an atom's proton count drops by two, and we know what that means - a NEW element is formed! Alpha radiation can be stopped by PAPER."" [url]http://edtech2.boisestate.edu/lindabennett1/502/nuclear%20chemistry/types%20of%20decay.html[/url]",Alpha radiation can be stopped by PAPER.,kaskus,2017-03-13 14:58:39,"['alpha', 'radiation', 'paper', 'stopped']","['alpha', 'radiation', 'stopped', 'paper']","['alpha', 'radiation', 'paper', 'stopped']",alpha; radiation; paper; stopped,Alpha radiation can be stopped by PAPER.,"['alpha', 'radiation', 'can', 'be', 'stopped', 'by', 'paper']","['alpha', 'radiation', 'paper', 'stopped']","['alpha', 'radiation', 'paper', 'stopped']","{'stopped', 'alpha', 'radiation', 'paper'}","{'stopped', 'alpha', 'radiation', 'paper'}","['stopped', 'paper', 'radiation', 'alpha']","[6.471972205326184, 5.53908640118472, 4.258978481991986, 3.7816567044587988]",pmi_threshold,radiation,0.411119282245636,"['radiation', 'alpha', 'paper']","[0.411119282245636, 0.3889062702655792, 0.29672691226005554]",from_best_pmi,overlap,2109__5
224,0,"Kita udah tanda tangan perjanjian ini, so no.","Kita udah tanda tangan perjanjian ini, so no.",reddit,2022,"['perjanjian', 'tanda', 'tangan']","['tanda tangan', 'tangan perjanjian', 'perjanjian']","['perjanjian', 'tanda', 'tangan', 'tanda tangan', 'tangan perjanjian']",perjanjian; tanda; tangan; tanda tangan; tangan perjanjian,"Kita udah tanda tangan perjanjian ini, so no.","['kita', 'udah', 'tanda', 'tangan', 'perjanjian', 'ini', 'so', 'no']","['perjanjian', 'tanda', 'tangan', 'tanda tangan', 'tangan perjanjian']","['perjanjian', 'tanda', 'tangan', 'tanda tangan', 'tangan perjanjian']","{'tanda', 'tangan', 'perjanjian'}","{'tanda tangan', 'tangan perjanjian', 'perjanjian'}","['tanda', 'tanda tangan', 'perjanjian', 'tangan perjanjian', 'tangan']","[4.976032489044401, 3.9936990256005416, 3.4224341592325804, 3.2168998606946313, 3.011365562156682]",pmi_threshold,tanda tangan,0.377795398235321,"['tanda tangan', 'perjanjian', 'tangan perjanjian']","[0.37779539823532104, 0.34975898265838623, 0.3149777352809906]",from_best_pmi,rb_only,224__0
917,10,"kok lo muter muter... Ahahhahahah... Kan lo bilang "" ane sih sangsi bisa gak tuh ke kejar target"" .... Lah gw sih udah tau jonan pesimis soal target EBT 23% tahun 2025.. tarif EBT nya aja beda era jonan dgn era sudirman said.. Hahahahhahahahah... JUSTRU ITU MAKANYA GW KOMEN.... ""ya wajar ada rasa pesimis.. kan tarif EBT nya berbeda dgn sudirman said.. tapi masih berusaha mengejar target.."" Kok lo disini malah kasih tau ke gw soal komen jonan??? Gw sih udah baca ngapain lo kasih tau lagi ke gw... kok muter muter... Ahhahahahaha... Itu berita 2017 saat jonan menerbitkan permen nomor 12 tahun 2017 soal tarif EBT di bawah BPP... Beda dgn era sudirman said... Lah gimana gw gak bahas sudirman said disini... kaitan nya ada hubungan nya sama dia soal tarif EBT ahhahahahha.. Tarif EBT dia bikin kisruh sama PLN ahhahahahahahah Berita 2018 juga sama aja apa nya yg berubah sih?? [img]https://s.kaskus.id/images/2019/01/28/9361606_201901281122000220.jpg[/img] [img]https://s.kaskus.id/images/2019/01/28/9361606_201901281122210929.jpg[/img]",kok muter muter...,kaskus,2019-01-28 11:28:15,[],"['berputar berputar', 'berputar']","['berputar berputar', 'berputar']",berputar berputar; berputar,kok muter muter...,"['kok', 'muter', 'muter']","['berputar berputar', 'berputar']","['berputar berputar', 'berputar']",set(),"{'berputar berputar', 'berputar'}","['berputar berputar', 'berputar']","[6.476681897065757, 6.476681897065757]",pmi_threshold,berputar,0.3622026741504669,"['berputar', 'berputar berputar']","[0.3622026741504669, 0.3037845492362976]",from_best_pmi,rb_only,917__10
2380,3,"Kalau cari info sejenak ya, di Jerman pernah ada tambang uranium yang aktif dari 1947 sampai 1990 lalu berhenti karena kemungkinan cadangannya habis. Tambang itu ada di wilayah yang dulu masuk Jerman Timur dan menjadi salah satu sumber uranium terbesar Uni Soviet. Namanya Wismut. [url]https://en.wikipedia.org/wiki/Wismut_(mining_company)[/url] Sedangkan Denmark di Eropa tidak punya tambang uranium, tapi katanya ada uranium di Tanah Hijau, pulau terbesar di dunia, koloni Denmark dekat Kutub Utara. [url]https://www.theguardian.com/environment/2017/jan/28/greenland-narsaq-uranium-mine-dividing-town[/url]","url <URL> Sedangkan Denmark di Eropa tidak punya tambang uranium,",kaskus,2017-03-09 08:43:21,"['uranium', 'eropa', 'url']","['url', 'denmark', 'eropa', 'tambang uranium', 'uranium', 'tambang']","['uranium', 'eropa', 'url', 'denmark', 'tambang uranium', 'tambang']",uranium; eropa; url; denmark; tambang uranium; tambang,"url <URL> Sedangkan Denmark di Eropa tidak punya tambang uranium,","['url', 'url', 'sedangkan', 'denmark', 'di', 'eropa', 'tidak', 'punya', 'tambang', 'uranium']","['uranium', 'eropa', 'url', 'denmark', 'tambang uranium', 'tambang']","['uranium', 'eropa', 'url', 'denmark', 'tambang uranium', 'tambang']","{'uranium', 'eropa', 'url'}","{'url', 'tambang uranium', 'tambang', 'denmark', 'uranium', 'eropa'}","['denmark', 'tambang', 'eropa', 'tambang uranium', 'uranium']","[2.689476878199232, 1.7934552973033846, 1.1763375584352127, 1.046901515177452, 0.3003477330515191]",pmi_threshold,uranium,0.3458400666713714,"['uranium', 'tambang uranium', 'denmark']","[0.34584006667137146, 0.28308188915252686, 0.2280350923538208]",from_best_pmi,overlap,2380__3
1559,0,buat apaan pake tenaga nuklir? indonesia kaya akan panas bumi bro...... knp gak di manfaatkan itu? ane sampe bingung pola pikir nya ampe jauh2 begono:ngakak :ngakak :ngakak mungkin karna kelewat pinter:ngakak :ngakak ane sangat setuju kalau PEMBANGKIT LISTRIK TENAGA PANAS BUMI,buat apaan pake tenaga nuklir?,kaskus,2012-12-21 15:27:44,"['nuklir', 'tenaga']","['tenaga nuklir', 'nuklir', 'tenaga']","['nuklir', 'tenaga', 'tenaga nuklir']",nuklir; tenaga; tenaga nuklir,buat apaan pake tenaga nuklir?,"['buat', 'apaan', 'pake', 'tenaga', 'nuklir']","['nuklir', 'tenaga', 'tenaga nuklir']","['nuklir', 'tenaga', 'tenaga nuklir']","{'nuklir', 'tenaga'}","{'nuklir', 'tenaga', 'tenaga nuklir'}","['tenaga', 'tenaga nuklir', 'nuklir']","[-1.5282342026056588, -2.3290205326053686, -3.129806862605078]",pmi_fallback_top,tenaga nuklir,0.729538083076477,"['tenaga nuklir', 'nuklir', 'tenaga']","[0.729538083076477, 0.5723217725753784, 0.4058241546154022]",from_best_pmi,rb_only,1559__0
337,1,"Ideally it should not be given to PLN, but since Power supply is the business of the government, what likely to happen is Private entities supervised our SDM for power company not adequate yet (not for the next decade at least) to handle nuclear, initial kickstart would ideally be lead by the foreign experts but what we can't be certain is whether the foreign experts willing to share their knowledge to us so we can be independent from them.","is Private entities supervised our SDM for power company not adequate yet (not for the next decade at least) to handle nuclear, initial kickstart would ideally be lead by the",reddit,2019,[],['private'],['private'],private,"is Private entities supervised our SDM for power company not adequate yet (not for the next decade at least) to handle nuclear, initial kickstart would ideally be lead by the","['is', 'private', 'entities', 'supervised', 'our', 'sdm', 'for', 'power', 'company', 'not', 'adequate', 'yet', 'not', 'for', 'the', 'next', 'decade', 'at', 'least', 'to', 'handle', 'nuclear', 'initial', 'kickstart', 'would', 'ideally', 'be', 'lead', 'by', 'the']",['private'],['private'],set(),{'private'},['private'],[4.547065462250945],pmi_threshold,private,0.2410362213850021,['private'],[0.24103622138500214],from_best_pmi,rb_only,337__1
607,2,"[FONT=""Comic Sans MS""]Indonesia itu negara dengan potensi panas bumi terbesar gan (CMIIW). Harusnya kita lebih prefer bangun banyak PLTP ya. Tapi kok kayaknya malah lebih rame mengenai pembangunan PLTN ya.[/FONT] :capedes",Tapi kok kayaknya malah lebih rame mengenai pembangunan PLTN ya.,kaskus,2015-04-24 10:20:03,['pltn'],"['pembangunan pltn', 'pltn', 'pembangunan']","['pltn', 'pembangunan pltn', 'pembangunan']",pltn; pembangunan pltn; pembangunan,Tapi kok kayaknya malah lebih rame mengenai pembangunan PLTN ya.,"['tapi', 'kok', 'kayaknya', 'malah', 'lebih', 'rame', 'mengenai', 'pembangunan', 'pltn', 'ya']","['pltn', 'pembangunan pltn', 'pembangunan']","['pltn', 'pembangunan pltn', 'pembangunan']",{'pltn'},"{'pembangunan pltn', 'pltn', 'pembangunan'}",['pembangunan'],[0.5377126613241274],pmi_threshold,pembangunan,0.283540666103363,['pembangunan'],[0.28354066610336304],from_best_pmi,rb_only,607__2
877,0,"semoga bisa diterapin di Indonesia tuh sumber energi yg ramah lingkungan, kyaknya sebagian dah ada yah di Indonesia :iloveindonesias:iloveindonesias bantu :rate5 gan:sundulgans","semoga bisa diterapin di Indonesia tuh sumber energi yg ramah lingkungan, kyaknya sebagian dah ada yah di Indonesia :iloveindonesias:iloveindonesias bantu :rate5 gan:sundulgans",kaskus,2012-11-07 12:16:44,"['indonesia', 'energi', 'ramah_lingkungan', 'sumber']","['indonesia', 'sumber energi', 'energi', 'sundulgans', 'sumber']","['indonesia', 'energi', 'ramah_lingkungan', 'sumber', 'sumber energi', 'sundulgans']",indonesia; energi; ramah_lingkungan; sumber; sumber energi; sundulgans,"semoga bisa diterapin di Indonesia tuh sumber energi yg ramah lingkungan, kyaknya sebagian dah ada yah di Indonesia :iloveindonesias:iloveindonesias bantu :rate5 gan:sundulgans","['semoga', 'bisa', 'diterapin', 'di', 'indonesia', 'tuh', 'sumber', 'energi', 'yg', 'ramah', 'lingkungan', 'kyaknya', 'sebagian', 'dah', 'ada', 'yah', 'di', 'indonesia', 'iloveindonesias', 'iloveindonesias', 'bantu', 'rate5', 'gan', 'sundulgans']","['indonesia', 'energi', 'ramah_lingkungan', 'sumber', 'sumber energi', 'sundulgans']","['indonesia', 'energi', 'ramah lingkungan', 'sumber', 'sumber energi', 'sundulgans']","{'indonesia', 'ramah lingkungan', 'energi', 'sumber'}","{'sumber energi', 'energi', 'indonesia', 'sundulgans', 'sumber'}","['sundulgans', 'ramah lingkungan']","[3.9808200691259685, 0.6158638044611384]",pmi_threshold,ramah lingkungan,0.2326442897319793,"['ramah lingkungan', 'sundulgans']","[0.23264428973197937, -0.012964542955160141]",from_best_pmi,unsup_only,877__0
476,0,"Tul gan, disitu tantangan teknis yang di negara maju sebenarnya sudah terjawab di negara maju seperti Jerman hehehe, oh ya ane juga udah nulis buat #15HariCeritaEnergi hari ke 4 gans, ada link berikut gan [url]https://ridhoarisyadi.wordpress.com/2017/08/20/15hariceritaenergi-dibilang-ada-tapi-serasa-tidak-ada-dibilang-tidak-ada-padahal-ada-4/[/url]","Tul gan, disitu tantangan teknis yang di negara maju sebenarnya sudah terjawab di negara maju seperti Jerman hehehe, oh ya ane juga udah nulis buat 15HariCeritaEnergi hari ke <NUM> gans,",kaskus,2017-08-20 14:25:20,"['negara', 'jerman']","['tul', 'tantangan teknis', 'negara', 'jerman', '15hariceritaenergi', 'gans', 'tantangan']","['negara', 'jerman', 'tul', 'tantangan teknis', '15hariceritaenergi', 'gans', 'tantangan']",negara; jerman; tul; tantangan teknis; 15hariceritaenergi; gans; tantangan,"Tul gan, disitu tantangan teknis yang di negara maju sebenarnya sudah terjawab di negara maju seperti Jerman hehehe, oh ya ane juga udah nulis buat 15HariCeritaEnergi hari ke <NUM> gans,","['tul', 'gan', 'disitu', 'tantangan', 'teknis', 'yang', 'di', 'negara', 'maju', 'sebenarnya', 'sudah', 'terjawab', 'di', 'negara', 'maju', 'seperti', 'jerman', 'hehehe', 'oh', 'ya', 'ane', 'juga', 'udah', 'nulis', 'buat', '15hariceritaenergi', 'hari', 'ke', 'num', 'gans']","['negara', 'jerman', 'tul', 'tantangan teknis', '15hariceritaenergi', 'gans', 'tantangan']","['negara', 'jerman', 'tul', 'tantangan teknis', '15hariceritaenergi', 'gans', 'tantangan']","{'jerman', 'negara'}","{'tantangan teknis', 'jerman', 'gans', 'tul', '15hariceritaenergi', 'tantangan', 'negara'}","['tul', 'tantangan', 'gans', 'tantangan teknis', '15hariceritaenergi']","[6.4451858482317315, 4.950421156482153, 4.547065462250945, 4.0984135702996936, 2.5737005887544115]",pmi_threshold,tantangan teknis,0.4465848803520202,"['tantangan teknis', 'tantangan', '15hariceritaenergi']","[0.44658488035202026, 0.19717544317245483, 0.1436627209186554]",from_best_pmi,rb_only,476__0
1401,0,klo dipake bom nuklir juga boleh..kan negara jadi punya nilai tawar di mata negara lain... hehehehe.. just my opinion sih... jadi inget ada omongan klo mau pidata lebih dari 5 menit di PBB mesti kudu punya nuklir dulu.. :ngakak,klo dipake bom nuklir juga boleh..kan negara jadi punya nilai tawar di mata negara lain...,kaskus,2013-12-05 09:25:47,"['nuklir', 'negara']","['bom nuklir', 'nuklir', 'negara', 'nilai tawar', 'mata negara', 'bom', 'nilai']","['nuklir', 'negara', 'bom nuklir', 'nilai tawar', 'mata negara', 'bom', 'nilai']",nuklir; negara; bom nuklir; nilai tawar; mata negara; bom; nilai,klo dipake bom nuklir juga boleh..kan negara jadi punya nilai tawar di mata negara lain...,"['klo', 'dipake', 'bom', 'nuklir', 'juga', 'boleh', 'kan', 'negara', 'jadi', 'punya', 'nilai', 'tawar', 'di', 'mata', 'negara', 'lain']","['nuklir', 'negara', 'bom nuklir', 'nilai tawar', 'mata negara', 'bom', 'nilai']","['nuklir', 'negara', 'bom nuklir', 'nilai tawar', 'mata negara', 'bom', 'nilai']","{'nuklir', 'negara'}","{'nilai tawar', 'nuklir', 'mata negara', 'bom nuklir', 'bom', 'nilai', 'negara'}","['nilai tawar', 'bom', 'nilai', 'mata negara']","[4.297195808556664, 2.199763708863842, 2.132960338179596, 0.7574008426490363]",pmi_threshold,mata negara,0.231761559844017,"['mata negara', 'nilai tawar', 'nilai']","[0.23176155984401703, 0.10239657759666443, 0.10097524523735046]",from_best_pmi,rb_only,1401__0
373,1,W bingungnya kenapa banyak negara nge push car EV ketimbang moda transportasi masif umum ? Apa karna mager tata ulang kotanya yah ?,Apa karna mager tata ulang kotanya yah ?,reddit,2023,"['ulang', 'malas', 'gerak', 'tata']","['malas gerak', 'gerak tata', 'tata ulang kota', 'ulang', 'kota']","['ulang', 'malas', 'gerak', 'tata', 'malas gerak', 'gerak tata', 'tata ulang kota', 'kota']",ulang; malas; gerak; tata; malas gerak; gerak tata; tata ulang kota; kota,Apa karna mager tata ulang kotanya yah ?,"['apa', 'karna', 'mager', 'tata', 'ulang', 'kotanya', 'yah']","['ulang', 'malas', 'gerak', 'tata', 'malas gerak', 'gerak tata', 'tata ulang kota', 'kota']","['ulang', 'malas', 'gerak', 'tata', 'malas gerak', 'gerak tata', 'tata ulang kota', 'kota']","{'ulang', 'malas', 'tata', 'gerak'}","{'kota', 'tata ulang kota', 'malas gerak', 'gerak tata', 'ulang'}","['tata', 'gerak tata', 'malas', 'ulang', 'malas gerak', 'tata ulang kota', 'gerak']","[5.53908640118472, 3.169316632269704, 3.012540586688886, 2.692999084638402, 1.906043725021787, 1.7785170765472047, 0.7995468633546879]",pmi_threshold,tata ulang kota,0.564558207988739,"['tata ulang kota', 'ulang', 'malas gerak']","[0.564558207988739, 0.11643652617931366, -0.01855834573507309]",from_best_pmi,rb_only,373__1
710,7,"Setuju kalau sistem penyaluran pajak di indo sudah seperti di china. Seperti, digunakan utk mensejahterakan rakyat miskin dgn membangun rumah2 susun gratis dan menggusur rumah2 illegal. Membangun jalan ke pelosok2 dan memperbaiki jalan2 yg rusak (ini banyak banget di daerah2 terutama non-jawa). Memberantas korupsi dengan memberikan pelakunya hukuman mati. Tidak menggunakannya pada hal2 yg tidak membangun atau justru merusak, seperti kementerian agama, hibah utk MUI, subsidi haji, dll. Mengevaluasi kinerja PNS terutama guru2 di sekolah negeri yg suka bolos atau ogah2an ngajar sehingga menghasilkan murid2 dgn performa rendah. Dll, dll. Tapi kalau belum seperti itu ya sebaiknya jangan deh. :tai",Tapi kalau belum seperti itu ya sebaiknya jangan deh.,kaskus,2021-11-17 09:31:03,,[],[],,Tapi kalau belum seperti itu ya sebaiknya jangan deh.,"['tapi', 'kalau', 'belum', 'seperti', 'itu', 'ya', 'sebaiknya', 'jangan', 'deh']",[],[],set(),set(),[],[],no_candidates,,,[],[],no_candidates,none,710__7
1058,1,Mangkanya impor aja semua.... gampang... gak usah repot repot swasembada.... Dari jaman orba juga ud sering impor kan.... ngapain sekarang susah susah capek capek swasembada....impor aja... gampang... gak capek... gak perlu usaha lebih.. cukup bayar.... Tuh contohnya daging sapi.... impor aja lah lebih gampang... daripada susah susah miara sapi.... Yang realistis ya impor semua.... otak indo mah gak sanggup buat berswasembada.... yang paling realistis buat indo mah impor.... gak usah mikir dan gak capek kerja.... Negara kita masih kaya gan... wkwkwk....,gak usah repot repot swasembada....,kaskus,2016-01-30 11:04:16,['swasembada'],['swasembada'],['swasembada'],swasembada,gak usah repot repot swasembada....,"['gak', 'usah', 'repot', 'repot', 'swasembada']",['swasembada'],['swasembada'],{'swasembada'},{'swasembada'},['swasembada'],[4.979560437593038],pmi_threshold,swasembada,0.285060703754425,['swasembada'],[0.28506070375442505],from_best_pmi,overlap,1058__1
2357,2,"Bagaimana dengan jepang Gan? Setelah kejadian gempa tsunami 2011, sumber listrik utama nya apa? Khusus nya di tempat reaktor nuklir yg rusak itu (terdampak gempa paling keras)",Khusus nya di tempat reaktor nuklir yg rusak itu (terdampak gempa paling keras),kaskus,2017-03-09 19:20:29,"['nuklir', 'reaktor', 'gempa']","['khusus', 'reaktor', 'reaktor nuklir', 'nuklir', 'gempa keras', 'gempa']","['nuklir', 'reaktor', 'gempa', 'khusus', 'reaktor nuklir', 'gempa keras']",nuklir; reaktor; gempa; khusus; reaktor nuklir; gempa keras,Khusus nya di tempat reaktor nuklir yg rusak itu (terdampak gempa paling keras),"['khusus', 'nya', 'di', 'tempat', 'reaktor', 'nuklir', 'yg', 'rusak', 'itu', 'terdampak', 'gempa', 'paling', 'keras']","['nuklir', 'reaktor', 'gempa', 'khusus', 'reaktor nuklir', 'gempa keras']","['nuklir', 'reaktor', 'gempa', 'khusus', 'reaktor nuklir', 'gempa keras']","{'reaktor', 'nuklir', 'gempa'}","{'khusus', 'reaktor', 'nuklir', 'gempa keras', 'gempa', 'reaktor nuklir'}","['khusus', 'gempa keras']","[2.3469391612518407, 1.8261917972639177]",pmi_threshold,gempa keras,0.2623551189899444,"['gempa keras', 'khusus']","[0.26235511898994446, 0.19388404488563538]",from_best_pmi,rb_only,2357__2
917,7,"kok lo muter muter... Ahahhahahah... Kan lo bilang "" ane sih sangsi bisa gak tuh ke kejar target"" .... Lah gw sih udah tau jonan pesimis soal target EBT 23% tahun 2025.. tarif EBT nya aja beda era jonan dgn era sudirman said.. Hahahahhahahahah... JUSTRU ITU MAKANYA GW KOMEN.... ""ya wajar ada rasa pesimis.. kan tarif EBT nya berbeda dgn sudirman said.. tapi masih berusaha mengejar target.."" Kok lo disini malah kasih tau ke gw soal komen jonan??? Gw sih udah baca ngapain lo kasih tau lagi ke gw... kok muter muter... Ahhahahahaha... Itu berita 2017 saat jonan menerbitkan permen nomor 12 tahun 2017 soal tarif EBT di bawah BPP... Beda dgn era sudirman said... Lah gimana gw gak bahas sudirman said disini... kaitan nya ada hubungan nya sama dia soal tarif EBT ahhahahahha.. Tarif EBT dia bikin kisruh sama PLN ahhahahahahahah Berita 2018 juga sama aja apa nya yg berubah sih?? [img]https://s.kaskus.id/images/2019/01/28/9361606_201901281122000220.jpg[/img] [img]https://s.kaskus.id/images/2019/01/28/9361606_201901281122210929.jpg[/img]",tapi masih berusaha mengejar target..,kaskus,2019-01-28 11:28:15,['target'],['target'],['target'],target,tapi masih berusaha mengejar target..,"['tapi', 'masih', 'berusaha', 'mengejar', 'target']",['target'],['target'],{'target'},{'target'},['target'],[1.6073272608576095],pmi_threshold,target,0.4682601392269134,['target'],[0.46826013922691345],from_best_pmi,overlap,917__7
1725,5,"waduhh, thorium aja masih dalam tahap riset, butuh bertahun-tahun pasti belum lagi nanti reaktornya, ya kalo urusan politik sih emang negara ini gampang disetir, makanya IAEA ngasih ijin Indonesia buat bangun PLTN, coba kalo negara ini pemerintahannya keras kayak Iran... tapi PLTN lah yang paling realistis untuk ngatasin krisis energi di Indonesia, kalo orang awam yang gak ngerti apa2 diajak debat soal PLTN ya pasti gak setuju Indonesia ngomongnya banyak laut, ombak, angin, air terjun :D, batubara, gas bumi, dll....padahal pembangkit2 tersebut butuh bahan bakar lain yang justru gak efisien, karena inputnya gak stabil outputnya pasti gak realistis buat dijadiin pembangkit :D....","padahal pembangkit2 tersebut butuh bahan bakar lain yang justru gak efisien,",kaskus,2012-10-17 19:44:12,"['bahan_bakar', 'pembangkit']","['pembangkit', 'bahan_bakar']","['bahan_bakar', 'pembangkit']",bahan_bakar; pembangkit,"padahal pembangkit2 tersebut butuh bahan bakar lain yang justru gak efisien,","['padahal', 'pembangkit2', 'tersebut', 'butuh', 'bahan', 'bakar', 'lain', 'yang', 'justru', 'gak', 'efisien']","['bahan_bakar', 'pembangkit']","['bahan bakar', 'pembangkit']","{'bahan bakar', 'pembangkit'}","{'bahan bakar', 'pembangkit'}","['bahan bakar', 'pembangkit']","[0.0568348065694152, -5.054813230481243]",pmi_fallback_top,bahan bakar,0.4189236760139465,"['bahan bakar', 'pembangkit']","[0.41892367601394653, 0.16713422536849976]",from_best_pmi,overlap,1725__5
2390,0,[mention]replykgpt[/mention] berikan contoh energi bersih,mention replykgpt /mention berikan contoh energi bersih,kaskus,2025-02-24 13:05:21,"['energi', 'contoh']","['mention', 'replykgpt', 'contoh energi', 'energi bersih', 'contoh']","['energi', 'contoh', 'mention', 'replykgpt', 'contoh energi', 'energi bersih']",energi; contoh; mention; replykgpt; contoh energi; energi bersih,mention replykgpt /mention berikan contoh energi bersih,"['mention', 'replykgpt', 'mention', 'berikan', 'contoh', 'energi', 'bersih']","['energi', 'contoh', 'mention', 'replykgpt', 'contoh energi', 'energi bersih']","['energi', 'mention', 'replykgpt', 'energi', 'energi bersih']",{'energi'},"{'energi bersih', 'energi', 'replykgpt', 'mention'}","['mention', 'replykgpt']","[6.471972205326184, 6.471972205326184]",pmi_threshold,replykgpt,0.39225834608078,"['replykgpt', 'mention']","[0.39225834608078003, 0.2848016619682312]",from_best_pmi,rb_only,2390__0
1846,6,"kok lari ke keren2an? :cd :berdukas kalo mikirnya kek gini miris sangat jadinya :berdukas ini bukan masalah keren tapi biaya , return cost dan resiko. masih banya yang reliable dan lebih baik. kenapa pilih yang beresiko berbahaya? ada hidroelektrik yang bukan energi alternatif baru , ini sudah lama . bebas polusi dan minim maintenance , daya besar. turbin gas, dan masih banyak lagi . kenapa kok malah pilih yang beresiko? udah banyak negara yang mengalami bencana nuklir dan negara tersebut sudah advance dibidangnya masih bisa kena bencana nih list nuclear disaster [url]http://en.wikipedia.org/wiki/Nuclear_and_radiation_accidents[/url] [url]http://en.wikipedia.org/wiki/List_of_civilian_radiation_accidents[/url] [url]http://en.wikipedia.org/wiki/Lists_of_nuclear_disasters_and_radioactive_incidents[/url] [url]http://www.guardian.co.uk/news/datablog/2011/mar/14/nuclear-power-plant-accidents-list-rank[/url] jangan cuma chernobil ama fukusima aja jadi acuan bencana nuklir :cd dan lu kira PLTN murah? maintenance murah gitu? :cd","turbin gas, dan masih banyak lagi .",kaskus,2012-10-16 00:32:06,"['gas', 'turbin']","['turbin gas', 'gas']","['gas', 'turbin', 'turbin gas']",gas; turbin; turbin gas,"turbin gas, dan masih banyak lagi .","['turbin', 'gas', 'dan', 'masih', 'banyak', 'lagi']","['gas', 'turbin', 'turbin gas']","['gas', 'turbin', 'turbin gas']","{'gas', 'turbin'}","{'gas', 'turbin gas'}","['turbin', 'turbin gas']","[1.3589326187987945, 0.4620488369220418]",pmi_threshold,turbin gas,0.6372102499008179,"['turbin gas', 'turbin']","[0.6372102499008179, 0.41665905714035034]",from_best_pmi,rb_only,1846__6
1457,2,"ngaco... :nohope: Iran yg dipermasalahkan itu proses PENGAYAANNYA bukan PLTN nya :p karna klau menguasai Iptek Pengayaan ya bisa bikin buat bahan baku PLTN (2-20% saja) atau buat Bom Nuklir (80-90%) :army lah selama ini juga limbahnya dikubur kok di.... SERPONG (jadi area penguburan limbah Radioactive bekas medis dan 3 reaktor lain di seluruh Indo sejak 1987) :p tapi sampai kini tuh daerah AMAN aja, bahkan harganya kian melambung kini :ngakaks",SERPONG (jadi area penguburan limbah Radioactive bekas medis dan <NUM> reaktor lain di seluruh Indo sejak <NUM> ) :p,kaskus,2013-12-03 11:04:19,"['reaktor', 'indonesia', 'limbah']","['serpong', 'area penguburan', 'penguburan limbah', 'limbah radioactive', 'radioactive bekas medis', 'reaktor', 'indonesia', 'area']","['reaktor', 'indonesia', 'limbah', 'serpong', 'area penguburan', 'penguburan limbah', 'limbah radioactive', 'radioactive bekas medis', 'area']",reaktor; indonesia; limbah; serpong; area penguburan; penguburan limbah; limbah radioactive; radioactive bekas medis; area,SERPONG (jadi area penguburan limbah Radioactive bekas medis dan <NUM> reaktor lain di seluruh Indo sejak <NUM> ) :p,"['serpong', 'jadi', 'area', 'penguburan', 'limbah', 'radioactive', 'bekas', 'medis', 'dan', 'num', 'reaktor', 'lain', 'di', 'seluruh', 'indo', 'sejak', 'num', 'p']","['reaktor', 'indonesia', 'limbah', 'serpong', 'area penguburan', 'penguburan limbah', 'limbah radioactive', 'radioactive bekas medis', 'area']","['reaktor', 'indonesia', 'limbah', 'serpong', 'area penguburan', 'penguburan limbah', 'limbah radioactive', 'radioactive bekas medis', 'area']","{'indonesia', 'reaktor', 'limbah'}","{'area penguburan', 'radioactive bekas medis', 'reaktor', 'area', 'indonesia', 'serpong', 'penguburan limbah', 'limbah radioactive'}","['radioactive bekas medis', 'area penguburan', 'penguburan limbah', 'serpong', 'limbah radioactive', 'area']","[4.5301042377758725, 4.174862084221029, 3.1909315070670714, 2.4186850047414152, 2.084434645399972, 1.890624895254736]",pmi_threshold,limbah radioactive,0.4591362774372101,"['limbah radioactive', 'radioactive bekas medis', 'penguburan limbah']","[0.4591362774372101, 0.4207201898097992, 0.24801401793956757]",from_best_pmi,rb_only,1457__2
1852,10,"Soal Nuklir ane punya beberapa point gan. Jika berkenan silahkan taruh di pageone. Ane bukan pendukung tapi juga tidak anti dengan Nuklir. Jika ada yang mau menanggapi komentar ane, monggo silahkan berkomentar yang cerdas:Yb bukan untuk menambah total post:capedes. Jika ada yang tidak suka, silahkan PM:cekpms bukan bata seenaknya mentang2 punya koleksi bata:batas. 1. ""Orang yang ANTI dengan sesuatu itu BODOH!"". Kalimat anti berarti anda ""menolak"". Lebih dari menolak tapi anda juga tidak mau tahu apalagi mencoba untuk tahu 2. Orang TIDAK TAHU cenderung termakan opini publik. Mana yang banyak didukung, ikut-ikutan mendukung. Mana yang ditolak, ikut-ikutan menolak meski tidak tahu apa-apa. Jadi jika agan merasa yang agan ketahui tentang Nuklir masih sedikit, cobalah pelajari lebih lanjut. Apakah benar Nuklir itu energi yang bersih? Apakah benar Nuklir itu berbahaya? Jika berbahaya bisa ditangani tidak? Bagaimana cara menanganinya? 3. Nuklir adalah energi yang luar biasa besar. Energi ini juga anugerah dari Tuhan. Untuk apa Tuhan menciptakan ini?? 4. Kaskuser pasti ngerti bahwa, untuk mendapatkan untung besar tentu resiko juga besar bukan? bagaimana seorang pengusaha bisa sukses? Karena dia berani dengan resiko dan berhasil meminimalisir resiko. Sama dengan Nuklir. Nuklir dengan energinya yang dihasilkan begitu besar tentu perlu penanganan ekstra untuk bisa berhasil digunakan. Pesan ane: Pelajari baik-baik soal Nuklir. Cari sumber referensi yang dapat dipetanggungjawabkan KEBENARAN ILMIAHnya. Baru deh komentar. Jadi ketika agan bilang ""YA"" atau ""TIDAK"", agan punya argument INFORMASI BUAT AGAN 1. Batan Tek Jadi Produsen Nuklir Terbesar Link: [url]http://bangka.tribunnews.com/2012/09/25/batan-tek-jadi-produsen-nuklir-terbesar[/url] 2. Dahlan Iskan: Garuda yang Kalahkan MAS dan BatanTek yang Mengasia Link: [url]http://finance.detik.com/read/2012/06/11/080413/1937629/4/dahlan-iskan-garuda-yang-kalahkan-mas-dan-batantek-yang-mengasia[/url] :iloveindonesia","Mana yang banyak didukung, ikut-ikutan mendukung.",kaskus,2012-10-16 00:01:30,['mendukung'],['mendukung'],['mendukung'],mendukung,"Mana yang banyak didukung, ikut-ikutan mendukung.","['mana', 'yang', 'banyak', 'didukung', 'ikut', 'ikutan', 'mendukung']",['mendukung'],['mendukung'],{'mendukung'},{'mendukung'},['mendukung'],[2.3539749959277323],pmi_threshold,mendukung,0.3391379415988922,['mendukung'],[0.3391379415988922],from_best_pmi,overlap,1852__10
1781,13,"Nah, gw udah bilang. Bikinnya di tempat yang kagak beresiko ada kejadian buruk. Personilnya bikin seketat mungkin. Bisa kok. Banyak ahli nuklir di Indonesia yang tau harus seketat apa isinya PLTN itu. Bolot banget dah dibilangin dr tadi. :cd Kagak pernah kuliah manajemen resiko ya? Lw pikir yg dipikirin 100 taun ke depan apanya? Energinya? KAGAK! Yg dipikirin manajemen pengelolaan limbah, resiko pengolahan dan pembuangan limbahnya, dll. Energi yg lw kasih jadinya 100 taun kedepan, bahkan 1000 taun? Butuh listriknya sekarang tong! Paling kagak 20 taun ke depan. Lw pikir teknologinya ada sekarang? Lw pikir nyiptain teknologi gitu gampang? :cd Efisiensinya jauh banget gan. Angin sama ombak itu kerasanya kenceng, tapi sebenernya energinya ga banyak-banyak banget kalo ga punya ladang angin/ombak.",Lw pikir nyiptain teknologi gitu gampang?,kaskus,2012-10-16 14:13:30,['teknologi'],"['lw', 'teknologi gampang', 'teknologi']","['teknologi', 'lw', 'teknologi gampang']",teknologi; lw; teknologi gampang,Lw pikir nyiptain teknologi gitu gampang?,"['lw', 'pikir', 'nyiptain', 'teknologi', 'gitu', 'gampang']","['teknologi', 'lw', 'teknologi gampang']","['teknologi', 'lw', 'teknologi gampang']",{'teknologi'},"{'lw', 'teknologi', 'teknologi gampang'}","['lw', 'teknologi gampang']","[3.592729803407492, 0.5788513692105596]",pmi_threshold,teknologi gampang,0.5224288702011108,"['teknologi gampang', 'lw']","[0.5224288702011108, -0.03449045494198799]",from_best_pmi,rb_only,1781__13
1699,11,"Kebanyakan masih takut dengan bahaya nuklir takut kaya kejadian2 yg dulu pernah terjadi. Padahal dengan kewaspadaan dan mengerti bagaimana penanggulangannnya hal2 seperti itu bisa dihindari. Sebetulnya Indonesia sudah siap dari teknolgi dan infrastruktur pun tinggal jalan sebenarnya. Hanya halangan2 dari pihak2 tertentu yg tentunya ada yg mendalangi serta masih takutnya masyarakat awam tentng bahayanya. Itu saja yg menyebabkan Indonesia blom bangun PLTN. Di Jepang yg sering gempa bumi bahkan lebih sering dari Indonesia aja punya bberapa PLTN padahal negaranya lebih kecil luasnya dari Indonesia. Sementara kita, banyak yg masih merasakan listrik byar pet.. Menunggu solusi PLT baru tidak kunjung usai. Banyak permasalahan masalah bahan bakar, dll. Kalo misalnya takut SDM kurang mumpuni bisalah ambil tenaga asing, dan orang lokal kita belajar dsana. Yang terpenting pembangunan PLTN infrastruktur harus sama dan sesuai spek, tau sendiri orang2 kita spesifikasi dikurangi demi dapat sedikit keuntungan pribadi. Ane sih mendukung adanya PLTN, semoga dari ujung barat ampe timur Indonesia semuanya sudah terakmodasi listrik yg tidak bbyar pet, tidak bergiliran pemadamannya.","Ane sih mendukung adanya PLTN, semoga dari ujung barat ampe timur Indonesia semuanya sudah terakmodasi listrik yg tidak bbyar pet, tidak bergiliran pemadamannya.",kaskus,2012-10-19 13:14:09,"['indonesia', 'listrik', 'pltn']","['pltn', 'ujung barat', 'barat', 'timur', 'indonesia', 'listrik', 'pet', 'pemadaman', 'ujung']","['indonesia', 'listrik', 'pltn', 'ujung barat', 'barat', 'timur', 'pet', 'pemadaman', 'ujung']",indonesia; listrik; pltn; ujung barat; barat; timur; pet; pemadaman; ujung,"Ane sih mendukung adanya PLTN, semoga dari ujung barat ampe timur Indonesia semuanya sudah terakmodasi listrik yg tidak bbyar pet, tidak bergiliran pemadamannya.","['ane', 'sih', 'mendukung', 'adanya', 'pltn', 'semoga', 'dari', 'ujung', 'barat', 'ampe', 'timur', 'indonesia', 'semuanya', 'sudah', 'terakmodasi', 'listrik', 'yg', 'tidak', 'bbyar', 'pet', 'tidak', 'bergiliran', 'pemadamannya']","['indonesia', 'listrik', 'pltn', 'ujung barat', 'barat', 'timur', 'pet', 'pemadaman', 'ujung']","['indonesia', 'listrik', 'pltn', 'ujung barat', 'barat', 'timur', 'pet', 'pemadaman', 'ujung']","{'indonesia', 'pltn', 'listrik'}","{'ujung', 'pet', 'barat', 'pemadaman', 'timur', 'ujung barat', 'indonesia', 'listrik', 'pltn'}","['ujung', 'ujung barat', 'pet', 'timur', 'barat']","[2.993854078658996, 2.38607253718583, 2.335288487897842, 2.0609682745175326, 1.7782909957126642]",pmi_threshold,ujung barat,0.2361374795436859,"['ujung barat', 'timur', 'pet']","[0.2361374795436859, 0.16896387934684753, 0.12404399365186691]",from_best_pmi,rb_only,1699__11
2440,1,"noted gan, my bad. :D ya ga sepenuhnya ""mungkin"" gan, banyak juga yang tadinya dikuasai Pemerintah, setelah dilepas pake mekanisme pasar malah jadi lebih murah dan kompetitif (TV channel di Indonesia contohnya, atau industri telekomunikasi). Ini prinsip ekonomi dah ada dari dulu loh gan, bukan hasil ciptaan ane huehuehuehue .. ane ga ngarang sumfeh. Ya tapi, kalo memang kita jaga-jaga dengan mengambil studi banding dari Filipina, ya gpp. walopun kalo menurut ane, studi banding harus pro dan kon .. jgn cuma dilihat dari satu sumber. (mungkin ada negara lain yang menerapkan sistem mekanisme pasar dalam listrik dan berhasil .. mungkiin lho ane ga tau ...) mungkin lagi :hammer",":D ya ga sepenuhnya mungkin gan, banyak juga yang tadinya dikuasai Pemerintah, setelah dilepas pake mekanisme pasar malah",kaskus,2016-10-15 18:13:04,['pemerintah'],"['pemerintah', 'mekanisme pasar', 'pasar', 'mekanisme']","['pemerintah', 'mekanisme pasar', 'pasar', 'mekanisme']",pemerintah; mekanisme pasar; pasar; mekanisme,":D ya ga sepenuhnya mungkin gan, banyak juga yang tadinya dikuasai Pemerintah, setelah dilepas pake mekanisme pasar malah","['d', 'ya', 'ga', 'sepenuhnya', 'mungkin', 'gan', 'banyak', 'juga', 'yang', 'tadinya', 'dikuasai', 'pemerintah', 'setelah', 'dilepas', 'pake', 'mekanisme', 'pasar', 'malah']","['pemerintah', 'mekanisme pasar', 'pasar', 'mekanisme']","['pemerintah', 'mekanisme pasar', 'pasar', 'mekanisme']",{'pemerintah'},"{'pemerintah', 'mekanisme pasar', 'mekanisme', 'pasar'}","['mekanisme', 'mekanisme pasar', 'pasar']","[3.4107362516259245, 2.9557073142823236, 2.5006783769387226]",pmi_threshold,mekanisme pasar,0.4228524565696716,"['mekanisme pasar', 'mekanisme', 'pasar']","[0.42285245656967163, 0.19914619624614716, 0.013475600630044937]",from_best_pmi,rb_only,2440__1
280,0,Bukannya panel surya itu efisiensinya relatif rendah? Makanya kebanyakan rumah cuma pake itu buat water heater?,Bukannya panel surya itu efisiensinya relatif rendah?,reddit,2023,"['panel', 'surya']","['panel surya', 'surya', 'efisiensi rendah']","['panel', 'surya', 'panel surya', 'efisiensi rendah']",panel; surya; panel surya; efisiensi rendah,Bukannya panel surya itu efisiensinya relatif rendah?,"['bukannya', 'panel', 'surya', 'itu', 'efisiensinya', 'relatif', 'rendah']","['panel', 'surya', 'panel surya', 'efisiensi rendah']","['panel', 'surya', 'panel surya', 'efisiensi rendah']","{'surya', 'panel'}","{'panel surya', 'surya', 'efisiensi rendah'}","['efisiensi rendah', 'panel', 'panel surya']","[-0.4749155570246006, -0.6394006137610159, -0.6673092210779529]",pmi_fallback_top,panel surya,0.4989474713802337,"['panel surya', 'efisiensi rendah', 'panel']","[0.49894747138023376, 0.43140316009521484, 0.2701230049133301]",from_best_pmi,rb_only,280__0
865,0,"makin k sini, makin suram aja ni pemerintahan","makin k sini, makin suram aja ni pemerintahan",kaskus,2016-02-28 09:16:45,['pemerintahan'],['pemerintahan'],['pemerintahan'],pemerintahan,"makin k sini, makin suram aja ni pemerintahan","['makin', 'k', 'sini', 'makin', 'suram', 'aja', 'ni', 'pemerintahan']",['pemerintahan'],['pemerintahan'],{'pemerintahan'},{'pemerintahan'},['pemerintahan'],[2.790677447032483],pmi_threshold,pemerintahan,0.5166183710098267,['pemerintahan'],[0.5166183710098267],from_best_pmi,overlap,865__0
507,1,"Jgn mikir biaya operasional, produksi, pembangunan geothermal murah. Ini jauh lebih mahal. Jd smp skrg msh tahap eksplorasi untuk site yg plg berpotensi, ga asal colok. Jd minyak bumi dan coal, msh sangat dibutuhkan. Skrg msh ada shale, cbm, dll yg msh lbh murah gini",Ini jauh lebih mahal.,kaskus,2013-04-03 08:48:58,[],[],[],,Ini jauh lebih mahal.,"['ini', 'jauh', 'lebih', 'mahal']",[],[],set(),set(),[],[],no_candidates,,,[],[],no_candidates,none,507__1
640,2,"Wkwkwkwkw sedikit ketawa aja sama TS Emang dari awal kata EBT itu mengartikan dua maksud yaitu energi baru & energi terbaharukan (dua hal ini emang beda) Jadi untuk urusan nama, ane setuju jika diganti EBET biar gak ambigu / bikin bingung Liquid coal, coal gasification, CBM (atau bahasa modern nya semua termasuk dalam clean coal) itu emang bukan energi terbaharukan, tapi tetap masuk energi baru sama dengan nuklir & hidrogen Karena dengan adanya clean coal maka masalah utama perusakan lingkungan dari batu bara (asap) dapat teratasi Kasusnya itu seperti arang vs briket Nah perkara itu bahan tambang, gak usah munafik deh, panel surya & kincir angin juga pakai bahan tambang kok malahan yang dipakai itu termasuk kedalam mineral langka, dimana itu semua dimonopoli oleh Tiongkok / Rusia / Amerika / Jepang / korsel Belum lagi urusan efisiensi, panel surya yang paling maju (pakai tambang paling langka) efisiensi nya itu masih di bawah 27 %, sedangkan kalau angin, negara kita anginnya gak terlalu besar Jadinya mau berapa banyak lahan yang dikorbankan? Ini untuk urusan listrik skala besar lho, macam industri Jadi bukan ane menolak tu surya & angin, ane setuju buat menuhin kebutuhan perumahan / perkampungan, tapi kalau buat industri / perkotaan, gak bisa dijadikan base load (liat tu Eropa) Kesimpulannya Buat base load itu pakai energi baru, energi terbaharukan itu buat penunjang (komplementer) sehingga gak ada namanya ketergantungan sama satu sumber Kampanye yang dilakukan ngo lingkungan jangan dimakan mentah mentah, lihat juga sisi gelapnya EBT tadi Bertanya lah ke ahli yang paling tidak mempelajari materi EBT / bekerja di bidang EBT atau minimal mahasiswa yang ambil MK EBT / Bioenergi Btw ane setuju DPR terlalu lama :wakaka","jika diganti EBET biar gak ambigu / bikin bingung Liquid coal, coal gasification, CBM (atau bahasa modern nya semua termasuk dalam clean coal) itu emang bukan energi terbaharukan,",kaskus,2022-07-09 19:43:26,"['batubara', 'energi']","['ebet', 'bingung liquid', 'liquid batubara', 'batubara', 'batubara gasification', 'gasification', 'cbm', 'bahasa modern', 'clean batubara', 'energi terbarukan', 'bingung', 'clean']","['batubara', 'energi', 'ebet', 'bingung liquid', 'liquid batubara', 'batubara gasification', 'gasification', 'cbm', 'bahasa modern', 'clean batubara', 'energi terbarukan', 'bingung', 'clean']",batubara; energi; ebet; bingung liquid; liquid batubara; batubara gasification; gasification; cbm; bahasa modern; clean batubara; energi terbarukan; bingung; clean,"jika diganti EBET biar gak ambigu / bikin bingung Liquid coal, coal gasification, CBM (atau bahasa modern nya semua termasuk dalam clean coal) itu emang bukan energi terbaharukan,","['jika', 'diganti', 'ebet', 'biar', 'gak', 'ambigu', 'bikin', 'bingung', 'liquid', 'coal', 'coal', 'gasification', 'cbm', 'atau', 'bahasa', 'modern', 'nya', 'semua', 'termasuk', 'dalam', 'clean', 'coal', 'itu', 'emang', 'bukan', 'energi', 'terbaharukan']","['batubara', 'energi', 'ebet', 'bingung liquid', 'liquid batubara', 'batubara gasification', 'gasification', 'cbm', 'bahasa modern', 'clean batubara', 'energi terbarukan', 'bingung', 'clean']","['batubara', 'energi', 'ebet', 'bingung liquid', 'liquid batubara', 'batubara gasification', 'gasification', 'cbm', 'bahasa modern', 'clean batubara', 'energi terbarukan', 'bingung', 'clean']","{'batubara', 'energi'}","{'bingung liquid', 'gasification', 'cbm', 'batubara', 'bahasa modern', 'bingung', 'batubara gasification', 'clean', 'clean batubara', 'ebet', 'liquid batubara', 'energi terbarukan'}","['ebet', 'gasification', 'cbm', 'bahasa modern', 'bingung liquid', 'clean', 'bingung', 'batubara gasification', 'liquid batubara']","[6.448651645160098, 6.448651645160098, 4.2356579218259, 3.758336144292713, 3.4452133316285716, 3.2498717810456004, 1.936539709846623, 1.3833663637573843, 0.6359840178825955]",pmi_threshold,batubara gasification,0.4114119112491607,"['batubara gasification', 'liquid batubara', 'bahasa modern']","[0.41141191124916077, 0.34529992938041687, 0.24265381693840027]",from_best_pmi,rb_only,640__2
2062,2,"anda masih harus mengatasi masalah penyimpanan daya, [I]intermittency[/I] dan transmisi yang super muahal. lihat dari kegagalan Jerman-Denmark dan anda akan sadar betapa absurdnya usaha menggunakan ""enertgi terbarukan"" untuk mengatasi masalah iklim. nuklir adalah jalan paling [I]viable[/I], jalan lain terlalu [I]complicated[/I], mahal dan tidak bisa diandalkan. gunakan pemodelan dan matematika, jangan cuma retorika.","nuklir adalah jalan paling I viable /I , jalan lain terlalu I complicated /I , mahal dan tidak bisa diandalkan.",kaskus,2017-03-27 14:27:29,"['nuklir', 'jalan']","['nuklir', 'jalan viable jalan', 'jalan complicated']","['nuklir', 'jalan', 'jalan viable jalan', 'jalan complicated']",nuklir; jalan; jalan viable jalan; jalan complicated,"nuklir adalah jalan paling I viable /I , jalan lain terlalu I complicated /I , mahal dan tidak bisa diandalkan.","['nuklir', 'adalah', 'jalan', 'paling', 'i', 'viable', 'i', 'jalan', 'lain', 'terlalu', 'i', 'complicated', 'i', 'mahal', 'dan', 'tidak', 'bisa', 'diandalkan']","['nuklir', 'jalan', 'jalan viable jalan', 'jalan complicated']","['nuklir', 'jalan', 'jalan viable jalan', 'jalan complicated']","{'nuklir', 'jalan'}","{'jalan viable jalan', 'nuklir', 'jalan complicated'}","['jalan complicated', 'jalan viable jalan', 'jalan']","[3.8059056511915315, 1.9613683157771584, 1.1527120291957396]",pmi_threshold,jalan complicated,0.3259149193763733,"['jalan complicated', 'jalan viable jalan', 'jalan']","[0.3259149193763733, 0.2815967798233032, 0.10359220206737518]",from_best_pmi,rb_only,2062__2
1563,3,"ane setuju gan! daripada bakar minyak ato gas... lagipula pas minyak ama gas indonesia abis mau buat listrik pake apa? beli dari luar? panas bumi kaya jalan di tempat. PLTA butuh tanah luas/ mikro hidro kaga gede ngasilin listriknya. bagusnya buat PLTN, sambil PLTA ama panas bumi makin di genjot supaya mengurangi ketergantungan dari minyak bumi gas ama batu bara...",beli dari luar?,kaskus,2012-12-21 10:05:56,[],[],[],,beli dari luar?,"['beli', 'dari', 'luar']",[],[],set(),set(),[],[],no_candidates,,,[],[],no_candidates,none,1563__3
1590,4,"Ane setuju. Karena Indonesia benar2 sedang amat sangat butuh energi. Dan tiap tahunnya negara kita ini terus menderita defisit energi. _______________________________________ Di luar setuju/tidak setuju, ada 1 hal yang jadi perhatian ane. Ketika kita terus berwacana dan berdebat pro dan kontra, sadar atau tidak kita tidak pernah menyelesaikan 1 masalah pun. Kalo emang niat bikin, ya silahkan bikin, kalo ndak ya gak uasah jadi wacana. Kalau mau energi alternatif, di Indonesia sendiri sudah ada contohnya. Energi panas bumi di Aceh, kalau mau cari referensi. Atau energi surya, yang udah lama dikembangkan ama anak2 bangsa kita. Dst. My point is: ""Just plan and action"" gak usah terlalu banyak berwacana, gak usah terlalu banyak ber-galau-ria. Bangun ya bangun, gak ya gak usah dibahas lagi. Ngabis-ngabisin tenaga aje :cool","Ketika kita terus berwacana dan berdebat pro dan kontra, sadar atau tidak kita tidak pernah menyelesaikan <NUM> masalah pun.",kaskus,2012-12-21 07:02:06,[],['kontra'],['kontra'],kontra,"Ketika kita terus berwacana dan berdebat pro dan kontra, sadar atau tidak kita tidak pernah menyelesaikan <NUM> masalah pun.","['ketika', 'kita', 'terus', 'berwacana', 'dan', 'berdebat', 'pro', 'dan', 'kontra', 'sadar', 'atau', 'tidak', 'kita', 'tidak', 'pernah', 'menyelesaikan', 'num', 'masalah', 'pun']",['kontra'],['kontra'],set(),{'kontra'},['kontra'],[3.2591548182436116],pmi_threshold,kontra,0.2136629074811935,['kontra'],[0.21366290748119354],from_best_pmi,rb_only,1590__4
240,0,Vote Depok buat jadi lokasi PLTN.,Vote Depok buat jadi lokasi PLTN.,reddit,2023,"['lokasi', 'pltn']","['vote', 'depok', 'lokasi pltn', 'pltn', 'lokasi']","['lokasi', 'pltn', 'vote', 'depok', 'lokasi pltn']",lokasi; pltn; vote; depok; lokasi pltn,Vote Depok buat jadi lokasi PLTN.,"['vote', 'depok', 'buat', 'jadi', 'lokasi', 'pltn']","['lokasi', 'pltn', 'vote', 'depok', 'lokasi pltn']","['lokasi', 'pltn', 'vote', 'depok', 'lokasi pltn']","{'lokasi', 'pltn'}","{'vote', 'lokasi', 'depok', 'lokasi pltn', 'pltn'}","['depok', 'vote', 'lokasi']","[4.978383495905241, 4.00184246872923, 0.7752328709292738]",pmi_threshold,vote,0.3913527131080627,"['vote', 'lokasi', 'depok']","[0.39135271310806274, 0.2985394299030304, 0.03586496412754059]",from_best_pmi,rb_only,240__0
410,12,"I think this is a bit incorrect... But I could see why they don't want to pursue the electricity pathway. Total Installed Electricity Generation Jepang itu adalah 334.62 GW. (Indonesia is about 94 GW). Jepang pakai 903.70 billion kWh of electric energy per year. So kita ubah jadi per jam. 103162100.457 kWh ubah ke GWh bagi 1000000 maka 103.162100457 GWh. Still only 1/3 of Japanese maximum total electricity capacity. But the cost for electricity in Japan is already too expensive. Ramping up production will also means money. Since they need to import stuff to make the electricity. So I guess since they already import stuff to make electricity, it won't be hard to also import the hydrogen... So I could see your point about the Fuel Cell economics. I don't think such economics would be useful for Indonesia...",So I could see your point about the Fuel Cell economics.,reddit,2023,['fuel'],"['could', 'see', 'point', 'fuel', 'cell', 'economics']","['fuel', 'could', 'see', 'point', 'cell', 'economics']",fuel; could; see; point; cell; economics,So I could see your point about the Fuel Cell economics.,"['so', 'i', 'could', 'see', 'your', 'point', 'about', 'the', 'fuel', 'cell', 'economics']","['fuel', 'could', 'see', 'point', 'cell', 'economics']","['fuel', 'see', 'point', 'cell', 'economics']",{'fuel'},"{'point', 'economics', 'see', 'cell', 'fuel'}","['economics', 'see', 'point', 'cell', 'fuel']","[5.534392034264358, 4.972513146656243, 3.268497974291323, 1.7418341141348341, 1.600279969920815]",pmi_threshold,economics,0.3486206531524658,"['economics', 'fuel', 'cell']","[0.3486206531524658, 0.27990078926086426, 0.23553898930549622]",from_best_pmi,rb_only,410__12
1751,11,"sedikit referensi buat teman2 kaskuser 10 negara dengan jumlah pltn terbanyak [B]10. India 17 reaktor nuklir[/B] India memiliki 17 reaktor nuklir dan merupakan sumber energi terbesar ke empat di India. Jika Jerman mempertimbangkan akan menghentikan energi nuklirnya karena bencana Fukushima, namun tidak dengan India. Inda tidak terpengaruh oleh kecelakaan atau bencana di Fukushima. Bahkan di tahun 2010 India menyusun rencana proyek ambisiusnya untuk mengembangkan energi nuklir hingga mencapai kapasitas 63.000 MW hingga tahun 2023 [B]9. Jerman, 17 reaktor nuklir[/B] Jerman memiliki 17 reaktor nuklir dan di tahun 2011 tenaga nuklir Jerman menyuplai 17,7 % kebutuhan listrik Jerman. Angka ini menurun dari tahun 2010 yaitu sebesar 22,4%. Pengembangan teknologi nuklir di Jerman menjadi perdebatan dalam agenda politik, terlebih adanya sengketa energi antara Rusia dan Belarus tahun 2007 dan kecelakaan Fukushima tahun 2011. Kedua peristiwa ini membuat pemerintah Jerman resmi mengumumkan rencana untuk meninggalkan energi nuklir dalam waktu 11 tahun. Pengumuman ini disampaikan ke publik tanggal 30 Mei 2011 [B]8. China, 17 reaktor nuklir[/B] China sebagai negara dengan negara berpenduduk terpadat di dunia memiliki 17 reaktor nuklir. Pembangkit tenaga nuklir China dibangun sebagai energi alternatif listrik batubara yang sudah mulai langka. Cina memiliki dua perusahaan listrik bertenaga nuklir yang terbesar yaitu China National Nuclear Corporation di timur laut Cina dan China Guangdong Nuclear Power Group di tenggara Cina [B]7. Korea Selatan, 18 reaktor nuklir[/B] Korea Selatan adalah negara ke tujuh yang memiliki reaktor nuklir terbanyak yaitu sebesar 18 reaktor. Energi nuklir di Korsel sangat aktif dengan mengekspor teknologi nuklirnya ke beberapa negara seperti Yordania, Uni Emirat Arab, Turki, Indonesia, India, Malaysia dan RRC. Pembangkit listrik tenaga nuklir Korsel dikelola di 4 wilayah yaitu Yeonggwang, Kori, Wolseong dan Uljin [B]6. Canada, 18 reaktor nuklir [/B] Canada sebagai salah satu negara terluas memiliki 18 reaktor nuklir dan pada tahun 2009 sekitar 15% pasokan listrik Kanada di hasilkan oleh tenaga nulikir. Tahun 2011 pemerintah Kanada berencana akan membangun sebuah stasiun nuklir baru namun rencana ini masih dalam pembahasan karena setelah bencana di Fukushima, pemerintah Kanada memerintah untuk meninjau kembali keselamatan dan perbaikan di semua operator reaktor nuklir [B]5. Inggris, 19 reaktor nuklir[/B] Inggris memiliki 19 reaktor nuklir dan telah menghasilkan tenaga nuklir yang telah menyuplai seperenam kebutuhan listrik Inggris di tahun 2012. Sejak didirikan tahun 1956, Inggris hanya mengalami dua kali kecelakaan nuklir yaitu di Windscale karena kebakaran tumpukan plutonium tanggal 8 Oktober 1957 dan di Sellafield karena sebanyak 20 ton uranium dan 160kg plutonium mengalami kebocoran karena ada pipa yang retak pada tanggal 19 April 2005 [B]4. Russia, 31 reaktor nuklir[/B] Russia memiliki 31 reaktor nuklir dan memiliki sejarah kelam dengan reaktor nuklirnya di Ukraina (dulu bagian dari SSR) pada reaktor nomor empat dari Chernobyl Nuclear Power Plant di tahun 1986. Kini pemerintah Russia lebih berhati-hati dalam mengelola reaktor nuklirnya. Pasokan listrik Russia tahun 2010 dipenuhi oleh pembangkit listrik tenaga nuklir sebesar 16% dengan kekuatan sebesar 170,1 TWh. Pemerintah Rusia merencanakan akan meningkatkan reaktor nuklirnya dari 31 ke 59 reaktor [B]3. Jepang, 55 reaktor nuklir [/B] Jepang adalah negara ketiga yang memiliki banyak reaktor nuklir, sebanyak 55 reaktor nuklir. Energi nuklir nampaknya merupakan prioritas nasional yang strategis. Sebagai negara yang kerap dilanda gempa, kerusakan reaktor nuklir menjadi kekawatiran seluruh rakyat Jepang dan mungkin juga dunia. Seperti peristiwa 11 Maret 2011, yang telah menghancurkan sistem pendingin pembangkit listrik tenaga nuklir di Fukushima dalam bencana tsunami. Sedikitnya 140 ribu penduduk atau yang berjarak 20 km dari reaktor di evakuasi [B]2. Perancis, 59 reaktor nuklir[/B] Perancis merupakan negara yang memiliki reaktor nuklir paling banyak kedua, yaitu sebanyak 59 reaktor nuklir. Perancis dipaksa memiliki banyak reaktor nuklir karena, negara ini tidak memiliki sumber daya energi yang berupa minyak, sebagai sumber energi negara tersebut. Pembangkit tenaga nuklir Perancis menghasilkan energi 540,6 TWh dan telah memenuhi sebanyak 78,8% kebutuhan energi listrik di Perancis, angka ini adalah persentase tertinggi di dunia. Sehingga tarif listrik di Perancis merupakan yang termurah di Eropa [B]1. Amerika Serikat, 104 reaktor nuklir[/B] Amerika adalah negara yang paling banyak memiliki reaktor nuklir, yaitu sebanyak 104 reaktor nuklir komersial. Sebanyak 69 merupakan reaktor air bertenaga dan 35 reaktor air mendidih. Ada sebanyak 65 pembangkit listrik tenaga nuklir yang telah memiliki lisensi untuk beroperasi. Pembangkit tersebut menghasilkan energi listrik sebesar 806,2 TWh dan telah menyuplai 19,6% kebutuhan listrik total di seluruh AS pada tahun 2008. Bulan Februari 2012, US Nuclear Regulatory Commission telah menyetujui pembangunan dua reaktor, dengan alasan karena bencana tsunami yang melanda Jepang 11 Maret 2011 yang telah menghancurkan reaktor nuklir di Fukushima. Namun rencana pembangunan ini mendapat tentangan dari aktivis lingkungan dan anti nuklir karena alasan keselamatan publik dan lingkungan, terlebih dengan bencana di Fukushima yang belum pulih benar. Kesepuluh negara di atas tahu benar cara memanfaatkan energi secara maksimal demi kemakmuran rakyatnya",Pembangkit tenaga nuklir China dibangun sebagai energi alternatif listrik batubara yang sudah mulai langka.,kaskus,2012-10-16 21:06:37,"['nuklir', 'energi', 'batubara', 'tenaga', 'alternatif', 'listrik', 'pembangkit']","['pembangkit tenaga', 'tenaga nuklir', 'nuklir', 'china', 'energi alternatif', 'alternatif listrik', 'listrik batubara', 'batubara', 'pembangkit', 'energi']","['nuklir', 'energi', 'batubara', 'tenaga', 'alternatif', 'listrik', 'pembangkit', 'pembangkit tenaga', 'tenaga nuklir', 'china', 'energi alternatif', 'alternatif listrik', 'listrik batubara']",nuklir; energi; batubara; tenaga; alternatif; listrik; pembangkit; pembangkit tenaga; tenaga nuklir; china; energi alternatif; alternatif listrik; listrik batubara,Pembangkit tenaga nuklir China dibangun sebagai energi alternatif listrik batubara yang sudah mulai langka.,"['pembangkit', 'tenaga', 'nuklir', 'china', 'dibangun', 'sebagai', 'energi', 'alternatif', 'listrik', 'batubara', 'yang', 'sudah', 'mulai', 'langka']","['nuklir', 'energi', 'batubara', 'tenaga', 'alternatif', 'listrik', 'pembangkit', 'pembangkit tenaga', 'tenaga nuklir', 'china', 'energi alternatif', 'alternatif listrik', 'listrik batubara']","['nuklir', 'energi', 'batubara', 'tenaga', 'alternatif', 'listrik', 'pembangkit', 'pembangkit tenaga', 'tenaga nuklir', 'china', 'energi alternatif', 'alternatif listrik', 'listrik batubara']","{'batubara', 'energi', 'nuklir', 'pembangkit', 'tenaga', 'alternatif', 'listrik'}","{'batubara', 'energi', 'alternatif listrik', 'tenaga nuklir', 'nuklir', 'listrik batubara', 'china', 'pembangkit', 'energi alternatif', 'pembangkit tenaga'}","['china', 'alternatif']","[1.8410496375755832, 0.4094710829770179]",pmi_threshold,alternatif,0.2361430823802948,"['alternatif', 'china']","[0.2361430823802948, 0.23048779368400574]",from_best_pmi,unsup_only,1751__11
107,1,"Dude, technology has advanced exponentially to minimize the risk. What else do you want?",What else do you want?,reddit,2023,"['else', 'want']","['else', 'want']","['else', 'want']",else; want,What else do you want?,"['what', 'else', 'do', 'you', 'want']","['else', 'want']",['want'],{'want'},{'want'},['want'],[4.003019410417027],pmi_threshold,want,0.4403360188007355,['want'],[0.4403360188007355],from_best_pmi,overlap,107__1
1781,4,"Nah, gw udah bilang. Bikinnya di tempat yang kagak beresiko ada kejadian buruk. Personilnya bikin seketat mungkin. Bisa kok. Banyak ahli nuklir di Indonesia yang tau harus seketat apa isinya PLTN itu. Bolot banget dah dibilangin dr tadi. :cd Kagak pernah kuliah manajemen resiko ya? Lw pikir yg dipikirin 100 taun ke depan apanya? Energinya? KAGAK! Yg dipikirin manajemen pengelolaan limbah, resiko pengolahan dan pembuangan limbahnya, dll. Energi yg lw kasih jadinya 100 taun kedepan, bahkan 1000 taun? Butuh listriknya sekarang tong! Paling kagak 20 taun ke depan. Lw pikir teknologinya ada sekarang? Lw pikir nyiptain teknologi gitu gampang? :cd Efisiensinya jauh banget gan. Angin sama ombak itu kerasanya kenceng, tapi sebenernya energinya ga banyak-banyak banget kalo ga punya ladang angin/ombak.",Banyak ahli nuklir di Indonesia yang tau harus seketat apa isinya PLTN itu.,kaskus,2012-10-16 14:13:30,"['nuklir', 'indonesia', 'ahli', 'pltn']","['ahli nuklir', 'nuklir', 'indonesia', 'isi pltn', 'pltn']","['nuklir', 'indonesia', 'ahli', 'pltn', 'ahli nuklir', 'isi pltn']",nuklir; indonesia; ahli; pltn; ahli nuklir; isi pltn,Banyak ahli nuklir di Indonesia yang tau harus seketat apa isinya PLTN itu.,"['banyak', 'ahli', 'nuklir', 'di', 'indonesia', 'yang', 'tau', 'harus', 'seketat', 'apa', 'isinya', 'pltn', 'itu']","['nuklir', 'indonesia', 'ahli', 'pltn', 'ahli nuklir', 'isi pltn']","['nuklir', 'indonesia', 'ahli', 'pltn', 'ahli nuklir', 'isi pltn']","{'indonesia', 'pltn', 'nuklir', 'ahli'}","{'ahli nuklir', 'nuklir', 'indonesia', 'pltn', 'isi pltn'}",['ahli'],[1.0757450488582516],pmi_threshold,ahli,0.0449695065617561,['ahli'],[0.044969506561756134],from_best_pmi,unsup_only,1781__4
1621,2,jangan deh.. tar yang kerja malah orang orang luar lagi... kan orang indo baru cuma bisa neliti aja nuklir itu apa..,kan orang indo baru cuma bisa neliti aja nuklir itu apa..,kaskus,2012-11-06 12:23:54,"['nuklir', 'indonesia']","['indonesia', 'nuklir']","['nuklir', 'indonesia']",nuklir; indonesia,kan orang indo baru cuma bisa neliti aja nuklir itu apa..,"['kan', 'orang', 'indo', 'baru', 'cuma', 'bisa', 'neliti', 'aja', 'nuklir', 'itu', 'apa']","['nuklir', 'indonesia']","['nuklir', 'indonesia']","{'indonesia', 'nuklir'}","{'indonesia', 'nuklir'}","['nuklir', 'indonesia']","[-3.1368541535418726, -6.293649975214025]",pmi_fallback_top,nuklir,0.4591650366783142,"['nuklir', 'indonesia']","[0.4591650366783142, 0.17982156574726105]",from_best_pmi,overlap,1621__2
303,4,"Sing penting kelakon. Ngab, gue rasa sebagian orang indo paling boros masalah listrik, terutama untuk kalangan menengah kebawah. Harga segitu apa sudah termasuk modifikasi rangka atap tiap-tiap rumah (kalau dipasang di rumah sendiri)? jadi ketimbang PLTS, sebaiknya tenaga angin saja. Garis pantai kita terpanjang di dunia, tinggal manfaatin aja di tiap-tiap pulau atau bukit.","Garis pantai kita terpanjang di dunia, tinggal manfaatin aja di tiap-tiap pulau atau bukit.",reddit,2023,"['pulau', 'dunia']","['garis pantai terpanjang', 'pantai', 'dunia', 'pulau', 'bukit', 'garis']","['pulau', 'dunia', 'garis pantai terpanjang', 'pantai', 'bukit', 'garis']",pulau; dunia; garis pantai terpanjang; pantai; bukit; garis,"Garis pantai kita terpanjang di dunia, tinggal manfaatin aja di tiap-tiap pulau atau bukit.","['garis', 'pantai', 'kita', 'terpanjang', 'di', 'dunia', 'tinggal', 'manfaatin', 'aja', 'di', 'tiap', 'tiap', 'pulau', 'atau', 'bukit']","['pulau', 'dunia', 'garis pantai terpanjang', 'pantai', 'bukit', 'garis']","['pulau', 'dunia', 'garis pantai terpanjang', 'pantai', 'bukit', 'garis']","{'dunia', 'pulau'}","{'bukit', 'pantai', 'dunia', 'garis', 'pulau', 'garis pantai terpanjang'}","['bukit', 'garis pantai terpanjang', 'pantai', 'garis', 'dunia']","[4.249604973563289, 3.4450283858557733, 2.683625576209706, 2.683625576209706, 0.4083027195823476]",pmi_threshold,garis pantai terpanjang,0.3316121697425842,"['garis pantai terpanjang', 'dunia', 'pantai']","[0.33161216974258423, 0.2878616154193878, 0.22144432365894318]",from_best_pmi,rb_only,303__4
1018,0,"Mantap, indonesia memang kaya, mataharinya aja beda kualitas, di amrik cuman dihargai 12.5 [B]cents[/B]/kwh, di Indonesia dihargai 14-25 [B]dollar[/B]/kwh.:lehuga [size=""1""][color=white]nb: misal typo 14-25 cents/kwh pun masih lebih mahal 2X lipat dari amrik......[/color][/size]","Mantap, indonesia memang kaya, mataharinya aja beda kualitas, di amrik",kaskus,2016-07-26 10:29:25,['indonesia'],"['mantap kaya', 'indonesia', 'matahari', 'kualitas', 'amrik']","['indonesia', 'mantap kaya', 'matahari', 'kualitas', 'amrik']",indonesia; mantap kaya; matahari; kualitas; amrik,"Mantap, indonesia memang kaya, mataharinya aja beda kualitas, di amrik","['mantap', 'indonesia', 'memang', 'kaya', 'mataharinya', 'aja', 'beda', 'kualitas', 'di', 'amrik']","['indonesia', 'mantap kaya', 'matahari', 'kualitas', 'amrik']","['indonesia', 'mantap', 'matahari', 'kualitas', 'amrik']",{'indonesia'},"{'matahari', 'amrik', 'mantap', 'indonesia', 'kualitas'}","['amrik', 'mantap', 'kualitas']","[4.255456275552816, 2.689476878199232, 2.4280357304411053]",pmi_threshold,kualitas,0.1924250721931457,"['kualitas', 'amrik', 'mantap']","[0.19242507219314575, 0.05367736518383026, 0.03194078803062439]",from_best_pmi,rb_only,1018__0
1746,6,"Klo gw setuju. Jika anda tidak setuju tidak masalah. Tapi jangan halangi niat baik kami untuk kemajuan energi di Indonesia. Jika anda takut maka buat Company WhistleBlowernya PLTN agar PLTN dapat bekerja lebih baik. Jangan cuma takut dan galau gan. Kalau gak ngerti apa-apa lebih baik diam dan jangan buat isu yang aneh-aneh. Kami mengerti dan kami paham. PLTN juga gak bakal di buat dibelakang rumah ente... memangnya lahan di belakang rumah ente berapa hektar dengan kondisi geografis seperti apa? Kamu pikir kami (para perintis PLTN indonesia) kgk pernah memikirkan dampak buruk oleh operator dengan kemampuan minimum? Woi, yang pertama kali merasakan dampak negatif PLTN itu penduduk indonesia atau petugasnya? Pikir dengan cermat, boleh kritik tapi jangan menghina apalagi mengejek",Kami mengerti dan kami paham.,kaskus,2012-10-16 21:51:57,[],"['mengerti paham', 'mengerti', 'paham']","['mengerti paham', 'mengerti', 'paham']",mengerti paham; mengerti; paham,Kami mengerti dan kami paham.,"['kami', 'mengerti', 'dan', 'kami', 'paham']","['mengerti paham', 'mengerti', 'paham']","['mengerti paham', 'mengerti', 'paham']",set(),"{'mengerti', 'paham', 'mengerti paham'}","['mengerti', 'mengerti paham', 'paham']","[3.139340881629807, 2.3961634297395586, 1.6529859778493101]",pmi_threshold,mengerti paham,0.6662611961364746,"['mengerti paham', 'paham', 'mengerti']","[0.6662611961364746, 0.5682822465896606, 0.5378909111022949]",from_best_pmi,rb_only,1746__6
710,3,"Setuju kalau sistem penyaluran pajak di indo sudah seperti di china. Seperti, digunakan utk mensejahterakan rakyat miskin dgn membangun rumah2 susun gratis dan menggusur rumah2 illegal. Membangun jalan ke pelosok2 dan memperbaiki jalan2 yg rusak (ini banyak banget di daerah2 terutama non-jawa). Memberantas korupsi dengan memberikan pelakunya hukuman mati. Tidak menggunakannya pada hal2 yg tidak membangun atau justru merusak, seperti kementerian agama, hibah utk MUI, subsidi haji, dll. Mengevaluasi kinerja PNS terutama guru2 di sekolah negeri yg suka bolos atau ogah2an ngajar sehingga menghasilkan murid2 dgn performa rendah. Dll, dll. Tapi kalau belum seperti itu ya sebaiknya jangan deh. :tai",Memberantas korupsi dengan memberikan pelakunya hukuman mati.,kaskus,2021-11-17 09:31:03,['korupsi'],"['korupsi', 'pelaku hukuman', 'hukuman mati', 'pelaku']","['korupsi', 'pelaku hukuman', 'hukuman mati', 'pelaku']",korupsi; pelaku hukuman; hukuman mati; pelaku,Memberantas korupsi dengan memberikan pelakunya hukuman mati.,"['memberantas', 'korupsi', 'dengan', 'memberikan', 'pelakunya', 'hukuman', 'mati']","['korupsi', 'pelaku hukuman', 'hukuman mati', 'pelaku']","['korupsi', 'pelaku hukuman', 'hukuman mati', 'pelaku']",{'korupsi'},"{'hukuman mati', 'pelaku hukuman', 'pelaku', 'korupsi'}","['pelaku hukuman', 'hukuman mati', 'pelaku', 'korupsi']","[3.8093705918660716, 2.930655743503111, 2.079654782547423, 1.7969775037425546]",pmi_threshold,hukuman mati,0.5531579256057739,"['hukuman mati', 'korupsi', 'pelaku hukuman']","[0.5531579256057739, 0.530500054359436, 0.4807369112968445]",from_best_pmi,rb_only,710__3
103,1,When we can't protect ourselves anymore. We do Chernobyl.,We do Chernobyl.,reddit,2023,['chernobyl'],['chernobyl'],['chernobyl'],chernobyl,We do Chernobyl.,"['we', 'do', 'chernobyl']",['chernobyl'],['chernobyl'],{'chernobyl'},{'chernobyl'},['chernobyl'],[1.1191298924476734],pmi_threshold,chernobyl,0.7014931440353394,['chernobyl'],[0.7014931440353394],from_best_pmi,overlap,103__1
581,0,"Thanks gan, selamat bergabung, mudah-mudahan berguna buat nambah wawasan tentang betapa besarnya potensi energi ini di negeri kita. Mudah-mudahan pengembangan teknologi dan dukungan dari berbagai stakeholder bisa makin mendorong geothermal sebagai industri energi yang lebih maju. Sedikit bocoran juga kompensasi yang didapat untuk worker yang bekerja di bidang ini juga g kalah juga kok sama yang di industri OG. :shakehand2","Thanks gan, selamat bergabung, mudah-mudahan berguna buat nambah wawasan tentang betapa besarnya potensi energi ini di negeri kita.",kaskus,2015-09-25 19:41:35,"['energi', 'potensi', 'negeri']","['wawasan', 'potensi energi', 'energi', 'negeri', 'potensi']","['energi', 'potensi', 'negeri', 'wawasan', 'potensi energi']",energi; potensi; negeri; wawasan; potensi energi,"Thanks gan, selamat bergabung, mudah-mudahan berguna buat nambah wawasan tentang betapa besarnya potensi energi ini di negeri kita.","['thanks', 'gan', 'selamat', 'bergabung', 'mudah', 'mudahan', 'berguna', 'buat', 'nambah', 'wawasan', 'tentang', 'betapa', 'besarnya', 'potensi', 'energi', 'ini', 'di', 'negeri', 'kita']","['energi', 'potensi', 'negeri', 'wawasan', 'potensi energi']","['energi', 'potensi', 'negeri', 'wawasan', 'potensi energi']","{'negeri', 'energi', 'potensi'}","{'energi', 'potensi energi', 'potensi', 'wawasan', 'negeri'}","['wawasan', 'negeri']","[3.577516298110782, 0.8114577924242489]",pmi_threshold,negeri,0.1192741245031356,"['negeri', 'wawasan']","[0.11927412450313568, 0.042750440537929535]",from_best_pmi,overlap,581__0
416,2,"ohya, hari ini hari terkahir #15HariCeritaEnergi terima kasih sudah diijinkan berbagi disini gan, semoga negara kita jadi lebih baik ohya, ini tulisan ane hari ke 15. Nuhun [url]https://ridhoarisyadi.wordpress.com/2017/08/31/15hariceritaenergi-kerjabersama-demi-bumi-yang-lebih-baik-bagi-anak-cucu-15/[/url]",Nuhun url <URL>,kaskus,2017-08-31 21:27:38,"['kasih', 'url']","['kasih', 'url']","['kasih', 'url']",kasih; url,Nuhun url <URL>,"['nuhun', 'url', 'url']","['kasih', 'url']","['kasih', 'url']","{'kasih', 'url'}","{'kasih', 'url'}","['url', 'kasih']","[-1.0155528141427173, -2.019173129821414]",pmi_fallback_top,url,0.5065804719924927,"['url', 'kasih']","[0.5065804719924927, 0.22156718373298645]",from_best_pmi,overlap,416__2
1704,0,"buset, mau bangun PLTN apa blackwater HQ :hammer: selalu memandang bule itu pintar :o padahal yg blangsak dan banyak ngekost di rumah2 disini ya bule backpack yg kalo kerja kadang ngga becus tapi minta fasilitas setara direktur :hammer: (meski ngga semua sih) intinya jakarta udah menerapkan solar panel buat lampu di jalan tol dalam kota, bagi yg ngga percaya liat aja sendiri,..itu kurang apa coba panel udah dipasang tapi coba cek di tiang dan pondasinya, ada kabel listrik juga :ngakaks","buset, mau bangun PLTN apa blackwater HQ :hammer: selalu memandang bule itu pintar :o",kaskus,2012-10-18 12:34:46,['pltn'],"['pltn', 'blackwater', 'hq', 'bule pintar', 'bule']","['pltn', 'blackwater', 'hq', 'bule pintar', 'bule']",pltn; blackwater; hq; bule pintar; bule,"buset, mau bangun PLTN apa blackwater HQ :hammer: selalu memandang bule itu pintar :o","['buset', 'mau', 'bangun', 'pltn', 'apa', 'blackwater', 'hq', 'hammer', 'selalu', 'memandang', 'bule', 'itu', 'pintar', 'o']","['pltn', 'blackwater', 'hq', 'bule pintar', 'bule']","['pltn', 'blackwater', 'hq', 'bule pintar', 'bule']",{'pltn'},"{'bule pintar', 'hq', 'bule', 'pltn', 'blackwater'}","['hq', 'blackwater', 'bule pintar', 'bule']","[6.463767060292158, 4.969002368542579, 4.012112448191367, 3.773451559424773]",pmi_threshold,blackwater,0.2884013652801513,"['blackwater', 'bule pintar', 'hq']","[0.28840136528015137, 0.20806612074375153, 0.14986588060855865]",from_best_pmi,rb_only,1704__0
1807,1,"jadi lucu... sekarang yang dibawa2 soal limbahnya... dikira membangun PLTA itu gak lebih boros? nenggelamin rumah+sawah, bikin bendungan besar, infrastruktur yang sama besarnya, dikira gak mahal? kan gw ajak diskusi soal biaya PEMBANGKITAN... pada LUPA ya kalo listrik di negeri ini masih DISUBSIDI? sekarang kalo tetep pengen disubsidi, listrik yang dibangkitkan di pembangkit MANAKAH yang bisa memberi beban subsidi yang lebih KECIL? soal aman, cek aja lagi berapa fatalities di kejadian/insiden di PLTN itu, dan bagian mana yang bermasalah? orang2 takut limbah radioaktifnya, tapi cek lagi di setiap kecelakaan/insiden itu, yang mana yang menghancurkan? radioaktifnya atau kebakaran di bagian2 pabrik atau apa?",sekarang yang dibawa2 soal limbahnya...,kaskus,2012-10-16 11:17:59,[],['limbah'],['limbah'],limbah,sekarang yang dibawa2 soal limbahnya...,"['sekarang', 'yang', 'dibawa2', 'soal', 'limbahnya']",['limbah'],['limbah'],set(),{'limbah'},['limbah'],[-3.521442021535186],pmi_fallback_top,limbah,0.3325746357440948,['limbah'],[0.33257463574409485],from_best_pmi,rb_only,1807__1
1849,4,"Gak setuju ane gan , selama masih dipegang ama PLN apalagi pemerintah :fuck: gak bakalan aman , PLN ini bobrok. lagian masih banyak alternatif lain tapi pln aja yang gak maksimal karena proyek banyak dikorup . dan PLTN itu tidak juga murah apalagi dari segi maintenance :cd kalo mau yang bersih kenapa gak pake pembangkit hidroelectric ?, dinegara kita memenuhi buat dibangun pembangkit hidro elektrik yang ringan dari segi maintenance tanpa polusi ,tapi emang agak mahal dari segi biaya. potensi bencana nuklir gak bisa dijamin 100% aman. dari pada ngambil resiko mending Hidroelektrik dah . siapa bilang limbah nuklir lebih aman dari industri lain ? bencana akibat dari nuklir sudah banyak jangan cuma fukusima dan chernobil aja jadi acuan banyak sudah bencana pembangkit listrik dari beberapa negara dari eropa, asia dan amerika sudah pernah mengalami namanya bencana nuklir [URL=""http://en.wikipedia.org/wiki/List_of_civilian_nuclear_accidents""]http://en.wikipedia.org/wiki/List_of_civilian_nuclear_accidents[/URL] potensi bencana PLTN gak bisa dijamin 100 % biar dengan pengawasan ketat sekalipun. kesimpulan ane : indonesia tidak / belum perlu menggunakan PLTN . masih banyak alternatif seperti hidro elektrik yang bebas polusi dan ringan maintenance.",tapi emang agak mahal dari segi biaya.,kaskus,2012-10-16 00:10:07,['biaya'],"['segi biaya', 'biaya', 'segi']","['biaya', 'segi biaya', 'segi']",biaya; segi biaya; segi,tapi emang agak mahal dari segi biaya.,"['tapi', 'emang', 'agak', 'mahal', 'dari', 'segi', 'biaya']","['biaya', 'segi biaya', 'segi']","['biaya', 'segi biaya', 'segi']",{'biaya'},"{'biaya', 'segi biaya', 'segi'}","['segi', 'segi biaya']","[2.280352132784552, 1.115094337422509]",pmi_threshold,segi biaya,0.6014440059661865,"['segi biaya', 'segi']","[0.6014440059661865, 0.03369380906224251]",from_best_pmi,rb_only,1849__4
268,0,"Kalo panelnya ga hilang duluan, lampu jalan aja kadang panel nya hilang 😭","Kalo panelnya ga hilang duluan, lampu jalan aja kadang panel nya hilang",reddit,2023,"['panel', 'jalan']","['panel', 'duluan', 'lampu jalan', 'jalan', 'lampu']","['panel', 'jalan', 'duluan', 'lampu jalan', 'lampu']",panel; jalan; duluan; lampu jalan; lampu,"Kalo panelnya ga hilang duluan, lampu jalan aja kadang panel nya hilang","['kalo', 'panelnya', 'ga', 'hilang', 'duluan', 'lampu', 'jalan', 'aja', 'kadang', 'panel', 'nya', 'hilang']","['panel', 'jalan', 'duluan', 'lampu jalan', 'lampu']","['panel', 'jalan', 'duluan', 'lampu jalan', 'lampu']","{'panel', 'jalan'}","{'panel', 'duluan', 'lampu', 'jalan', 'lampu jalan'}","['duluan', 'lampu', 'lampu jalan']","[3.9948009105825832, 1.4296832212582986, 0.828258401316712]",pmi_threshold,lampu jalan,0.3776618838310241,"['lampu jalan', 'lampu', 'duluan']","[0.37766188383102417, 0.3398982286453247, 0.08603604882955551]",from_best_pmi,rb_only,268__0
1751,17,"sedikit referensi buat teman2 kaskuser 10 negara dengan jumlah pltn terbanyak [B]10. India 17 reaktor nuklir[/B] India memiliki 17 reaktor nuklir dan merupakan sumber energi terbesar ke empat di India. Jika Jerman mempertimbangkan akan menghentikan energi nuklirnya karena bencana Fukushima, namun tidak dengan India. Inda tidak terpengaruh oleh kecelakaan atau bencana di Fukushima. Bahkan di tahun 2010 India menyusun rencana proyek ambisiusnya untuk mengembangkan energi nuklir hingga mencapai kapasitas 63.000 MW hingga tahun 2023 [B]9. Jerman, 17 reaktor nuklir[/B] Jerman memiliki 17 reaktor nuklir dan di tahun 2011 tenaga nuklir Jerman menyuplai 17,7 % kebutuhan listrik Jerman. Angka ini menurun dari tahun 2010 yaitu sebesar 22,4%. Pengembangan teknologi nuklir di Jerman menjadi perdebatan dalam agenda politik, terlebih adanya sengketa energi antara Rusia dan Belarus tahun 2007 dan kecelakaan Fukushima tahun 2011. Kedua peristiwa ini membuat pemerintah Jerman resmi mengumumkan rencana untuk meninggalkan energi nuklir dalam waktu 11 tahun. Pengumuman ini disampaikan ke publik tanggal 30 Mei 2011 [B]8. China, 17 reaktor nuklir[/B] China sebagai negara dengan negara berpenduduk terpadat di dunia memiliki 17 reaktor nuklir. Pembangkit tenaga nuklir China dibangun sebagai energi alternatif listrik batubara yang sudah mulai langka. Cina memiliki dua perusahaan listrik bertenaga nuklir yang terbesar yaitu China National Nuclear Corporation di timur laut Cina dan China Guangdong Nuclear Power Group di tenggara Cina [B]7. Korea Selatan, 18 reaktor nuklir[/B] Korea Selatan adalah negara ke tujuh yang memiliki reaktor nuklir terbanyak yaitu sebesar 18 reaktor. Energi nuklir di Korsel sangat aktif dengan mengekspor teknologi nuklirnya ke beberapa negara seperti Yordania, Uni Emirat Arab, Turki, Indonesia, India, Malaysia dan RRC. Pembangkit listrik tenaga nuklir Korsel dikelola di 4 wilayah yaitu Yeonggwang, Kori, Wolseong dan Uljin [B]6. Canada, 18 reaktor nuklir [/B] Canada sebagai salah satu negara terluas memiliki 18 reaktor nuklir dan pada tahun 2009 sekitar 15% pasokan listrik Kanada di hasilkan oleh tenaga nulikir. Tahun 2011 pemerintah Kanada berencana akan membangun sebuah stasiun nuklir baru namun rencana ini masih dalam pembahasan karena setelah bencana di Fukushima, pemerintah Kanada memerintah untuk meninjau kembali keselamatan dan perbaikan di semua operator reaktor nuklir [B]5. Inggris, 19 reaktor nuklir[/B] Inggris memiliki 19 reaktor nuklir dan telah menghasilkan tenaga nuklir yang telah menyuplai seperenam kebutuhan listrik Inggris di tahun 2012. Sejak didirikan tahun 1956, Inggris hanya mengalami dua kali kecelakaan nuklir yaitu di Windscale karena kebakaran tumpukan plutonium tanggal 8 Oktober 1957 dan di Sellafield karena sebanyak 20 ton uranium dan 160kg plutonium mengalami kebocoran karena ada pipa yang retak pada tanggal 19 April 2005 [B]4. Russia, 31 reaktor nuklir[/B] Russia memiliki 31 reaktor nuklir dan memiliki sejarah kelam dengan reaktor nuklirnya di Ukraina (dulu bagian dari SSR) pada reaktor nomor empat dari Chernobyl Nuclear Power Plant di tahun 1986. Kini pemerintah Russia lebih berhati-hati dalam mengelola reaktor nuklirnya. Pasokan listrik Russia tahun 2010 dipenuhi oleh pembangkit listrik tenaga nuklir sebesar 16% dengan kekuatan sebesar 170,1 TWh. Pemerintah Rusia merencanakan akan meningkatkan reaktor nuklirnya dari 31 ke 59 reaktor [B]3. Jepang, 55 reaktor nuklir [/B] Jepang adalah negara ketiga yang memiliki banyak reaktor nuklir, sebanyak 55 reaktor nuklir. Energi nuklir nampaknya merupakan prioritas nasional yang strategis. Sebagai negara yang kerap dilanda gempa, kerusakan reaktor nuklir menjadi kekawatiran seluruh rakyat Jepang dan mungkin juga dunia. Seperti peristiwa 11 Maret 2011, yang telah menghancurkan sistem pendingin pembangkit listrik tenaga nuklir di Fukushima dalam bencana tsunami. Sedikitnya 140 ribu penduduk atau yang berjarak 20 km dari reaktor di evakuasi [B]2. Perancis, 59 reaktor nuklir[/B] Perancis merupakan negara yang memiliki reaktor nuklir paling banyak kedua, yaitu sebanyak 59 reaktor nuklir. Perancis dipaksa memiliki banyak reaktor nuklir karena, negara ini tidak memiliki sumber daya energi yang berupa minyak, sebagai sumber energi negara tersebut. Pembangkit tenaga nuklir Perancis menghasilkan energi 540,6 TWh dan telah memenuhi sebanyak 78,8% kebutuhan energi listrik di Perancis, angka ini adalah persentase tertinggi di dunia. Sehingga tarif listrik di Perancis merupakan yang termurah di Eropa [B]1. Amerika Serikat, 104 reaktor nuklir[/B] Amerika adalah negara yang paling banyak memiliki reaktor nuklir, yaitu sebanyak 104 reaktor nuklir komersial. Sebanyak 69 merupakan reaktor air bertenaga dan 35 reaktor air mendidih. Ada sebanyak 65 pembangkit listrik tenaga nuklir yang telah memiliki lisensi untuk beroperasi. Pembangkit tersebut menghasilkan energi listrik sebesar 806,2 TWh dan telah menyuplai 19,6% kebutuhan listrik total di seluruh AS pada tahun 2008. Bulan Februari 2012, US Nuclear Regulatory Commission telah menyetujui pembangunan dua reaktor, dengan alasan karena bencana tsunami yang melanda Jepang 11 Maret 2011 yang telah menghancurkan reaktor nuklir di Fukushima. Namun rencana pembangunan ini mendapat tentangan dari aktivis lingkungan dan anti nuklir karena alasan keselamatan publik dan lingkungan, terlebih dengan bencana di Fukushima yang belum pulih benar. Kesepuluh negara di atas tahu benar cara memanfaatkan energi secara maksimal demi kemakmuran rakyatnya",Tahun <NUM> pemerintah Kanada berencana akan membangun sebuah stasiun nuklir baru,kaskus,2012-10-16 21:06:37,"['nuklir', 'pemerintah']","['pemerintah', 'kanada', 'stasiun nuklir', 'nuklir', 'stasiun']","['nuklir', 'pemerintah', 'kanada', 'stasiun nuklir', 'stasiun']",nuklir; pemerintah; kanada; stasiun nuklir; stasiun,Tahun <NUM> pemerintah Kanada berencana akan membangun sebuah stasiun nuklir baru,"['tahun', 'num', 'pemerintah', 'kanada', 'berencana', 'akan', 'membangun', 'sebuah', 'stasiun', 'nuklir', 'baru']","['nuklir', 'pemerintah', 'kanada', 'stasiun nuklir', 'stasiun']","['nuklir', 'pemerintah', 'kanada', 'stasiun nuklir', 'stasiun']","{'pemerintah', 'nuklir'}","{'nuklir', 'stasiun', 'pemerintah', 'kanada', 'stasiun nuklir'}","['stasiun', 'kanada', 'stasiun nuklir']","[4.972513146656243, 3.995972119480232, 0.9178294965571852]",pmi_threshold,stasiun nuklir,0.4249241948127746,"['stasiun nuklir', 'kanada', 'stasiun']","[0.42492419481277466, 0.19816675782203674, 0.16161012649536133]",from_best_pmi,rb_only,1751__17
1800,1,"iya maksud ane combine cycle system gas turbine gan :D heat hasil generate kan masih bisa dimanfaatkan buat steam turbine pke siklus braiyton atau rankine , di Indonesia sudah ada nih, emang pada pembangkit yang lama kebanyakan heatnya terbuang percuma. tapi pembangkit2 sekarang sudah gak lagi.","braiyton atau rankine , di Indonesia sudah ada nih, emang pada pembangkit yang lama kebanyakan heatnya terbuang percuma.",kaskus,2012-10-16 12:14:20,"['indonesia', 'pembangkit']","['braiyton', 'rankine', 'indonesia', 'pembangkit', 'heat']","['indonesia', 'pembangkit', 'braiyton', 'rankine', 'heat']",indonesia; pembangkit; braiyton; rankine; heat,"braiyton atau rankine , di Indonesia sudah ada nih, emang pada pembangkit yang lama kebanyakan heatnya terbuang percuma.","['braiyton', 'atau', 'rankine', 'di', 'indonesia', 'sudah', 'ada', 'nih', 'emang', 'pada', 'pembangkit', 'yang', 'lama', 'kebanyakan', 'heatnya', 'terbuang', 'percuma']","['indonesia', 'pembangkit', 'braiyton', 'rankine', 'heat']","['indonesia', 'pembangkit', 'braiyton', 'rankine', 'heat']","{'indonesia', 'pembangkit'}","{'rankine', 'pembangkit', 'braiyton', 'indonesia', 'heat'}","['braiyton', 'rankine', 'heat']","[5.527379000730589, 5.527379000730589, 3.000833186234755]",pmi_threshold,heat,0.2399736940860748,"['heat', 'braiyton', 'rankine']","[0.23997369408607483, 0.07591062039136887, 0.020287588238716125]",from_best_pmi,rb_only,1800__1
986,6,"salah satu EBT adalah tenaga surya. setelah beberapa tahun menggunakan panel surya untuk cadangan, bila listrik PLN padam, 2 tahun yang lalu saya tertarik untuk mengaplikasikan sistim on grid tie yang kelebihan dayanya bisa disalurkan ke jaringan PLN dengan KWH meter yang reverse /count down. tapi ternyata PLN hanya menyediakan KWH meter tipe ini untuk perusahaan swasta dan kota besar.. tidak ada opsi untuk pelanggan perorangan. kalaupun ada opsi perseorangan atau rumah tangga biasa.. apa PLN bisa menyediakan dengan harga wajar sesuai aturan? kenyataannya di daerah.. memasukkan daya listrik 1300VA saja dimintai 3.5 juta padahal resminya hanya 750 rupiah per 1 VA. plus biaya lainnya sekitar 250 rb. mau EBT sukses.. ya benahi dulu perusahaan PLN agar sehat #ngotot minta harga resmi.. alasannya unit kwh tidak ada stock.. berbulan bulan tidak ada. :cih pemerintah lewat PT. LEN seharusnya bisa menekan harga panel surya.. masa panel surya impor lebih mudah didapatkan.",kalaupun ada opsi perseorangan atau rumah tangga biasa..,kaskus,2017-09-23 22:15:55,"['pilihan', 'rumah']","['pilihan perseorangan', 'perseorangan', 'rumah tangga', 'tangga', 'pilihan']","['pilihan', 'rumah', 'pilihan perseorangan', 'perseorangan', 'rumah tangga', 'tangga']",pilihan; rumah; pilihan perseorangan; perseorangan; rumah tangga; tangga,kalaupun ada opsi perseorangan atau rumah tangga biasa..,"['kalaupun', 'ada', 'opsi', 'perseorangan', 'atau', 'rumah', 'tangga', 'biasa']","['pilihan', 'rumah', 'pilihan perseorangan', 'perseorangan', 'rumah tangga', 'tangga']","['pilihan', 'rumah', 'pilihan perseorangan', 'perseorangan', 'rumah tangga', 'tangga']","{'pilihan', 'rumah'}","{'perseorangan', 'pilihan perseorangan', 'tangga', 'rumah tangga', 'pilihan'}","['perseorangan', 'tangga', 'pilihan perseorangan', 'rumah tangga']","[6.470797180793979, 3.1358129330811706, 2.8053387417366706, 1.4424447378234404]",pmi_threshold,rumah tangga,0.3771528005599975,"['rumah tangga', 'pilihan perseorangan', 'tangga']","[0.37715280055999756, 0.055975817143917084, 0.019546013325452805]",from_best_pmi,rb_only,986__6
1707,9,"BIASA lah bro orang AWAM, dipikirnya solar panel ukuran 1x2 meter aja bisa menghasilkan daya sampai ribuan watt dan menyimpan energi sampai 24 jam FULL hanya dengan dipanasi beberapa jam saja :hammer: :ngakaks Kenapa PLTS atau renewable energy gak berkembang ? ya itu. karena BELUM effisien dr sisi BIAYA maupun OUTPUT serta STABILITAS energi yg dihasilkan (kec geothermal, semuanya masih tergantung Musim-Cuaca-Waktu) :o Klau masih ada yg takut ma PLTN dan gak yakin dengan orang Indonesia, gimana klau kita undang General Electric dr Amerika aja buat membangun dan mengelola PLTN tersebut ? :D ntar mulai dr Kuli-kontraktor-insinyur-dana-design dr bule2 itu semua ? ntar orang2 kita cuma jadi penonton saja, dan insinyur2 serta kontraktor kita cuma gigit jari doang :ngakaks terakhir... Pemerintah Indo cuma CUKUP bayar biaya pembangunannya saja/ skema built operation atau mereka jual ke PLN dengan harga standar mereka ? :siul: Ntar ketika dah operasional mulai dr Satpam yg ex NAVY SEAL sampai penyelia dr ex Los Alamos :D ntar mulai dr Cleaning Service dr sana sampai operator dr Chicago University :D",Cleaning Service dr sana sampai operator dr Chicago University :D,kaskus,2012-10-18 12:24:22,"['cleaning', 'university', 'service', 'chicago', 'operator']","['cleaning', 'service', 'operator', 'chicago', 'university']","['cleaning', 'university', 'service', 'chicago', 'operator']",cleaning; university; service; chicago; operator,Cleaning Service dr sana sampai operator dr Chicago University :D,"['cleaning', 'service', 'dr', 'sana', 'sampai', 'operator', 'dr', 'chicago', 'university', 'd']","['cleaning', 'university', 'service', 'chicago', 'operator']","['cleaning', 'university', 'service', 'chicago', 'operator']","{'university', 'service', 'chicago', 'cleaning', 'operator'}","{'university', 'service', 'chicago', 'cleaning', 'operator'}","['cleaning', 'university', 'chicago', 'service', 'operator']","[5.53556419474555, 5.53556419474555, 5.53556419474555, 3.4200869773256146, 2.350452789488562]",pmi_threshold,cleaning,0.3255707919597626,"['cleaning', 'chicago', 'service']","[0.3255707919597626, 0.28565576672554016, 0.24658304452896118]",from_best_pmi,overlap,1707__9
1712,1,"Setuju lah dengan PLTN, ini sesuatu yang cepat atau lambat pasti Indonesia harus memilikinya, lebih cepat lebih bagus....... semua beresiko, semakin tinggi resikonya, awarenessnya juga pasti semakin baik, selama mengikuti aturan dan prosedur yang sudah baku di pemanfaatan nuklir, Insya Allah Aman Kalimantan bisa jadi pilot project, mengingat wilayahnya yang aman dari earthquake di Pulau Jawa juga Boleh, tapi untuk pemerataan pembangunan bagusnya di wilayah timur, kalo udah ada PLTN ane mau pindah dah ke wilayah timur.","semua beresiko, semakin tinggi resikonya, awarenessnya juga pasti semakin baik, selama mengikuti aturan dan prosedur yang sudah baku di pemanfaatan nuklir, Insya Allah Aman Kalimantan bisa",kaskus,2012-10-18 07:19:35,"['nuklir', 'kalimantan']","['resiko', 'awareness', 'aturan', 'prosedur', 'pemanfaatan nuklir aman', 'nuklir', 'insya', 'allah', 'kalimantan', 'pemanfaatan']","['nuklir', 'kalimantan', 'resiko', 'awareness', 'aturan', 'prosedur', 'pemanfaatan nuklir aman', 'insya', 'allah', 'pemanfaatan']",nuklir; kalimantan; resiko; awareness; aturan; prosedur; pemanfaatan nuklir aman; insya; allah; pemanfaatan,"semua beresiko, semakin tinggi resikonya, awarenessnya juga pasti semakin baik, selama mengikuti aturan dan prosedur yang sudah baku di pemanfaatan nuklir, Insya Allah Aman Kalimantan bisa","['semua', 'beresiko', 'semakin', 'tinggi', 'resikonya', 'awarenessnya', 'juga', 'pasti', 'semakin', 'baik', 'selama', 'mengikuti', 'aturan', 'dan', 'prosedur', 'yang', 'sudah', 'baku', 'di', 'pemanfaatan', 'nuklir', 'insya', 'allah', 'aman', 'kalimantan', 'bisa']","['nuklir', 'kalimantan', 'resiko', 'awareness', 'aturan', 'prosedur', 'pemanfaatan nuklir aman', 'insya', 'allah', 'pemanfaatan']","['nuklir', 'kalimantan', 'resiko', 'awareness', 'aturan', 'prosedur', 'pemanfaatan nuklir aman', 'insya', 'allah', 'pemanfaatan']","{'nuklir', 'kalimantan'}","{'kalimantan', 'aturan', 'nuklir', 'pemanfaatan', 'awareness', 'prosedur', 'allah', 'insya', 'pemanfaatan nuklir aman', 'resiko'}","['awareness', 'insya', 'allah', 'prosedur', 'pemanfaatan', 'aturan']","[6.449808763477573, 4.551688377496787, 4.236815040143375, 3.1148245157647643, 2.409394495031665, 2.3318115540791218]",pmi_threshold,prosedur,0.184541642665863,"['prosedur', 'awareness', 'aturan']","[0.18454164266586304, 0.16819344460964203, 0.1513395607471466]",from_best_pmi,rb_only,1712__1
2095,12,"Itu ada dua kemungkinan. Yang pertama itu Fast Breeder Reactor. Punya Rusia sudah jalan. Yang pertama BN-600 kapasitas 600 MW sudah jalan beberapa tahun, yang ke-2 BN-800 kapasitas 800 MW November lalu dinyatakan operasional secara komersil. Berikutnya nanti BN-1200. Kemungkinan ke-2 adalah reprocessing di mana fuel rod bekas dicairkan lalu dipisah antara uraniumnya yang masih bisa dipakai dengan limbah lain yang memang tidak bisa dipakai. Uraniumnya lalu bisa diperkaya lagi, sementara limbah yang benar-benar tidak bisa dipakai mungkin cuma 3% dari jumlah awal. Makanya saya rada santai soal limbah nuklir. Sebab kalau kita beneran ogah ngurus limbah nuklir, dengan senang hati Rusia akan menawarkan jasa, asal bayarannya cocok. Negara lain yang bisa juga ada, tinggal negonya aja gimana. Reaktor serbaguna BATAN yang akan dimulai dibangun tahun ini oleh Rusia secara teori juga masuk Fast Breeder Reactor, tapi ya tunggu jadi dulu baru bisa dites. Untuk sementara ini kita kurang minat dengan teknologi ini. Lha PLTN-nya belum ada, jadi uranium bekasnya juga belum ada. Ntar beberapa puluh tahun lagi kalau PLTN di sini sudah jalan mungkin baru diperhatikan.",Untuk sementara ini kita kurang minat dengan teknologi ini.,kaskus,2017-03-15 14:21:04,"['teknologi', 'minat']","['minat', 'teknologi']","['teknologi', 'minat']",teknologi; minat,Untuk sementara ini kita kurang minat dengan teknologi ini.,"['untuk', 'sementara', 'ini', 'kita', 'kurang', 'minat', 'dengan', 'teknologi', 'ini']","['teknologi', 'minat']","['teknologi', 'minat']","{'minat', 'teknologi'}","{'teknologi', 'minat'}",['minat'],[3.779307611631908],pmi_threshold,minat,-0.0157838817685842,['minat'],[-0.01578388176858425],from_best_pmi,overlap,2095__12
2281,0,"Kenapa TS anti banget yah sama Jerman dan Denmark Ane pribadi masih percaya kalo ke depan energi terbarukan seperti solar dan angin masih paling pas untuk ke depannya walaupun tidak begitu reliable. Memang untuk sekarang belum terlalu signifikan tapi kan energi terbarukan ini masih baru bgt jadi memang butuh waktu supaya menjadi perfect. bandingkan dengan energi nuklir yang sudah berpuluh"" tahun berjalan jadi ga bisa dibuat sebagai perbandingan dan juga pake pembangkit nuklir itu sangat bahaya akan radiasinya buktinya sudah ada di Chernobyl dan Jepang yang pembangkitnya bocor alhasil lokasi di sekitar lokasi kejadian sama sekali tidak bisa ditinggalin karena radiasi yang sangat tinggi. Negara sekelas Jepang pun bisa keteteran gan apalagi negara yang biasa"" saja. Just share my opinion",Kenapa TS anti banget yah sama Jerman dan Denmark Ane pribadi masih percaya kalo ke depan energi terbarukan seperti solar dan angin masih paling pas untuk ke depannya,kaskus,2017-03-09 22:21:54,"['energi_terbarukan', 'surya', 'anti', 'jerman', 'angin']","['ts anti', 'jerman', 'denmark', 'energi_terbarukan', 'surya', 'angin', 'ts']","['energi_terbarukan', 'surya', 'anti', 'jerman', 'angin', 'ts anti', 'denmark', 'ts']",energi_terbarukan; surya; anti; jerman; angin; ts anti; denmark; ts,Kenapa TS anti banget yah sama Jerman dan Denmark Ane pribadi masih percaya kalo ke depan energi terbarukan seperti solar dan angin masih paling pas untuk ke depannya,"['kenapa', 'ts', 'anti', 'banget', 'yah', 'sama', 'jerman', 'dan', 'denmark', 'ane', 'pribadi', 'masih', 'percaya', 'kalo', 'ke', 'depan', 'energi', 'terbarukan', 'seperti', 'solar', 'dan', 'angin', 'masih', 'paling', 'pas', 'untuk', 'ke', 'depannya']","['energi_terbarukan', 'surya', 'anti', 'jerman', 'angin', 'ts anti', 'denmark', 'ts']","['energi terbarukan', 'surya', 'anti', 'jerman', 'angin', 'ts anti', 'denmark', 'ts']","{'surya', 'jerman', 'anti', 'energi terbarukan', 'angin'}","{'ts', 'surya', 'jerman', 'ts anti', 'energi terbarukan', 'denmark', 'angin'}","['denmark', 'ts', 'ts anti', 'anti']","[2.668522333481689, 2.05517803139071, 1.7134148637883375, 1.3716516961859648]",pmi_threshold,ts anti,0.1935051530599594,"['ts anti', 'anti', 'denmark']","[0.1935051530599594, 0.1488322764635086, 0.05931464210152626]",from_best_pmi,rb_only,2281__0
557,3,"Wah lagi diskusi Energi Geothermal, salah satu potensi terbesar energi terbarukan yang ada di Indonesia, masa Indonesia kalah si sama Filipina dan Selandia Baru?, ah malu dong, potensinya jauh lebih banyak tapi nggak diusahakan buat diproduksi, apalagi proyek listrik 35.000 MW hingga 2019 memporsikan 25% adalah renewable energy, dengan porsi terbesar berasal dari energi geothermal. Porsi energy mix Indonesia hingga tahun 2025 di angka 23% namun dengan kebutuhan energi yang terus meningkat. Dengan demikian kebutuhan tenaga kerja untuk eksplorasi, konstruksi, hingga produksi panas bumi masih terbuka lebar. Khusus untuk bagian hulu hanya ada satu kampus di Indonesia yang membuka S2 Panas Bumi atau Geothermal yaitu ITB. Ini juga yang jadi motivasi saya buat lanjut kuliah S2 jurusan Geothermal. Kalo bagusnya si ambil S2 di New Zealand (NZ) yang terkenal dengan deretan pembangkit Panas buminya. Tipicalnya sih sama ya dengan Indonesia sama-sama berada di jalur subduksi yang memunculkan banyak gunung berapi aktif dan non aktif, bedanya disana hanya harga keekonomisannya yang lebih baik dibanding di Indonesia sehingga investasi di bidang panas bumi berjalan. Apalagi pemerintahan sekarang mulai terbuka dan political will nya buat pengembangan panas bumi di Indonesia.",Porsi energy mix Indonesia hingga tahun <NUM> di angka <NUM> % namun dengan kebutuhan energi yang terus meningkat.,kaskus,2017-02-27 13:08:14,"['energi', 'indonesia', 'kebutuhan']","['porsi energi', 'energi mix', 'mix', 'indonesia', 'angka', 'kebutuhan energi', 'energi']","['energi', 'indonesia', 'kebutuhan', 'porsi energi', 'energi mix', 'mix', 'angka', 'kebutuhan energi']",energi; indonesia; kebutuhan; porsi energi; energi mix; mix; angka; kebutuhan energi,Porsi energy mix Indonesia hingga tahun <NUM> di angka <NUM> % namun dengan kebutuhan energi yang terus meningkat.,"['porsi', 'energy', 'mix', 'indonesia', 'hingga', 'tahun', 'num', 'di', 'angka', 'num', 'namun', 'dengan', 'kebutuhan', 'energi', 'yang', 'terus', 'meningkat']","['energi', 'indonesia', 'kebutuhan', 'porsi energi', 'energi mix', 'mix', 'angka', 'kebutuhan energi']","['energi', 'indonesia', 'kebutuhan', 'porsi energi', 'energi mix', 'mix', 'angka', 'kebutuhan energi']","{'indonesia', 'kebutuhan', 'energi'}","{'energi', 'energi mix', 'angka', 'porsi energi', 'indonesia', 'kebutuhan energi', 'mix'}","['mix', 'angka', 'energi mix', 'porsi energi', 'kebutuhan']","[4.965500113122474, 2.7801450711105558, 0.9515471148375314, 0.7498692677219274, 0.40596882755691194]",pmi_threshold,porsi energi,0.356583684682846,"['porsi energi', 'energi mix', 'kebutuhan']","[0.35658368468284607, 0.35211801528930664, 0.2005349099636078]",from_best_pmi,rb_only,557__3
1421,0,"[B]ntar kalo reaktornya bocor gara2 bikinnya ga sesuai prosedur, ""takdir"" yg jadi kambing hitam :D[/B]","B ntar kalo reaktornya bocor gara2 bikinnya ga sesuai prosedur, takdir yg jadi kambing hitam :D /B",kaskus,2013-12-03 12:46:40,[],"['reaktor', 'prosedur', 'takdir', 'kambing hitam', 'kambing']","['reaktor', 'prosedur', 'takdir', 'kambing hitam', 'kambing']",reaktor; prosedur; takdir; kambing hitam; kambing,"B ntar kalo reaktornya bocor gara2 bikinnya ga sesuai prosedur, takdir yg jadi kambing hitam :D /B","['b', 'ntar', 'kalo', 'reaktornya', 'bocor', 'gara2', 'bikinnya', 'ga', 'sesuai', 'prosedur', 'takdir', 'yg', 'jadi', 'kambing', 'hitam', 'd', 'b']","['reaktor', 'prosedur', 'takdir', 'kambing hitam', 'kambing']","['reaktor', 'prosedur', 'takdir', 'kambing hitam', 'kambing']",set(),"{'reaktor', 'takdir', 'kambing', 'kambing hitam', 'prosedur'}","['takdir', 'kambing hitam', 'kambing', 'prosedur']","[6.460264804872052, 5.99382190280132, 5.527379000730589, 3.1252805571592432]",pmi_threshold,kambing hitam,0.2834149897098541,"['kambing hitam', 'prosedur', 'kambing']","[0.2834149897098541, 0.17963138222694397, 0.16888165473937988]",from_best_pmi,rb_only,1421__0
1580,0,"menurut ane sih terlalu bersiko klo pake pembangkit nuklir di indonesia. jeleknya dan kebiasaan orang indonesia tuh teledor.:iloveindonesias lihat saja tragedi jepang. pembangkit tenaga nuklir mereka jebol. yg notabene jepang lebih oke otaknya dari kita kita. pergunakan saja yg ada seperti PLTA, wong air di negeri kita melimpah kadang masuk rumah malah gan. :ngakak",menurut ane sih terlalu bersiko klo pake pembangkit nuklir di indonesia.,kaskus,2012-12-21 08:38:09,"['nuklir', 'indonesia', 'pembangkit']","['pembangkit nuklir', 'nuklir', 'indonesia', 'pembangkit']","['nuklir', 'indonesia', 'pembangkit', 'pembangkit nuklir']",nuklir; indonesia; pembangkit; pembangkit nuklir,menurut ane sih terlalu bersiko klo pake pembangkit nuklir di indonesia.,"['menurut', 'ane', 'sih', 'terlalu', 'bersiko', 'klo', 'pake', 'pembangkit', 'nuklir', 'di', 'indonesia']","['nuklir', 'indonesia', 'pembangkit', 'pembangkit nuklir']","['nuklir', 'indonesia', 'pembangkit', 'pembangkit nuklir']","{'indonesia', 'nuklir', 'pembangkit'}","{'indonesia', 'nuklir', 'pembangkit', 'pembangkit nuklir'}","['pembangkit', 'pembangkit nuklir', 'indonesia']","[-1.5953816118439461, -2.3661178826929095, -2.834218356576728]",pmi_fallback_top,pembangkit nuklir,0.4775230884552002,"['pembangkit nuklir', 'indonesia', 'pembangkit']","[0.4775230884552002, 0.4044171869754791, 0.18300989270210266]",from_best_pmi,rb_only,1580__0
383,4,"kalau masalah nyaman2an sih gw nyaman aja. Masalahnya naik mobil udah pasti macet, bisa berjam2. Kalau motor itu asap, gw nggak kuat sama asap jalanan Jakarta. Yg kurang itu halte dan stasiun. Karena sering kali kalau ngikutin jalur yg udah ada malah muter jadinya lebih lama.",Karena sering kali kalau ngikutin jalur yg udah ada malah muter jadinya lebih lama.,reddit,2023,[],['jalur'],['jalur'],jalur,Karena sering kali kalau ngikutin jalur yg udah ada malah muter jadinya lebih lama.,"['karena', 'sering', 'kali', 'kalau', 'ngikutin', 'jalur', 'yg', 'udah', 'ada', 'malah', 'muter', 'jadinya', 'lebih', 'lama']",['jalur'],['jalur'],set(),{'jalur'},['jalur'],[2.4233527918462494],pmi_threshold,jalur,0.1791081428527832,['jalur'],[0.1791081428527832],from_best_pmi,rb_only,383__4
2381,7,"hmmm... setelah direnungkan di dalam kegelapan dan keheningan malam di hadapan secangkir kopi panas... mungkin Jerman mau bikin senjata nuklir, makanya uraniumnya disisihkan dan reaktornya ditutup dulu. maunya fokus dulu ke sumber daya energi tanpa nuklir. nanti klo dah mandiri bikin sumber daya energi non nuklir kaya panel surya, turbin angin, air terjun/gelombang laut/mikrohidro, panas bumi, biomassa, bahan bakar nabati, anti matter, dsb buat energi listrik/industri/transportasi baru buka lagi reaktornya tapi buat bikin senjata:D maklum. mereka mantan superpower. mungkin terkenang kejayaan masa lampau :lehuga by the way, ada yg tau gak data valid tentang cadangan uranium di Jerman dan Denmark? cukup melimpah ruah atau malah udah krisis..? :cool","mungkin terkenang kejayaan masa lampau :lehuga by the way, ada yg tau gak data valid tentang cadangan uranium di Jerman dan Denmark?",kaskus,2017-03-08 20:50:43,"['uranium', 'jerman', 'cadangan']","['kejayaan', 'lampau way', 'way', 'data valid', 'cadangan uranium', 'uranium', 'jerman', 'denmark', 'data']","['uranium', 'jerman', 'cadangan', 'kejayaan', 'lampau way', 'way', 'data valid', 'cadangan uranium', 'denmark', 'data']",uranium; jerman; cadangan; kejayaan; lampau way; way; data valid; cadangan uranium; denmark; data,"mungkin terkenang kejayaan masa lampau :lehuga by the way, ada yg tau gak data valid tentang cadangan uranium di Jerman dan Denmark?","['mungkin', 'terkenang', 'kejayaan', 'masa', 'lampau', 'lehuga', 'by', 'the', 'way', 'ada', 'yg', 'tau', 'gak', 'data', 'valid', 'tentang', 'cadangan', 'uranium', 'di', 'jerman', 'dan', 'denmark']","['uranium', 'jerman', 'cadangan', 'kejayaan', 'lampau way', 'way', 'data valid', 'cadangan uranium', 'denmark', 'data']","['uranium', 'jerman', 'cadangan', 'kejayaan', 'lampau way', 'way', 'data valid', 'cadangan uranium', 'denmark', 'data']","{'cadangan', 'uranium', 'jerman'}","{'way', 'jerman', 'kejayaan', 'lampau way', 'data valid', 'data', 'uranium', 'cadangan uranium', 'denmark'}","['kejayaan', 'lampau way', 'way', 'data valid', 'denmark', 'data', 'cadangan', 'cadangan uranium']","[6.454446539844351, 5.505386346853959, 4.556326153863565, 3.7278537458452616, 2.6754734191565697, 2.4960256435957504, 1.1962017354152523, 0.7412730047120546]",pmi_threshold,cadangan uranium,0.2832336127758026,"['cadangan uranium', 'data valid', 'data']","[0.2832336127758026, 0.23465977609157562, 0.19050991535186768]",from_best_pmi,rb_only,2381__7
506,25,"halo gan, kebetulan ane pengamat geothermal dan doakan untuk project geothermal yang akan ane jalankan ini :) Potensi energi panas bumi di Indonesia mencapai 27 Gwe sangat erat kaitannya dengan posisi Indonesia dalam kerangka tektonik dunia. Ditinjau dari munculnya panas bumi di permukaan per satuan luas, Indonesia menempati urutan ke empat dunia. Bahkan dari segi temperatur yang tinggi, merupakan ke dua di dunia. Indonesia terletak di pertemuan tiga lempeng aktif yang memungkinkan panas bumi dari kedalaman ditransfer ke permukaan melalui sistem rekahan. Posisi strategis ini menempatkan Indonesia sebagai negara paling kaya dengan energi panas bumi sistem hidrotermal yang tersebar di sepanjang busur vulkanik. Sehingga sebagian besar sumber panas bumi di Indonesia tergolong mempunyai entalpi yang tinggi. Panas bumi merupakan sumber daya energi baru terbarukan yang ramah lingkungan (clean energy) dibandingkan dengan sumber energi fosil. Dalam proses ekplorasi dan eksploitasinya tidak membutuhkan lahan permukaan yang terlalu besar. Energi panas bumi bersifat tidak dapat diekspor, maka sangat cocok untuk memenuhi kebutuhan energi di dalam negeri. Berdasarkan RENCANA UMUM KETENAGALISTRIKAN, sebanyak 256 area panas bumi telah di identifikasi melalui inventarisasi dan ekploitasi. Dari jumlah lokasi tersebut mempunyai total potensi sumber daya dan cadangan panas bumi sebesar sekitar 27.357 Mwe (2008-2027) da merupakan potensi terbesar di dunia yakni 40%. Dari total potensi tersebut hanya sekitar 3.8% yang telah dimanfaatkan sebagai energi listrik dan menymbangkan sekitar 2% untuk pemakaian energi listrik nasional. Mengacu pada UU no 27/2003 dan UU no. 20/2002 tersebut telah dibuat suatu peta perjalanan (road map) panas bumi sebagai pedoman dan pola tetap pengembangan dan pemanfaatan energi panas bumi di Indonesia. Industri panas bumi yang diinginkan yang tertuang dalam peta erjalanan tersebut antara lain pemanfaatan untuk tenaga listrik sebesar 6000 Mwe dan berkembangnya pemanfaatan langsung (angrobisnis, pariwisata, dll) pada tahun 2020. Mengapa Memilih Energi Panas Bumi Sebagai Alternatif Pembangkit Listrik? 1. Energi Panas Bumi Ramah Lingkungan • Energi panas bumi merupakan energi yang ramah lingkungan karena fluida panas bumi setelah diolah / dikonversikan menjadi listrik dikembalikan ke bawah permukaan (reservoir) melalui sumur injeksi. Ini suatu keharusan untuk menjaga keseimbangan masa sehingga memperlambat penurunan tekanan reservoir dan mencegah terjadinya subsidence. • Emisi dari PLTP sangat rendah bila dibandingkan dengan minyak dan batubara. Karena emisinya rendah, energi panas bumi memiliki kesempatan untuk memanfaatkan Clean Development Mechanism (CDM) produk kyoto protocol. Mekanisme ini menetapkan bahwa negara maju harus mengurangi emisi gas rumah kaca (GRK) sebesar 5.2 % terhadap emisi tahun 1990, dapat melalui pembelian energi bersih dari negara berkembang yang proyeknya dibangun diatas tahun 2000. Energi bersih tersebut termasuk panas bumi. 2. Energi Panas Bumi Memiliki Faktor Kapasitas (Capacity Factor) lebih besar Keunggulan lain adalah faktor kapasitas, yaitu perbandingan antara beban rata-rata yang dibangkitkan oleh pembangkit dalam suatu periode (average load generated in period) dengan beban maksimum yang dapat dibangktkan oleh PLTP tersebut (maximum load). Faktor kapasitas dari PLTP rata2 adalah 95%, jauh lebih tinggi bila dibandingkan dengan faktor kapasitas dari pembangkit listrik yang menggunakan batu bara, yang besarnya hanya 60-70% ( U.S Departement of Energy) Ketetapan Dan Peraturan Pemerintah Terkait dengan Panas Bumi Pemerintah bermaksud untuk mempercepat pengembangan panas bumi. Untuk itu pemerintah bermaksud untuk meningkatkan iklim investasi baik untuk pengembang yang ada serta pendatang baru di sektor panas bumi di indonesia. 1. UU no. 27/2003 tentang regulasi pemerintah dan panas bumi no. 59/2007 tentang peraturan pemerintah Kegiatan usaha panas bumi no. 70/2010 adalah dasar dari pengembangan panas bumi Indonesia. 2. Peraturan Presiden no. 04/2010 Peraturan menteri no. 01/2012 Sebagai revisi dari peraturan menteri no. 15/2010 (tahap kedua dari crash program 10.000 MW) Dalam rangka untuk mempercepat pengembangan panas bumi 3. Kebijakan Harga 1. Keputusan Menteri ESDM no. 02/2011 tentang struktur harga panas bumi. Menteri memberikan kepastian pada harga listrik dari pembangkit listrik tenaga panas bumi: • Harga listrik sebagai hasil dari Tender Geothermal Working Area (GWA), adalah mewakili harga pembelian oleh PLN di dalam Power Purchase Agreement (PPA), yang bersifat final dan tidak dapat dinegosiasikan. • Plafon harga untuk energi panas bumi: US$ 9.7 cents/Kwh • Jika harga melebihi US$ 9.7 cents /KWh, maka diperlukan negosiasi antara kedua belah pihak. 2. Fiskal Insentif untuk pengembangan panas bumi (sesuai dengan keputusan pemerintah no. 62/2008 dan no. 1 /2007): • 30% dari pajak pendapatan perusahaan • 10% dari pajak nilai tambah yang dibayarkan oleh pemerintah • Pembebasan bea masuk untuk pengembang panas bumi • 25% per tahun depresiasi selama 8 tahun dengan metode saldo menurun ganda • Kredit pajak investasi 5 % per tahun untuk 6 tahun 3. Saat ini mekanisme dari feed in tariff untuk tiap2 GWA sedang dikembangkan oleh pemerintah dalam rangka untuk membuat bisnis panas bumi lebih atraktif untuk investor. 4. Akses ke sumber daya panas bumi untuk investor a. Pemerintah menawarkan preliminary survey assigment (survey pendahuluan) kepada pihak ke 3 (investor) yang menyediakan “first right refusal” b. Pemerintah menetapkan GWA baru dan kesempatan yang terbuka bagi investor untuk berpartisipasi dalam bisnis panas bumi melalui mekanisme tender GWAs 5. Untuk mempercepat proses tender baru GWA, kebijakan yang mengatur proses penawaran yang sedang direvisi untuk membuat tender lebih sederhana, transparan dan bankable 6. Berkoordinasi dengan semua pihak terkait untuk mempercepat dan menyederhanakan proses perizinan. 7. Terkait dengan isu-isu kehutanan, saat ini ESDM dan Departemen hutan telah menandatangani MoU mengenai percepatan izin pemanfaatan panas bumi dalam hutan produksi, hutan lindung, dan konservasi hutan. 8. Pemerintah telah mengeluarkan Keputusan Presiden yang menjamin dukungan untuk investasi dalam proyek infrastruktur panas bumi (PR no. 13/2010 jo PR no. 67/2005 dan PR no. 78/2010) dan keputusan menteri keuangan no. 139 /2011 (PMK no. 139/2011) yang menjamin kelayakan bisnis PT PLN untuk mengembangkan listrik dari energi terbarukan, batubara dan gas melalui kerja sama dengan Independent Power Producers (IPP).","Mekanisme ini menetapkan bahwa negara maju harus mengurangi emisi gas rumah kaca (GRK) sebesar <NUM> % terhadap emisi tahun <NUM> , dapat melalui pembelian energi bersih dari negara berkembang yang",kaskus,2013-04-03 09:12:35,"['gas', 'negara', 'energi', 'rumah', 'emisi']","['mekanisme', 'negara', 'emisi gas', 'gas rumah', 'rumah kaca grk', 'kaca', 'grk', 'emisi', 'pembelian energi', 'energi bersih', 'pembelian']","['gas', 'negara', 'energi', 'rumah', 'emisi', 'mekanisme', 'emisi gas', 'gas rumah', 'rumah kaca grk', 'kaca', 'grk', 'pembelian energi', 'energi bersih', 'pembelian']",gas; negara; energi; rumah; emisi; mekanisme; emisi gas; gas rumah; rumah kaca grk; kaca; grk; pembelian energi; energi bersih; pembelian,"Mekanisme ini menetapkan bahwa negara maju harus mengurangi emisi gas rumah kaca (GRK) sebesar <NUM> % terhadap emisi tahun <NUM> , dapat melalui pembelian energi bersih dari negara berkembang yang","['mekanisme', 'ini', 'menetapkan', 'bahwa', 'negara', 'maju', 'harus', 'mengurangi', 'emisi', 'gas', 'rumah', 'kaca', 'grk', 'sebesar', 'num', 'terhadap', 'emisi', 'tahun', 'num', 'dapat', 'melalui', 'pembelian', 'energi', 'bersih', 'dari', 'negara', 'berkembang', 'yang']","['gas', 'negara', 'energi', 'rumah', 'emisi', 'mekanisme', 'emisi gas', 'gas rumah', 'rumah kaca grk', 'kaca', 'grk', 'pembelian energi', 'energi bersih', 'pembelian']","['gas', 'negara', 'energi', 'rumah', 'emisi', 'mekanisme', 'emisi gas', 'gas rumah', 'rumah kaca grk', 'kaca', 'grk', 'pembelian energi', 'energi bersih', 'pembelian']","{'gas', 'energi', 'rumah', 'emisi', 'negara'}","{'emisi gas', 'kaca', 'mekanisme', 'energi bersih', 'emisi', 'rumah kaca grk', 'pembelian', 'pembelian energi', 'gas rumah', 'negara', 'grk'}","['grk', 'pembelian', 'mekanisme', 'kaca', 'rumah kaca grk', 'emisi', 'emisi gas', 'pembelian energi']","[5.5146096500280075, 3.976189735243882, 3.399132432608072, 3.2487155900549736, 2.829700018674728, 2.4261849479240585, 0.9828486347419995, 0.4505072505469452]",pmi_threshold,emisi gas,0.2771670818328857,"['emisi gas', 'pembelian energi', 'mekanisme']","[0.27716708183288574, 0.26470786333084106, 0.20865967869758606]",from_best_pmi,rb_only,506__25
2380,4,"Kalau cari info sejenak ya, di Jerman pernah ada tambang uranium yang aktif dari 1947 sampai 1990 lalu berhenti karena kemungkinan cadangannya habis. Tambang itu ada di wilayah yang dulu masuk Jerman Timur dan menjadi salah satu sumber uranium terbesar Uni Soviet. Namanya Wismut. [url]https://en.wikipedia.org/wiki/Wismut_(mining_company)[/url] Sedangkan Denmark di Eropa tidak punya tambang uranium, tapi katanya ada uranium di Tanah Hijau, pulau terbesar di dunia, koloni Denmark dekat Kutub Utara. [url]https://www.theguardian.com/environment/2017/jan/28/greenland-narsaq-uranium-mine-dividing-town[/url]","tapi katanya ada uranium di Tanah Hijau, pulau terbesar di dunia, koloni Denmark dekat Kutub Utara.",kaskus,2017-03-09 08:43:21,"['uranium', 'pulau', 'dunia', 'tanah']","['uranium', 'tanah hijau', 'pulau terbesar', 'dunia', 'koloni kutub', 'denmark', 'kutub utara', 'utara']","['uranium', 'pulau', 'dunia', 'tanah', 'tanah hijau', 'pulau terbesar', 'koloni kutub', 'denmark', 'kutub utara', 'utara']",uranium; pulau; dunia; tanah; tanah hijau; pulau terbesar; koloni kutub; denmark; kutub utara; utara,"tapi katanya ada uranium di Tanah Hijau, pulau terbesar di dunia, koloni Denmark dekat Kutub Utara.","['tapi', 'katanya', 'ada', 'uranium', 'di', 'tanah', 'hijau', 'pulau', 'terbesar', 'di', 'dunia', 'koloni', 'denmark', 'dekat', 'kutub', 'utara']","['uranium', 'pulau', 'dunia', 'tanah', 'tanah hijau', 'pulau terbesar', 'koloni kutub', 'denmark', 'kutub utara', 'utara']","['uranium', 'pulau', 'dunia', 'tanah', 'tanah hijau', 'pulau terbesar', 'koloni kutub', 'denmark', 'kutub utara', 'utara']","{'tanah', 'uranium', 'dunia', 'pulau'}","{'utara', 'koloni kutub', 'tanah hijau', 'dunia', 'kutub utara', 'denmark', 'uranium', 'pulau terbesar'}","['koloni kutub', 'kutub utara', 'denmark', 'utara', 'tanah hijau', 'tanah', 'pulau terbesar', 'dunia']","[5.714048933058941, 4.365621242662915, 2.682458158245949, 2.2698112063920988, 1.9922490098384327, 1.2031864745046312, 0.7024359743613855, 0.40713530161859035]",pmi_threshold,pulau terbesar,0.389097660779953,"['pulau terbesar', 'tanah hijau', 'dunia']","[0.389097660779953, 0.2806219160556793, 0.2453695386648178]",from_best_pmi,rb_only,2380__4
931,0,"-Geothermal buat diindonesia bagus bgt tapi kurang maju karena terkadang lokasinya diwilayah konservasi -Wind turbine masih banyak kendala karena kecepatan angin kita pas-pasan cutoff turbin angin biasanya 2,5 m/s, dan banyak di indonesia yg mepet kecuali beberapa tempat -Water turbine solusi bagus, dulu pas kuliah ane di lab mekanika fluida salah satu profesor ane bergerak dibidang itu Pico hydro turbine, cocok bgt buat indonesia karena banyak potensi well... akhirnya cuma bisa menanti keputusan pemerintah aja dan pihak yang mau bangkitin listrik :hammer",-Geothermal buat diindonesia bagus bgt tapi kurang maju,kaskus,2017-09-30 09:32:47,['geothermal'],"['geothermal', 'diindonesia']","['geothermal', 'diindonesia']",geothermal; diindonesia,-Geothermal buat diindonesia bagus bgt tapi kurang maju,"['geothermal', 'buat', 'diindonesia', 'bagus', 'bgt', 'tapi', 'kurang', 'maju']","['geothermal', 'diindonesia']","['geothermal', 'diindonesia']",{'geothermal'},"{'geothermal', 'diindonesia'}",['diindonesia'],[3.2720173166794817],pmi_threshold,diindonesia,0.165257066488266,['diindonesia'],[0.165257066488266],from_best_pmi,rb_only,931__0
1342,8,Kalo china pake pltn ga? India? Setau ane pemakai energiterbesar di dunia ya cina dan india. Kalo saya vote no. Ato setuju dengan sarat. Sarat saya kalo setuju : pltn dibangun dekat dengan tempat tinggal pembuat kebijakan. Jadi saya setuju pltn asal dibangunnya di sebelah gedung dpr ato istana merdeka. Jadi pemimpin negarajuga mikir2 kalo mau masukim agt keluarganya yang goblok2 ke sana jadi pejabat pltn(krn gajinya pasti diatas plta pltu dan pln dgn alasan risiko gede jad pasti jadi inceran banyak tikus mafia jabatan). Kalo ditaro di tempat2 jauh macem selatan jawa nanti mrk merasa aman dan jau shg nempatn prang sembarangan asal taruhi biaroun tidak qualified dan kalo ada kebocoran cuma saling tuding.,jadi inceran banyak tikus mafia jabatan).,kaskus,2015-04-14 08:00:50,"['mafia', 'tikus', 'jabatan', 'inceran']","['inceran', 'tikus mafia', 'mafia jabatan', 'jabatan']","['mafia', 'tikus', 'jabatan', 'inceran', 'tikus mafia', 'mafia jabatan']",mafia; tikus; jabatan; inceran; tikus mafia; mafia jabatan,jadi inceran banyak tikus mafia jabatan).,"['jadi', 'inceran', 'banyak', 'tikus', 'mafia', 'jabatan']","['mafia', 'tikus', 'jabatan', 'inceran', 'tikus mafia', 'mafia jabatan']","['mafia', 'tikus', 'jabatan', 'inceran', 'tikus mafia', 'mafia jabatan']","{'inceran', 'tikus', 'mafia', 'jabatan'}","{'jabatan', 'inceran', 'mafia jabatan', 'tikus mafia'}","['inceran', 'jabatan', 'tikus', 'mafia jabatan', 'tikus mafia', 'mafia']","[6.473148187654819, 4.978383495905241, 4.260154464320621, 3.9960500324613815, 3.6369355166690713, 3.013716569017522]",pmi_threshold,tikus mafia,0.5061569213867188,"['tikus mafia', 'mafia jabatan', 'mafia']","[0.5061569213867188, 0.4235268533229828, 0.3946877717971802]",from_best_pmi,rb_only,1342__8
631,2,"Terus kalo listrik mati masaknya pake apa? Kayu bakar? :ngakak Gas sm induksi itu paralel aja, ga usah jadi kata wajib kalo blm mampu ""zero padam"" deh. Energi bersih mulai aja dari PLN membebaskan rumah tangga pasang solar panel. Berani gak?",":ngakak Gas sm induksi itu paralel aja, ga usah jadi kata wajib kalo blm mampu zero padam deh.",kaskus,2022-05-04 13:30:53,['gas'],"['gas induksi paralel', 'induksi', 'wajib', 'zero padam']","['gas', 'gas induksi paralel', 'induksi', 'wajib', 'zero padam']",gas; gas induksi paralel; induksi; wajib; zero padam,":ngakak Gas sm induksi itu paralel aja, ga usah jadi kata wajib kalo blm mampu zero padam deh.","['ngakak', 'gas', 'sm', 'induksi', 'itu', 'paralel', 'aja', 'ga', 'usah', 'jadi', 'kata', 'wajib', 'kalo', 'blm', 'mampu', 'zero', 'padam', 'deh']","['gas', 'gas induksi paralel', 'induksi', 'wajib', 'zero padam']","['gas', 'gas induksi paralel', 'induksi', 'wajib', 'zero padam']",{'gas'},"{'gas induksi paralel', 'induksi', 'zero padam', 'wajib'}","['induksi', 'zero padam', 'wajib', 'gas induksi paralel']","[4.560978887206537, 3.7832372216008654, 3.768783772319938, 3.5237314336572183]",pmi_threshold,gas induksi paralel,0.5475145578384399,"['gas induksi paralel', 'zero padam', 'induksi']","[0.5475145578384399, 0.19784069061279297, 0.0717669427394867]",from_best_pmi,rb_only,631__2
139,1,"Pemerintah bangun pembangkit listrik yang renewable, masih aja dijulidin. Udah bagus nggak bangun PLTU mulu.",Udah bagus nggak bangun PLTU mulu.,reddit,2023,['pltu'],['pltu'],['pltu'],pltu,Udah bagus nggak bangun PLTU mulu.,"['udah', 'bagus', 'nggak', 'bangun', 'pltu', 'mulu']",['pltu'],['pltu'],{'pltu'},{'pltu'},['pltu'],[-0.37916850871284236],pmi_fallback_top,pltu,0.1160921901464462,['pltu'],[0.11609219014644623],from_best_pmi,overlap,139__1
721,3,Duit pajaknya buat apa ?? Penelitian energi terbarukan ??? Advokasi pltn ?? Penambahan hutan ??? Ayo cuma buat ngebayarin pegawainya ??,Penambahan hutan ???,kaskus,2021-11-17 09:15:56,"['hutan', 'penambahan']","['penambahan hutan', 'hutan']","['hutan', 'penambahan', 'penambahan hutan']",hutan; penambahan; penambahan hutan,Penambahan hutan ???,"['penambahan', 'hutan']","['hutan', 'penambahan', 'penambahan hutan']","['hutan', 'penambahan', 'penambahan hutan']","{'penambahan', 'hutan'}","{'penambahan hutan', 'hutan'}","['penambahan', 'penambahan hutan', 'hutan']","[4.579741340264962, 3.302072674459023, 2.024404008653084]",pmi_threshold,hutan,0.5943693518638611,"['hutan', 'penambahan hutan', 'penambahan']","[0.5943693518638611, 0.5902876853942871, 0.15742717683315277]",from_best_pmi,overlap,721__3
2367,4,"Terlalu optimis. Tidak ada jaminan kalau dibikin kayak gitu terus harga listrik turun. Lihat Filipina. Tidak ada perusahaan listrik negara. Listrik dipegang swasta. Terus berapa harga listrik per kWh di Manila, Filipina? Per Februari 2017 menurut situs Meralco 9 peso per kWh. Itu kalau dirupiahkan Rp. 2387 per kWh. Jaringan listrik itu cenderung monopolistik. Monopoli alami tuh. Kalau sudah ada jaringan listrik ke rumah kamu, perusahaan lain tidak bakal mau narik kabel baru ke tempat kamu, karena itu berarti dobel infrastruktur. Ini ujung-ujungnya kartelisasi, di mana daerah A dimonopoli perusahaan X, daerah B perusahaan Y, dst. Kalau gitu mah mendingan sekalian aja dimonopoli negara. Monopoli jaringan kabel PLN itu sudah benar. Kalau skema pembayaran mau direstrukturisasi, itu bisa. Bisa saja diatur agar pelanggan bisa kontrak dengan perusahaan X lalu bayar abonemen ke PLN sekian rupiah per kWh sebagai ongkos penggunaan jaringan kabel. Tapi percuma berusaha mengganggu monopoli jaringan kabel listrik PLN. Itu pilihan realistisnya cuma ada dua. Dimonopoli BUMN atau dikartelisasi swasta.",Listrik dipegang swasta.,kaskus,2017-03-09 14:20:55,['listrik'],['listrik'],['listrik'],listrik,Listrik dipegang swasta.,"['listrik', 'dipegang', 'swasta']",['listrik'],['listrik'],{'listrik'},{'listrik'},['listrik'],[-3.122385632481678],pmi_fallback_top,listrik,0.0888141691684722,['listrik'],[0.08881416916847229],from_best_pmi,overlap,2367__4
512,2,"kendaraan gimana klau pake geothermal ? :bingungs minyak abis masih ada batubara ma gas saat ini :p Geothermal kalau di TOTAL POTENSInya mang gede, tapi klau di breakdown ke setiap lokasi ya cuma sedikit yang kapasitasnya sampai ratusan MW satu tapaknya :o paling banter cuma 1-10 MW/lokasi, dengan investasi dan biaya operasional yg lebih tinggi bukankah akan jadi lebih mahal ? :o","kalau di TOTAL POTENSInya mang gede,",kaskus,2013-04-01 09:46:06,['total'],"['total', 'potensi']","['total', 'potensi']",total; potensi,"kalau di TOTAL POTENSInya mang gede,","['kalau', 'di', 'total', 'potensinya', 'mang', 'gede']","['total', 'potensi']","['total', 'potensi']",{'total'},"{'total', 'potensi'}",['total'],[1.3215550089847643],pmi_threshold,total,0.408960610628128,['total'],[0.40896061062812805],from_best_pmi,overlap,512__2
411,1,"Yup, inget kan pas awal perang ukraine vs russia tokyo sempet blackout beberapa kali bwt saving electricity. Ini krn mereka mesti impor fuel bwt electricity dari ukraine, sama kaya beberapa negara eropa lainnya waktu itu","Ini krn mereka mesti impor fuel bwt electricity dari ukraine, sama kaya beberapa negara eropa lainnya waktu itu",reddit,2023,"['impor', 'fuel', 'negara', 'eropa']","['impor', 'fuel', 'electricity', 'ukraine', 'negara eropa', 'eropa', 'negara']","['impor', 'fuel', 'negara', 'eropa', 'electricity', 'ukraine', 'negara eropa']",impor; fuel; negara; eropa; electricity; ukraine; negara eropa,"Ini krn mereka mesti impor fuel bwt electricity dari ukraine, sama kaya beberapa negara eropa lainnya waktu itu","['ini', 'krn', 'mereka', 'mesti', 'impor', 'fuel', 'bwt', 'electricity', 'dari', 'ukraine', 'sama', 'kaya', 'beberapa', 'negara', 'eropa', 'lainnya', 'waktu', 'itu']","['impor', 'fuel', 'negara', 'eropa', 'electricity', 'ukraine', 'negara eropa']","['impor', 'fuel', 'negara', 'eropa', 'electricity', 'ukraine', 'negara eropa']","{'impor', 'fuel', 'eropa', 'negara'}","{'negara eropa', 'impor', 'electricity', 'eropa', 'fuel', 'ukraine', 'negara'}","['ukraine', 'electricity', 'fuel', 'eropa', 'impor']","[5.52621346904586, 2.5876140137100037, 1.5921014047023174, 1.1669868327355224, 0.7866739312158277]",pmi_threshold,fuel,0.3025666773319244,"['fuel', 'impor', 'electricity']","[0.30256667733192444, 0.30251049995422363, 0.27467888593673706]",from_best_pmi,overlap,411__1
426,6,"Ok, gan. Coba berbagi wawasan aja ya, semoga tdk menimbulkan multitafsir kedepannya. 1. Listrik Kedongdong Faktanya, bisa coba agan baca di liputan: https://m.tempo.co/read/news/2017/05/22/095877531/heboh-listrik-kedondong-di-aceh-timur-ternyata-begini-faktanya sorry, ane kagak tahu cara bikin link di komentar. hehehe. Patut kita apresiasi si bocah itu dg usianya yg masih kecil, tp sekali lagi Pertamina terlalu keburu sewa media dan mem-blow-up akhirnya cepat padam juga. Cobak agan simak video yg disebar, sebenarnya tak sesuai dg yg di lapangan. Kita sewaktu SMP juga pasti pernah praktikum listrik dr larutan elektrolit bukan? 2. Kalau PLTU Biomassa berbahan kayu, ini sudah jelas proven dan sangat feasible. Sudah puluhan PLTU Biomassa berbahan kayu yg beroperasi di Indonesia. Biasanya campuran nantinya, terus dijadikan pelet kayu atau sosis kayu. Abah DI mulai tahun 2015 sebenarnya mau fokus di sini, sudah menanam pohon Kaliandra di banyak daerah gan utk bikin PLTBm selanjutnya, tp gegara kenak kasus (mungkin kriminalisasi), akhirnya ke stop sejak awal 2016 kagak ada kabarnya. Ane pernah tinjau langsung ke tempat pembuatan pelet kayu berbahan baku utama pohon kaliandra ini yg juga msh berhubungan dg Abah DI sbg pelopornya. Kira-kira begitu, gan.","Cobak agan simak video yg disebar, sebenarnya tak sesuai dg yg di lapangan.",kaskus,2017-08-29 01:23:11,"['video', 'lapangan']","['video', 'lapangan']","['video', 'lapangan']",video; lapangan,"Cobak agan simak video yg disebar, sebenarnya tak sesuai dg yg di lapangan.","['cobak', 'agan', 'simak', 'video', 'yg', 'disebar', 'sebenarnya', 'tak', 'sesuai', 'dg', 'yg', 'di', 'lapangan']","['video', 'lapangan']","['video', 'lapangan']","{'lapangan', 'video'}","{'lapangan', 'video'}","['video', 'lapangan']","[4.251942647316094, 1.3507208017942673]",pmi_threshold,video,0.3951717317104339,"['video', 'lapangan']","[0.39517173171043396, 0.19126126170158386]",from_best_pmi,overlap,426__6
1850,0,kalau udah diteliti lebih lanjut dan ngga berbahaya kenapa ngga gan. :),kalau udah diteliti lebih lanjut dan ngga berbahaya kenapa ngga gan.,kaskus,2012-10-16 00:06:08,[],[],[],,kalau udah diteliti lebih lanjut dan ngga berbahaya kenapa ngga gan.,"['kalau', 'udah', 'diteliti', 'lebih', 'lanjut', 'dan', 'ngga', 'berbahaya', 'kenapa', 'ngga', 'gan']",[],[],set(),set(),[],[],no_candidates,,,[],[],no_candidates,none,1850__0
925,1,"Pembangkit listrik alternatif seperti panel surya, kincir angin itu outputnya dikit bgt Yg banyak ya nuklir atau gak panas bumi Tapi masalahnya apakah masyarakat percaya pemerintah dg pln sbg bumn bisa membuat & mengelolanya",Tapi masalahnya apakah masyarakat percaya pemerintah dg pln sbg bumn bisa membuat mengelolanya,kaskus,2017-12-23 15:22:08,"['pemerintah', 'masyarakat', 'bumn', 'pln']","['masyarakat', 'pemerintah', 'pln', 'bumn']","['pemerintah', 'masyarakat', 'bumn', 'pln']",pemerintah; masyarakat; bumn; pln,Tapi masalahnya apakah masyarakat percaya pemerintah dg pln sbg bumn bisa membuat mengelolanya,"['tapi', 'masalahnya', 'apakah', 'masyarakat', 'percaya', 'pemerintah', 'dg', 'pln', 'sbg', 'bumn', 'bisa', 'membuat', 'mengelolanya']","['pemerintah', 'masyarakat', 'bumn', 'pln']","['pemerintah', 'masyarakat', 'bumn', 'pln']","{'pemerintah', 'pln', 'masyarakat', 'bumn'}","{'pemerintah', 'bumn', 'masyarakat', 'pln'}",['bumn'],[1.5107400602634171],pmi_threshold,bumn,0.0955581068992614,['bumn'],[0.09555810689926147],from_best_pmi,overlap,925__1
2238,10,"Definisi monopoli yang dipakai apa? Tidak ada larangan atau peraturan di Manila yang mencegah Pak Peyotpetot untuk mendirikan perusahaan listrik baru di Manila. Tidak ada kontrak eksklusif antara Meralco dan Manila. Berarti secara hukum tidak ada monopoli. Tapi dari sisi konsumen Manila, pilihan cuma ada Meralco atau genset. Makanya saya bilang ujung-ujungnya kartelisasi. Swastanisasi bukan selalu jawaban yang benar. Itu yang di Jakarta seperti anda bilang sendiri hasilnya sama saja. Mending diambil balik aja ditangani PDAM. BUMN/BUMD cenderung tidak efisien? Ini masalahnya bukan di kepemilikan badan usahanya, tapi di pelakunya dan kriteria penilaiannya. Pertama, kita bisa melihat sendiri banyak contoh di luar negeri di mana setelah suatu BUMN/BUMD diprivatisasi, kualitas layanan malah anjlok. British Railway, misalnya. Coba kalau ada waktu ditelusuri ceritanya. Kedua, kebalikannya juga ada. Perusahaan kereta api Jepang, misalnya, unik karena sebenarnya adalah konsorsium dari perusahaan swasta dan pemerintah, tapi yang milik pemerintah pun ternyata yahud pelayanannya. Terakhir, efisien atau tidak itu kriterianya apa dulu? Sebab kalau swasta itu kriterianya ada ROI. Ini oke kalau bisnisnya adalah garmen atau motor, tapi listrik bisa dilihat sebagai layanan masyarakat. Kalau kita menilai suatu layanan masyarakat dengan kriteria swasta alias laba, maka akan terjadi beberapa langkah efisiensi yang tidak melayani masyarakat. Kalau di British Railway, layanan ke daerah yang bukan kota besar dikurangi atau malah dihapus, karena memang duitnya di kota besar, bukan di daerah pelosok. Kalau kita terapkan di Jakarta, maka lebih efisien jika layanan listrik difokuskan ke ddaerah-daerah orang kaya, sebab duitnya di sana. Kalau pemukiman kumuh, ROI-nya jelek. Kalau diterapkan secara nasional, Jawa enak, sebab duitnya di sana. Tapi Maluku dan Nusa Tenggara yang pusing, sebab pulaunya banyak penduduknya sedikit. Ini dibikinkan BUMD pun tidak akan banyak membantu, sebab BUMD listrik yang di Jawa dengan yang di Ternate bakal jomplang. Yang di Jawa enak, bahkan yang di desa pun ada listrik. Yang di Ternate bakal cuma kotanya yang dapat listrik, sementara yang di desa silahkan pakai genset. Jaringan telepon yang menggunakan kabel sampai sekarang masih menjadi monopoli praktis Telkom, Pak. Apanya yang bubar? Yang terjadi itu adalah munculnya teknologi baru yakni telepon genggam yang bisa menikung bisnis telepon kabel tradisional. Nah kalau anda mau bilang bahwa listrik juga bisa begitu, mana teknologinya dulu? Mau bikin Tesla Tower? Monggo dicoba. Kalau memang teknologinya sudah siap dikomersialisasikan, kenapa di Amerika, Jerman, Tiongkok, Jepang, dll. semuanya masih pakai kabel? Natural monopoly kok dibilang akal-akalan pemerintah. Itu konsep ekonomi. Berlaku secara universal ketika ""barrier of entry"" tinggi. Bisa dicari ulasannya di buku-buku ekonomi. Anda coba cari bagaimana kerjanya sistem listrik di Amerika Serikat deh. Cuma perhatikan pembedaan antara siapa yang memegang jaringan listrik dan siapa yang memegang pembangkit listrik. Lalu cari juga contoh negara lain di mana satu daerah ada dua jaringan listrik dan konsumen bisa gonta-ganti kabel kayak pindah dari MNC ke Firstmedia. Saya bicara itu berdasarkan realita. Faktanya itu jaringan listrik jauh lebih kompleks dan mahal daripada jaringan kabel. Jadi kalau anda tanya, sama-sama pakai tiang dan kabel kenapa TV kabel bisa tapi listrik gak bisa, saya enggan menjawab (tapi ya itu, listrik kalau ada korslet orang bisa mampus, TV kabel korslet palingan cuma gak bisa nonton TV), tapi faktanya di dunia itu begitu. Jadi kalau anda yakin bahwa satu-satunya hal yang mencegah adanya kompetisi di jaringan kabel listrik itu peraturan pemerintah, tunjukkan buktinya. Di negara mana yang ada lebih dari satu jaringan listrik yang bisa dipilih konsumen. Tebakan saya, Pak Peyotpetot salah paham mengira bahwa bisnis listrik antara distribusi (alias jaringan kabel) dan pembangkitan/generasi (alias pembangkit listrik) adalah sama. Itu beda, Pak. Di Singapura misalnya ada beberapa penyedia listrik dan anda bisa pilih-pilih, tapi yang punya kabel listrik cuma satu, Singapore Power yang adalah BUMN Singapura. Makanya dari awal saya berulang-ulang bilang jaringan kabel listrik itu monopoli alami. Kalau Pak Peyotpetot masih tidak percaya ya silahkan dicarikan contoh negara mana.","Ini masalahnya bukan di kepemilikan badan usahanya, tapi di pelakunya dan kriteria penilaiannya.",kaskus,2017-03-10 07:56:26,"['kriteria', 'kepemilikan', 'badan']","['kepemilikan badan', 'badan usaha', 'usaha', 'pelaku', 'kriteria penilaian', 'penilaian']","['kriteria', 'kepemilikan', 'badan', 'kepemilikan badan', 'badan usaha', 'usaha', 'pelaku', 'kriteria penilaian', 'penilaian']",kriteria; kepemilikan; badan; kepemilikan badan; badan usaha; usaha; pelaku; kriteria penilaian; penilaian,"Ini masalahnya bukan di kepemilikan badan usahanya, tapi di pelakunya dan kriteria penilaiannya.","['ini', 'masalahnya', 'bukan', 'di', 'kepemilikan', 'badan', 'usahanya', 'tapi', 'di', 'pelakunya', 'dan', 'kriteria', 'penilaiannya']","['kriteria', 'kepemilikan', 'badan', 'kepemilikan badan', 'badan usaha', 'usaha', 'pelaku', 'kriteria penilaian', 'penilaian']","['kriteria', 'kepemilikan', 'badan', 'kepemilikan badan', 'badan usaha', 'usaha', 'pelaku', 'kriteria penilaian', 'penilaian']","{'badan', 'kriteria', 'kepemilikan'}","{'penilaian', 'usaha', 'badan usaha', 'kepemilikan badan', 'kriteria penilaian', 'pelaku'}","['penilaian', 'kriteria penilaian', 'kriteria', 'kepemilikan', 'kepemilikan badan', 'badan', 'pelaku', 'badan usaha']","[6.4649363706502925, 5.358439508983193, 4.251942647316094, 4.251942647316094, 3.918230316859529, 3.584517986402965, 2.072618947871532, 1.3158009210836796]",pmi_threshold,kriteria penilaian,0.2876226603984833,"['kriteria penilaian', 'kriteria', 'kepemilikan badan']","[0.2876226603984833, 0.2837543785572052, 0.18288564682006836]",from_best_pmi,rb_only,2238__10
2238,18,"Definisi monopoli yang dipakai apa? Tidak ada larangan atau peraturan di Manila yang mencegah Pak Peyotpetot untuk mendirikan perusahaan listrik baru di Manila. Tidak ada kontrak eksklusif antara Meralco dan Manila. Berarti secara hukum tidak ada monopoli. Tapi dari sisi konsumen Manila, pilihan cuma ada Meralco atau genset. Makanya saya bilang ujung-ujungnya kartelisasi. Swastanisasi bukan selalu jawaban yang benar. Itu yang di Jakarta seperti anda bilang sendiri hasilnya sama saja. Mending diambil balik aja ditangani PDAM. BUMN/BUMD cenderung tidak efisien? Ini masalahnya bukan di kepemilikan badan usahanya, tapi di pelakunya dan kriteria penilaiannya. Pertama, kita bisa melihat sendiri banyak contoh di luar negeri di mana setelah suatu BUMN/BUMD diprivatisasi, kualitas layanan malah anjlok. British Railway, misalnya. Coba kalau ada waktu ditelusuri ceritanya. Kedua, kebalikannya juga ada. Perusahaan kereta api Jepang, misalnya, unik karena sebenarnya adalah konsorsium dari perusahaan swasta dan pemerintah, tapi yang milik pemerintah pun ternyata yahud pelayanannya. Terakhir, efisien atau tidak itu kriterianya apa dulu? Sebab kalau swasta itu kriterianya ada ROI. Ini oke kalau bisnisnya adalah garmen atau motor, tapi listrik bisa dilihat sebagai layanan masyarakat. Kalau kita menilai suatu layanan masyarakat dengan kriteria swasta alias laba, maka akan terjadi beberapa langkah efisiensi yang tidak melayani masyarakat. Kalau di British Railway, layanan ke daerah yang bukan kota besar dikurangi atau malah dihapus, karena memang duitnya di kota besar, bukan di daerah pelosok. Kalau kita terapkan di Jakarta, maka lebih efisien jika layanan listrik difokuskan ke ddaerah-daerah orang kaya, sebab duitnya di sana. Kalau pemukiman kumuh, ROI-nya jelek. Kalau diterapkan secara nasional, Jawa enak, sebab duitnya di sana. Tapi Maluku dan Nusa Tenggara yang pusing, sebab pulaunya banyak penduduknya sedikit. Ini dibikinkan BUMD pun tidak akan banyak membantu, sebab BUMD listrik yang di Jawa dengan yang di Ternate bakal jomplang. Yang di Jawa enak, bahkan yang di desa pun ada listrik. Yang di Ternate bakal cuma kotanya yang dapat listrik, sementara yang di desa silahkan pakai genset. Jaringan telepon yang menggunakan kabel sampai sekarang masih menjadi monopoli praktis Telkom, Pak. Apanya yang bubar? Yang terjadi itu adalah munculnya teknologi baru yakni telepon genggam yang bisa menikung bisnis telepon kabel tradisional. Nah kalau anda mau bilang bahwa listrik juga bisa begitu, mana teknologinya dulu? Mau bikin Tesla Tower? Monggo dicoba. Kalau memang teknologinya sudah siap dikomersialisasikan, kenapa di Amerika, Jerman, Tiongkok, Jepang, dll. semuanya masih pakai kabel? Natural monopoly kok dibilang akal-akalan pemerintah. Itu konsep ekonomi. Berlaku secara universal ketika ""barrier of entry"" tinggi. Bisa dicari ulasannya di buku-buku ekonomi. Anda coba cari bagaimana kerjanya sistem listrik di Amerika Serikat deh. Cuma perhatikan pembedaan antara siapa yang memegang jaringan listrik dan siapa yang memegang pembangkit listrik. Lalu cari juga contoh negara lain di mana satu daerah ada dua jaringan listrik dan konsumen bisa gonta-ganti kabel kayak pindah dari MNC ke Firstmedia. Saya bicara itu berdasarkan realita. Faktanya itu jaringan listrik jauh lebih kompleks dan mahal daripada jaringan kabel. Jadi kalau anda tanya, sama-sama pakai tiang dan kabel kenapa TV kabel bisa tapi listrik gak bisa, saya enggan menjawab (tapi ya itu, listrik kalau ada korslet orang bisa mampus, TV kabel korslet palingan cuma gak bisa nonton TV), tapi faktanya di dunia itu begitu. Jadi kalau anda yakin bahwa satu-satunya hal yang mencegah adanya kompetisi di jaringan kabel listrik itu peraturan pemerintah, tunjukkan buktinya. Di negara mana yang ada lebih dari satu jaringan listrik yang bisa dipilih konsumen. Tebakan saya, Pak Peyotpetot salah paham mengira bahwa bisnis listrik antara distribusi (alias jaringan kabel) dan pembangkitan/generasi (alias pembangkit listrik) adalah sama. Itu beda, Pak. Di Singapura misalnya ada beberapa penyedia listrik dan anda bisa pilih-pilih, tapi yang punya kabel listrik cuma satu, Singapore Power yang adalah BUMN Singapura. Makanya dari awal saya berulang-ulang bilang jaringan kabel listrik itu monopoli alami. Kalau Pak Peyotpetot masih tidak percaya ya silahkan dicarikan contoh negara mana.","Ini oke kalau bisnisnya adalah garmen atau motor, tapi listrik bisa dilihat sebagai layanan masyarakat.",kaskus,2017-03-10 07:56:26,"['listrik', 'masyarakat']","['bisnisnya', 'garmen', 'motor', 'listrik', 'layanan masyarakat', 'masyarakat', 'layanan']","['listrik', 'masyarakat', 'bisnisnya', 'garmen', 'motor', 'layanan masyarakat', 'layanan']",listrik; masyarakat; bisnisnya; garmen; motor; layanan masyarakat; layanan,"Ini oke kalau bisnisnya adalah garmen atau motor, tapi listrik bisa dilihat sebagai layanan masyarakat.","['ini', 'oke', 'kalau', 'bisnisnya', 'adalah', 'garmen', 'atau', 'motor', 'tapi', 'listrik', 'bisa', 'dilihat', 'sebagai', 'layanan', 'masyarakat']","['listrik', 'masyarakat', 'bisnisnya', 'garmen', 'motor', 'layanan masyarakat', 'layanan']","['listrik', 'masyarakat', 'bisnisnya', 'garmen', 'motor', 'layanan masyarakat', 'layanan']","{'listrik', 'masyarakat'}","{'motor', 'layanan masyarakat', 'masyarakat', 'listrik', 'layanan', 'bisnisnya', 'garmen'}","['garmen', 'bisnisnya', 'layanan', 'motor', 'layanan masyarakat']","[6.462598696897487, 5.529712892756025, 2.683625576209706, 2.5041778006488866, 1.333773282762626]",pmi_threshold,motor,0.3060913681983948,"['motor', 'layanan masyarakat', 'bisnisnya']","[0.3060913681983948, 0.302120566368103, 0.24483433365821838]",from_best_pmi,rb_only,2238__18
2317,0,Analisis yang sangat keren,Analisis yang sangat keren,kaskus,2017-03-09 20:29:06,['analisis'],['analisis'],['analisis'],analisis,Analisis yang sangat keren,"['analisis', 'yang', 'sangat', 'keren']",['analisis'],['analisis'],{'analisis'},{'analisis'},['analisis'],[4.262509308621931],pmi_threshold,analisis,0.7019467353820801,['analisis'],[0.7019467353820801],from_best_pmi,overlap,2317__0
2440,8,"noted gan, my bad. :D ya ga sepenuhnya ""mungkin"" gan, banyak juga yang tadinya dikuasai Pemerintah, setelah dilepas pake mekanisme pasar malah jadi lebih murah dan kompetitif (TV channel di Indonesia contohnya, atau industri telekomunikasi). Ini prinsip ekonomi dah ada dari dulu loh gan, bukan hasil ciptaan ane huehuehuehue .. ane ga ngarang sumfeh. Ya tapi, kalo memang kita jaga-jaga dengan mengambil studi banding dari Filipina, ya gpp. walopun kalo menurut ane, studi banding harus pro dan kon .. jgn cuma dilihat dari satu sumber. (mungkin ada negara lain yang menerapkan sistem mekanisme pasar dalam listrik dan berhasil .. mungkiin lho ane ga tau ...) mungkin lagi :hammer",jgn cuma dilihat dari satu sumber.,kaskus,2016-10-15 18:13:04,['sumber'],['sumber'],['sumber'],sumber,jgn cuma dilihat dari satu sumber.,"['jgn', 'cuma', 'dilihat', 'dari', 'satu', 'sumber']",['sumber'],['sumber'],{'sumber'},{'sumber'},['sumber'],[-0.7995876193712684],pmi_fallback_top,sumber,0.4684004187583923,['sumber'],[0.46840041875839233],from_best_pmi,overlap,2440__8
1807,3,"jadi lucu... sekarang yang dibawa2 soal limbahnya... dikira membangun PLTA itu gak lebih boros? nenggelamin rumah+sawah, bikin bendungan besar, infrastruktur yang sama besarnya, dikira gak mahal? kan gw ajak diskusi soal biaya PEMBANGKITAN... pada LUPA ya kalo listrik di negeri ini masih DISUBSIDI? sekarang kalo tetep pengen disubsidi, listrik yang dibangkitkan di pembangkit MANAKAH yang bisa memberi beban subsidi yang lebih KECIL? soal aman, cek aja lagi berapa fatalities di kejadian/insiden di PLTN itu, dan bagian mana yang bermasalah? orang2 takut limbah radioaktifnya, tapi cek lagi di setiap kecelakaan/insiden itu, yang mana yang menghancurkan? radioaktifnya atau kebakaran di bagian2 pabrik atau apa?","nenggelamin rumah sawah, bikin bendungan besar, infrastruktur yang sama besarnya, dikira gak mahal?",kaskus,2012-10-16 11:17:59,['rumah'],"['nenggelamin rumah', 'rumah sawah', 'sawah', 'bendungan', 'infrastruktur', 'nenggelamin']","['rumah', 'nenggelamin rumah', 'rumah sawah', 'sawah', 'bendungan', 'infrastruktur', 'nenggelamin']",rumah; nenggelamin rumah; rumah sawah; sawah; bendungan; infrastruktur; nenggelamin,"nenggelamin rumah sawah, bikin bendungan besar, infrastruktur yang sama besarnya, dikira gak mahal?","['nenggelamin', 'rumah', 'sawah', 'bikin', 'bendungan', 'besar', 'infrastruktur', 'yang', 'sama', 'besarnya', 'dikira', 'gak', 'mahal']","['rumah', 'nenggelamin rumah', 'rumah sawah', 'sawah', 'bendungan', 'infrastruktur', 'nenggelamin']","['rumah', 'nenggelamin rumah', 'rumah sawah', 'sawah', 'bendungan', 'infrastruktur', 'nenggelamin']",{'rumah'},"{'rumah sawah', 'sawah', 'bendungan', 'infrastruktur', 'nenggelamin rumah', 'nenggelamin'}","['nenggelamin', 'sawah', 'bendungan', 'nenggelamin rumah', 'rumah sawah', 'infrastruktur']","[6.4649363706502925, 5.532050566508829, 3.7746208697829076, 3.104076051536158, 2.6376331494654264, 1.8964619927177049]",pmi_threshold,infrastruktur,0.3704234957695007,"['infrastruktur', 'rumah sawah', 'nenggelamin rumah']","[0.37042349576950073, 0.2235572338104248, 0.10433460772037506]",from_best_pmi,rb_only,1807__3
