seg_key,comment_id,seg_id,source,date,seg_text,aspect_terms_rb_clean,aspect_terms_rb,aspect_terms_rb_raw,rb_lang_used,seg_text_processed,seg_text_clean,interj_removed,aspect_terms_unsup,top_aspect_terms_unsup,top_aspect_cos_unsup,terms_ranked,cos_ranked,fallback_mode,cluster_unsup
193__0,193,0,reddit,2022,melirik ke jerman Walaupun telat yg penting akan gerak,"['jerman', 'gerak']","['jerman', 'gerak']","['jerman', 'gerak']",id,Melirik ke jerman walaupun terlambat yang penting akan gerak,Melirik ke jerman walaupun terlambat yang penting akan gerak,[],['jerman'],['jerman'],[0.23248866200447083],['jerman'],[0.23248866200447083],cluster_intersection,1.0
2210__23,2210,23,kaskus,2017-03-10 09:53:23,Keberadaan natural monopoly cuma dipercayai oleh ekonom yang beraliran sosialisme.,"['keberadaan natural monopoly', 'monopoly', 'ekonom', 'sosialisme', 'keberadaan']","['Keberadaan natural monopoly', 'monopoly', 'ekonom', 'sosialisme', 'Keberadaan']","['Keberadaan natural monopoly', 'monopoly', 'ekonom', 'sosialisme', 'Keberadaan']",id,Keberadaan natural monopoly cuma dipercayai oleh ekonom yang beraliran sosialisme.,Keberadaan natural monopoly cuma dipercayai oleh ekonom yang beraliran sosialisme.,[],[],['natural'],[0.29745006561279297],['natural'],[0.29745006561279297],cluster_intersection,0.0
2184__5,2184,5,kaskus,2017-03-10 12:47:10,"Saya juga mendengar cerita dari orang yang mengelola limbah radioaktif di Hanford Site, dan dia mengatakan hal serupa: Bekerja di instalasi pengelolaan limbah radioaktif itu lebih aman daripada makan di","['cerita', 'limbah radioaktif', 'hanford', 'site', 'instalasi pengelolaan', 'pengelolaan limbah aman', 'limbah', 'instalasi']","['cerita', 'orang', 'limbah radioaktif', 'hanford', 'site', 'hal serupa', 'instalasi pengelolaan', 'pengelolaan limbah aman', 'limbah', 'hal', 'instalasi']","['cerita', 'orang', 'limbah radioaktif', 'hanford', 'site', 'hal serupa', 'instalasi pengelolaan', 'pengelolaan limbah aman', 'limbah', 'hal', 'instalasi']",id,"Saya juga mendengar cerita dari orang yang mengelola limbah radioaktif di hanford site, dan dia mengatakan hal serupa bekerja di instalasi pengelolaan limbah radioaktif itu lebih aman daripada makan di","Saya juga mendengar cerita dari orang yang mengelola limbah radioaktif di hanford site, dan dia mengatakan hal serupa bekerja di instalasi pengelolaan limbah radioaktif itu lebih aman daripada makan di",[],['limbah'],"['radioaktif', 'limbah', 'aman']","[0.42570051550865173, 0.22313366830348969, 0.03534500300884247]","['radioaktif', 'limbah', 'aman']","[0.42570051550865173, 0.22313366830348969, 0.03534500300884247]",cluster_intersection,0.0
2496__14,2496,14,kaskus,2016-10-15 07:38:11,hahaha :D,[],['di'],['di'],en,Hahaha di,di,['hahaha'],,,,,,,
1541__2,1541,2,kaskus,2012-12-23 09:37:28,"jadi kalo ada apa2, ya jakarta yg duluan :p jakarta jangan mau","['jakarta', 'duluan jakarta', 'duluan']","['jakarta', 'duluan jakarta', 'duluan']","['jakarta', 'duluan jakarta', 'duluan']",id,"Jadi kalau ada apa, ya jakarta yang duluan jakarta jangan mau","Jadi kalau ada apa, ya jakarta yang duluan jakarta jangan mau",[],['jakarta'],['jakarta'],[0.6580254435539246],['jakarta'],[0.6580254435539246],cluster_intersection,1.0
2204__49,2204,49,kaskus,2017-03-10 10:15:18,"jangan sampai suatu saat nanti indonesia baru mulai membangun pembangkit listrik tenaga nuklir, saat negara lain sudah meninggalkannya.","['indonesia', 'pembangkit listrik', 'listrik tenaga', 'tenaga nuklir', 'nuklir', 'negara', 'pembangkit']","['saat', 'indonesia', 'pembangkit listrik', 'listrik tenaga', 'tenaga nuklir', 'nuklir', 'negara lain', 'pembangkit', 'negara']","['saat', 'indonesia', 'pembangkit listrik', 'listrik tenaga', 'tenaga nuklir', 'nuklir', 'negara lain', 'pembangkit', 'negara']",id,"Jangan sampai suatu saat nanti indonesia baru mulai membangun pembangkit listrik tenaga nuklir, saat negara lain sudah meninggalkannya.","Jangan sampai suatu saat nanti indonesia baru mulai membangun pembangkit listrik tenaga nuklir, saat negara lain sudah meninggalkannya.",[],"['indonesia', 'nuklir', 'negara', 'tenaga', 'listrik', 'pembangkit']","['indonesia', 'nuklir', 'negara', 'tenaga', 'listrik', 'membangun', 'pembangkit']","[0.40909653902053833, 0.3623775243759155, 0.1960240602493286, 0.191169872879982, 0.1726321578025818, 0.16410109400749207, 0.11892041563987732]","['indonesia', 'nuklir', 'negara', 'tenaga', 'listrik', 'membangun', 'pembangkit']","[0.40909653902053833, 0.3623775243759155, 0.1960240602493286, 0.191169872879982, 0.1726321578025818, 0.16410109400749207, 0.11892041563987732]",cluster_intersection,0.0
992__1,992,1,kaskus,2017-09-23 21:32:37,"cuma untuk skala desa saat ini sudah lebih dari cukup, kyk di india ato bangladesh yang blm terjangkau listrik","['skala desa', 'desa', 'india', 'bangladesh', 'listrik']","['skala desa saat', 'desa', 'saat', 'kayak', 'india', 'bangladesh', 'listrik']","['skala desa saat', 'desa', 'saat', 'kayak', 'india', 'bangladesh', 'listrik']",id,"Cuma untuk skala desa saat ini sudah lebih dari cukup, kayak di india atau bangladesh yang blm terjangkau listrik","Cuma untuk skala desa saat ini sudah lebih dari cukup, kayak di india atau bangladesh yang blm terjangkau listrik",[],"['listrik', 'skala']","['listrik', 'skala']","[0.3087177276611328, 0.18591484427452087]","['listrik', 'skala']","[0.3087177276611328, 0.18591484427452087]",cluster_intersection,0.0
2044__8,2044,8,kaskus,2017-06-24 02:46:55,Tapi ini proses belajarnya boleh dibilang sudah komplit.,"['proses belajar', 'belajar', 'proses']","['proses belajar', 'belajar', 'proses']","['proses belajar', 'belajar', 'proses']",id,Tapi ini proses belajarnya boleh dibilang sudah komplit.,Tapi ini proses belajarnya boleh dibilang sudah komplit.,[],[],['dibilang'],[0.30261093378067017],['dibilang'],[0.30261093378067017],cluster_intersection,1.0
2290__0,2290,0,kaskus,2017-03-09 21:48:18,Bener Dari segi modal dan sdm indonesia udah sangat mampu,"['segi modal', 'modal', 'sdm', 'indonesia', 'segi']","['segi modal', 'modal', 'sdm', 'indonesia', 'segi']","['segi modal', 'modal', 'sdm', 'indonesia', 'segi']",id,Benar dari segi modal dan sdm indonesia sudah sangat mampu,Benar dari segi modal dan sdm indonesia sudah sangat mampu,[],"['indonesia', 'sdm']","['indonesia', 'sdm']","[0.7215995788574219, 0.239191472530365]","['indonesia', 'sdm']","[0.7215995788574219, 0.239191472530365]",cluster_intersection,0.0
2204__26,2204,26,kaskus,2017-03-10 10:15:18,% energi solarcell saat ini sudah mencapai <NUM> - <NUM> % energi panas bumi dan angin ??,"['energi', 'solarcell', 'energi panas bumi', 'bumi', 'angin']","['Energi', 'solarcell', 'saat', 'energi panas bumi', 'bumi', 'angin']","['Energi', 'solarcell', 'saat', 'energi panas bumi', 'bumi', 'angin']",id,Energi solarcell saat ini sudah mencapai 19-20 energi panas bumi dan angin,Energi solarcell saat ini sudah mencapai 19-20 energi panas bumi dan angin,[],"['energi', 'panas_bumi', 'angin']","['energi', 'panas_bumi', 'angin']","[0.5382790565490723, 0.38794976472854614, 0.21429437398910522]","['energi', 'panas_bumi', 'angin']","[0.5382790565490723, 0.38794976472854614, 0.21429437398910522]",cluster_intersection,0.0
2204__38,2204,38,kaskus,2017-03-10 10:15:18,"namun kabar buruknya saat satu bagian kecil saja dari system besar itu terjadi masalah, maka seluruh pengguna listrik akan merasakan akibatnya.","['kabar buruk', 'system', 'pengguna listrik', 'listrik', 'akibat', 'kabar', 'pengguna']","['kabar buruk', 'bagian kecil', 'system besar', 'masalah', 'pengguna listrik', 'listrik', 'akibat', 'kabar', 'pengguna']","['kabar buruk', 'bagian kecil', 'system besar', 'masalah', 'pengguna listrik', 'listrik', 'akibat', 'kabar', 'pengguna']",id,"Namun kabar buruknya saat satu bagian kecil saja dari system besar itu terjadi masalah, maka seluruh pengguna listrik akan merasakan akibatnya.","Namun kabar buruknya saat satu bagian kecil saja dari system besar itu terjadi masalah, maka seluruh pengguna listrik akan merasakan akibatnya.",[],['listrik'],['listrik'],[0.37334251403808594],['listrik'],[0.37334251403808594],cluster_intersection,0.0
2346__0,2346,0,kaskus,2017-03-09 19:40:21,kalo bangun turbin airnya di bawah laut yang dialiri arus panas/dingin bisa ngga?,"['turbin air', 'air', 'laut', 'arus panas dingin', 'turbin', 'arus']","['turbin air', 'air', 'bawah laut', 'laut', 'arus panas dingin', 'turbin', 'arus']","['turbin air', 'air', 'bawah laut', 'laut', 'arus panas dingin', 'turbin', 'arus']",id,Kalau bangun turbin airnya di bawah laut yang dialiri arus panas dingin bisa tidak?,Kalau bangun turbin airnya di bawah laut yang dialiri arus panas dingin bisa tidak?,[],"['turbin', 'laut']","['panas', 'turbin', 'laut', 'bangun']","[0.3552637994289398, 0.2256571650505066, 0.21729134023189545, 0.146056666970253]","['panas', 'turbin', 'laut', 'bangun']","[0.3552637994289398, 0.2256571650505066, 0.21729134023189545, 0.146056666970253]",cluster_intersection,0.0
2371__1,2371,1,kaskus,2017-03-09 12:34:38,"Kasih saja izin ke pemda untuk bikin perusahaan listrik di daerahnya masing-masing, terus kasih izin perusahaan-perusahaan itu supaya bisa pasang kabel di daerah lain.","['kasih', 'izin', 'pemda', 'perusahaan listrik', 'listrik', 'daerah', 'kasih izin', 'izin perusahaan-perusahaan', 'perusahaan-perusahaan', 'kabel', 'perusahaan']","['Kasih', 'izin', 'pemda', 'perusahaan listrik', 'listrik', 'daerah', 'kasih izin', 'izin perusahaan-perusahaan', 'perusahaan-perusahaan', 'kabel', 'daerah lain', 'perusahaan']","['Kasih', 'izin', 'pemda', 'perusahaan listrik', 'listrik', 'daerah', 'kasih izin', 'izin perusahaan-perusahaan', 'perusahaan-perusahaan', 'kabel', 'daerah lain', 'perusahaan']",id,"Kasih saja izin ke pemda untuk membuat perusahaan listrik di daerahnya masing-masing, terus kasih izin perusahaan-perusahaan itu supaya bisa pasang kabel di daerah lain.","Kasih saja izin ke pemda untuk membuat perusahaan listrik di daerahnya masing-masing, terus kasih izin perusahaan-perusahaan itu supaya bisa pasang kabel di daerah lain.",[],"['kabel', 'listrik', 'perusahaan', 'daerah']","['kabel', 'listrik', 'perusahaan', 'daerah']","[0.30822062492370605, 0.24689537286758423, 0.1854727566242218, 0.15516893565654755]","['kabel', 'listrik', 'perusahaan', 'daerah']","[0.30822062492370605, 0.24689537286758423, 0.1854727566242218, 0.15516893565654755]",cluster_intersection,0.0
1721__24,1721,24,kaskus,2012-10-17 23:57:49,ad aperang...pada tau lah biar ada <NUM> orang dan <NUM> nya pinter,"['bodoh', 'kecelakaan nuklir', 'nuklir']","['orang bodoh', 'kecelakaan nuklir', 'nuklir', 'orang']","['orang bodoh', 'kecelakaan nuklir', 'nuklir', 'orang']",id,Cuma butuh 1 orang bodoh buat kecelakaan nuklir dan semuanya,Cuma butuh 1 orang bodoh buat kecelakaan nuklir dan semuanya,[],['aperang'],"['aperang', 'pinter']","[0.8318864703178406, 0.7253941297531128]","['aperang', 'pinter']","[0.8318864703178406, 0.7253941297531128]",sentence_tokens,1.0
1671__6,1671,6,kaskus,2012-10-24 11:50:22,"Di negara maju, kebersihan sangat dijaga, Bahkan kamar mandi di PLTN lebih bersih daripada di rumah sakit.","['negara', 'kebersihan', 'kamar mandi', 'mandi', 'pltn', 'rumah sakit', 'kamar', 'rumah']","['negara', 'kebersihan', 'kamar mandi', 'mandi', 'pltn', 'rumah sakit', 'kamar', 'rumah']","['negara', 'kebersihan', 'kamar mandi', 'mandi', 'pltn', 'rumah sakit', 'kamar', 'rumah']",id,"Di negara maju, kebersihan sangat dijaga, bahkan kamar mandi di pltn lebih bersih daripada di rumah sakit.","Di negara maju, kebersihan sangat dijaga, bahkan kamar mandi di pltn lebih bersih daripada di rumah sakit.",[],"['negara', 'rumah', 'pltn']","['bersih', 'negara', 'rumah', 'maju', 'pltn']","[0.36843353509902954, 0.20318305492401123, 0.10870541632175446, -0.010607268661260605, -0.019541246816515923]","['bersih', 'negara', 'rumah', 'maju', 'pltn']","[0.36843353509902954, 0.20318305492401123, 0.10870541632175446, -0.010607268661260605, -0.019541246816515923]",cluster_intersection,0.0
1781__1,1781,1,kaskus,2012-10-16 14:13:30,Bikinnya di tempat yang kagak beresiko ada kejadian buruk.,"['kejadian buruk', 'kejadian']","['tempat', 'kejadian buruk', 'kejadian']","['tempat', 'kejadian buruk', 'kejadian']",id,Bikinnya di tempat yang tidak beresiko ada kejadian buruk.,Bikinnya di tempat yang tidak beresiko ada kejadian buruk.,[],['kejadian'],"['buruk', 'kejadian']","[0.3924074172973633, 0.173760786652565]","['buruk', 'kejadian']","[0.3924074172973633, 0.173760786652565]",cluster_intersection,1.0
935__5,935,5,kaskus,2017-09-25 22:48:13,memang kendaraan listrik di indonesia tidak bisa terlalu cepat di implementasikan selama infrastrukture di kita juga masih minim.,"['kendaraan listrik', 'listrik', 'indonesia', 'infrastrukture', 'kendaraan']","['kendaraan listrik', 'listrik', 'indonesia', 'infrastrukture', 'kendaraan']","['kendaraan listrik', 'listrik', 'indonesia', 'infrastrukture', 'kendaraan']",id,Memang kendaraan listrik di indonesia tidak bisa terlalu cepat di implementasikan selama infrastrukture di kita juga masih minim.,Memang kendaraan listrik di indonesia tidak bisa terlalu cepat di implementasikan selama infrastrukture di kita juga masih minim.,[],['indonesia'],"['indonesia', 'cepat']","[0.29811492562294006, 0.01879725232720375]","['indonesia', 'cepat']","[0.29811492562294006, 0.01879725232720375]",cluster_intersection,0.0
2085__5,2085,5,kaskus,2017-03-16 00:10:56,"tp gimana konsumer bisa mendapat harga semurah2nya dengan kualitas sebaik2nya sekarang states di amerika ada <NUM> , ditambah model negara lain ada ratusan","['konsumer', 'harga semurah2', 'semurah2', 'kualitas sebaik2', 'states', 'amerika', 'model negara', 'negara', 'harga', 'model']","['konsumer', 'harga semurah2', 'semurah2', 'kualitas sebaik2', 'sekarang states', 'states', 'amerika', 'model negara', 'negara lain', 'harga', 'model']","['konsumer', 'harga semurah2', 'semurah2', 'kualitas sebaik2', 'sekarang states', 'states', 'amerika', 'model negara', 'negara lain', 'harga', 'model']",id,"Tapi bagaimana konsumer bisa mendapat harga semurah2nya dengan kualitas sebaik2nya sekarang states di amerika ada 50, ditambah model negara lain ada ratusan","Tapi bagaimana konsumer bisa mendapat harga semurah2nya dengan kualitas sebaik2nya sekarang states di amerika ada 50, ditambah model negara lain ada ratusan",[],"['amerika', 'harga', 'negara']","['amerika', 'harga', 'negara']","[0.2763131856918335, 0.1843336820602417, 0.1756962239742279]","['amerika', 'harga', 'negara']","[0.2763131856918335, 0.1843336820602417, 0.1756962239742279]",cluster_intersection,0.0
1633__0,1633,0,kaskus,2012-10-27 08:24:15,"setuju,asal lokasinya aman dari gempa","['lokasi', 'gempa']","['asal lokasi', 'lokasi', 'gempa', 'asal']","['asal lokasi', 'lokasi', 'gempa', 'asal']",id,"Setuju,asal lokasinya aman dari gempa","Setuju,asal lokasinya aman dari gempa",[],['gempa'],"['gempa', 'aman', 'setuju']","[0.3794795572757721, 0.29398393630981445, 0.2178625762462616]","['gempa', 'aman', 'setuju']","[0.3794795572757721, 0.29398393630981445, 0.2178625762462616]",cluster_intersection,1.0
384__0,384,0,reddit,2023,"ya semua gara2 sutikonto, org budget mrt dia malah bikin busway.","['sutikonto', 'budget', 'budget mrt', 'mrt', 'busway']","['gara sutikonto', 'sutikonto', 'orang budget', 'budget mrt', 'mrt', 'busway', 'gara', 'orang']","['gara sutikonto', 'sutikonto', 'orang budget', 'budget mrt', 'mrt', 'busway', 'gara', 'orang']",id,"Ya semua gara sutikonto, orang budget mrt dia malah membuat busway.","Ya semua gara sutikonto, orang budget mrt dia malah membuat busway.",[],"['budget', 'busway', 'sutikonto', 'mrt']","['budget', 'busway', 'sutikonto', 'mrt']","[0.5579638481140137, 0.5523681640625, 0.13625875115394592, 0.10317548364400864]","['budget', 'busway', 'sutikonto', 'mrt']","[0.5579638481140137, 0.5523681640625, 0.13625875115394592, 0.10317548364400864]",sentence_tokens,0.0
1729__1,1729,1,kaskus,2012-10-17 17:03:07,jepang oleh pemerintah jepang setelah keluar vidio dari blog orang jepang tentang dampak radiasi di pesisir timur jepang.,"['jepang', 'pemerintah', 'vidio', 'blog', 'dampak radiasi', 'radiasi', 'pesisir timur', 'timur']","['Jepang', 'pemerintah', 'vidio', 'blog orang', 'orang', 'dampak radiasi', 'radiasi', 'pesisir timur', 'timur']","['Jepang', 'pemerintah', 'vidio', 'blog orang', 'orang', 'dampak radiasi', 'radiasi', 'pesisir timur', 'timur']",id,Jepang oleh pemerintah jepang setelah keluar vidio dari blog orang jepang tentang dampak radiasi di pesisir timur jepang.,Jepang oleh pemerintah jepang setelah keluar vidio dari blog orang jepang tentang dampak radiasi di pesisir timur jepang.,[],"['jepang', 'radiasi', 'pemerintah', 'dampak']","['jepang', 'radiasi', 'pemerintah', 'dampak']","[0.3638165593147278, 0.22105875611305237, 0.0878799557685852, 0.034170717000961304]","['jepang', 'radiasi', 'pemerintah', 'dampak']","[0.3638165593147278, 0.22105875611305237, 0.0878799557685852, 0.034170717000961304]",cluster_intersection,0.0
1962__1,1962,1,kaskus,2012-10-12 20:34:58,Bosan gue dgn yg ginian Bangsa kita harus majuuu men !!!,"['ginian', 'bangsa', 'men']","['ginian', 'bangsa', 'men']","['ginian', 'bangsa', 'men']",id,Bosan aku dengan yang ginian bangsa kita harus majuuu men,Bosan aku dengan yang ginian bangsa kita harus majuuu men,[],['bangsa'],['bangsa'],[0.40661829710006714],['bangsa'],[0.40661829710006714],cluster_intersection,1.0
401__0,401,0,reddit,2023,"Or even better, Nuclear Battery macam Fallout","['even', 'nuklir baterai fallout', 'baterai', 'fallout']","['even baik', 'nuklir baterai fallout', 'baterai', 'macam', 'macam fallout']","['even baik', 'nuklir baterai fallout', 'baterai', 'macam', 'macam fallout']",id,"Atau even lebih baik, nuklir baterai macam fallout","Atau even lebih baik, nuklir baterai macam fallout",[],"['nuklir', 'baterai']","['nuklir', 'baterai']","[0.6558220386505127, 0.5547353625297546]","['nuklir', 'baterai']","[0.6558220386505127, 0.5547353625297546]",cluster_intersection,0.0
2238__37,2238,37,kaskus,2017-03-10 07:56:26,Natural monopoly kok dibilang akal-akalan pemerintah.,"['natural', 'akal-akalan pemerintah', 'pemerintah', 'akal-akalan']","['Natural', 'akal-akalan pemerintah', 'pemerintah', 'akal-akalan']","['Natural', 'akal-akalan pemerintah', 'pemerintah', 'akal-akalan']",id,Natural monopoly kok dibilang akal-akalan pemerintah.,Natural monopoly kok dibilang akal-akalan pemerintah.,[],"['natural', 'pemerintah']","['natural', 'pemerintah']","[0.44274431467056274, 0.42684468626976013]","['natural', 'pemerintah']","[0.44274431467056274, 0.42684468626976013]",cluster_intersection,0.0
2002__0,2002,0,kaskus,2025-01-10 20:24:04,Hilirisasi itu beneran ada ?,['hilirisasi'],['Hilirisasi'],['Hilirisasi'],id,Hilirisasi itu yakin ada,Hilirisasi itu yakin ada,[],['hilirisasi'],['hilirisasi'],[0.9999998807907104],['hilirisasi'],[0.9999998807907104],sentence_tokens,1.0
1082__4,1082,4,kaskus,2016-01-23 23:49:54,"Fyi, di desa2 di daerah gw masih banyak yg blom dapat listrik.","['desa', 'daerah', 'listrik']","['Asal', 'desa', 'daerah', 'listrik']","['Asal', 'desa', 'daerah', 'listrik']",id,"Asal tahu saja, di desa di daerah saya masih banyak yang belum dapat listrik.","Asal tahu saja, di desa di daerah saya masih banyak yang belum dapat listrik.",[],"['listrik', 'daerah']","['listrik', 'daerah']","[0.5839335918426514, 0.5244899988174438]","['listrik', 'daerah']","[0.5839335918426514, 0.5244899988174438]",cluster_intersection,0.0
353__0,353,0,reddit,2023,Asap PLTU nggak dhitung?,"['secepat pltu', 'pltu', 'secepat']","['Secepat pltu', 'pltu', 'Secepat']","['Secepat pltu', 'pltu', 'Secepat']",id,Secepatnya pltu tidak dhitung?,Secepatnya pltu tidak dhitung?,[],['pltu'],['pltu'],[0.36346086859703064],['pltu'],[0.36346086859703064],cluster_intersection,1.0
2068__3,2068,3,kaskus,2017-03-26 20:28:23,Pranala itu hanya menyebutkan harga listrik jatuh karena B I total oversupply /I akibat tidak adanya infrastruktur transmisi listrik yang memadai.,"['pranala', 'harga listrik', 'listrik', 'total', 'total kelebihan pasokan', 'pasokan akibat', 'akibat', 'infrastruktur transmisi', 'transmisi listrik', 'harga', 'infrastruktur']","['Pranala', 'harga listrik', 'listrik', 'total', 'total kelebihan pasokan', 'pasokan akibat', 'akibat', 'infrastruktur transmisi', 'transmisi listrik', 'harga', 'infrastruktur']","['Pranala', 'harga listrik', 'listrik', 'total', 'total kelebihan pasokan', 'pasokan akibat', 'akibat', 'infrastruktur transmisi', 'transmisi listrik', 'harga', 'infrastruktur']",id,Pranala itu hanya menyebutkan harga listrik jatuh karena b total kelebihan pasokan akibat tidak adanya infrastruktur transmisi listrik yang memadai.,Pranala itu hanya menyebutkan harga listrik jatuh karena b total kelebihan pasokan akibat tidak adanya infrastruktur transmisi listrik yang memadai.,[],['listrik'],['listrik'],[0.26983630657196045],['listrik'],[0.26983630657196045],cluster_intersection,0.0
2089__4,2089,4,kaskus,2017-03-15 16:06:39,estimasi maksimal hanya B <NUM> GW /B yang realistis.,['estimasi maksimal'],['Estimasi maksimal'],['Estimasi maksimal'],id,Estimasi maksimal hanya b 5 saya b yang realistis.,Estimasi maksimal hanya b 5 saya b yang realistis.,[],['estimasi'],"['realistis', 'b', 'maksimal', 'estimasi']","[0.5670632123947144, 0.3685572147369385, 0.3511218726634979, 0.2189575433731079]","['realistis', 'b', 'maksimal', 'estimasi']","[0.5670632123947144, 0.3685572147369385, 0.3511218726634979, 0.2189575433731079]",sentence_tokens,1.0
424__0,424,0,kaskus,2017-08-29 04:32:40,"hehehe, yoi agan-agan kagak bakal mau lah..",[],[],[],none,"Hehehe, yoi anda-anda tidak akan mau lah.","Hehehe, anda-anda tidak akan mau","['yoi', 'lah']",[],['hehehe'],[1.0],['hehehe'],[1.0],cluster_intersection,1.0
1914__8,1914,8,kaskus,2012-10-12 23:24:40,yg kecil blon bisa dah pgn yg gede2...hahahah...,['pgn'],['pgn'],['pgn'],id,Yang kecil belum bisa sudah pgn yang besar.hahahah.,Yang kecil belum bisa sudah pgn yang besar.hahahah.,[],[],"['hahahah', 'pgn']","[0.9569874405860901, 0.5579697489738464]","['hahahah', 'pgn']","[0.9569874405860901, 0.5579697489738464]",sentence_tokens,1.0
1929__6,1929,6,kaskus,2012-10-12 22:16:04,belum lagi angin gunung yang menusuk jantung aduhaiiii lautan dan curug2 tuh...,"['angin gunung', 'gunung', 'jantung aduhaiiii', 'aduhaiiii lautan', 'lautan', 'curug', 'jantung']","['angin gunung', 'gunung', 'jantung aduhaiiii', 'aduhaiiii lautan', 'lautan', 'curug', 'jantung']","['angin gunung', 'gunung', 'jantung aduhaiiii', 'aduhaiiii lautan', 'lautan', 'curug', 'jantung']",id,Belum lagi angin gunung yang menusuk jantung aduhaiiii lautan dan curug itu.,Belum lagi angin gunung yang menusuk jantung aduhaiiii lautan dan curug itu.,[],"['angin', 'gunung']","['angin', 'gunung']","[0.28742292523384094, 0.27204883098602295]","['angin', 'gunung']","[0.28742292523384094, 0.27204883098602295]",cluster_intersection,0.0
1492__0,1492,0,kaskus,2013-07-30 16:30:09,murah tapi resiko tinggi hehe harap-harap cemas...,"['murah', 'resiko']","['Murah', 'resiko tinggi']","['Murah', 'resiko tinggi']",id,Murah tapi resiko tinggi hehe harap-harap cemas.,Murah tapi resiko tinggi harap-harap cemas.,['hehe'],['resiko'],"['resiko', 'murah']","[0.6221495270729065, 0.19155502319335938]","['resiko', 'murah']","[0.6221495270729065, 0.19155502319335938]",cluster_intersection,1.0
1693__3,1693,3,kaskus,2012-10-19 23:29:08,"angin harus bertiup konstan, angin perlu kecepatan tertentu Air : arus air harus konstan dan deras, musim kemarau?","['angin', 'angin kecepatan', 'kecepatan air', 'air arus', 'arus air', 'air', 'musim kemarau', 'kemarau']","['Angin', 'angin kecepatan', 'kecepatan air', 'air arus', 'arus air', 'air', 'musim kemarau', 'kemarau']","['Angin', 'angin kecepatan', 'kecepatan air', 'air arus', 'arus air', 'air', 'musim kemarau', 'kemarau']",id,"Angin harus bertiup konstan, angin perlu kecepatan tertentu air arus air harus konstan dan deras, musim kemarau?","Angin harus bertiup konstan, angin perlu kecepatan tertentu air arus air harus konstan dan deras, musim kemarau?",[],"['air', 'angin', 'musim']","['air', 'angin', 'musim']","[0.2763892114162445, 0.2654607594013214, 0.23088091611862183]","['air', 'angin', 'musim']","[0.2763892114162445, 0.2654607594013214, 0.23088091611862183]",cluster_intersection,0.0
931__4,931,4,kaskus,2017-09-30 09:32:47,karena banyak potensi well...,['potensi'],"['potensi well', 'well']","['potensi well', 'well']",id,Karena banyak potensi well.,Karena banyak potensi well.,[],['potensi'],['potensi'],[0.9999998807907104],['potensi'],[0.9999998807907104],cluster_intersection,1.0
9__11,9,11,reddit,2022,"Sebenernya masih banyak yang bisa dibahas sih soal EBT, terutama soal ke- fanatikan netizen sama tenaga nuklir","['ebt', 'fanatikan netizen', 'netizen tenaga', 'tenaga nuklir', 'nuklir']","['soal ebt', 'ebt', 'soal', 'fanatikan netizen', 'netizen sama tenaga', 'tenaga nuklir', 'nuklir']","['soal ebt', 'ebt', 'soal', 'fanatikan netizen', 'netizen sama tenaga', 'tenaga nuklir', 'nuklir']",id,"Sebenarnya masih banyak yang bisa dibahas sih soal ebt, terutama soal ke- fanatikan netizen sama tenaga nuklir","Sebenarnya masih banyak yang bisa dibahas soal ebt, terutama soal ke- fanatikan netizen sama tenaga nuklir",['sih'],"['nuklir', 'tenaga', 'ebt']","['nuklir', 'tenaga', 'ebt']","[0.5477808713912964, 0.3581686317920685, 0.15007483959197998]","['nuklir', 'tenaga', 'ebt']","[0.5477808713912964, 0.3581686317920685, 0.15007483959197998]",cluster_intersection,0.0
2126__10,2126,10,kaskus,2017-03-12 13:34:54,bisa dijawab sendiri gan.,[],['gan'],['gan'],id,Bisa dijawab sendiri gan.,Bisa dijawab sendiri gan.,[],,,,,,,
1351__0,1351,0,kaskus,2015-04-12 20:48:36,"PLTS lebih aman, ekonomis, dan berdaya jual",['plts aman'],['Plts aman'],['Plts aman'],id,"Plts lebih aman, ekonomis, dan berdaya jual","Plts lebih aman, ekonomis, dan berdaya jual",[],"['plts', 'jual']","['aman', 'plts', 'jual']","[0.2536543309688568, 0.15153931081295013, 0.1368314027786255]","['aman', 'plts', 'jual']","[0.2536543309688568, 0.15153931081295013, 0.1368314027786255]",cluster_intersection,1.0
222__0,222,0,reddit,2022,Nanti selanjutnya senjata nuklir bisa ga : <NUM>,"['senjata nuklir', 'nuklir']","['senjata nuklir', 'nuklir']","['senjata nuklir', 'nuklir']",id,Nanti selanjutnya senjata nuklir bisa tidak 3,Nanti selanjutnya senjata nuklir bisa tidak 3,[],"['nuklir', 'senjata']","['nuklir', 'senjata']","[0.816182553768158, 0.6670639514923096]","['nuklir', 'senjata']","[0.816182553768158, 0.6670639514923096]",cluster_intersection,1.0
6__0,6,0,reddit,2022,Large scale storage belum ada bro.,"['large', 'scale', 'storage']","['Large', 'scale', 'storage', 'bro']","['Large', 'scale', 'storage', 'bro']",id,Large scale storage belum ada bro.,Large scale storage belum ada bro.,[],"['storage', 'large', 'scale']","['storage', 'large', 'scale']","[0.6719122529029846, 0.6430955529212952, 0.47834619879722595]","['storage', 'large', 'scale']","[0.6719122529029846, 0.6430955529212952, 0.47834619879722595]",sentence_tokens,1.0
1821__2,1821,2,kaskus,2012-10-16 09:26:48,"> <NUM> % adalah tamatan S3 (sd-smp-sma), maka akan cenderung berfikir opsi pertama.","['tamatan s3', 's3 sd-smp-sma', 'sd-smp-sma', 'pilihan']","['tamatan s3', 's3 sd-smp-sma', 'sd-smp-sma', 'pilihan pertama', 'pilihan']","['tamatan s3', 's3 sd-smp-sma', 'sd-smp-sma', 'pilihan pertama', 'pilihan']",id,60 adalah tamatan s3 sd-smp-sma maka akan cenderung berpikir pilihan pertama.,60 adalah tamatan s3 sd-smp-sma maka akan cenderung berpikir pilihan pertama.,[],['pilihan'],"['pilihan', 'berpikir']","[0.3266589045524597, 0.18755179643630981]","['pilihan', 'berpikir']","[0.3266589045524597, 0.18755179643630981]",cluster_intersection,1.0
1373__0,1373,0,kaskus,2014-01-06 09:22:21,jangan bangun pltn cuma karena semua harus dipakai tidak harus semua harus dipakai.....yg penting aman dan bahan bakarnya cocok dg kondisi kita shg jatuhnya murah,"['pltn', 'bahan bakar cocok', 'bakar', 'kondisi']","['pltn', 'bahan bakar cocok', 'bakar', 'kondisi']","['pltn', 'bahan bakar cocok', 'bakar', 'kondisi']",id,Jangan bangun pltn cuma karena semua harus dipakai tidak harus semua harus dipakai.yang penting aman dan bahan bakarnya cocok dengan kondisi kita shg jatuhnya murah,Jangan bangun pltn cuma karena semua harus dipakai tidak harus semua harus dipakai.yang penting aman dan bahan bakarnya cocok dengan kondisi kita shg jatuhnya murah,[],"['kondisi', 'pltn', 'bahan']","['murah', 'kondisi', 'dipakai', 'aman', 'bangun', 'cocok', 'pltn', 'bahan']","[0.14454105496406555, 0.1393381953239441, 0.12858055531978607, 0.10047193616628647, 0.07916691899299622, 0.05983046442270279, 0.02273077517747879, -0.02466176450252533]","['murah', 'kondisi', 'dipakai', 'aman', 'bangun', 'cocok', 'pltn', 'bahan']","[0.14454105496406555, 0.1393381953239441, 0.12858055531978607, 0.10047193616628647, 0.07916691899299622, 0.05983046442270279, 0.02273077517747879, -0.02466176450252533]",cluster_intersection,0.0
1312__0,1312,0,kaskus,2015-10-29 21:01:05,ane dukung pltn <NUM> % gan....,['pltn'],"['pltn gan', 'gan', 'pltn']","['pltn gan', 'gan', 'pltn']",id,Saya dukung pltn 100 gan.,Saya dukung pltn 100 gan.,[],['pltn'],"['dukung', 'pltn']","[0.8899189233779907, 0.5894981622695923]","['dukung', 'pltn']","[0.8899189233779907, 0.5894981622695923]",cluster_intersection,1.0
2184__8,2184,8,kaskus,2017-03-10 12:47:10,artinya limbah radioaktif memang bisa dikelola dan tidak begitu merepotkan.,"['arti limbah', 'limbah radioaktif', 'arti']","['Arti limbah', 'limbah radioaktif', 'Arti']","['Arti limbah', 'limbah radioaktif', 'Arti']",id,Artinya limbah radioaktif memang bisa dikelola dan tidak begitu merepotkan.,Artinya limbah radioaktif memang bisa dikelola dan tidak begitu merepotkan.,[],['limbah'],"['radioaktif', 'limbah']","[0.6837844848632812, 0.42337244749069214]","['radioaktif', 'limbah']","[0.6837844848632812, 0.42337244749069214]",cluster_intersection,0.0
1702__3,1702,3,kaskus,2012-10-18 15:54:42,"saking ramah lingkungannya, emisi yg timbulkan sama atau kurang dari emisi yang ditimbulkan radiasi natural yang bersumber dari gas radon, sinar kosmik, sinar ekstra terestrial, plus emisi yg ditimbulkan oleh","['lingkungan', 'ramah emisi', 'emisi', 'radiasi natural', 'gas radon', 'radon', 'sinar kosmik', 'kosmik', 'sinar ekstra', 'ekstra terestrial', 'plus emisi', 'radiasi', 'gas']","['lingkungan', 'ramah emisi sama', 'emisi', 'radiasi natural', 'gas radon', 'radon', 'sinar kosmik', 'kosmik', 'sinar ekstra', 'ekstra terestrial', 'plus emisi', 'radiasi', 'gas']","['lingkungan', 'ramah emisi sama', 'emisi', 'radiasi natural', 'gas radon', 'radon', 'sinar kosmik', 'kosmik', 'sinar ekstra', 'ekstra terestrial', 'plus emisi', 'radiasi', 'gas']",id,"Saking ramah lingkungannya, emisi yang timbulkan sama atau kurang dari emisi yang ditimbulkan radiasi natural yang bersumber dari gas radon, sinar kosmik, sinar ekstra terestrial, plus emisi yang ditimbulkan oleh","Saking ramah lingkungannya, emisi yang timbulkan sama atau kurang dari emisi yang ditimbulkan radiasi natural yang bersumber dari gas radon, sinar kosmik, sinar ekstra terestrial, plus emisi yang ditimbulkan oleh",[],"['radiasi', 'gas', 'emisi']","['radiasi', 'gas', 'natural', 'emisi']","[0.31820911169052124, 0.2981475591659546, 0.2143336683511734, 0.06427153944969177]","['radiasi', 'gas', 'natural', 'emisi']","[0.31820911169052124, 0.2981475591659546, 0.2143336683511734, 0.06427153944969177]",cluster_intersection,0.0
1835__7,1835,7,kaskus,2012-10-16 02:09:15,apa indonesia mampu?,['indonesia'],['indonesia'],['indonesia'],id,Apa indonesia mampu?,Apa indonesia mampu?,[],['indonesia'],['indonesia'],[1.0],['indonesia'],[1.0],cluster_intersection,1.0
1933__1,1933,1,kaskus,2012-10-12 22:02:54,"Reaktor nuklir di Bandung aja belum pernah ada masalah ampe sekarang sejak berdiri tahun <NUM> , dayanya lumayan bisa generate listrik sampe <NUM> MW","['reaktor nuklir', 'nuklir', 'bandung', 'daya', 'listrik', 'reaktor']","['Reaktor nuklir', 'nuklir', 'bandung', 'masalah', 'sekarang', 'tahun', 'daya', 'listrik', 'Reaktor']","['Reaktor nuklir', 'nuklir', 'bandung', 'masalah', 'sekarang', 'tahun', 'daya', 'listrik', 'Reaktor']",id,"Reaktor nuklir di bandung saja belum pernah ada masalah sampai sekarang sejak berdiri tahun 1965, dayanya lumayan bisa generate listrik sampai 2 mau","Reaktor nuklir di bandung saja belum pernah ada masalah sampai sekarang sejak berdiri tahun 1965, dayanya lumayan bisa generate listrik sampai 2 mau",[],"['reaktor', 'nuklir', 'listrik']","['reaktor', 'nuklir', 'listrik']","[0.5120994448661804, 0.4594179689884186, 0.2994595170021057]","['reaktor', 'nuklir', 'listrik']","[0.5120994448661804, 0.4594179689884186, 0.2994595170021057]",cluster_intersection,0.0
918__12,918,12,kaskus,2019-01-28 10:36:33,Ini aturan di akhir <NUM> .,['aturan'],"['aturan', 'akhir']","['aturan', 'akhir']",id,Ini aturan di akhir 2018.,Ini aturan di akhir 2018.,[],['aturan'],['aturan'],[1.0],['aturan'],[1.0],sentence_tokens,1.0
2204__21,2204,21,kaskus,2017-03-10 10:15:18,) untuk panas bumi dan angin merupakan energy yang di tangkap dari proses lanjutan yang didapatkan dari energi matahari.,"['bumi', 'angin', 'energi', 'proses lanjutan', 'lanjutan', 'energi matahari', 'matahari', 'proses']","['bumi', 'angin', 'energi', 'proses lanjutan', 'lanjutan', 'energi matahari', 'matahari', 'proses']","['bumi', 'angin', 'energi', 'proses lanjutan', 'lanjutan', 'energi matahari', 'matahari', 'proses']",id,Untuk panas bumi dan angin merupakan energi yang di tangkap dari proses lanjutan yang didapatkan dari energi matahari.,Untuk panas bumi dan angin merupakan energi yang di tangkap dari proses lanjutan yang didapatkan dari energi matahari.,[],"['energi', 'matahari', 'panas_bumi', 'angin', 'proses']","['energi', 'matahari', 'panas_bumi', 'angin', 'proses']","[0.4309712052345276, 0.387448787689209, 0.35672271251678467, 0.1591387540102005, 0.14182549715042114]","['energi', 'matahari', 'panas_bumi', 'angin', 'proses']","[0.4309712052345276, 0.387448787689209, 0.35672271251678467, 0.1591387540102005, 0.14182549715042114]",cluster_intersection,0.0
1869__4,1869,4,kaskus,2012-10-15 14:29:45,:fuck: yang terulang di sini masalah pltn ancur abis itu menyebar radiasi...bukan penyebab ancurnya tuh pltn...:think: ga usa gw kasi tabel perbandingan...soal effective cost dan energi yang dihasilkan jelas pltn,"['pltn', 'radiasi', 'penyebab ancur pltn', 'ancur', 'usa', 'tabel perbandingan', 'perbandingan', 'cost', 'energi', 'penyebab', 'tabel']","['masalah pltn', 'pltn', 'radiasi', 'penyebab ancur pltn', 'ancur', 'usa', 'tabel perbandingan', 'perbandingan .soal', '.soal cost', 'cost', 'energi', 'masalah', 'penyebab', 'tabel']","['masalah pltn', 'pltn', 'radiasi', 'penyebab ancur pltn', 'ancur', 'usa', 'tabel perbandingan', 'perbandingan .soal', '.soal cost', 'cost', 'energi', 'masalah', 'penyebab', 'tabel']",id,Yang terulang di sini masalah pltn ancur habis itu menyebar radiasi.bukan penyebab ancurnya itu pltn. Tidak usa saya memberi tabel perbandingan.soal effective cost dan energi yang dihasilkan jelas pltn,Yang terulang di sini masalah pltn ancur habis itu menyebar radiasi.bukan penyebab ancurnya itu pltn. Tidak usa saya memberi tabel perbandingan.soal effective cost dan energi yang dihasilkan jelas pltn,[],"['energi', 'radiasi', 'cost', 'pltn']","['energi', 'radiasi', 'cost', 'dihasilkan', 'habis', 'pltn']","[0.31332701444625854, 0.2911708950996399, 0.26676321029663086, 0.10058150440454483, 0.038927119225263596, -0.0007815882563591003]","['energi', 'radiasi', 'cost', 'dihasilkan', 'habis', 'pltn']","[0.31332701444625854, 0.2911708950996399, 0.26676321029663086, 0.10058150440454483, 0.038927119225263596, -0.0007815882563591003]",cluster_intersection,0.0
2086__11,2086,11,kaskus,2017-03-15 22:33:27,"Iya, kita di khatulistiwa, gak pusing musim dingin di mana siangnya pendek.","['khatulistiwa', 'musim dingin', 'siang pendek', 'musim']","['Iya', 'khatulistiwa', 'musim dingin', 'siang pendek', 'musim']","['Iya', 'khatulistiwa', 'musim dingin', 'siang pendek', 'musim']",id,"Iya, kita di khatulistiwa, tidak pusing musim dingin di mana siangnya pendek.","Iya, kita di khatulistiwa, tidak pusing musim dingin di mana siangnya pendek.",[],['musim'],['musim'],[0.360992431640625],['musim'],[0.360992431640625],cluster_intersection,0.0
506__66,506,66,kaskus,2013-04-03 09:12:35,Pemerintah telah mengeluarkan Keputusan Presiden yang menjamin dukungan untuk investasi dalam proyek infrastruktur panas bumi (PR no.,,,,,,,,"['pemerintah', 'proyek', 'investasi', 'panas_bumi']","['pemerintah', 'proyek', 'investasi', 'panas_bumi']","[0.2628536522388458, 0.21481476724147797, 0.21295270323753357, 0.17712494730949402]","['pemerintah', 'proyek', 'investasi', 'panas_bumi']","[0.2628536522388458, 0.21481476724147797, 0.21295270323753357, 0.17712494730949402]",cluster_intersection,0.0
2237__4,2237,4,kaskus,2017-03-10 07:56:57,"karena untuk menyalurkan listrik dari lokasi PLTP juga butuh infrastruktur jaringan, ( <NUM> ) Pengeboran sumur panas bumi itu mahal dan belum tentu berhasil,","['listrik', 'lokasi pltp', 'pltp', 'infrastruktur jaringan', 'jaringan', 'pengeboran sumur mahal', 'sumur panas', 'bumi', 'lokasi', 'infrastruktur']","['listrik', 'lokasi pltp', 'pltp', 'infrastruktur jaringan', 'jaringan', 'pengeboran sumur mahal', 'sumur panas', 'bumi', 'lokasi', 'infrastruktur']","['listrik', 'lokasi pltp', 'pltp', 'infrastruktur jaringan', 'jaringan', 'pengeboran sumur mahal', 'sumur panas', 'bumi', 'lokasi', 'infrastruktur']",id,"Karena untuk menyalurkan listrik dari lokasi pltp juga butuh infrastruktur jaringan, 3 pengeboran sumur panas bumi itu mahal dan belum tentu berhasil,","Karena untuk menyalurkan listrik dari lokasi pltp juga butuh infrastruktur jaringan, 3 pengeboran sumur panas bumi itu mahal dan belum tentu berhasil,",[],"['listrik', 'panas_bumi', 'jaringan', 'lokasi', 'pltp', 'sumur']","['listrik', 'panas_bumi', 'jaringan', 'lokasi', 'butuh', 'pltp', 'sumur', 'mahal']","[0.2782062590122223, 0.23259495198726654, 0.20775648951530457, 0.14641697704792023, 0.07526390254497528, 0.04927743226289749, 0.004868024028837681, -0.024373583495616913]","['listrik', 'panas_bumi', 'jaringan', 'lokasi', 'butuh', 'pltp', 'sumur', 'mahal']","[0.2782062590122223, 0.23259495198726654, 0.20775648951530457, 0.14641697704792023, 0.07526390254497528, 0.04927743226289749, 0.004868024028837681, -0.024373583495616913]",cluster_intersection,0.0
2438__4,2438,4,kaskus,2016-10-15 18:21:00,lebih rincinya cari tau sendiri aja dah di Kak Wikipedia.co.id :bikini:ngacir:,['wikipedia.co.id'],['wikipedia.co.id'],['wikipedia.co.id'],id,Lebih rincinya cari tahu sendiri saja sudah di kak wikipedia.co.id ngacir,Lebih rincinya cari tahu sendiri saja sudah di kak wikipedia.co.id ngacir,[],[],['cari'],[0.27211228013038635],['cari'],[0.27211228013038635],cluster_intersection,1.0
1123__1,1123,1,kaskus,2017-01-06 18:17:53,Tidak harus terkait dengan PLTN.,['pltn'],['pltn'],['pltn'],id,Tidak harus terkait dengan pltn.,Tidak harus terkait dengan pltn.,[],['pltn'],['pltn'],[0.5036497116088867],['pltn'],[0.5036497116088867],cluster_intersection,1.0
2210__33,2210,33,kaskus,2017-03-10 09:53:23,"Secara teknis, keberadaan dua, tiga, atau sepuluh kabel yang menyalurkan listrik ke suatu wilayah bukan sesuatu yang mustahil dilakukan.","['teknis keberadaan', 'listrik', 'wilayah']","['teknis keberadaan', 'listrik', 'wilayah']","['teknis keberadaan', 'listrik', 'wilayah']",id,"Secara teknis, keberadaan dua, tiga, atau sepuluh kabel yang menyalurkan listrik ke suatu wilayah bukan sesuatu yang mustahil dilakukan.","Secara teknis, keberadaan dua, tiga, atau sepuluh kabel yang menyalurkan listrik ke suatu wilayah bukan sesuatu yang mustahil dilakukan.",[],"['listrik', 'wilayah']","['kabel', 'listrik', 'wilayah']","[0.3587772846221924, 0.2688210606575012, 0.09986105561256409]","['kabel', 'listrik', 'wilayah']","[0.3587772846221924, 0.2688210606575012, 0.09986105561256409]",cluster_intersection,0.0
2306__1,2306,1,kaskus,2017-03-09 20:51:31,Kalau lihat dr data itu memang sama sekali tidak menghasilkan angka yang wah.,"['data', 'angka']","['data', 'angka']","['data', 'angka']",id,Kalau lihat dari data itu memang sama sekali tidak menghasilkan angka yang wah.,Kalau lihat dari data itu memang sama sekali tidak menghasilkan angka yang wah.,[],"['data', 'angka']","['data', 'angka', 'lihat']","[0.5480036735534668, 0.4351641535758972, 0.43398037552833557]","['data', 'angka', 'lihat']","[0.5480036735534668, 0.4351641535758972, 0.43398037552833557]",cluster_intersection,1.0
465__1,465,1,kaskus,2017-08-22 06:53:44,"Hehe Kalau pakek PLTB model tidal/blade, faktor diameter mempengaruhi emang gan.","['pltb model', 'model tidal', 'tidal', 'faktor diameter', 'diameter', 'pltb', 'faktor']","['pltb model', 'model tidal', 'tidal', 'faktor diameter', 'diameter', 'gan', 'pltb', 'faktor']","['pltb model', 'model tidal', 'tidal', 'faktor diameter', 'diameter', 'gan', 'pltb', 'faktor']",id,"Hehe kalau pakai pltb model tidal blade, faktor diameter mempengaruhi memang gan.","kalau pakai pltb model tidal blade, faktor diameter mempengaruhi memang gan.",['hehe'],[],['pakai'],[-0.0551934689283371],['pakai'],[-0.0551934689283371],cluster_intersection,0.0
1345__1,1345,1,kaskus,2015-04-13 12:40:29,tapi fakta yg ada malah diputar-balikkan ama TEPCO (Tokyo Electric Power)...,"['fakta', 'tepco', 'tokyo', 'electric', 'power']","['fakta', 'tepco', 'tokyo', 'electric', 'power']","['fakta', 'tepco', 'tokyo', 'electric', 'power']",id,Tapi fakta yang ada malah diputar-balikkan sama tepco tokyo electric power,Tapi fakta yang ada malah diputar-balikkan sama tepco tokyo electric power,[],['power'],['power'],[0.3713124990463257],['power'],[0.3713124990463257],cluster_intersection,0.0
1662__0,1662,0,kaskus,2012-10-24 13:35:48,"B TIDAK SETUJU /B PLTN adalah proyek yang sangat serius, perlu penanganan yang sangat profesional.","['pltn', 'proyek', 'penanganan']","['pltn', 'proyek', 'penanganan']","['pltn', 'proyek', 'penanganan']",id,"B tidak setuju b pltn adalah proyek yang sangat serius, perlu penanganan yang sangat profesional.","B tidak setuju b pltn adalah proyek yang sangat serius, perlu penanganan yang sangat profesional.",[],"['proyek', 'pltn']","['proyek', 'setuju', 'pltn']","[0.3612547814846039, 0.12389077991247177, 0.06208185851573944]","['proyek', 'setuju', 'pltn']","[0.3612547814846039, 0.12389077991247177, 0.06208185851573944]",cluster_intersection,0.0
329__1,329,1,reddit,2023,"Lebih baik jangan gegabah, pembangkit listrik yg paling ideal di indo itu tenaga geothermal/panas bumi tapi ya blm seefektif batubara","['pembangkit listrik', 'listrik', 'indonesia', 'tenaga geothermal', 'geothermal panas bumi', 'bumi', 'batubara', 'pembangkit']","['pembangkit listrik', 'listrik', 'indonesia', 'tenaga geothermal', 'geothermal panas bumi', 'bumi', 'batubara', 'pembangkit']","['pembangkit listrik', 'listrik', 'indonesia', 'tenaga geothermal', 'geothermal panas bumi', 'bumi', 'batubara', 'pembangkit']",id,"Lebih baik jangan gegabah, pembangkit listrik yang paling ideal di indonesia itu tenaga geothermal panas bumi tapi ya blm seefektif batubara","Lebih baik jangan gegabah, pembangkit listrik yang paling ideal di indonesia itu tenaga geothermal panas bumi tapi ya blm seefektif batubara",[],"['geothermal', 'batubara', 'panas_bumi', 'tenaga', 'indonesia', 'listrik', 'pembangkit']","['geothermal', 'batubara', 'panas_bumi', 'tenaga', 'indonesia', 'listrik', 'pembangkit']","[0.4180688261985779, 0.3071495294570923, 0.27872952818870544, 0.273984432220459, 0.27368494868278503, 0.2221098691225052, 0.0898657739162445]","['geothermal', 'batubara', 'panas_bumi', 'tenaga', 'indonesia', 'listrik', 'pembangkit']","[0.4180688261985779, 0.3071495294570923, 0.27872952818870544, 0.273984432220459, 0.27368494868278503, 0.2221098691225052, 0.0898657739162445]",cluster_intersection,0.0
575__13,575,13,kaskus,2016-01-20 17:54:07,"Untuk itu, selain mencari sumur-sumur produksi baru untuk menghasilkan uap yang dibutuhkan untuk pembangkitan, pengembang juga harus mencari sumur-sumur injeksi dengan lokasi dan kedalaman yang tepat untuk menginjeksikan air hasil","['sumur-sumur produksi', 'produksi', 'uap', 'pembangkitan', 'pengembang', 'sumur-sumur injeksi', 'injeksi', 'lokasi', 'kedalaman', 'air hasil', 'hasil', 'sumur-sumur', 'air']","['sumur-sumur produksi', 'produksi baru', 'uap', 'pembangkitan', 'pengembang', 'sumur-sumur injeksi', 'injeksi', 'lokasi', 'kedalaman', 'air hasil', 'hasil', 'sumur-sumur', 'air']","['sumur-sumur produksi', 'produksi baru', 'uap', 'pembangkitan', 'pengembang', 'sumur-sumur injeksi', 'injeksi', 'lokasi', 'kedalaman', 'air hasil', 'hasil', 'sumur-sumur', 'air']",id,"Untuk itu, selain mencari sumur-sumur produksi baru untuk menghasilkan uap yang dibutuhkan untuk pembangkitan, pengembang juga harus mencari sumur-sumur injeksi dengan lokasi dan kedalaman yang tepat untuk menginjeksikan air hasil","Untuk itu, selain mencari sumur-sumur produksi baru untuk menghasilkan uap yang dibutuhkan untuk pembangkitan, pengembang juga harus mencari sumur-sumur injeksi dengan lokasi dan kedalaman yang tepat untuk menginjeksikan air hasil",[],"['produksi', 'air', 'lokasi', 'uap', 'sumur', 'hasil']","['produksi', 'air', 'lokasi', 'uap', 'sumur', 'menghasilkan', 'hasil']","[0.19798868894577026, 0.1407473385334015, 0.11034107953310013, 0.10594207048416138, 0.08455482870340347, 0.060571689158678055, 0.020026590675115585]","['produksi', 'air', 'lokasi', 'uap', 'sumur', 'menghasilkan', 'hasil']","[0.19798868894577026, 0.1407473385334015, 0.11034107953310013, 0.10594207048416138, 0.08455482870340347, 0.060571689158678055, 0.020026590675115585]",cluster_intersection,0.0
113__2,113,2,reddit,2023,It s like saying airplanes are dangerous because many people have died during the crash but look where we are today.,"['like', 'saying', 'airplanes', 'dangerous', 'many', 'people', 'died', 'crash', 'look', 'today']","['Like', 'saying', 'airplanes', 'dangerous', 'many', 'people', 'died', 'crash', 'look', 'today']","['Like', 'saying', 'airplanes', 'dangerous', 'many', 'people', 'died', 'crash', 'look', 'today']",id,Like saying airplanes dangerous many people died crash look today.,Like saying airplanes dangerous many people died crash look today.,[],"['airplanes', 'crash', 'dangerous', 'today', 'like', 'died', 'saying', 'people', 'many', 'look']","['airplanes', 'crash', 'dangerous', 'today', 'like', 'died', 'saying', 'people', 'many', 'look']","[0.35214975476264954, 0.30341383814811707, 0.2826020121574402, 0.2370651364326477, 0.233395516872406, 0.22430925071239471, 0.16660752892494202, 0.16607260704040527, 0.16039930284023285, 0.13694138824939728]","['airplanes', 'crash', 'dangerous', 'today', 'like', 'died', 'saying', 'people', 'many', 'look']","[0.35214975476264954, 0.30341383814811707, 0.2826020121574402, 0.2370651364326477, 0.233395516872406, 0.22430925071239471, 0.16660752892494202, 0.16607260704040527, 0.16039930284023285, 0.13694138824939728]",sentence_tokens,1.0
821__0,821,0,kaskus,2018-05-17 11:11:40,"di spbu resmi jelas <NUM> harga, dari dulu jg <NUM> harga.","['spbu resmi', 'harga', 'spbu']","['spbu resmi', 'harga', 'dulu', 'spbu']","['spbu resmi', 'harga', 'dulu', 'spbu']",id,"Di spbu resmi jelas 1 harga, dari dulu juga 1 harga.","Di spbu resmi jelas 1 harga, dari dulu juga 1 harga.",[],['harga'],['harga'],[0.6406712532043457],['harga'],[0.6406712532043457],cluster_intersection,1.0
339__7,339,7,reddit,2019,"Kalau perlu, RDE itu dicopot dan dibawa ke luar pulau, bikin kantor BATAN disitu, dan pasang, sekitarnya kena listrik dan nggak menyalahkan UU.","['rde', 'pulau', 'kantor batan', 'batan', 'pasang', 'listrik', 'uu', 'kantor']","['rde', 'pulau', 'kantor batan', 'batan', 'tempat', 'pasang', 'sekitar', 'listrik', 'uu', 'kantor']","['rde', 'pulau', 'kantor batan', 'batan', 'tempat', 'pasang', 'sekitar', 'listrik', 'uu', 'kantor']",id,"Kalau perlu, rde itu dicopot dan dibawa ke luar pulau, membuat kantor batan di tempat itu, dan pasang, sekitarnya kena listrik dan tidak menyalahkan uu.","Kalau perlu, rde itu dicopot dan dibawa ke luar pulau, membuat kantor batan di tempat itu, dan pasang, sekitarnya kena listrik dan tidak menyalahkan uu.",[],"['pulau', 'listrik', 'batan']","['pulau', 'listrik', 'batan', 'kena']","[0.3555164337158203, 0.19110271334648132, 0.03547319024801254, -0.001353330910205841]","['pulau', 'listrik', 'batan', 'kena']","[0.3555164337158203, 0.19110271334648132, 0.03547319024801254, -0.001353330910205841]",cluster_intersection,0.0
295__1,295,1,reddit,2023,PLN cuma bantu aja di kelistrikan.,"['pln', 'kelistrikan']","['Pln', 'kelistrikan']","['Pln', 'kelistrikan']",id,Pln cuma bantu saja di kelistrikan.,Pln cuma bantu saja di kelistrikan.,[],['pln'],"['bantu', 'pln']","[0.7878212332725525, 0.38840752840042114]","['bantu', 'pln']","[0.7878212332725525, 0.38840752840042114]",cluster_intersection,1.0
2367__14,2367,14,kaskus,2017-03-09 14:20:55,Monopoli jaringan kabel PLN itu sudah benar.,"['monopoli jaringan', 'jaringan kabel pln', 'pln', 'monopoli']","['Monopoli jaringan', 'jaringan kabel pln', 'pln', 'Monopoli']","['Monopoli jaringan', 'jaringan kabel pln', 'pln', 'Monopoli']",id,Monopoli jaringan kabel pln itu sudah benar.,Monopoli jaringan kabel pln itu sudah benar.,[],"['kabel', 'monopoli', 'jaringan', 'pln']","['kabel', 'monopoli', 'jaringan', 'pln']","[0.6036744117736816, 0.598372220993042, 0.4875529408454895, 0.17388562858104706]","['kabel', 'monopoli', 'jaringan', 'pln']","[0.6036744117736816, 0.598372220993042, 0.4875529408454895, 0.17388562858104706]",cluster_intersection,1.0
2261__0,2261,0,kaskus,2017-03-10 00:03:43,"Lah gan, datanya juga menunjukkan penggunaan energi terbarukan dan mendirikan turbin angin dan panel surya sebagai penghasil listrik masih kalah jauh kuantitasnya dibanding dengan energi fosil dan nuklir.","['data', 'penggunaan energi', 'energi terbarukan', 'terbarukan', 'turbin angin', 'angin', 'panel surya', 'surya', 'penghasil listrik', 'listrik', 'kuantitas', 'energi fosil', 'fosil', 'nuklir', 'penggunaan', 'turbin', 'energi']","['gan', 'data', 'penggunaan energi', 'energi terbarukan', 'terbarukan', 'turbin angin', 'angin', 'panel surya', 'surya', 'penghasil listrik', 'listrik', 'jauh kuantitas', 'energi fosil', 'fosil', 'nuklir', 'penggunaan', 'turbin', 'kuantitas', 'energi']","['gan', 'data', 'penggunaan energi', 'energi terbarukan', 'terbarukan', 'turbin angin', 'angin', 'panel surya', 'surya', 'penghasil listrik', 'listrik', 'jauh kuantitas', 'energi fosil', 'fosil', 'nuklir', 'penggunaan', 'turbin', 'kuantitas', 'energi']",id,"Lah gan, datanya juga menunjukkan penggunaan energi terbarukan dan mendirikan turbin angin dan panel surya sebagai penghasil listrik masih kalah jauh kuantitasnya dibanding dengan energi fosil dan nuklir.","gan, datanya juga menunjukkan penggunaan energi terbarukan dan mendirikan turbin angin dan panel surya sebagai penghasil listrik masih kalah jauh kuantitasnya dibanding dengan energi fosil dan nuklir.",['lah'],"['energi_terbarukan', 'energi', 'nuklir', 'turbin', 'listrik', 'surya', 'fosil', 'angin', 'panel']","['energi_terbarukan', 'energi', 'nuklir', 'turbin', 'listrik', 'surya', 'fosil', 'angin', 'panel', 'dibanding']","[0.4354400038719177, 0.3230726718902588, 0.2773038148880005, 0.20013460516929626, 0.18274614214897156, 0.17590874433517456, 0.16320636868476868, 0.15738774836063385, 0.13526540994644165, -0.06655493378639221]","['energi_terbarukan', 'energi', 'nuklir', 'turbin', 'listrik', 'surya', 'fosil', 'angin', 'panel', 'dibanding']","[0.4354400038719177, 0.3230726718902588, 0.2773038148880005, 0.20013460516929626, 0.18274614214897156, 0.17590874433517456, 0.16320636868476868, 0.15738774836063385, 0.13526540994644165, -0.06655493378639221]",cluster_intersection,0.0
1555__0,1555,0,kaskus,2012-12-21 15:43:04,"kebutuhan akan sumber energi baru dan terbarukan semakin mendesak,","['kebutuhan', 'sumber energi', 'energi']","['Kebutuhan', 'sumber energi', 'energi baru']","['Kebutuhan', 'sumber energi', 'energi baru']",id,"Kebutuhan akan sumber energi baru dan terbarukan semakin mendesak,","Kebutuhan akan sumber energi baru dan terbarukan semakin mendesak,",[],"['energi', 'kebutuhan', 'sumber']","['energi', 'kebutuhan', 'terbarukan', 'sumber']","[0.5528026223182678, 0.4754093289375305, 0.40397313237190247, 0.3046451210975647]","['energi', 'kebutuhan', 'terbarukan', 'sumber']","[0.5528026223182678, 0.4754093289375305, 0.40397313237190247, 0.3046451210975647]",cluster_intersection,0.0
282__0,282,0,reddit,2023,Dari artikel kompas yang kamu SS: PLTS Atap tidak bisa dipatok dengan nominal tertentu.,"['artikel kompas', 'kompas', 'plts atap', 'atap', 'nominal', 'artikel', 'plts']","['artikel kompas', 'kompas', 'plts atap', 'atap', 'nominal', 'artikel', 'plts']","['artikel kompas', 'kompas', 'plts atap', 'atap', 'nominal', 'artikel', 'plts']",id,Dari artikel kompas yang kamu ss plts atap tidak bisa dipatok dengan nominal tertentu.,Dari artikel kompas yang kamu ss plts atap tidak bisa dipatok dengan nominal tertentu.,[],"['artikel', 'plts']","['artikel', 'plts']","[0.32603877782821655, 0.19675779342651367]","['artikel', 'plts']","[0.32603877782821655, 0.19675779342651367]",cluster_intersection,1.0
1980__1,1980,1,kaskus,2012-10-12 19:06:12,Di Pulau Jawa aja...,"['pulau jawa', 'jawa']","['pulau jawa', 'jawa']","['pulau jawa', 'jawa']",id,Di pulau jawa saja.,Di pulau jawa saja.,[],"['pulau', 'jawa']","['pulau', 'jawa']","[0.9208405017852783, 0.4609411656856537]","['pulau', 'jawa']","[0.9208405017852783, 0.4609411656856537]",cluster_intersection,1.0
2306__6,2306,6,kaskus,2017-03-09 20:51:31,Intinya mereka tetap optimis pada energi alternatif yang bebas resiko.,"['inti', 'energi alternatif', 'resiko', 'energi']","['Inti', 'energi alternatif', 'resiko', 'energi']","['Inti', 'energi alternatif', 'resiko', 'energi']",id,Intinya mereka tetap optimis pada energi alternatif yang bebas resiko.,Intinya mereka tetap optimis pada energi alternatif yang bebas resiko.,[],"['energi', 'resiko']","['alternatif', 'energi', 'resiko']","[0.48711782693862915, 0.4132692813873291, 0.3211386799812317]","['alternatif', 'energi', 'resiko']","[0.48711782693862915, 0.4132692813873291, 0.3211386799812317]",cluster_intersection,0.0
696__0,696,0,kaskus,2021-11-17 12:50:24,ane sbgai warga negara yg taat pajak dan hukum bayar pajak apapun gak masalah.,"['warga negara', 'negara', 'pajak', 'hukum bayar', 'bayar pajak', 'warga']","['warga negara', 'negara', 'pajak', 'hukum bayar', 'bayar pajak', 'masalah', 'warga']","['warga negara', 'negara', 'pajak', 'hukum bayar', 'bayar pajak', 'masalah', 'warga']",id,Saya sbgai warga negara yang taat pajak dan hukum bayar pajak apapun tidak masalah.,Saya sbgai warga negara yang taat pajak dan hukum bayar pajak apapun tidak masalah.,[],"['pajak', 'warga', 'negara']","['pajak', 'warga', 'negara', 'bayar']","[0.4772804379463196, 0.23202195763587952, 0.1510075181722641, 0.10990066826343536]","['pajak', 'warga', 'negara', 'bayar']","[0.4772804379463196, 0.23202195763587952, 0.1510075181722641, 0.10990066826343536]",cluster_intersection,0.0
691__2,691,2,kaskus,2021-11-17 16:25:38,"banyak kok mobil2 pick up,truck dan bus asap nya banyak banget dan ada yang ga layak jalan berlalu lalang dengan dokumen lulus emisi..","['mobil pick', 'pick', 'truck', 'bus secepatnya', 'secepatnya', 'layak jalan', 'dokumen', 'emisi', 'mobil', 'jalan']","['mobil pick', 'pick', 'up', 'truck', 'bus secepatnya', 'secepatnya', 'layak jalan', 'dokumen', 'emisi', 'mobil', 'jalan']","['mobil pick', 'pick', 'up', 'truck', 'bus secepatnya', 'secepatnya', 'layak jalan', 'dokumen', 'emisi', 'mobil', 'jalan']",id,"Banyak kok mobil pick up,truck dan bus secepatnya nya banyak sekali dan ada yang tidak layak jalan berlalu lalang dengan dokumen lulus emisi.","Banyak kok mobil pick up,truck dan bus secepatnya nya banyak sekali dan ada yang tidak layak jalan berlalu lalang dengan dokumen lulus emisi.",[],"['jalan', 'emisi']","['jalan', 'emisi']","[0.05488596856594086, 0.020902562886476517]","['jalan', 'emisi']","[0.05488596856594086, 0.020902562886476517]",cluster_intersection,0.0
2104__0,2104,0,kaskus,2017-03-15 09:21:26,"Dah, udah, urusan PLN itu kalau dibicarakan sampai jaman Gundam juga gak bakal selesai.","['urusan pln', 'pln', 'jaman gundam', 'gundam', 'urusan', 'jaman']","['urusan pln', 'pln', 'jaman gundam', 'gundam', 'urusan', 'jaman']","['urusan pln', 'pln', 'jaman gundam', 'gundam', 'urusan', 'jaman']",id,"Sudah, sudah, urusan pln itu kalau dibicarakan sampai jaman gundam juga tidak akan selesai.","Sudah, sudah, urusan pln itu kalau dibicarakan sampai jaman gundam juga tidak akan selesai.",[],"['jaman', 'pln']","['jaman', 'selesai', 'pln']","[0.31139543652534485, 0.30711477994918823, 0.11712545156478882]","['jaman', 'selesai', 'pln']","[0.31139543652534485, 0.30711477994918823, 0.11712545156478882]",cluster_intersection,1.0
2044__12,2044,12,kaskus,2017-06-24 02:46:55,Lu tinggal tes mengemud buat ambil SIM.,"['tes', 'sim']","['tes', 'sim']","['tes', 'sim']",id,Kamu tinggal tes mengemud buat ambil sim.,Kamu tinggal tes mengemud buat ambil sim.,[],[],['tinggal'],[0.36490440368652344],['tinggal'],[0.36490440368652344],cluster_intersection,1.0
1177__2,1177,2,kaskus,2015-03-20 19:02:19,:iloveindonesias :iloveindonesias :iloveindonesias TS lucu amat...,['ts'],['Ts'],['Ts'],id,Ts lucu amat.,Ts lucu amat.,[],['ts'],"['lucu', 'ts']","[0.8531815409660339, 0.5617626905441284]","['lucu', 'ts']","[0.8531815409660339, 0.5617626905441284]",sentence_tokens,1.0
1736__0,1736,0,kaskus,2012-10-17 08:47:31,"justru energi baru itu dari nuklir,kalo ga ngapain negara2 maju kluarin milyaran dolar buat penelitian nuklir Cuma nuklirnya ya proses satunya lagi yaitu fusion.","['energi', 'nuklir', 'negara', 'kluarin milyaran', 'milyaran dolar', 'dolar', 'penelitian nuklir', 'nuklir proses', 'fusion', 'kluarin']","['energi baru', 'nuklir', 'negara', 'kluarin milyaran', 'milyaran dolar', 'dolar', 'penelitian nuklir', 'nuklir proses', 'fusion', 'kluarin']","['energi baru', 'nuklir', 'negara', 'kluarin milyaran', 'milyaran dolar', 'dolar', 'penelitian nuklir', 'nuklir proses', 'fusion', 'kluarin']",id,"Justru energi baru itu dari nuklir,kalau tidak sedang apa negara maju kluarin milyaran dolar buat penelitian nuklir cuma nuklirnya ya proses satunya lagi yaitu fusion.","Justru energi baru itu dari nuklir,kalau tidak sedang apa negara maju kluarin milyaran dolar buat penelitian nuklir cuma nuklirnya ya proses satunya lagi yaitu fusion.",[],"['nuklir', 'energi', 'negara', 'proses']","['nuklirnya', 'nuklir', 'energi', 'negara', 'proses', 'maju']","[0.5556298494338989, 0.5133193135261536, 0.25689637660980225, 0.12398901581764221, 0.08108793199062347, 0.010849433951079845]","['nuklirnya', 'nuklir', 'energi', 'negara', 'proses', 'maju']","[0.5556298494338989, 0.5133193135261536, 0.25689637660980225, 0.12398901581764221, 0.08108793199062347, 0.010849433951079845]",cluster_intersection,0.0
302__8,302,8,reddit,2023,jadi kalau rumahmu punya tenaga surya di atapnya dan ada surplus bisa dilempar ke jaringan luar dan bisa dijual .,"['rumah', 'tenaga surya', 'surya', 'atap', 'surplus', 'jaringan', 'tenaga']","['rumah', 'tenaga surya', 'surya', 'atap', 'surplus', 'jaringan', 'luar', 'tenaga']","['rumah', 'tenaga surya', 'surya', 'atap', 'surplus', 'jaringan', 'luar', 'tenaga']",id,Jadi kalau rumahmu punya tenaga surya di atapnya dan ada surplus bisa dilempar ke jaringan luar dan bisa dijual,Jadi kalau rumahmu punya tenaga surya di atapnya dan ada surplus bisa dilempar ke jaringan luar dan bisa dijual,[],"['surya', 'tenaga', 'jaringan']","['surya', 'tenaga', 'jaringan']","[0.3119255304336548, 0.1434095799922943, 0.08908995985984802]","['surya', 'tenaga', 'jaringan']","[0.3119255304336548, 0.1434095799922943, 0.08908995985984802]",cluster_intersection,0.0
573__15,573,15,kaskus,2016-01-27 21:15:02,"Tentunya banyak faktor penyebab berhentinya kegiatan eksplorasi tersebut antara lain kondisi finansial perusahaan pengembang, pemboran tidak membuahkan hasil (dry hole), dan masih ada banyak lagi.","['faktor penyebab', 'penyebab', 'kegiatan eksplorasi', 'eksplorasi', 'kondisi finansial perusahaan', 'perusahaan pengembang', 'pengembang', 'pemboran', 'hasil dry', 'dry hole', 'hole', 'kegiatan', 'kondisi', 'hasil']","['faktor penyebab', 'penyebab', 'kegiatan eksplorasi', 'eksplorasi', 'kondisi finansial perusahaan', 'perusahaan pengembang', 'pengembang', 'pemboran', 'hasil dry', 'dry hole', 'hole', 'kegiatan', 'kondisi', 'hasil']","['faktor penyebab', 'penyebab', 'kegiatan eksplorasi', 'eksplorasi', 'kondisi finansial perusahaan', 'perusahaan pengembang', 'pengembang', 'pemboran', 'hasil dry', 'dry hole', 'hole', 'kegiatan', 'kondisi', 'hasil']",id,"Tentunya banyak faktor penyebab berhentinya kegiatan eksplorasi tersebut antara lain kondisi finansial perusahaan pengembang, pemboran tidak membuahkan hasil dry hole dan masih ada banyak lagi.","Tentunya banyak faktor penyebab berhentinya kegiatan eksplorasi tersebut antara lain kondisi finansial perusahaan pengembang, pemboran tidak membuahkan hasil dry hole dan masih ada banyak lagi.",[],"['kondisi', 'perusahaan', 'hasil']","['kondisi', 'perusahaan', 'hasil']","[0.1415095329284668, 0.09295816719532013, 0.048700783401727676]","['kondisi', 'perusahaan', 'hasil']","[0.1415095329284668, 0.09295816719532013, 0.048700783401727676]",cluster_intersection,0.0
1669__5,1669,5,kaskus,2012-10-24 11:57:06,terus melonjak Orang tenang2 aja beraktivitas,['tenang'],"['orang tenang', 'orang']","['orang tenang', 'orang']",id,Terus melonjak orang tenang saja beraktivitas,Terus melonjak orang tenang saja beraktivitas,[],[],"['beraktivitas', 'melonjak', 'tenang']","[0.5575457215309143, 0.4718976318836212, 0.339318186044693]","['beraktivitas', 'melonjak', 'tenang']","[0.5575457215309143, 0.4718976318836212, 0.339318186044693]",sentence_tokens,1.0
1398__0,1398,0,kaskus,2013-12-05 10:53:53,"bangun aja diserpong lagi, sebelahnya siwabessy.....kalau ditempat lain bakalan ribut tuh......mending ditempat yg udah ada reaktor nuklirnya, jadi jatohnya extension","['siwabessy', 'ribut ditempat', 'ditempat', 'reaktor nuklir', 'nuklir', 'extension', 'reaktor']","['siwabessy', 'ribut ditempat', '.sebaik', '.sebaik ditempat', 'reaktor nuklir', 'nuklir', 'extension', 'reaktor']","['siwabessy', 'ribut ditempat', '.sebaik', '.sebaik ditempat', 'reaktor nuklir', 'nuklir', 'extension', 'reaktor']",id,"Bangun saja diserpong lagi, sebelahnya siwabessy.kalau ditempat lain bakalan ribut itu.sebaiknya ditempat yang sudah ada reaktor nuklirnya, jadi jatohnya extension","Bangun saja diserpong lagi, sebelahnya siwabessy.kalau ditempat lain bakalan ribut itu.sebaiknya ditempat yang sudah ada reaktor nuklirnya, jadi jatohnya extension",[],['reaktor'],"['reaktor', 'nuklirnya', 'bangun']","[0.41763728857040405, 0.4096333384513855, 0.08144097030162811]","['reaktor', 'nuklirnya', 'bangun']","[0.41763728857040405, 0.4096333384513855, 0.08144097030162811]",cluster_intersection,0.0
2057__5,2057,5,kaskus,2017-04-08 22:01:41,Energi nuklir adalah salah satu bentuk dari energi baru.,"['energi nuklir', 'nuklir', 'bentuk', 'energi']","['Energi nuklir', 'nuklir', 'bentuk', 'energi baru']","['Energi nuklir', 'nuklir', 'bentuk', 'energi baru']",id,Energi nuklir adalah salah satu bentuk dari energi baru.,Energi nuklir adalah salah satu bentuk dari energi baru.,[],"['nuklir', 'energi']","['nuklir', 'energi', 'salah']","[0.6219637393951416, 0.6024648547172546, 0.19521936774253845]","['nuklir', 'energi', 'salah']","[0.6219637393951416, 0.6024648547172546, 0.19521936774253845]",cluster_intersection,0.0
1082__0,1082,0,kaskus,2016-01-23 23:49:54,"Biar aja ngimpor, yg di jawa enak ga pernah ngerasain byar pet.","['jawa', 'pemadaman']","['jawa', 'pemadaman']","['jawa', 'pemadaman']",id,"Biar saja ngimpor, yang di jawa enak tidak pernah merasakan pemadaman.","Biar saja ngimpor, yang di jawa enak tidak pernah merasakan pemadaman.",[],"['pemadaman', 'jawa']","['pemadaman', 'jawa', 'enak']","[0.2704150378704071, 0.14829464256763458, 0.09850217401981354]","['pemadaman', 'jawa', 'enak']","[0.2704150378704071, 0.14829464256763458, 0.09850217401981354]",cluster_intersection,1.0
6__3,6,3,reddit,2022,Semoga aja ada yg beneran jadi secepatnya.,[],[],[],none,Semoga saja ada yang yakin jadi secepatnya.,Semoga saja ada yang yakin jadi secepatnya.,[],[],['secepatnya'],[0.9999999403953552],['secepatnya'],[0.9999999403953552],sentence_tokens,1.0
916__8,916,8,kaskus,2019-01-28 12:39:02,"Permen ESDM Nomor <NUM> Tahun <NUM> , Permen ESDM Nomor <NUM> tahun <NUM> , dan Permen <NUM> Tahun <NUM> .","['permen esdm', 'esdm nomor', 'nomor', 'permen esdm nomor', 'esdm', 'permen']","['Permen esdm tahun', 'esdm nomor', 'nomor', 'tahun', 'permen esdm nomor tahun', 'esdm', 'permen tahun']","['Permen esdm tahun', 'esdm nomor', 'nomor', 'tahun', 'permen esdm nomor tahun', 'esdm', 'permen tahun']",id,"Permen esdm nomor 10 tahun 2017, permen esdm nomor 11 tahun 2017, dan permen 12 tahun 2017.","Permen esdm nomor 10 tahun 2017, permen esdm nomor 11 tahun 2017, dan permen 12 tahun 2017.",[],['permen'],['permen'],[0.2770583927631378],['permen'],[0.2770583927631378],cluster_intersection,1.0
1243__1,1243,1,kaskus,2015-03-18 20:52:03,paling cuma bisa buat sekelurahan.,['sekelurahan'],['sekelurahan'],['sekelurahan'],id,Paling cuma bisa buat sekelurahan.,Paling cuma bisa buat sekelurahan.,[],['sekelurahan'],['sekelurahan'],[1.0],['sekelurahan'],[1.0],sentence_tokens,1.0
1058__13,1058,13,kaskus,2016-01-30 11:04:16,gak usah mikir dan gak capek kerja....,['kerja'],['kerja'],['kerja'],id,Tidak usah berpikir dan tidak lelah kerja.,Tidak usah berpikir dan tidak lelah kerja.,[],['kerja'],"['berpikir', 'kerja']","[0.5345414876937866, 0.4454435706138611]","['berpikir', 'kerja']","[0.5345414876937866, 0.4454435706138611]",cluster_intersection,1.0
1062__3,1062,3,kaskus,2016-01-30 08:06:37,"cuman memperindah angan-angan tapi nggak berdaya ketika berhadapan dengan kenyataan....rakyat jangan dicekokin ama hal-hal kayak gituan kita ini nggak sendirian hidup di dunia....kita juga membutuhkan orang lain, begitu juga dalam","['angan-angan', 'kenyataan', 'hal-hal', 'dunia']","['angan-angan', 'kenyataan', 'sama hal-hal', 'dunia', 'orang lain', 'hal-hal', 'orang']","['angan-angan', 'kenyataan', 'sama hal-hal', 'dunia', 'orang lain', 'hal-hal', 'orang']",id,"Cuman memperindah angan-angan tapi tidak berdaya ketika berhadapan dengan kenyataan.rakyat jangan dicekokin sama hal-hal seperti begitu kita ini tidak sendirian hidup di dunia.kita juga membutuhkan orang lain, begitu juga dalam","Cuman memperindah angan-angan tapi tidak berdaya ketika berhadapan dengan kenyataan.rakyat jangan dicekokin sama hal-hal seperti begitu kita ini tidak sendirian hidup di dunia.kita juga membutuhkan orang lain, begitu juga dalam",[],"['dunia', 'hidup', 'rakyat']","['dunia', 'hidup', 'rakyat', 'cuman']","[0.3136799931526184, 0.19448934495449066, 0.13593673706054688, 0.0723211020231247]","['dunia', 'hidup', 'rakyat', 'cuman']","[0.3136799931526184, 0.19448934495449066, 0.13593673706054688, 0.0723211020231247]",cluster_intersection,0.0
1981__2,1981,2,kaskus,2012-10-12 19:04:30,artinya sederhana : PLN masih belum efisien dalam mengelola kapasitas listrik yang sudah tersedia.,"['arti sederhana efisien', 'pln', 'kapasitas listrik', 'listrik', 'kapasitas']","['Arti sederhana efisien', 'pln', 'kapasitas listrik', 'listrik', 'kapasitas']","['Arti sederhana efisien', 'pln', 'kapasitas listrik', 'listrik', 'kapasitas']",id,Artinya sederhana pln masih belum efisien dalam mengelola kapasitas listrik yang sudah tersedia.,Artinya sederhana pln masih belum efisien dalam mengelola kapasitas listrik yang sudah tersedia.,[],"['kapasitas', 'listrik', 'pln']","['efisien', 'kapasitas', 'listrik', 'pln']","[0.45513468980789185, 0.33415061235427856, 0.3153339624404907, 0.006685500964522362]","['efisien', 'kapasitas', 'listrik', 'pln']","[0.45513468980789185, 0.33415061235427856, 0.3153339624404907, 0.006685500964522362]",cluster_intersection,0.0
1751__47,1751,47,kaskus,2012-10-16 21:06:37,Kesepuluh negara di atas tahu benar cara memanfaatkan energi secara maksimal demi kemakmuran rakyatnya,"['negara', 'energi', 'kemakmuran rakyat', 'rakyat', 'kemakmuran']","['negara', 'atas', 'benar cara', 'energi', 'kemakmuran rakyat', 'rakyat', 'cara', 'kemakmuran']","['negara', 'atas', 'benar cara', 'energi', 'kemakmuran rakyat', 'rakyat', 'cara', 'kemakmuran']",id,Kesepuluh negara di atas tahu benar cara memanfaatkan energi secara maksimal demi kemakmuran rakyatnya,Kesepuluh negara di atas tahu benar cara memanfaatkan energi secara maksimal demi kemakmuran rakyatnya,[],"['energi', 'negara']","['energi', 'negara']","[0.3866526484489441, 0.2695811986923218]","['energi', 'negara']","[0.3866526484489441, 0.2695811986923218]",cluster_intersection,0.0
1974__0,1974,0,kaskus,2012-10-12 19:29:38,"ring of fire kecuali kalimantan, kalimantan yg paling aman ...","['ring', 'fire', 'kalimantan']","['Ring', 'fire', 'kalimantan']","['Ring', 'fire', 'kalimantan']",id,"Ring fire kecuali kalimantan, kalimantan yang paling aman","Ring fire kecuali kalimantan, kalimantan yang paling aman",[],['kalimantan'],"['kalimantan', 'aman']","[0.28719520568847656, 0.2265286147594452]","['kalimantan', 'aman']","[0.28719520568847656, 0.2265286147594452]",cluster_intersection,1.0
1233__19,1233,19,kaskus,2015-03-20 07:58:27,"kenapa nuklir sebagai pembangkit listrik masih aja ditolak oia, kalo mau, agan bisa search kok nuklir untuk listrik sebetulnya cukup aman.",['url'],['Url'],['Url'],id,Url url,Url url,[],"['nuklir', 'listrik', 'pembangkit']","['nuklir', 'listrik', 'pembangkit', 'aman']","[0.5448809862136841, 0.19927352666854858, 0.11532962322235107, 0.08490963280200958]","['nuklir', 'listrik', 'pembangkit', 'aman']","[0.5448809862136841, 0.19927352666854858, 0.11532962322235107, 0.08490963280200958]",cluster_intersection,0.0
2365__2,2365,2,kaskus,2017-03-09 15:57:56,trus kalo model pembangkit tenaga air ga pake batere jg?,"['model pembangkit', 'pembangkit tenaga', 'tenaga air', 'air', 'baterai', 'model']","['model pembangkit', 'pembangkit tenaga', 'tenaga air', 'air', 'baterai', 'model']","['model pembangkit', 'pembangkit tenaga', 'tenaga air', 'air', 'baterai', 'model']",id,Terus kalau model pembangkit tenaga air tidak pakai baterai juga?,Terus kalau model pembangkit tenaga air tidak pakai baterai juga?,[],"['baterai', 'tenaga', 'pembangkit', 'air']","['baterai', 'tenaga', 'pembangkit', 'air', 'pakai']","[0.5158618688583374, 0.2813887298107147, 0.2093167006969452, 0.12382188439369202, 0.007808568887412548]","['baterai', 'tenaga', 'pembangkit', 'air', 'pakai']","[0.5158618688583374, 0.2813887298107147, 0.2093167006969452, 0.12382188439369202, 0.007808568887412548]",cluster_intersection,0.0
1898__2,1898,2,kaskus,2012-10-15 08:57:15,korea aja malah nambah PLTN terus...,"['korea', 'pltn']","['Korea', 'pltn']","['Korea', 'pltn']",id,Korea saja malah tambah pltn terus.,Korea saja malah tambah pltn terus.,[],['pltn'],['pltn'],[0.5349742770195007],['pltn'],[0.5349742770195007],cluster_intersection,1.0
2052__0,2052,0,kaskus,2017-04-30 20:56:22,entar indonesia manggil tony stark buat bangun arc reactor,"['indonesia', 'tony stark', 'stark', 'arc reactor', 'reactor', 'tony', 'arc']","['Nanti', 'indonesia', 'tony stark', 'stark', 'arc reactor', 'reactor', 'tony', 'arc']","['Nanti', 'indonesia', 'tony stark', 'stark', 'arc reactor', 'reactor', 'tony', 'arc']",id,Nanti indonesia memanggil tony stark buat bangun arc reactor,Nanti indonesia memanggil tony stark buat bangun arc reactor,[],['indonesia'],"['indonesia', 'bangun']","[0.40614446997642517, 0.13274307548999786]","['indonesia', 'bangun']","[0.40614446997642517, 0.13274307548999786]",cluster_intersection,0.0
142__0,142,0,reddit,2023,"Saya asumiin yang anda maksud itu MSR, dan ya itu aman banget sistem keamanannya udah dibikin simpel dan pakai hukum alam biar kalo fasilitas mati bisa tetep buang bahan bakar","['msr', 'sistem keamanan', 'keamanan', 'hukum alam', 'alam', 'fasilitas mati', 'bahan bakar', 'bakar', 'sistem', 'hukum', 'fasilitas', 'bahan']","['msr', 'sistem keamanan', 'keamanan', 'hukum alam', 'alam', 'fasilitas mati', 'bahan bakar', 'bakar', 'sistem', 'hukum', 'fasilitas', 'bahan']","['msr', 'sistem keamanan', 'keamanan', 'hukum alam', 'alam', 'fasilitas mati', 'bahan bakar', 'bakar', 'sistem', 'hukum', 'fasilitas', 'bahan']",id,"Saya mengasumsikan yang anda maksud itu msr, dan ya itu aman sekali sistem keamanannya sudah dibikin sederhana dan pakai hukum alam biar kalau fasilitas mati bisa tetap buang bahan bakar","Saya mengasumsikan yang anda maksud itu msr, dan ya itu aman sekali sistem keamanannya sudah dibikin sederhana dan pakai hukum alam biar kalau fasilitas mati bisa tetap buang bahan bakar",[],"['sistem', 'alam', 'bahan_bakar']","['sistem', 'aman', 'alam', 'bahan_bakar', 'mati', 'pakai']","[0.19106484949588776, 0.1817186325788498, 0.1570507138967514, 0.1443193107843399, 0.08869852870702744, 0.008125796914100647]","['sistem', 'aman', 'alam', 'bahan_bakar', 'mati', 'pakai']","[0.19106484949588776, 0.1817186325788498, 0.1570507138967514, 0.1443193107843399, 0.08869852870702744, 0.008125796914100647]",cluster_intersection,0.0
2223__7,2223,7,kaskus,2017-03-10 09:08:30,"sebenarnya, angin dan matahari cocok untuk program sosial pada saat ini.","['angin', 'matahari', 'program sosial', 'sosial', 'program']","['angin', 'matahari', 'program sosial', 'sosial', 'saat', 'program']","['angin', 'matahari', 'program sosial', 'sosial', 'saat', 'program']",id,"Sebenarnya, angin dan matahari cocok untuk program sosial pada saat ini.","Sebenarnya, angin dan matahari cocok untuk program sosial pada saat ini.",[],"['matahari', 'angin']","['matahari', 'angin', 'cocok']","[0.38848796486854553, 0.18262481689453125, 0.12781909108161926]","['matahari', 'angin', 'cocok']","[0.38848796486854553, 0.18262481689453125, 0.12781909108161926]",cluster_intersection,0.0
1654__1,1654,1,kaskus,2012-10-24 19:55:09,kalau IAEA akan memberikan pengawasan SUPER KETAT baik dari proses tender pembangunan sampai pengoperasian :siul yang koar-koar nampaknya lupa,"['iaea', 'pengawasan ketat', 'proses tender', 'tender pembangunan', 'pembangunan', 'pengoperasian', 'koar-koar', 'pengawasan']","['iaea', 'pengawasan ketat', 'proses tender', 'tender pembangunan', 'pembangunan', 'pengoperasian', 'koar-koar', 'pengawasan']","['iaea', 'pengawasan ketat', 'proses tender', 'tender pembangunan', 'pembangunan', 'pengoperasian', 'koar-koar', 'pengawasan']",id,Kalau iaea akan memberikan pengawasan super ketat baik dari proses tender pembangunan sampai pengoperasian yang koar-koar nampaknya lupa,Kalau iaea akan memberikan pengawasan super ketat baik dari proses tender pembangunan sampai pengoperasian yang koar-koar nampaknya lupa,[],"['pembangunan', 'proses']","['pembangunan', 'proses']","[0.21346595883369446, 0.2071223258972168]","['pembangunan', 'proses']","[0.21346595883369446, 0.2071223258972168]",cluster_intersection,0.0
2182__1,2182,1,kaskus,2017-03-10 13:04:59,:bingungs e,['e'],['E'],['E'],id,E,E,[],['e'],['e'],[1.0000001192092896],['e'],[1.0000001192092896],sentence_tokens,1.0
108__0,108,0,reddit,2023,"(Greenpeace) mereka banyak alasan sih, fearmongering di website mereka sendiri sampai-sampai nyamain senjata nuklir dengan PLTN, It makes me wonder who is financing Greenpeace, perhaps an oil and gas company?","['greenpeace', 'alasan fearmongering', 'website', 'senjata nuklir', 'nuklir', 'pltn', 'wonder', 'financing greenpeace', 'perhaps oil', 'oil gas', 'gas', 'company', 'senjata']","['Greenpeace', 'alasan fearmongering', 'website', 'senjata nuklir', 'nuklir', 'pltn', 'wonder', 'financing greenpeace', 'perhaps oil', 'oil gas', 'gas', 'company', 'senjata']","['Greenpeace', 'alasan fearmongering', 'website', 'senjata nuklir', 'nuklir', 'pltn', 'wonder', 'financing greenpeace', 'perhaps oil', 'oil gas', 'gas', 'company', 'senjata']",id,"Greenpeace mereka banyak alasan sih, fearmongering di website mereka sendiri sampai-sampai menyamakan senjata nuklir dengan pltn, makes wonder financing greenpeace, perhaps oil gas company?","Greenpeace mereka banyak alasan fearmongering di website mereka sendiri sampai-sampai menyamakan senjata nuklir dengan pltn, makes wonder financing greenpeace, perhaps oil gas company?",['sih'],"['nuklir', 'gas', 'alasan', 'senjata', 'pltn']","['nuklir', 'gas', 'alasan', 'senjata', 'pltn']","[0.32884904742240906, 0.2137753963470459, 0.15570153295993805, 0.12864810228347778, 0.03442534804344177]","['nuklir', 'gas', 'alasan', 'senjata', 'pltn']","[0.32884904742240906, 0.2137753963470459, 0.15570153295993805, 0.12864810228347778, 0.03442534804344177]",cluster_intersection,0.0
2035__1,2035,1,kaskus,2017-07-19 10:08:39,Potensi angin di Indonesia tidak besar jika dibandingkan dengan kebutuhan listrik Indonesia.,"['potensi angin', 'angin', 'indonesia', 'kebutuhan listrik', 'listrik', 'kebutuhan']","['Potensi angin besar', 'angin', 'indonesia', 'kebutuhan listrik', 'listrik', 'kebutuhan']","['Potensi angin besar', 'angin', 'indonesia', 'kebutuhan listrik', 'listrik', 'kebutuhan']",id,Potensi angin di indonesia tidak besar jika dibandingkan dengan kebutuhan listrik indonesia.,Potensi angin di indonesia tidak besar jika dibandingkan dengan kebutuhan listrik indonesia.,[],"['indonesia', 'potensi', 'listrik', 'kebutuhan', 'angin']","['indonesia', 'potensi', 'listrik', 'kebutuhan', 'angin', 'dibandingkan']","[0.42186641693115234, 0.34622007608413696, 0.2940201461315155, 0.22872763872146606, 0.14882926642894745, 0.07002399861812592]","['indonesia', 'potensi', 'listrik', 'kebutuhan', 'angin', 'dibandingkan']","[0.42186641693115234, 0.34622007608413696, 0.2940201461315155, 0.22872763872146606, 0.14882926642894745, 0.07002399861812592]",cluster_intersection,0.0
1852__16,1852,16,kaskus,2012-10-16 00:01:30,Bagaimana cara menanganinya?,"['nuklir', 'energi']","['Nuklir', 'energi']","['Nuklir', 'energi']",id,Nuklir adalah energi yang luar biasa besar.,Nuklir adalah energi yang luar biasa besar.,[],[],['menanganinya'],[1.0],['menanganinya'],[1.0],sentence_tokens,1.0
1861__0,1861,0,kaskus,2012-10-15 23:32:53,Setuju aja siihh..,['setuju siihh'],['Setuju saja siihh'],['Setuju saja siihh'],en,Setuju saja siihh.,Setuju saja siihh.,[],[],['setuju'],[0.973290741443634],['setuju'],[0.973290741443634],cluster_intersection,1.0
2496__4,2496,4,kaskus,2016-10-15 07:38:11,"soalnya hasil diskusi dengan senior dan kuliah, pembangkit panasbumi harus di monitoring","['hasil diskusi', 'diskusi', 'senior', 'kuliah', 'pembangkit panas bumi', 'bumi', 'hasil', 'pembangkit']","['hasil diskusi', 'diskusi', 'senior', 'kuliah', 'pembangkit panas bumi', 'bumi', 'hasil', 'pembangkit']","['hasil diskusi', 'diskusi', 'senior', 'kuliah', 'pembangkit panas bumi', 'bumi', 'hasil', 'pembangkit']",id,"Soalnya hasil diskusi dengan senior dan kuliah, pembangkit panas bumi harus di monitoring","Soalnya hasil diskusi dengan senior dan kuliah, pembangkit panas bumi harus di monitoring",[],"['panas_bumi', 'hasil', 'pembangkit']","['panas_bumi', 'hasil', 'pembangkit']","[0.22467154264450073, 0.12974131107330322, 0.056278739124536514]","['panas_bumi', 'hasil', 'pembangkit']","[0.22467154264450073, 0.12974131107330322, 0.056278739124536514]",cluster_intersection,0.0
2034__0,2034,0,kaskus,2017-07-19 20:25:45,Jerman masih nyambung sebagian energinya pake pltn nya perancis....,"['jerman', 'energi', 'pltn', 'perancis']","['Jerman', 'sebagian', 'energi', 'pltn', 'perancis']","['Jerman', 'sebagian', 'energi', 'pltn', 'perancis']",id,Jerman masih sambung sebagian energinya pakai pltn nya perancis.,Jerman masih sambung sebagian energinya pakai pltn nya perancis.,[],"['jerman', 'pltn']","['jerman', 'pltn', 'pakai']","[0.1371823102235794, 0.10817798972129822, -0.010817598551511765]","['jerman', 'pltn', 'pakai']","[0.1371823102235794, 0.10817798972129822, -0.010817598551511765]",cluster_intersection,0.0
1981__13,1981,13,kaskus,2012-10-12 19:04:30,jangan sampai investasi yang telah dikucurkan akhirnya menjad duri di dalam daging dan menambah beban finansial untuk PLN sendiri CMIIW,,,,,,,,"['investasi', 'pln']","['investasi', 'pln']","[0.26131218671798706, 0.03111729957163334]","['investasi', 'pln']","[0.26131218671798706, 0.03111729957163334]",cluster_intersection,0.0
1286__2,1286,2,kaskus,2016-04-24 21:39:47,kebayang gak jepang yg udh semaju itu budaya dan pendidikan masyarakatnya masih ketar-ketir jg pas tau reaktornya bocor.,"['jepang', 'budaya', 'pendidikan masyarakat', 'masyarakat', 'reaktor']","['jepang', 'budaya', 'pendidikan masyarakat', 'masyarakat', 'reaktor']","['jepang', 'budaya', 'pendidikan masyarakat', 'masyarakat', 'reaktor']",id,Kebayang tidak jepang yang sudah semaju itu budaya dan pendidikan masyarakatnya masih ketar-ketir juga tepat tahu reaktornya bocor.,Kebayang tidak jepang yang sudah semaju itu budaya dan pendidikan masyarakatnya masih ketar-ketir juga tepat tahu reaktornya bocor.,[],['jepang'],"['jepang', 'bocor']","[0.32028013467788696, -0.005159564316272736]","['jepang', 'bocor']","[0.32028013467788696, -0.005159564316272736]",cluster_intersection,0.0
916__3,916,3,kaskus,2019-01-28 12:39:02,Lo bawa bawa permen no <NUM> tahun <NUM> di atas itu bahas PLTS...,"['permen', 'plts']","['permen tahun', 'tahun', 'atas', 'plts', 'permen']","['permen tahun', 'tahun', 'atas', 'plts', 'permen']",id,Kamu bawa bawa permen 49 tahun 2018 di atas itu bahas plts.,Kamu bawa bawa permen 49 tahun 2018 di atas itu bahas plts.,[],"['permen', 'plts']","['bawa', 'bahas', 'permen', 'plts']","[0.4165589511394501, 0.3834206461906433, 0.37716013193130493, 0.32342225313186646]","['bawa', 'bahas', 'permen', 'plts']","[0.4165589511394501, 0.3834206461906433, 0.37716013193130493, 0.32342225313186646]",cluster_intersection,1.0
1858__1,1858,1,kaskus,2012-10-15 23:40:43,dari situ kita bisa manfaatiin tuh untuk pengurangan utang dll misalnya.,"['pengurangan utang', 'utang', 'pengurangan']","['pengurangan utang', 'utang', 'dll', 'misal', 'pengurangan']","['pengurangan utang', 'utang', 'dll', 'misal', 'pengurangan']",id,Dari anda kita bisa manfaatiin itu untuk pengurangan utang dll misalnya.,Dari anda kita bisa manfaatiin itu untuk pengurangan utang dll misalnya.,[],"['utang', 'pengurangan', 'manfaatiin']","['utang', 'pengurangan', 'manfaatiin']","[0.6683887243270874, 0.562890887260437, 0.43133872747421265]","['utang', 'pengurangan', 'manfaatiin']","[0.6683887243270874, 0.562890887260437, 0.43133872747421265]",sentence_tokens,1.0
1039__0,1039,0,kaskus,2015-12-27 23:43:31,"Setahun 16T dana cadangan, sehari berarti sekitar 44M masuk kas ...","['setahun 16t dana', '16t', 'dana cadangan', 'cadangan', 'sehari', 'kas', 'setahun']","['Setahun 16t dana', '16t', 'dana cadangan', 'cadangan', 'sehari', 'kas', 'Setahun']","['Setahun 16t dana', '16t', 'dana cadangan', 'cadangan', 'sehari', 'kas', 'Setahun']",id,"Setahun 16t dana cadangan, sehari berarti sekitar 44m masuk kas","Setahun 16t dana cadangan, sehari berarti sekitar 44m masuk kas",[],['cadangan'],"['masuk', 'cadangan']","[0.014234432950615883, -0.015987973660230637]","['masuk', 'cadangan']","[0.014234432950615883, -0.015987973660230637]",cluster_intersection,0.0
1671__4,1671,4,kaskus,2012-10-24 11:50:22,"Namun, jika terjadi kerusakan atau kebocoran, hal itu baru bisa terselesaikan setelah <NUM> tahun, kata dia menjawab pers di Hotel Atlet Century, Jakarta, kemarin.","['kerusakan', 'kebocoran', 'pers', 'hotel atlet', 'atlet', 'century', 'jakarta', 'kemarin']","['kerusakan', 'kebocoran', 'hal', 'tahun', 'kata', 'pers', 'hotel atlet', 'atlet', 'century', 'jakarta', 'kemarin']","['kerusakan', 'kebocoran', 'hal', 'tahun', 'kata', 'pers', 'hotel atlet', 'atlet', 'century', 'jakarta', 'kemarin']",id,"Namun, jika terjadi kerusakan atau kebocoran, hal itu baru bisa terselesaikan setelah 500 tahun, kata dia menjawab pers di hotel atlet century, jakarta, kemarin.","Namun, jika terjadi kerusakan atau kebocoran, hal itu baru bisa terselesaikan setelah 500 tahun, kata dia menjawab pers di hotel atlet century, jakarta, kemarin.",[],"['kebocoran', 'jakarta']","['kemarin', 'kebocoran', 'jakarta']","[0.13028541207313538, -0.008359557949006557, -0.0138014554977417]","['kemarin', 'kebocoran', 'jakarta']","[0.13028541207313538, -0.008359557949006557, -0.0138014554977417]",cluster_intersection,0.0
1528__1,1528,1,kaskus,2012-12-23 14:52:25,jangan di pu au jawa deh :Peace:,"['au jawa', 'jawa']","['au jawa', 'jawa']","['au jawa', 'jawa']",id,Jangan di pu au jawa deh,Jangan di pu au jawa,['deh'],['jawa'],['jawa'],[0.8151084184646606],['jawa'],[0.8151084184646606],cluster_intersection,1.0
482__2,482,2,kaskus,2017-08-18 21:06:14,Cuma itu doang dr EBT yg bisa STABIL (paling penting) dan besar outputnya :p yg lainnya...,"['ebt', 'output']","['ebt', 'output']","['ebt', 'output']",id,Cuma itu saja dari ebt yang bisa stabil paling penting dan besar outputnya yang lainnya.,Cuma itu saja dari ebt yang bisa stabil paling penting dan besar outputnya yang lainnya.,[],['ebt'],['ebt'],[0.3676283657550812],['ebt'],[0.3676283657550812],cluster_intersection,1.0
2474__5,2474,5,kaskus,2016-10-15 10:23:09,infrastruktur mahal dong.,"['pemboran eksplorasi', 'eksplorasi', 'dana', 'pemboran']","['Kemungkinan', 'pemboran eksplorasi', 'eksplorasi besar', 'dana', 'pemboran']","['Kemungkinan', 'pemboran eksplorasi', 'eksplorasi besar', 'dana', 'pemboran']",id,"Kemungkinan gagal di pemboran eksplorasi besar, dana yang dikeluarkan di awal besar.","Kemungkinan gagal di pemboran eksplorasi besar, dana yang dikeluarkan di awal besar.",[],[],['mahal'],[0.276787132024765],['mahal'],[0.276787132024765],cluster_intersection,1.0
434__1,434,1,kaskus,2017-08-28 05:59:14,"Diperlukan eksplorasi panas bumi detail Dan mendalam di lapangan mengenai potensinya, yg belum tentu sukses atau kapasitasnya sesuai harapan.","['eksplorasi panas bumi', 'bumi detail', 'lapangan', 'potensi', 'sukses', 'kapasitas harapan', 'harapan', 'eksplorasi']","['eksplorasi panas bumi', 'bumi detail', 'lapangan', 'potensi', 'sukses', 'kapasitas harapan', 'sesuai harapan', 'eksplorasi']","['eksplorasi panas bumi', 'bumi detail', 'lapangan', 'potensi', 'sukses', 'kapasitas harapan', 'sesuai harapan', 'eksplorasi']",id,"Diperlukan eksplorasi panas bumi detail dan mendalam di lapangan mengenai potensinya, yang belum tentu sukses atau kapasitasnya sesuai harapan.","Diperlukan eksplorasi panas bumi detail dan mendalam di lapangan mengenai potensinya, yang belum tentu sukses atau kapasitasnya sesuai harapan.",[],"['panas_bumi', 'lapangan']","['panas_bumi', 'lapangan']","[0.28216326236724854, 0.06150925159454346]","['panas_bumi', 'lapangan']","[0.28216326236724854, 0.06150925159454346]",cluster_intersection,0.0
2223__1,2223,1,kaskus,2017-03-10 09:08:30,dimana nuklir itu biasanya bersebrangan dengan renewable energy.,"['nuklir', 'terbarukan energi', 'energi', 'terbarukan']","['nuklir', 'terbarukan energi', 'energi', 'terbarukan']","['nuklir', 'terbarukan energi', 'energi', 'terbarukan']",id,Dimana nuklir itu biasanya bersebrangan dengan terbarukan energi.,Dimana nuklir itu biasanya bersebrangan dengan terbarukan energi.,[],"['nuklir', 'energi']","['nuklir', 'energi', 'terbarukan']","[0.6834222674369812, 0.4934781789779663, 0.3555266261100769]","['nuklir', 'energi', 'terbarukan']","[0.6834222674369812, 0.4934781789779663, 0.3555266261100769]",cluster_intersection,0.0
1774__2,1774,2,kaskus,2012-10-16 15:18:14,cuma bisa ngidupin sebagain kecil area rumah dengan daya ngga lebih dari 300w/rumah.,"['area rumah', 'rumah', 'daya', 'area']","['kecil area rumah', 'rumah', 'daya', 'area']","['kecil area rumah', 'rumah', 'daya', 'area']",id,Cuma bisa menghidupkan sebagain kecil area rumah dengan daya tidak lebih dari 300w rumah.,Cuma bisa menghidupkan sebagain kecil area rumah dengan daya tidak lebih dari 300w rumah.,[],"['rumah', 'daya']","['rumah', 'daya']","[0.28840869665145874, 0.0404067263007164]","['rumah', 'daya']","[0.28840869665145874, 0.0404067263007164]",cluster_intersection,0.0
1388__0,1388,0,kaskus,2014-01-05 22:09:49,tau gak napa fukushima bisa meltdown ?,"['fukushima', 'meltdown']","['fukushima', 'meltdown']","['fukushima', 'meltdown']",id,Tahu tidak kenapa fukushima bisa meltdown,Tahu tidak kenapa fukushima bisa meltdown,[],['fukushima'],['fukushima'],[0.7956972718238831],['fukushima'],[0.7956972718238831],cluster_intersection,0.0
1725__0,1725,0,kaskus,2012-10-17 19:44:12,"waduhh, thorium aja masih dalam tahap riset, butuh bertahun-tahun pasti","['waduhh', 'thorium', 'tahap riset', 'riset', 'bertahun-tahun']","['Waduhh', 'thorium', 'tahap riset', 'riset', 'bertahun-tahun pasti', 'bertahun-tahun']","['Waduhh', 'thorium', 'tahap riset', 'riset', 'bertahun-tahun pasti', 'bertahun-tahun']",id,"Waduhh, thorium saja masih dalam tahap riset, butuh bertahun-tahun pasti","Waduhh, thorium saja masih dalam tahap riset, butuh bertahun-tahun pasti",[],"['thorium', 'riset']","['thorium', 'riset', 'butuh']","[0.47945743799209595, 0.21594303846359253, 0.14442595839500427]","['thorium', 'riset', 'butuh']","[0.47945743799209595, 0.21594303846359253, 0.14442595839500427]",cluster_intersection,0.0
489__1,489,1,kaskus,2013-06-23 12:25:11,Lainnya dibawah 10Mw,['10mw'],['10mw'],['10mw'],id,Lainnya dibawah 10mw,Lainnya dibawah 10mw,[],['10mw'],"['10mw', 'dibawah']","[0.8391181230545044, 0.5285878777503967]","['10mw', 'dibawah']","[0.8391181230545044, 0.5285878777503967]",sentence_tokens,1.0
2505__2,2505,2,kaskus,2016-10-15 06:49:47,":ngakak yap tepat dan benar, biaya untuk membangun sebuah PLTU (atau kami lebih suka menyebutnya PLTP) itu sangat mahal,, mulai dari research sampai keluar uap itu tidaklah murah, blom lagi","['biaya', 'pltu', 'pltp', 'research', 'uap']","['tepat biaya', 'pltu', 'pltp', 'research', 'uap']","['tepat biaya', 'pltu', 'pltp', 'research', 'uap']",id,"Yap tepat dan benar, biaya untuk membangun sebuah pltu atau kami lebih suka menyebutnya pltp itu sangat mahal,, mulai dari research sampai keluar uap itu tidaklah murah, belum lagi","tepat dan benar, biaya untuk membangun sebuah pltu atau kami lebih suka menyebutnya pltp itu sangat mahal,, mulai dari research sampai keluar uap itu tidaklah murah, belum lagi",['yap'],"['biaya', 'uap', 'pltp', 'pltu']","['biaya', 'murah', 'membangun', 'uap', 'pltp', 'mahal', 'pltu']","[0.32938331365585327, 0.2123890221118927, 0.20239689946174622, 0.0822315588593483, 0.061625827103853226, 0.055717289447784424, 0.02693100832402706]","['biaya', 'murah', 'membangun', 'uap', 'pltp', 'mahal', 'pltu']","[0.32938331365585327, 0.2123890221118927, 0.20239689946174622, 0.0822315588593483, 0.061625827103853226, 0.055717289447784424, 0.02693100832402706]",cluster_intersection,0.0
630__0,630,0,kaskus,2022-05-04 13:57:56,img <URL> It s time for....,"['img', 'url', 'time']","['Img', 'url', 'time']","['Img', 'url', 'time']",id,Img url time,Img url time,[],['img'],['img'],[0.5684386491775513],['img'],[0.5684386491775513],cluster_intersection,1.0
2109__5,2109,5,kaskus,2017-03-13 14:58:39,Alpha radiation can be stopped by PAPER.,"['alpha', 'radiation', 'stopped', 'paper']","['Alpha', 'radiation', 'stopped', 'paper']","['Alpha', 'radiation', 'stopped', 'paper']",id,Alpha radiation stopped paper.,Alpha radiation stopped paper.,[],"['alpha', 'radiation', 'paper', 'stopped']","['alpha', 'radiation', 'paper', 'stopped']","[0.49223992228507996, 0.465166836977005, 0.44460707902908325, 0.24885860085487366]","['alpha', 'radiation', 'paper', 'stopped']","[0.49223992228507996, 0.465166836977005, 0.44460707902908325, 0.24885860085487366]",sentence_tokens,0.0
224__0,224,0,reddit,2022,"Kita udah tanda tangan perjanjian ini, so no.","['tanda tangan', 'tangan perjanjian', 'perjanjian']","['tanda tangan', 'tangan perjanjian', 'perjanjian']","['tanda tangan', 'tangan perjanjian', 'perjanjian']",id,"Kita sudah tanda tangan perjanjian ini,","Kita sudah tanda tangan perjanjian ini,",[],"['perjanjian', 'tanda', 'tangan']","['perjanjian', 'tanda', 'tangan']","[0.6879163980484009, 0.6866076588630676, 0.34606117010116577]","['perjanjian', 'tanda', 'tangan']","[0.6879163980484009, 0.6866076588630676, 0.34606117010116577]",sentence_tokens,1.0
917__10,917,10,kaskus,2019-01-28 11:28:15,kok muter muter...,"['berputar berputar', 'berputar']","['Kok berputar berputar', 'berputar']","['Kok berputar berputar', 'berputar']",en,Kok berputar berputar.,Kok berputar berputar.,[],[],['berputar'],[0.8799488544464111],['berputar'],[0.8799488544464111],cluster_intersection,1.0
2380__3,2380,3,kaskus,2017-03-09 08:43:21,"url <URL> Sedangkan Denmark di Eropa tidak punya tambang uranium,","['url', 'denmark', 'eropa', 'tambang uranium', 'uranium', 'tambang']","['Url', 'denmark', 'eropa', 'tambang uranium', 'uranium', 'tambang']","['Url', 'denmark', 'eropa', 'tambang uranium', 'uranium', 'tambang']",id,"Url url sedangkan denmark di eropa tidak punya tambang uranium,","Url url sedangkan denmark di eropa tidak punya tambang uranium,",[],"['uranium', 'eropa', 'url']","['uranium', 'eropa', 'url']","[0.6698008179664612, 0.315855473279953, 0.2487836480140686]","['uranium', 'eropa', 'url']","[0.6698008179664612, 0.315855473279953, 0.2487836480140686]",cluster_intersection,0.0
1559__0,1559,0,kaskus,2012-12-21 15:27:44,buat apaan pake tenaga nuklir?,"['tenaga nuklir', 'nuklir', 'tenaga']","['apaan', 'tenaga nuklir', 'nuklir', 'tenaga']","['apaan', 'tenaga nuklir', 'nuklir', 'tenaga']",id,Buat apaan pakai tenaga nuklir?,Buat apaan pakai tenaga nuklir?,[],"['nuklir', 'tenaga']","['nuklir', 'tenaga', 'pakai']","[0.788453221321106, 0.5890622735023499, 0.1660480499267578]","['nuklir', 'tenaga', 'pakai']","[0.788453221321106, 0.5890622735023499, 0.1660480499267578]",cluster_intersection,0.0
337__1,337,1,reddit,2019,"is Private entities supervised our SDM for power company not adequate yet (not for the next decade at least) to handle nuclear, initial kickstart would ideally be lead by the",['private'],['Private'],['Private'],id,"Private entities supervised sdm power company adequate yet next decade least handle nuklir, initial kickstart would ideally lead","Private entities supervised sdm power company adequate yet next decade least handle nuklir, initial kickstart would ideally lead",[],[],"['nuklir', 'power', 'sdm']","[0.23223373293876648, 0.11308029294013977, 0.07683669775724411]","['nuklir', 'power', 'sdm']","[0.23223373293876648, 0.11308029294013977, 0.07683669775724411]",cluster_intersection,0.0
607__2,607,2,kaskus,2015-04-24 10:20:03,Tapi kok kayaknya malah lebih rame mengenai pembangunan PLTN ya.,"['pembangunan pltn', 'pltn', 'pembangunan']","['pembangunan pltn', 'pltn', 'pembangunan']","['pembangunan pltn', 'pltn', 'pembangunan']",id,Tapi kok sepertinya malah lebih ramai mengenai pembangunan pltn ya.,Tapi kok sepertinya malah lebih ramai mengenai pembangunan pltn ya.,[],['pltn'],['pltn'],[0.18888241052627563],['pltn'],[0.18888241052627563],cluster_intersection,1.0
877__0,877,0,kaskus,2012-11-07 12:16:44,"semoga bisa diterapin di Indonesia tuh sumber energi yg ramah lingkungan, kyaknya sebagian dah ada yah di Indonesia :iloveindonesias:iloveindonesias bantu :rate5 gan:sundulgans","['indonesia', 'sumber energi', 'energi', 'lingkungan', 'sundulgans', 'sumber']","['Semoga', 'indonesia', 'sumber energi', 'energi', 'lingkungan', 'sebagian', 'iloveindonesias', 'gan sundulgans', 'sundulgans', 'sumber', 'gan']","['Semoga', 'indonesia', 'sumber energi', 'energi', 'lingkungan', 'sebagian', 'iloveindonesias', 'gan sundulgans', 'sundulgans', 'sumber', 'gan']",id,"Semoga bisa diterapin di indonesia itu sumber energi yang ramah lingkungan, kyaknya sebagian sudah ada ya di indonesia iloveindonesias bantu gan sundulgans","Semoga bisa diterapin di indonesia itu sumber energi yang ramah lingkungan, kyaknya sebagian sudah ada ya di indonesia iloveindonesias bantu gan sundulgans",[],"['indonesia', 'energi', 'ramah_lingkungan', 'sumber']","['indonesia', 'energi', 'ramah_lingkungan', 'sumber']","[0.41792306303977966, 0.3058110475540161, 0.23119805753231049, 0.21706697344779968]","['indonesia', 'energi', 'ramah_lingkungan', 'sumber']","[0.41792306303977966, 0.3058110475540161, 0.23119805753231049, 0.21706697344779968]",cluster_intersection,0.0
476__0,476,0,kaskus,2017-08-20 14:25:20,"Tul gan, disitu tantangan teknis yang di negara maju sebenarnya sudah terjawab di negara maju seperti Jerman hehehe, oh ya ane juga udah nulis buat 15HariCeritaEnergi hari ke <NUM> gans,","['tul', 'tantangan teknis', 'negara', 'jerman', '15hariceritaenergi', 'gans', 'tantangan']","['Tul', 'tempat', 'tantangan teknis', 'negara', 'jerman', '15hariceritaenergi hari', 'hari', 'gans', 'tantangan', '15hariceritaenergi']","['Tul', 'tempat', 'tantangan teknis', 'negara', 'jerman', '15hariceritaenergi hari', 'hari', 'gans', 'tantangan', '15hariceritaenergi']",id,"Tul gan, di tempat itu tantangan teknis yang di negara maju sebenarnya sudah terjawab di negara maju seperti jerman hehehe, oh ya saya juga sudah nulis buat 15hariceritaenergi hari ke 4 gans,","Tul gan, di tempat itu tantangan teknis yang di negara maju sebenarnya sudah terjawab di negara maju seperti jerman hehehe, ya saya juga sudah nulis buat 15hariceritaenergi hari ke 4 gans,",['oh'],"['negara', 'jerman']","['negara', 'maju', 'jerman']","[0.16827170550823212, 0.020125754177570343, 0.006562434136867523]","['negara', 'maju', 'jerman']","[0.16827170550823212, 0.020125754177570343, 0.006562434136867523]",cluster_intersection,0.0
1401__0,1401,0,kaskus,2013-12-05 09:25:47,klo dipake bom nuklir juga boleh..kan negara jadi punya nilai tawar di mata negara lain...,"['bom nuklir', 'nuklir', 'negara', 'nilai tawar', 'mata negara', 'bom', 'nilai']","['bom nuklir', 'nuklir', 'negara', 'nilai tawar', 'mata negara', 'negara lain', 'bom', 'nilai']","['bom nuklir', 'nuklir', 'negara', 'nilai tawar', 'mata negara', 'negara lain', 'bom', 'nilai']",id,Kalau dipakai bom nuklir juga boleh.kan negara jadi punya nilai tawar di mata negara lain.,Kalau dipakai bom nuklir juga boleh.kan negara jadi punya nilai tawar di mata negara lain.,[],"['nuklir', 'negara']","['nuklir', 'negara', 'dipakai']","[0.5706589818000793, 0.320321261882782, 0.15326380729675293]","['nuklir', 'negara', 'dipakai']","[0.5706589818000793, 0.320321261882782, 0.15326380729675293]",cluster_intersection,0.0
373__1,373,1,reddit,2023,Apa karna mager tata ulang kotanya yah ?,"['malas gerak', 'gerak tata', 'tata ulang kota', 'ulang', 'kota']","['malas gerak', 'gerak tata', 'tata ulang kota', 'ulang', 'kota']","['malas gerak', 'gerak tata', 'tata ulang kota', 'ulang', 'kota']",id,Apa karena malas gerak tata ulang kotanya ya,Apa karena malas gerak tata ulang kotanya ya,[],"['ulang', 'malas', 'gerak', 'tata']","['kotanya', 'ulang', 'malas', 'gerak', 'tata']","[0.5579877495765686, 0.259366899728775, 0.11698833107948303, 0.04901106655597687, 0.009997887536883354]","['kotanya', 'ulang', 'malas', 'gerak', 'tata']","[0.5579877495765686, 0.259366899728775, 0.11698833107948303, 0.04901106655597687, 0.009997887536883354]",sentence_tokens,0.0
710__7,710,7,kaskus,2021-11-17 09:31:03,Tapi kalau belum seperti itu ya sebaiknya jangan deh.,[],[],[],none,Tapi kalau belum seperti itu ya sebaiknya jangan deh.,Tapi kalau belum seperti itu ya sebaiknya jangan,['deh'],,,,,,,
1058__1,1058,1,kaskus,2016-01-30 11:04:16,gak usah repot repot swasembada....,['swasembada'],['swasembada'],['swasembada'],id,Tidak usah repot repot swasembada.,Tidak usah repot repot swasembada.,[],['swasembada'],"['swasembada', 'repot']","[0.6728988885879517, 0.5157865881919861]","['swasembada', 'repot']","[0.6728988885879517, 0.5157865881919861]",sentence_tokens,1.0
2357__2,2357,2,kaskus,2017-03-09 19:20:29,Khusus nya di tempat reaktor nuklir yg rusak itu (terdampak gempa paling keras),"['khusus', 'reaktor', 'reaktor nuklir', 'nuklir', 'gempa keras', 'gempa']","['Khusus', 'tempat reaktor', 'reaktor nuklir', 'nuklir', 'gempa keras', 'gempa']","['Khusus', 'tempat reaktor', 'reaktor nuklir', 'nuklir', 'gempa keras', 'gempa']",id,Khusus nya di tempat reaktor nuklir yang rusak itu terdampak gempa paling keras,Khusus nya di tempat reaktor nuklir yang rusak itu terdampak gempa paling keras,[],"['nuklir', 'reaktor', 'gempa']","['nuklir', 'reaktor', 'gempa']","[0.4769723415374756, 0.4392127990722656, 0.3005034923553467]","['nuklir', 'reaktor', 'gempa']","[0.4769723415374756, 0.4392127990722656, 0.3005034923553467]",cluster_intersection,0.0
917__7,917,7,kaskus,2019-01-28 11:28:15,tapi masih berusaha mengejar target..,['target'],['target'],['target'],id,Tapi masih berusaha mengejar target.,Tapi masih berusaha mengejar target.,[],['target'],['target'],[0.6824661493301392],['target'],[0.6824661493301392],cluster_intersection,1.0
1725__5,1725,5,kaskus,2012-10-17 19:44:12,"padahal pembangkit2 tersebut butuh bahan bakar lain yang justru gak efisien,","['pembangkit', 'bahan bakar', 'bakar', 'bahan']","['pembangkit', 'bahan bakar', 'bakar lain', 'bahan']","['pembangkit', 'bahan bakar', 'bakar lain', 'bahan']",id,"Padahal pembangkit tersebut butuh bahan bakar lain yang justru tidak efisien,","Padahal pembangkit tersebut butuh bahan bakar lain yang justru tidak efisien,",[],"['bahan_bakar', 'pembangkit']","['efisien', 'bahan_bakar', 'pembangkit', 'butuh']","[0.5304520130157471, 0.41013771295547485, 0.34316664934158325, 0.23006702959537506]","['efisien', 'bahan_bakar', 'pembangkit', 'butuh']","[0.5304520130157471, 0.41013771295547485, 0.34316664934158325, 0.23006702959537506]",cluster_intersection,0.0
2390__0,2390,0,kaskus,2025-02-24 13:05:21,mention replykgpt /mention berikan contoh energi bersih,"['mention', 'replykgpt', 'contoh energi', 'energi bersih', 'contoh']","['Mention', 'replykgpt', 'contoh energi', 'energi bersih', 'contoh']","['Mention', 'replykgpt', 'contoh energi', 'energi bersih', 'contoh']",id,Mention replykgpt mention berikan contoh energi bersih,Mention replykgpt mention berikan contoh energi bersih,[],"['energi', 'contoh']","['energi', 'bersih', 'contoh']","[0.3721349835395813, 0.29129377007484436, 0.28010258078575134]","['energi', 'bersih', 'contoh']","[0.3721349835395813, 0.29129377007484436, 0.28010258078575134]",cluster_intersection,0.0
1846__6,1846,6,kaskus,2012-10-16 00:32:06,"turbin gas, dan masih banyak lagi .","['turbin gas', 'gas']","['Turbin gas', 'gas']","['Turbin gas', 'gas']",id,"Turbin gas, dan masih banyak lagi","Turbin gas, dan masih banyak lagi",[],"['gas', 'turbin']","['gas', 'turbin']","[0.8329328298568726, 0.7455660104751587]","['gas', 'turbin']","[0.8329328298568726, 0.7455660104751587]",cluster_intersection,0.0
1457__2,1457,2,kaskus,2013-12-03 11:04:19,SERPONG (jadi area penguburan limbah Radioactive bekas medis dan <NUM> reaktor lain di seluruh Indo sejak <NUM> ) :p,"['serpong', 'area penguburan', 'penguburan limbah', 'limbah radioactive', 'radioactive bekas medis', 'reaktor', 'indonesia', 'area']","['Serpong', 'area penguburan', 'penguburan limbah', 'limbah radioactive', 'radioactive bekas medis', 'reaktor lain', 'indonesia', 'area']","['Serpong', 'area penguburan', 'penguburan limbah', 'limbah radioactive', 'radioactive bekas medis', 'reaktor lain', 'indonesia', 'area']",id,Serpong jadi area penguburan limbah radioactive bekas medis dan 3 reaktor lain di seluruh indonesia sejak 1987,Serpong jadi area penguburan limbah radioactive bekas medis dan 3 reaktor lain di seluruh indonesia sejak 1987,[],"['reaktor', 'indonesia', 'limbah']","['reaktor', 'indonesia', 'limbah']","[0.37535208463668823, 0.2751522660255432, 0.23107828199863434]","['reaktor', 'indonesia', 'limbah']","[0.37535208463668823, 0.2751522660255432, 0.23107828199863434]",cluster_intersection,0.0
1852__10,1852,10,kaskus,2012-10-16 00:01:30,"Mana yang banyak didukung, ikut-ikutan mendukung.",[],[],[],none,"Mana yang ditolak, ikut-ikutan menolak meski tidak tahu apa-apa.","Mana yang ditolak, ikut-ikutan menolak meski tidak tahu apa-apa.",[],['mendukung'],"['mendukung', 'didukung', 'ikutan']","[0.70123291015625, 0.6965956687927246, 0.34155791997909546]","['mendukung', 'didukung', 'ikutan']","[0.70123291015625, 0.6965956687927246, 0.34155791997909546]",sentence_tokens,1.0
1781__13,1781,13,kaskus,2012-10-16 14:13:30,Lw pikir nyiptain teknologi gitu gampang?,"['lw', 'teknologi gampang', 'teknologi']","['Lw', 'teknologi gampang', 'teknologi']","['Lw', 'teknologi gampang', 'teknologi']",id,Lw pikir nyiptain teknologi begitu gampang?,Lw pikir nyiptain teknologi begitu gampang?,[],['teknologi'],['teknologi'],[0.6184936761856079],['teknologi'],[0.6184936761856079],cluster_intersection,0.0
1699__11,1699,11,kaskus,2012-10-19 13:14:09,"Ane sih mendukung adanya PLTN, semoga dari ujung barat ampe timur Indonesia semuanya sudah terakmodasi listrik yg tidak bbyar pet, tidak bergiliran pemadamannya.","['pltn', 'ujung barat', 'barat', 'timur', 'indonesia', 'listrik', 'pet', 'pemadaman', 'ujung']","['pltn', 'ujung barat', 'barat', 'timur', 'indonesia', 'listrik', 'pet', 'pemadaman', 'ujung']","['pltn', 'ujung barat', 'barat', 'timur', 'indonesia', 'listrik', 'pet', 'pemadaman', 'ujung']",id,"Saya sih mendukung adanya pltn, semoga dari ujung barat sampai timur indonesia semuanya sudah terakmodasi listrik yang tidak bbyar pet, tidak bergiliran pemadamannya.","Saya mendukung adanya pltn, semoga dari ujung barat sampai timur indonesia semuanya sudah terakmodasi listrik yang tidak bbyar pet, tidak bergiliran pemadamannya.",['sih'],"['indonesia', 'listrik', 'pltn']","['indonesia', 'listrik', 'pltn']","[0.2418716549873352, 0.16408072412014008, 0.017398405820131302]","['indonesia', 'listrik', 'pltn']","[0.2418716549873352, 0.16408072412014008, 0.017398405820131302]",cluster_intersection,0.0
2440__1,2440,1,kaskus,2016-10-15 18:13:04,":D ya ga sepenuhnya mungkin gan, banyak juga yang tadinya dikuasai Pemerintah, setelah dilepas pake mekanisme pasar malah","['pemerintah', 'mekanisme pasar', 'pasar', 'mekanisme']","['tadi', 'pemerintah', 'mekanisme pasar', 'pasar', 'mekanisme']","['tadi', 'pemerintah', 'mekanisme pasar', 'pasar', 'mekanisme']",id,"Di ya tidak sepenuhnya mungkin gan, banyak juga yang tadinya dikuasai pemerintah, setelah dilepas pakai mekanisme pasar malah","Di ya tidak sepenuhnya mungkin gan, banyak juga yang tadinya dikuasai pemerintah, setelah dilepas pakai mekanisme pasar malah",[],['pemerintah'],"['pemerintah', 'pakai']","[0.3863413333892822, -0.01844801753759384]","['pemerintah', 'pakai']","[0.3863413333892822, -0.01844801753759384]",cluster_intersection,0.0
280__0,280,0,reddit,2023,Bukannya panel surya itu efisiensinya relatif rendah?,"['panel surya', 'surya', 'efisiensi rendah']","['panel surya', 'surya', 'efisiensi rendah']","['panel surya', 'surya', 'efisiensi rendah']",id,Bukannya panel surya itu efisiensinya relatif rendah?,Bukannya panel surya itu efisiensinya relatif rendah?,[],"['panel', 'surya']","['rendah', 'panel', 'surya']","[0.3650335371494293, 0.361261248588562, 0.34605079889297485]","['rendah', 'panel', 'surya']","[0.3650335371494293, 0.361261248588562, 0.34605079889297485]",cluster_intersection,0.0
865__0,865,0,kaskus,2016-02-28 09:16:45,"makin k sini, makin suram aja ni pemerintahan",['pemerintahan'],"['sini', 'pemerintahan']","['sini', 'pemerintahan']",id,"Makin k sini, makin suram saja ni pemerintahan","Makin k sini, makin suram saja pemerintahan",['ni'],['pemerintahan'],"['pemerintahan', 'suram']","[0.7474651336669922, 0.5854694843292236]","['pemerintahan', 'suram']","[0.7474651336669922, 0.5854694843292236]",sentence_tokens,1.0
507__1,507,1,kaskus,2013-04-03 08:48:58,Ini jauh lebih mahal.,[],[],[],none,Ini jauh lebih mahal.,Ini jauh lebih mahal.,[],[],['mahal'],[1.0000003576278687],['mahal'],[1.0000003576278687],cluster_intersection,1.0
640__2,640,2,kaskus,2022-07-09 19:43:26,"jika diganti EBET biar gak ambigu / bikin bingung Liquid coal, coal gasification, CBM (atau bahasa modern nya semua termasuk dalam clean coal) itu emang bukan energi terbaharukan,","['ebet', 'bingung liquid', 'liquid batubara', 'batubara', 'batubara gasification', 'gasification', 'cbm', 'bahasa modern', 'clean batubara', 'energi terbarukan', 'bingung', 'clean']","['ebet', 'bingung liquid', 'liquid batubara', 'batubara', 'batubara gasification', 'gasification', 'cbm', 'bahasa modern', 'clean batubara', 'energi terbarukan', 'bingung', 'clean']","['ebet', 'bingung liquid', 'liquid batubara', 'batubara', 'batubara gasification', 'gasification', 'cbm', 'bahasa modern', 'clean batubara', 'energi terbarukan', 'bingung', 'clean']",id,"Jika diganti ebet biar tidak ambigu membuat bingung liquid batubara, batubara gasification, cbm atau bahasa modern nya semua termasuk dalam clean batubara itu memang bukan energi terbarukan,","Jika diganti ebet biar tidak ambigu membuat bingung liquid batubara, batubara gasification, cbm atau bahasa modern nya semua termasuk dalam clean batubara itu memang bukan energi terbarukan,",[],"['batubara', 'energi']","['batubara', 'energi', 'terbarukan']","[0.383277028799057, 0.2121318131685257, 0.19699984788894653]","['batubara', 'energi', 'terbarukan']","[0.383277028799057, 0.2121318131685257, 0.19699984788894653]",cluster_intersection,0.0
2062__2,2062,2,kaskus,2017-03-27 14:27:29,"nuklir adalah jalan paling I viable /I , jalan lain terlalu I complicated /I , mahal dan tidak bisa diandalkan.","['nuklir', 'jalan viable jalan', 'jalan complicated']","['Nuklir', 'jalan viable jalan', 'jalan lain complicated']","['Nuklir', 'jalan viable jalan', 'jalan lain complicated']",id,Nuklir adalah jalan paling viable jalan lain terlalu complicated mahal dan tidak bisa diandalkan.,Nuklir adalah jalan paling viable jalan lain terlalu complicated mahal dan tidak bisa diandalkan.,[],"['nuklir', 'jalan']","['nuklir', 'jalan', 'mahal']","[0.3500552177429199, 0.10598106682300568, 0.030789662152528763]","['nuklir', 'jalan', 'mahal']","[0.3500552177429199, 0.10598106682300568, 0.030789662152528763]",cluster_intersection,0.0
1563__3,1563,3,kaskus,2012-12-21 10:05:56,beli dari luar?,[],['luar'],['luar'],id,Beli dari luar?,Beli dari luar?,[],[],['beli'],[1.0],['beli'],[1.0],cluster_intersection,1.0
1590__4,1590,4,kaskus,2012-12-21 07:02:06,"Ketika kita terus berwacana dan berdebat pro dan kontra, sadar atau tidak kita tidak pernah menyelesaikan <NUM> masalah pun.",['kontra'],"['kontra', 'masalah']","['kontra', 'masalah']",id,"Ketika kita terus berwacana dan berdebat setuju dan kontra, sadar atau tidak kita tidak pernah menyelesaikan 1 masalah pun.","Ketika kita terus berwacana dan berdebat setuju dan kontra, sadar atau tidak kita tidak pernah menyelesaikan 1 masalah pun.",[],[],['setuju'],[0.20269212126731873],['setuju'],[0.20269212126731873],cluster_intersection,0.0
240__0,240,0,reddit,2023,Vote Depok buat jadi lokasi PLTN.,"['vote', 'depok', 'lokasi pltn', 'pltn', 'lokasi']","['Vote', 'depok', 'lokasi pltn', 'pltn', 'lokasi']","['Vote', 'depok', 'lokasi pltn', 'pltn', 'lokasi']",id,Vote depok buat jadi lokasi pltn.,Vote depok buat jadi lokasi pltn.,[],"['lokasi', 'pltn']","['lokasi', 'pltn']","[0.5386553406715393, 0.2512175142765045]","['lokasi', 'pltn']","[0.5386553406715393, 0.2512175142765045]",cluster_intersection,1.0
410__12,410,12,reddit,2023,So I could see your point about the Fuel Cell economics.,"['could', 'see', 'point', 'fuel', 'cell', 'economics']","['Could', 'see', 'point', 'fuel', 'cell', 'economics']","['Could', 'see', 'point', 'fuel', 'cell', 'economics']",id,Could see point fuel cell economics.,Could see point fuel cell economics.,[],['fuel'],['fuel'],[0.4211076498031616],['fuel'],[0.4211076498031616],cluster_intersection,0.0
1751__11,1751,11,kaskus,2012-10-16 21:06:37,Pembangkit tenaga nuklir China dibangun sebagai energi alternatif listrik batubara yang sudah mulai langka.,"['pembangkit tenaga', 'tenaga nuklir', 'nuklir', 'china', 'energi alternatif', 'alternatif listrik', 'listrik batubara', 'batubara', 'pembangkit', 'energi']","['Pembangkit tenaga', 'tenaga nuklir', 'nuklir', 'china', 'energi alternatif', 'alternatif listrik', 'listrik batubara', 'batubara', 'Pembangkit', 'energi']","['Pembangkit tenaga', 'tenaga nuklir', 'nuklir', 'china', 'energi alternatif', 'alternatif listrik', 'listrik batubara', 'batubara', 'Pembangkit', 'energi']",id,Pembangkit tenaga nuklir china dibangun sebagai energi alternatif listrik batubara yang sudah mulai langka.,Pembangkit tenaga nuklir china dibangun sebagai energi alternatif listrik batubara yang sudah mulai langka.,[],"['nuklir', 'energi', 'batubara', 'tenaga', 'alternatif', 'listrik', 'pembangkit']","['nuklir', 'energi', 'batubara', 'tenaga', 'alternatif', 'listrik', 'dibangun', 'pembangkit']","[0.3726884722709656, 0.31772005558013916, 0.30977916717529297, 0.2927558720111847, 0.25253307819366455, 0.23665376007556915, 0.15922579169273376, 0.14542531967163086]","['nuklir', 'energi', 'batubara', 'tenaga', 'alternatif', 'listrik', 'dibangun', 'pembangkit']","[0.3726884722709656, 0.31772005558013916, 0.30977916717529297, 0.2927558720111847, 0.25253307819366455, 0.23665376007556915, 0.15922579169273376, 0.14542531967163086]",cluster_intersection,0.0
107__1,107,1,reddit,2023,What else do you want?,"['else', 'want']","['Else', 'want']","['Else', 'want']",id,Else want?,Else want?,[],"['else', 'want']","['else', 'want']","[0.7867436408996582, 0.7439987063407898]","['else', 'want']","[0.7867436408996582, 0.7439987063407898]",sentence_tokens,1.0
1781__4,1781,4,kaskus,2012-10-16 14:13:30,Banyak ahli nuklir di Indonesia yang tau harus seketat apa isinya PLTN itu.,"['ahli nuklir', 'nuklir', 'indonesia', 'isi pltn', 'pltn']","['ahli nuklir', 'nuklir', 'indonesia', 'isi pltn', 'pltn']","['ahli nuklir', 'nuklir', 'indonesia', 'isi pltn', 'pltn']",id,Banyak ahli nuklir di indonesia yang tahu harus seketat apa isinya pltn itu.,Banyak ahli nuklir di indonesia yang tahu harus seketat apa isinya pltn itu.,[],"['nuklir', 'indonesia', 'ahli', 'pltn']","['nuklir', 'indonesia', 'ahli', 'pltn']","[0.5427510738372803, 0.43550217151641846, 0.12107347697019577, 0.09964373707771301]","['nuklir', 'indonesia', 'ahli', 'pltn']","[0.5427510738372803, 0.43550217151641846, 0.12107347697019577, 0.09964373707771301]",cluster_intersection,0.0
1621__2,1621,2,kaskus,2012-11-06 12:23:54,kan orang indo baru cuma bisa neliti aja nuklir itu apa..,"['indonesia', 'nuklir']","['orang', 'indonesia', 'nuklir apa', 'nuklir']","['orang', 'indonesia', 'nuklir apa', 'nuklir']",id,Kan orang indonesia baru cuma bisa neliti saja nuklir itu apa.,Kan orang indonesia baru cuma bisa neliti saja nuklir itu apa.,[],"['nuklir', 'indonesia']","['nuklir', 'indonesia']","[0.640658974647522, 0.6012883186340332]","['nuklir', 'indonesia']","[0.640658974647522, 0.6012883186340332]",cluster_intersection,0.0
303__4,303,4,reddit,2023,"Garis pantai kita terpanjang di dunia, tinggal manfaatin aja di tiap-tiap pulau atau bukit.","['garis pantai terpanjang', 'pantai', 'dunia', 'pulau', 'bukit', 'garis']","['Garis pantai terpanjang', 'pantai', 'dunia', 'pulau', 'bukit', 'Garis']","['Garis pantai terpanjang', 'pantai', 'dunia', 'pulau', 'bukit', 'Garis']",id,"Garis pantai kita terpanjang di dunia, tinggal memanfaatkan saja di tiap-tiap pulau atau bukit.","Garis pantai kita terpanjang di dunia, tinggal memanfaatkan saja di tiap-tiap pulau atau bukit.",[],"['pulau', 'dunia']","['pulau', 'dunia', 'tinggal']","[0.4218982458114624, 0.271964967250824, 0.04366583377122879]","['pulau', 'dunia', 'tinggal']","[0.4218982458114624, 0.271964967250824, 0.04366583377122879]",cluster_intersection,0.0
1018__0,1018,0,kaskus,2016-07-26 10:29:25,"Mantap, indonesia memang kaya, mataharinya aja beda kualitas, di amrik","['mantap kaya', 'indonesia', 'matahari', 'kualitas', 'amrik']","['Mantap kaya', 'indonesia', 'matahari', 'kualitas', 'amrik']","['Mantap kaya', 'indonesia', 'matahari', 'kualitas', 'amrik']",id,"Mantap, indonesia memang kaya, mataharinya saja beda kualitas, di amrik","Mantap, indonesia memang kaya, mataharinya saja beda kualitas, di amrik",[],['indonesia'],"['indonesia', 'kaya', 'beda']","[0.4122225046157837, 0.15734648704528809, 0.03267059475183487]","['indonesia', 'kaya', 'beda']","[0.4122225046157837, 0.15734648704528809, 0.03267059475183487]",cluster_intersection,0.0
1746__6,1746,6,kaskus,2012-10-16 21:51:57,Kami mengerti dan kami paham.,"['mengerti paham', 'mengerti', 'paham']","['Kami mengerti dan kami paham', 'mengerti', 'dan', 'kami', 'paham']","['Kami mengerti dan kami paham', 'mengerti', 'dan', 'kami', 'paham']",en,Kami mengerti dan kami paham.,Kami mengerti dan kami paham.,[],[],"['mengerti', 'paham']","[0.9361917972564697, 0.9284087419509888]","['mengerti', 'paham']","[0.9361917972564697, 0.9284087419509888]",cluster_intersection,1.0
710__3,710,3,kaskus,2021-11-17 09:31:03,Memberantas korupsi dengan memberikan pelakunya hukuman mati.,"['korupsi', 'pelaku hukuman', 'hukuman mati', 'pelaku']","['korupsi', 'pelaku hukuman', 'hukuman mati', 'pelaku']","['korupsi', 'pelaku hukuman', 'hukuman mati', 'pelaku']",id,Memberantas korupsi dengan memberikan pelakunya hukuman mati.,Memberantas korupsi dengan memberikan pelakunya hukuman mati.,[],['korupsi'],"['korupsi', 'mati']","[0.5860627889633179, 0.2558140754699707]","['korupsi', 'mati']","[0.5860627889633179, 0.2558140754699707]",cluster_intersection,1.0
103__1,103,1,reddit,2023,We do Chernobyl.,['chernobyl'],['Chernobyl'],['Chernobyl'],id,Chernobyl.,Chernobyl.,[],['chernobyl'],['chernobyl'],[0.9999998807907104],['chernobyl'],[0.9999998807907104],sentence_tokens,1.0
581__0,581,0,kaskus,2015-09-25 19:41:35,"Thanks gan, selamat bergabung, mudah-mudahan berguna buat nambah wawasan tentang betapa besarnya potensi energi ini di negeri kita.","['wawasan', 'potensi energi', 'energi', 'negeri', 'potensi']","['wawasan', 'besar potensi energi', 'energi', 'negeri', 'potensi']","['wawasan', 'besar potensi energi', 'energi', 'negeri', 'potensi']",id,"Thanks gan, selamat bergabung, semoga berguna buat tambah wawasan tentang betapa besarnya potensi energi ini di negeri kita.","Thanks gan, selamat bergabung, semoga berguna buat tambah wawasan tentang betapa besarnya potensi energi ini di negeri kita.",[],"['energi', 'potensi', 'negeri']","['energi', 'potensi', 'negeri']","[0.37394601106643677, 0.3258398771286011, 0.09496454894542694]","['energi', 'potensi', 'negeri']","[0.37394601106643677, 0.3258398771286011, 0.09496454894542694]",cluster_intersection,0.0
416__2,416,2,kaskus,2017-08-31 21:27:38,Nuhun url <URL>,"['kasih url', 'url', 'kasih']","['kasih url', 'url', 'kasih']","['kasih url', 'url', 'kasih']",id,Terima kasih url url,Terima kasih url url,[],"['kasih', 'url']","['kasih', 'url']","[0.8662877678871155, 0.8277936577796936]","['kasih', 'url']","[0.8662877678871155, 0.8277936577796936]",cluster_intersection,1.0
1704__0,1704,0,kaskus,2012-10-18 12:34:46,"buset, mau bangun PLTN apa blackwater HQ :hammer: selalu memandang bule itu pintar :o","['pltn', 'blackwater', 'hq', 'bule pintar', 'bule']","['pltn', 'blackwater', 'hq', 'bule pintar', 'bule']","['pltn', 'blackwater', 'hq', 'bule pintar', 'bule']",id,"Buset, mau bangun pltn apa blackwater hq selalu memandang bule itu pintar",mau bangun pltn apa blackwater hq selalu memandang bule itu pintar,['buset'],['pltn'],"['bangun', 'pltn']","[0.2079172432422638, 0.05937109515070915]","['bangun', 'pltn']","[0.2079172432422638, 0.05937109515070915]",cluster_intersection,0.0
1807__1,1807,1,kaskus,2012-10-16 11:17:59,sekarang yang dibawa2 soal limbahnya...,['limbah'],"['soal limbah', 'limbah', 'soal']","['soal limbah', 'limbah', 'soal']",id,Sekarang yang dibawa soal limbahnya.,Sekarang yang dibawa soal limbahnya.,[],[],"['limbahnya', 'dibawa']","[0.876997709274292, 0.5738335847854614]","['limbahnya', 'dibawa']","[0.876997709274292, 0.5738335847854614]",sentence_tokens,1.0
1849__4,1849,4,kaskus,2012-10-16 00:10:07,tapi emang agak mahal dari segi biaya.,"['segi biaya', 'biaya', 'segi']","['segi biaya', 'biaya', 'segi']","['segi biaya', 'biaya', 'segi']",id,Tapi memang agak mahal dari segi biaya.,Tapi memang agak mahal dari segi biaya.,[],['biaya'],"['biaya', 'mahal']","[0.5916570425033569, 0.4434998631477356]","['biaya', 'mahal']","[0.5916570425033569, 0.4434998631477356]",cluster_intersection,1.0
268__0,268,0,reddit,2023,"Kalo panelnya ga hilang duluan, lampu jalan aja kadang panel nya hilang","['panel', 'duluan', 'lampu jalan', 'jalan', 'lampu']","['panel', 'duluan', 'lampu jalan', 'jalan', 'lampu']","['panel', 'duluan', 'lampu jalan', 'jalan', 'lampu']",id,"Kalau panelnya tidak hilang duluan, lampu jalan saja kadang panel nya hilang","Kalau panelnya tidak hilang duluan, lampu jalan saja kadang panel nya hilang",[],"['panel', 'jalan']","['panel', 'jalan']","[0.37277644872665405, 0.04481928423047066]","['panel', 'jalan']","[0.37277644872665405, 0.04481928423047066]",cluster_intersection,0.0
1751__17,1751,17,kaskus,2012-10-16 21:06:37,Tahun <NUM> pemerintah Kanada berencana akan membangun sebuah stasiun nuklir baru,"['pemerintah', 'kanada', 'stasiun nuklir', 'nuklir', 'stasiun']","['Tahun', 'pemerintah', 'kanada', 'stasiun nuklir', 'nuklir baru', 'stasiun']","['Tahun', 'pemerintah', 'kanada', 'stasiun nuklir', 'nuklir baru', 'stasiun']",id,Tahun 2011 pemerintah kanada berencana akan membangun sebuah stasiun nuklir baru,Tahun 2011 pemerintah kanada berencana akan membangun sebuah stasiun nuklir baru,[],"['nuklir', 'pemerintah']","['nuklir', 'pemerintah', 'membangun']","[0.42373716831207275, 0.2727583050727844, 0.22464527189731598]","['nuklir', 'pemerintah', 'membangun']","[0.42373716831207275, 0.2727583050727844, 0.22464527189731598]",cluster_intersection,0.0
1800__1,1800,1,kaskus,2012-10-16 12:14:20,"braiyton atau rankine , di Indonesia sudah ada nih, emang pada pembangkit yang lama kebanyakan heatnya terbuang percuma.","['braiyton', 'rankine', 'indonesia', 'pembangkit', 'heat']","['Braiyton', 'rankine', 'indonesia', 'pembangkit', 'heat']","['Braiyton', 'rankine', 'indonesia', 'pembangkit', 'heat']",id,"Braiyton atau rankine di indonesia sudah ada nih, memang pada pembangkit yang lama kebanyakan heatnya terbuang percuma.",Braiyton atau rankine di indonesia sudah ada memang pada pembangkit yang lama kebanyakan heatnya terbuang percuma.,['nih'],"['indonesia', 'pembangkit']","['indonesia', 'pembangkit']","[0.4070875644683838, 0.10709556192159653]","['indonesia', 'pembangkit']","[0.4070875644683838, 0.10709556192159653]",cluster_intersection,0.0
986__6,986,6,kaskus,2017-09-23 22:15:55,kalaupun ada opsi perseorangan atau rumah tangga biasa..,"['pilihan perseorangan', 'perseorangan', 'rumah tangga', 'tangga', 'pilihan']","['pilihan perseorangan', 'perseorangan', 'rumah tangga', 'tangga biasa', 'pilihan']","['pilihan perseorangan', 'perseorangan', 'rumah tangga', 'tangga biasa', 'pilihan']",id,Kalaupun ada pilihan perseorangan atau rumah tangga biasa.,Kalaupun ada pilihan perseorangan atau rumah tangga biasa.,[],"['pilihan', 'rumah']","['pilihan', 'rumah']","[0.6107596158981323, 0.5163013935089111]","['pilihan', 'rumah']","[0.6107596158981323, 0.5163013935089111]",cluster_intersection,1.0
1707__9,1707,9,kaskus,2012-10-18 12:24:22,Cleaning Service dr sana sampai operator dr Chicago University :D,"['cleaning', 'service', 'operator', 'chicago', 'university']","['Cleaning', 'service', 'sana', 'operator', 'chicago', 'university']","['Cleaning', 'service', 'sana', 'operator', 'chicago', 'university']",id,Cleaning service dari sana sampai operator dari chicago university di,Cleaning service dari sana sampai operator dari chicago university di,[],"['cleaning', 'university', 'service', 'chicago', 'operator']","['cleaning', 'university', 'service', 'chicago', 'operator']","[0.42581498622894287, 0.39227810502052307, 0.379495233297348, 0.3527865409851074, 0.22525706887245178]","['cleaning', 'university', 'service', 'chicago', 'operator']","[0.42581498622894287, 0.39227810502052307, 0.379495233297348, 0.3527865409851074, 0.22525706887245178]",sentence_tokens,1.0
1712__1,1712,1,kaskus,2012-10-18 07:19:35,"semua beresiko, semakin tinggi resikonya, awarenessnya juga pasti semakin baik, selama mengikuti aturan dan prosedur yang sudah baku di pemanfaatan nuklir, Insya Allah Aman Kalimantan bisa","['resiko', 'awareness', 'aturan', 'prosedur', 'pemanfaatan nuklir aman', 'nuklir', 'insya', 'allah', 'kalimantan', 'pemanfaatan']","['tinggi resiko baik', 'awareness', 'aturan', 'prosedur', 'pemanfaatan nuklir aman', 'nuklir', 'insya', 'allah', 'kalimantan', 'pemanfaatan']","['tinggi resiko baik', 'awareness', 'aturan', 'prosedur', 'pemanfaatan nuklir aman', 'nuklir', 'insya', 'allah', 'kalimantan', 'pemanfaatan']",id,"Semua beresiko, semakin tinggi resikonya, awarenessnya juga pasti semakin baik, selama mengikuti aturan dan prosedur yang sudah baku di pemanfaatan nuklir, insya allah aman kalimantan bisa","Semua beresiko, semakin tinggi resikonya, awarenessnya juga pasti semakin baik, selama mengikuti aturan dan prosedur yang sudah baku di pemanfaatan nuklir, insya allah aman kalimantan bisa",[],"['nuklir', 'kalimantan']","['nuklir', 'aman', 'kalimantan']","[0.3386824131011963, 0.12334680557250977, 0.007735259830951691]","['nuklir', 'aman', 'kalimantan']","[0.3386824131011963, 0.12334680557250977, 0.007735259830951691]",cluster_intersection,0.0
2095__12,2095,12,kaskus,2017-03-15 14:21:04,Untuk sementara ini kita kurang minat dengan teknologi ini.,"['minat', 'teknologi']","['sementara', 'minat', 'teknologi']","['sementara', 'minat', 'teknologi']",id,Untuk sementara ini kita kurang minat dengan teknologi ini.,Untuk sementara ini kita kurang minat dengan teknologi ini.,[],"['teknologi', 'minat']","['teknologi', 'minat']","[0.9106458425521851, 0.4188791513442993]","['teknologi', 'minat']","[0.9106458425521851, 0.4188791513442993]",sentence_tokens,1.0
2281__0,2281,0,kaskus,2017-03-09 22:21:54,Kenapa TS anti banget yah sama Jerman dan Denmark Ane pribadi masih percaya kalo ke depan energi terbarukan seperti solar dan angin masih paling pas untuk ke depannya,"['ts anti', 'jerman', 'denmark', 'energi', 'energi terbarukan', 'surya', 'angin', 'ts']","['ts anti', 'jerman', 'denmark', 'depan energi', 'energi terbarukan', 'surya', 'angin', 'depan', 'ts']","['ts anti', 'jerman', 'denmark', 'depan energi', 'energi terbarukan', 'surya', 'angin', 'depan', 'ts']",id,Kenapa ts anti sekali ya sama jerman dan denmark saya pribadi masih percaya kalau ke depan energi terbarukan seperti surya dan angin masih paling tepat untuk ke depannya,Kenapa ts anti sekali ya sama jerman dan denmark saya pribadi masih percaya kalau ke depan energi terbarukan seperti surya dan angin masih paling tepat untuk ke depannya,[],"['energi_terbarukan', 'surya', 'anti', 'jerman', 'angin']","['energi_terbarukan', 'surya', 'anti', 'jerman', 'angin']","[0.41630131006240845, 0.3110197186470032, 0.21479222178459167, 0.06310391426086426, 0.06177597865462303]","['energi_terbarukan', 'surya', 'anti', 'jerman', 'angin']","[0.41630131006240845, 0.3110197186470032, 0.21479222178459167, 0.06310391426086426, 0.06177597865462303]",cluster_intersection,0.0
557__3,557,3,kaskus,2017-02-27 13:08:14,Porsi energy mix Indonesia hingga tahun <NUM> di angka <NUM> % namun dengan kebutuhan energi yang terus meningkat.,"['porsi energi', 'energi mix', 'mix', 'indonesia', 'angka', 'kebutuhan energi', 'energi']","['Porsi energi', 'energi mix', 'mix', 'indonesia', 'tahun', 'angka', 'kebutuhan energi', 'energi']","['Porsi energi', 'energi mix', 'mix', 'indonesia', 'tahun', 'angka', 'kebutuhan energi', 'energi']",id,Porsi energi mix indonesia hingga tahun 2025 di angka 23 namun dengan kebutuhan energi yang terus meningkat.,Porsi energi mix indonesia hingga tahun 2025 di angka 23 namun dengan kebutuhan energi yang terus meningkat.,[],"['energi', 'indonesia', 'kebutuhan']","['energi', 'indonesia', 'kebutuhan']","[0.45944786071777344, 0.3453357517719269, 0.28204578161239624]","['energi', 'indonesia', 'kebutuhan']","[0.45944786071777344, 0.3453357517719269, 0.28204578161239624]",cluster_intersection,0.0
1421__0,1421,0,kaskus,2013-12-03 12:46:40,"B ntar kalo reaktornya bocor gara2 bikinnya ga sesuai prosedur, takdir yg jadi kambing hitam :D /B","['reaktor', 'prosedur', 'takdir', 'kambing hitam', 'kambing']","['reaktor gara', 'gara', 'prosedur', 'takdir', 'kambing hitam', 'reaktor', 'kambing']","['reaktor gara', 'gara', 'prosedur', 'takdir', 'kambing hitam', 'reaktor', 'kambing']",id,"B nanti kalau reaktornya bocor gara bikinnya tidak sesuai prosedur, takdir yang jadi kambing hitam di b","B nanti kalau reaktornya bocor gara bikinnya tidak sesuai prosedur, takdir yang jadi kambing hitam di b",[],[],['bocor'],[0.06428010016679764],['bocor'],[0.06428010016679764],cluster_intersection,0.0
1580__0,1580,0,kaskus,2012-12-21 08:38:09,menurut ane sih terlalu bersiko klo pake pembangkit nuklir di indonesia.,"['pembangkit nuklir', 'nuklir', 'indonesia', 'pembangkit']","['pembangkit nuklir', 'nuklir', 'indonesia', 'pembangkit']","['pembangkit nuklir', 'nuklir', 'indonesia', 'pembangkit']",id,Menurut saya sih terlalu bersiko kalau pakai pembangkit nuklir di indonesia.,Menurut saya terlalu bersiko kalau pakai pembangkit nuklir di indonesia.,['sih'],"['nuklir', 'indonesia', 'pembangkit']","['nuklir', 'indonesia', 'pembangkit', 'pakai']","[0.49202293157577515, 0.41280609369277954, 0.16309094429016113, 0.029907558113336563]","['nuklir', 'indonesia', 'pembangkit', 'pakai']","[0.49202293157577515, 0.41280609369277954, 0.16309094429016113, 0.029907558113336563]",cluster_intersection,0.0
383__4,383,4,reddit,2023,Karena sering kali kalau ngikutin jalur yg udah ada malah muter jadinya lebih lama.,['jalur'],"['kali', 'jalur']","['kali', 'jalur']",id,Karena sering kali kalau mengikuti jalur yang sudah ada malah berputar jadinya lebih lama.,Karena sering kali kalau mengikuti jalur yang sudah ada malah berputar jadinya lebih lama.,[],[],['berputar'],[0.5009251832962036],['berputar'],[0.5009251832962036],cluster_intersection,1.0
2381__7,2381,7,kaskus,2017-03-08 20:50:43,"mungkin terkenang kejayaan masa lampau :lehuga by the way, ada yg tau gak data valid tentang cadangan uranium di Jerman dan Denmark?","['kejayaan', 'lampau way', 'way', 'data valid', 'cadangan uranium', 'uranium', 'jerman', 'denmark', 'data']","['kejayaan masa', 'masa lampau way', 'way', 'data valid', 'cadangan uranium', 'uranium', 'jerman', 'denmark', 'kejayaan', 'data']","['kejayaan masa', 'masa lampau way', 'way', 'data valid', 'cadangan uranium', 'uranium', 'jerman', 'denmark', 'kejayaan', 'data']",id,"Mungkin terkenang kejayaan masa lampau way, ada yang tahu tidak data valid tentang cadangan uranium di jerman dan denmark?","Mungkin terkenang kejayaan masa lampau way, ada yang tahu tidak data valid tentang cadangan uranium di jerman dan denmark?",[],"['uranium', 'jerman', 'cadangan']","['uranium', 'jerman', 'cadangan']","[0.3385504484176636, 0.05648934841156006, -0.06067772954702377]","['uranium', 'jerman', 'cadangan']","[0.3385504484176636, 0.05648934841156006, -0.06067772954702377]",cluster_intersection,0.0
506__25,506,25,kaskus,2013-04-03 09:12:35,"Mekanisme ini menetapkan bahwa negara maju harus mengurangi emisi gas rumah kaca (GRK) sebesar <NUM> % terhadap emisi tahun <NUM> , dapat melalui pembelian energi bersih dari negara berkembang yang","['energi panas bumi', 'bumi', 'faktor kapasitas', 'kapasitas capacity', 'capacity factor', 'factor', 'keunggulan', 'keunggulan faktor kapasitas', 'kapasitas', 'perbandingan', 'beban rata-rata', 'pembangkit', 'periode average', 'average', 'load', 'generated', 'energi', 'faktor']","['Energi panas bumi', 'bumi', 'faktor kapasitas', 'kapasitas capacity', 'capacity factor besar', 'factor', 'keunggulan lain', 'keunggulan faktor kapasitas', 'kapasitas', 'perbandingan', 'beban rata-rata', 'pembangkit', 'periode average', 'average', 'load', 'generated', 'Energi', 'faktor']","['Energi panas bumi', 'bumi', 'faktor kapasitas', 'kapasitas capacity', 'capacity factor besar', 'factor', 'keunggulan lain', 'keunggulan faktor kapasitas', 'kapasitas', 'perbandingan', 'beban rata-rata', 'pembangkit', 'periode average', 'average', 'load', 'generated', 'Energi', 'faktor']",id,"Energi panas bumi memiliki faktor kapasitas capacity factor lebih besar keunggulan lain adalah faktor kapasitas, yaitu perbandingan antara beban rata-rata yang dibangkitkan oleh pembangkit dalam suatu periode average load generated","Energi panas bumi memiliki faktor kapasitas capacity factor lebih besar keunggulan lain adalah faktor kapasitas, yaitu perbandingan antara beban rata-rata yang dibangkitkan oleh pembangkit dalam suatu periode average load generated",[],"['gas', 'negara', 'energi', 'rumah', 'emisi']","['gas', 'negara', 'energi', 'mengurangi', 'bersih', 'berkembang', 'rumah', 'emisi', 'maju']","[0.27785927057266235, 0.19925639033317566, 0.18857237696647644, 0.17490899562835693, 0.17006567120552063, 0.13456977903842926, 0.09859836101531982, 0.05148307606577873, 0.0025566183030605316]","['gas', 'negara', 'energi', 'mengurangi', 'bersih', 'berkembang', 'rumah', 'emisi', 'maju']","[0.27785927057266235, 0.19925639033317566, 0.18857237696647644, 0.17490899562835693, 0.17006567120552063, 0.13456977903842926, 0.09859836101531982, 0.05148307606577873, 0.0025566183030605316]",cluster_intersection,0.0
2380__4,2380,4,kaskus,2017-03-09 08:43:21,"tapi katanya ada uranium di Tanah Hijau, pulau terbesar di dunia, koloni Denmark dekat Kutub Utara.","['uranium', 'tanah hijau', 'pulau terbesar', 'dunia', 'koloni kutub', 'denmark', 'kutub utara', 'utara']","['kata', 'uranium', 'tanah hijau', 'pulau terbesar', 'dunia', 'koloni dekat kutub', 'denmark', 'kutub utara', 'utara']","['kata', 'uranium', 'tanah hijau', 'pulau terbesar', 'dunia', 'koloni dekat kutub', 'denmark', 'kutub utara', 'utara']",id,"Tapi katanya ada uranium di tanah hijau, pulau terbesar di dunia, koloni denmark dekat kutub utara.","Tapi katanya ada uranium di tanah hijau, pulau terbesar di dunia, koloni denmark dekat kutub utara.",[],"['uranium', 'pulau', 'dunia', 'tanah']","['uranium', 'pulau', 'terbesar', 'dunia', 'tanah']","[0.3238272964954376, 0.3155210018157959, 0.26948875188827515, 0.24445095658302307, 0.20996350049972534]","['uranium', 'pulau', 'terbesar', 'dunia', 'tanah']","[0.3238272964954376, 0.3155210018157959, 0.26948875188827515, 0.24445095658302307, 0.20996350049972534]",cluster_intersection,0.0
931__0,931,0,kaskus,2017-09-30 09:32:47,-Geothermal buat diindonesia bagus bgt tapi kurang maju,"['geothermal', 'diindonesia']","['-geothermal', 'diindonesia']","['-geothermal', 'diindonesia']",id,-geothermal buat diindonesia bagus sangat tapi kurang maju,-geothermal buat diindonesia bagus sangat tapi kurang maju,[],['geothermal'],"['geothermal', 'bagus', 'maju']","[0.6958239078521729, 0.15766730904579163, 0.11588979512453079]","['geothermal', 'bagus', 'maju']","[0.6958239078521729, 0.15766730904579163, 0.11588979512453079]",cluster_intersection,0.0
1342__8,1342,8,kaskus,2015-04-14 08:00:50,jadi inceran banyak tikus mafia jabatan).,"['inceran', 'tikus mafia', 'mafia jabatan', 'jabatan']","['inceran', 'tikus mafia', 'mafia jabatan', 'jabatan']","['inceran', 'tikus mafia', 'mafia jabatan', 'jabatan']",id,Jadi inceran banyak tikus mafia jabatan,Jadi inceran banyak tikus mafia jabatan,[],"['mafia', 'tikus', 'jabatan', 'inceran']","['mafia', 'tikus', 'jabatan', 'inceran']","[0.6097970008850098, 0.3454081118106842, 0.26351267099380493, 0.1894841343164444]","['mafia', 'tikus', 'jabatan', 'inceran']","[0.6097970008850098, 0.3454081118106842, 0.26351267099380493, 0.1894841343164444]",sentence_tokens,1.0
631__2,631,2,kaskus,2022-05-04 13:30:53,":ngakak Gas sm induksi itu paralel aja, ga usah jadi kata wajib kalo blm mampu zero padam deh.","['gas induksi paralel', 'induksi', 'wajib', 'zero padam']","['Gas sama induksi paralel', 'induksi', 'kata wajib', 'zero padam', 'kata']","['Gas sama induksi paralel', 'induksi', 'kata wajib', 'zero padam', 'kata']",id,"Gas sama induksi itu paralel saja, tidak usah jadi kata wajib kalau blm mampu zero padam deh.","Gas sama induksi itu paralel saja, tidak usah jadi kata wajib kalau blm mampu zero padam",['deh'],['gas'],['gas'],[0.4488601088523865],['gas'],[0.4488601088523865],cluster_intersection,0.0
139__1,139,1,reddit,2023,Udah bagus nggak bangun PLTU mulu.,['pltu'],['pltu'],['pltu'],id,Sudah bagus tidak bangun pltu terus.,Sudah bagus tidak bangun pltu terus.,[],['pltu'],"['bangun', 'bagus', 'pltu']","[0.7128573656082153, 0.6747310161590576, 0.46164658665657043]","['bangun', 'bagus', 'pltu']","[0.7128573656082153, 0.6747310161590576, 0.46164658665657043]",cluster_intersection,1.0
721__3,721,3,kaskus,2021-11-17 09:15:56,Penambahan hutan ???,"['penambahan hutan', 'hutan']","['Penambahan hutan', 'hutan']","['Penambahan hutan', 'hutan']",id,Penambahan hutan,Penambahan hutan,[],"['hutan', 'penambahan']","['hutan', 'penambahan']","[0.8651354312896729, 0.4352986216545105]","['hutan', 'penambahan']","[0.8651354312896729, 0.4352986216545105]",sentence_tokens,0.0
2367__4,2367,4,kaskus,2017-03-09 14:20:55,Listrik dipegang swasta.,['listrik'],['Listrik'],['Listrik'],id,Listrik dipegang swasta.,Listrik dipegang swasta.,[],['listrik'],"['swasta', 'listrik']","[0.6586365699768066, 0.5766240358352661]","['swasta', 'listrik']","[0.6586365699768066, 0.5766240358352661]",cluster_intersection,1.0
512__2,512,2,kaskus,2013-04-01 09:46:06,"kalau di TOTAL POTENSInya mang gede,","['total', 'potensi']","['total', 'potensi besar']","['total', 'potensi besar']",id,"Kalau di total potensinya memang besar,","Kalau di total potensinya memang besar,",[],['total'],['total'],[0.6702920794487],['total'],[0.6702920794487],cluster_intersection,1.0
411__1,411,1,reddit,2023,"Ini krn mereka mesti impor fuel bwt electricity dari ukraine, sama kaya beberapa negara eropa lainnya waktu itu","['impor', 'fuel', 'electricity', 'ukraine', 'negara eropa', 'eropa', 'negara']","['impor sama', 'fuel', 'electricity', 'ukraine', 'negara eropa lainnya waktu', 'eropa', 'waktu', 'negara']","['impor sama', 'fuel', 'electricity', 'ukraine', 'negara eropa lainnya waktu', 'eropa', 'waktu', 'negara']",id,"Ini karena mereka mesti impor fuel buat electricity dari ukraine, sama kaya beberapa negara eropa lainnya waktu itu","Ini karena mereka mesti impor fuel buat electricity dari ukraine, sama kaya beberapa negara eropa lainnya waktu itu",[],"['impor', 'fuel', 'negara', 'eropa']","['impor', 'fuel', 'negara', 'eropa', 'kaya']","[0.4184374213218689, 0.37306052446365356, 0.20175358653068542, 0.16688749194145203, 0.14582397043704987]","['impor', 'fuel', 'negara', 'eropa', 'kaya']","[0.4184374213218689, 0.37306052446365356, 0.20175358653068542, 0.16688749194145203, 0.14582397043704987]",cluster_intersection,0.0
426__6,426,6,kaskus,2017-08-29 01:23:11,"Cobak agan simak video yg disebar, sebenarnya tak sesuai dg yg di lapangan.","['smp', 'listrik', 'larutan elektrolit']","['smp', 'listrik', 'larutan elektrolit']","['smp', 'listrik', 'larutan elektrolit']",id,Kita sewaktu smp juga pasti pernah praktikum listrik dari larutan elektrolit bukan?,Kita sewaktu smp juga pasti pernah praktikum listrik dari larutan elektrolit bukan?,[],"['video', 'lapangan']","['video', 'lapangan', 'cobak', 'disebar', 'simak']","[0.6195704936981201, 0.2857811152935028, 0.21906307339668274, 0.19414962828159332, 0.11333543062210083]","['video', 'lapangan', 'cobak', 'disebar', 'simak']","[0.6195704936981201, 0.2857811152935028, 0.21906307339668274, 0.19414962828159332, 0.11333543062210083]",sentence_tokens,1.0
1850__0,1850,0,kaskus,2012-10-16 00:06:08,kalau udah diteliti lebih lanjut dan ngga berbahaya kenapa ngga gan.,[],[],[],none,Kalau sudah diteliti lebih lanjut dan tidak berbahaya kenapa tidak gan.,Kalau sudah diteliti lebih lanjut dan tidak berbahaya kenapa tidak gan.,[],[],['berbahaya'],[0.9426674842834473],['berbahaya'],[0.9426674842834473],cluster_intersection,1.0
925__1,925,1,kaskus,2017-12-23 15:22:08,Tapi masalahnya apakah masyarakat percaya pemerintah dg pln sbg bumn bisa membuat mengelolanya,"['masyarakat', 'pemerintah', 'pln', 'bumn']","['masalah', 'masyarakat', 'pemerintah', 'pln', 'bumn']","['masalah', 'masyarakat', 'pemerintah', 'pln', 'bumn']",id,Tapi masalahnya apakah masyarakat percaya pemerintah dengan pln sebagai bumn bisa membuat mengelolanya,Tapi masalahnya apakah masyarakat percaya pemerintah dengan pln sebagai bumn bisa membuat mengelolanya,[],"['pemerintah', 'masyarakat', 'bumn', 'pln']","['pemerintah', 'masyarakat', 'bumn', 'pln']","[0.4946032464504242, 0.29183951020240784, 0.09520424902439117, 0.06756535917520523]","['pemerintah', 'masyarakat', 'bumn', 'pln']","[0.4946032464504242, 0.29183951020240784, 0.09520424902439117, 0.06756535917520523]",cluster_intersection,1.0
2238__10,2238,10,kaskus,2017-03-10 07:56:26,"Ini masalahnya bukan di kepemilikan badan usahanya, tapi di pelakunya dan kriteria penilaiannya.","['kepemilikan badan', 'badan usaha', 'usaha', 'pelaku', 'kriteria penilaian', 'penilaian']","['masalah', 'kepemilikan badan', 'badan usaha', 'usaha', 'pelaku', 'kriteria penilaian', 'penilaian']","['masalah', 'kepemilikan badan', 'badan usaha', 'usaha', 'pelaku', 'kriteria penilaian', 'penilaian']",id,"Ini masalahnya bukan di kepemilikan badan usahanya, tapi di pelakunya dan kriteria penilaiannya.","Ini masalahnya bukan di kepemilikan badan usahanya, tapi di pelakunya dan kriteria penilaiannya.",[],"['kriteria', 'kepemilikan', 'badan']","['kriteria', 'penilaiannya', 'kepemilikan', 'badan', 'usahanya', 'pelakunya']","[0.3966236710548401, 0.32457518577575684, 0.2677648365497589, 0.11443173885345459, 0.05125352367758751, 0.03339292109012604]","['kriteria', 'penilaiannya', 'kepemilikan', 'badan', 'usahanya', 'pelakunya']","[0.3966236710548401, 0.32457518577575684, 0.2677648365497589, 0.11443173885345459, 0.05125352367758751, 0.03339292109012604]",sentence_tokens,1.0
2238__18,2238,18,kaskus,2017-03-10 07:56:26,"Ini oke kalau bisnisnya adalah garmen atau motor, tapi listrik bisa dilihat sebagai layanan masyarakat.","['bisnisnya', 'garmen', 'motor', 'listrik', 'layanan masyarakat', 'masyarakat', 'layanan']","['bisnisnya', 'garmen', 'motor', 'listrik', 'layanan masyarakat', 'masyarakat', 'layanan']","['bisnisnya', 'garmen', 'motor', 'listrik', 'layanan masyarakat', 'masyarakat', 'layanan']",id,"Ini baik kalau bisnisnya adalah garmen atau motor, tapi listrik bisa dilihat sebagai layanan masyarakat.","Ini baik kalau bisnisnya adalah garmen atau motor, tapi listrik bisa dilihat sebagai layanan masyarakat.",[],"['listrik', 'masyarakat']","['listrik', 'masyarakat']","[0.33401140570640564, 0.2427057921886444]","['listrik', 'masyarakat']","[0.33401140570640564, 0.2427057921886444]",cluster_intersection,0.0
2317__0,2317,0,kaskus,2017-03-09 20:29:06,Analisis yang sangat keren,['analisis'],['Analisis'],['Analisis'],id,Analisis yang sangat keren,Analisis yang sangat keren,[],['analisis'],"['analisis', 'keren']","[0.9004921913146973, 0.3363286554813385]","['analisis', 'keren']","[0.9004921913146973, 0.3363286554813385]",sentence_tokens,1.0
2440__8,2440,8,kaskus,2016-10-15 18:13:04,jgn cuma dilihat dari satu sumber.,['sumber'],['sumber'],['sumber'],id,Jangan cuma dilihat dari satu sumber.,Jangan cuma dilihat dari satu sumber.,[],['sumber'],['sumber'],[0.9999999403953552],['sumber'],[0.9999999403953552],cluster_intersection,1.0
1807__3,1807,3,kaskus,2012-10-16 11:17:59,"nenggelamin rumah sawah, bikin bendungan besar, infrastruktur yang sama besarnya, dikira gak mahal?","['nenggelamin rumah', 'rumah sawah', 'sawah', 'bendungan', 'infrastruktur', 'nenggelamin']","['Nenggelamin rumah', 'rumah sawah', 'sawah', 'bendungan besar', 'infrastruktur', 'Nenggelamin', 'bendungan']","['Nenggelamin rumah', 'rumah sawah', 'sawah', 'bendungan besar', 'infrastruktur', 'Nenggelamin', 'bendungan']",id,"Nenggelamin rumah sawah, membuat bendungan besar, infrastruktur yang sama besarnya, dikira tidak mahal?","Nenggelamin rumah sawah, membuat bendungan besar, infrastruktur yang sama besarnya, dikira tidak mahal?",[],['rumah'],"['rumah', 'mahal']","[0.23413893580436707, 0.020591668784618378]","['rumah', 'mahal']","[0.23413893580436707, 0.020591668784618378]",cluster_intersection,0.0
